** Drc report for wearable_20x20_top_right_row_boundary_routing_probe.kicad_pcb **
** Created on 2026-10-08T04:40:18 **
** Report includes: Errors, Warnings **

** Found 0 DRC violations **

** Found 499 unconnected pads **
[unconnected_items]: Missing connection between items
    Local override; error
    @(11.1350 mm, 22.8650 mm): Pad 1 [ROW_06_ANODE] of D101 on F.Cu
    @(13.6350 mm, 22.8650 mm): Pad 1 [ROW_06_ANODE] of D102 on F.Cu
[unconnected_items]: Missing connection between items
    Local override; error
    @(13.6350 mm, 22.8650 mm): Pad 1 [ROW_06_ANODE] of D102 on F.Cu
    @(16.1350 mm, 22.8650 mm): Pad 1 [ROW_06_ANODE] of D103 on F.Cu
[unconnected_items]: Missing connection between items
    Local override; error
    @(16.1350 mm, 22.8650 mm): Pad 1 [ROW_06_ANODE] of D103 on F.Cu
    @(18.6350 mm, 22.8650 mm): Pad 1 [ROW_06_ANODE] of D104 on F.Cu
[unconnected_items]: Missing connection between items
    Local override; error
    @(18.6350 mm, 22.8650 mm): Pad 1 [ROW_06_ANODE] of D104 on F.Cu
    @(21.1350 mm, 22.8650 mm): Pad 1 [ROW_06_ANODE] of D105 on F.Cu
[unconnected_items]: Missing connection between items
    Local override; error
    @(21.1350 mm, 22.8650 mm): Pad 1 [ROW_06_ANODE] of D105 on F.Cu
    @(23.6350 mm, 22.8650 mm): Pad 1 [ROW_06_ANODE] of D106 on F.Cu
[unconnected_items]: Missing connection between items
    Local override; error
    @(23.6350 mm, 22.8650 mm): Pad 1 [ROW_06_ANODE] of D106 on F.Cu
    @(26.1350 mm, 22.8650 mm): Pad 1 [ROW_06_ANODE] of D107 on F.Cu
[unconnected_items]: Missing connection between items
    Local override; error
    @(26.1350 mm, 22.8650 mm): Pad 1 [ROW_06_ANODE] of D107 on F.Cu
    @(28.6350 mm, 22.8650 mm): Pad 1 [ROW_06_ANODE] of D108 on F.Cu
[unconnected_items]: Missing connection between items
    Local override; error
    @(28.6350 mm, 22.8650 mm): Pad 1 [ROW_06_ANODE] of D108 on F.Cu
    @(31.1350 mm, 22.8650 mm): Pad 1 [ROW_06_ANODE] of D109 on F.Cu
[unconnected_items]: Missing connection between items
    Local override; error
    @(31.1350 mm, 22.8650 mm): Pad 1 [ROW_06_ANODE] of D109 on F.Cu
    @(33.6350 mm, 22.8650 mm): Pad 1 [ROW_06_ANODE] of D110 on F.Cu
[unconnected_items]: Missing connection between items
    Local override; error
    @(33.6350 mm, 22.8650 mm): Pad 1 [ROW_06_ANODE] of D110 on F.Cu
    @(36.1350 mm, 22.8650 mm): Pad 1 [ROW_06_ANODE] of D111 on F.Cu
[unconnected_items]: Missing connection between items
    Local override; error
    @(36.1350 mm, 22.8650 mm): Pad 1 [ROW_06_ANODE] of D111 on F.Cu
    @(38.6350 mm, 22.8650 mm): Pad 1 [ROW_06_ANODE] of D112 on F.Cu
[unconnected_items]: Missing connection between items
    Local override; error
    @(38.6350 mm, 22.8650 mm): Pad 1 [ROW_06_ANODE] of D112 on F.Cu
    @(41.1350 mm, 22.8650 mm): Pad 1 [ROW_06_ANODE] of D113 on F.Cu
[unconnected_items]: Missing connection between items
    Local override; error
    @(41.1350 mm, 22.8650 mm): Pad 1 [ROW_06_ANODE] of D113 on F.Cu
    @(43.6350 mm, 22.8650 mm): Pad 1 [ROW_06_ANODE] of D114 on F.Cu
[unconnected_items]: Missing connection between items
    Local override; error
    @(43.6350 mm, 22.8650 mm): Pad 1 [ROW_06_ANODE] of D114 on F.Cu
    @(46.1350 mm, 22.8650 mm): Pad 1 [ROW_06_ANODE] of D115 on F.Cu
[unconnected_items]: Missing connection between items
    Local override; error
    @(46.1350 mm, 22.8650 mm): Pad 1 [ROW_06_ANODE] of D115 on F.Cu
    @(48.6350 mm, 22.8650 mm): Pad 1 [ROW_06_ANODE] of D116 on F.Cu
[unconnected_items]: Missing connection between items
    Local override; error
    @(48.6350 mm, 22.8650 mm): Pad 1 [ROW_06_ANODE] of D116 on F.Cu
    @(51.1350 mm, 22.8650 mm): Pad 1 [ROW_06_ANODE] of D117 on F.Cu
[unconnected_items]: Missing connection between items
    Local override; error
    @(51.1350 mm, 22.8650 mm): Pad 1 [ROW_06_ANODE] of D117 on F.Cu
    @(53.6350 mm, 22.8650 mm): Pad 1 [ROW_06_ANODE] of D118 on F.Cu
[unconnected_items]: Missing connection between items
    Local override; error
    @(53.6350 mm, 22.8650 mm): Pad 1 [ROW_06_ANODE] of D118 on F.Cu
    @(56.1350 mm, 22.8650 mm): Pad 1 [ROW_06_ANODE] of D119 on F.Cu
[unconnected_items]: Missing connection between items
    Local override; error
    @(56.1350 mm, 22.8650 mm): Pad 1 [ROW_06_ANODE] of D119 on F.Cu
    @(58.6350 mm, 22.8650 mm): Pad 1 [ROW_06_ANODE] of D120 on F.Cu
[unconnected_items]: Missing connection between items
    Local override; error
    @(41.1350 mm, 11.1350 mm): Pad 2 [COL_R_13] of D13 on F.Cu
    @(41.1350 mm, 13.6350 mm): Pad 2 [COL_R_13] of D33 on F.Cu
[unconnected_items]: Missing connection between items
    Local override; error
    @(41.1350 mm, 13.6350 mm): Pad 2 [COL_R_13] of D33 on F.Cu
    @(41.1350 mm, 16.1350 mm): Pad 2 [COL_R_13] of D53 on F.Cu
[unconnected_items]: Missing connection between items
    Local override; error
    @(41.1350 mm, 16.1350 mm): Pad 2 [COL_R_13] of D53 on F.Cu
    @(41.1350 mm, 18.6350 mm): Pad 2 [COL_R_13] of D73 on F.Cu
[unconnected_items]: Missing connection between items
    Local override; error
    @(41.1350 mm, 18.6350 mm): Pad 2 [COL_R_13] of D73 on F.Cu
    @(41.1350 mm, 21.1350 mm): Pad 2 [COL_R_13] of D93 on F.Cu
[unconnected_items]: Missing connection between items
    Local override; error
    @(41.1350 mm, 21.1350 mm): Pad 2 [COL_R_13] of D93 on F.Cu
    @(41.1350 mm, 23.6350 mm): Pad 2 [COL_R_13] of D113 on F.Cu
[unconnected_items]: Missing connection between items
    Local override; error
    @(41.1350 mm, 23.6350 mm): Pad 2 [COL_R_13] of D113 on F.Cu
    @(41.1350 mm, 26.1350 mm): Pad 2 [COL_R_13] of D133 on F.Cu
[unconnected_items]: Missing connection between items
    Local override; error
    @(41.1350 mm, 26.1350 mm): Pad 2 [COL_R_13] of D133 on F.Cu
    @(41.1350 mm, 28.6350 mm): Pad 2 [COL_R_13] of D153 on F.Cu
[unconnected_items]: Missing connection between items
    Local override; error
    @(41.1350 mm, 28.6350 mm): Pad 2 [COL_R_13] of D153 on F.Cu
    @(41.1350 mm, 31.1350 mm): Pad 2 [COL_R_13] of D173 on F.Cu
[unconnected_items]: Missing connection between items
    Local override; error
    @(41.1350 mm, 31.1350 mm): Pad 2 [COL_R_13] of D173 on F.Cu
    @(41.1350 mm, 33.6350 mm): Pad 2 [COL_R_13] of D193 on F.Cu
[unconnected_items]: Missing connection between items
    Local override; error
    @(41.1350 mm, 33.6350 mm): Pad 2 [COL_R_13] of D193 on F.Cu
    @(41.1350 mm, 36.1350 mm): Pad 2 [COL_R_13] of D213 on F.Cu
[unconnected_items]: Missing connection between items
    Local override; error
    @(41.1350 mm, 36.1350 mm): Pad 2 [COL_R_13] of D213 on F.Cu
    @(41.1350 mm, 38.6350 mm): Pad 2 [COL_R_13] of D233 on F.Cu
[unconnected_items]: Missing connection between items
    Local override; error
    @(41.1350 mm, 38.6350 mm): Pad 2 [COL_R_13] of D233 on F.Cu
    @(41.1350 mm, 41.1350 mm): Pad 2 [COL_R_13] of D253 on F.Cu
[unconnected_items]: Missing connection between items
    Local override; error
    @(41.1350 mm, 41.1350 mm): Pad 2 [COL_R_13] of D253 on F.Cu
    @(41.1350 mm, 43.6350 mm): Pad 2 [COL_R_13] of D273 on F.Cu
[unconnected_items]: Missing connection between items
    Local override; error
    @(41.1350 mm, 43.6350 mm): Pad 2 [COL_R_13] of D273 on F.Cu
    @(41.1350 mm, 46.1350 mm): Pad 2 [COL_R_13] of D293 on F.Cu
[unconnected_items]: Missing connection between items
    Local override; error
    @(41.1350 mm, 46.1350 mm): Pad 2 [COL_R_13] of D293 on F.Cu
    @(41.1350 mm, 48.6350 mm): Pad 2 [COL_R_13] of D313 on F.Cu
[unconnected_items]: Missing connection between items
    Local override; error
    @(41.1350 mm, 48.6350 mm): Pad 2 [COL_R_13] of D313 on F.Cu
    @(41.1350 mm, 51.1350 mm): Pad 2 [COL_R_13] of D333 on F.Cu
[unconnected_items]: Missing connection between items
    Local override; error
    @(41.1350 mm, 51.1350 mm): Pad 2 [COL_R_13] of D333 on F.Cu
    @(41.1350 mm, 53.6350 mm): Pad 2 [COL_R_13] of D353 on F.Cu
[unconnected_items]: Missing connection between items
    Local override; error
    @(41.1350 mm, 53.6350 mm): Pad 2 [COL_R_13] of D353 on F.Cu
    @(41.1350 mm, 56.1350 mm): Pad 2 [COL_R_13] of D373 on F.Cu
[unconnected_items]: Missing connection between items
    Local override; error
    @(41.1350 mm, 56.1350 mm): Pad 2 [COL_R_13] of D373 on F.Cu
    @(41.1350 mm, 58.6350 mm): Pad 2 [COL_R_13] of D393 on F.Cu
[unconnected_items]: Missing connection between items
    Local override; error
    @(40.3650 mm, 11.1350 mm): Pad 3 [COL_G_13] of D13 on F.Cu
    @(40.3650 mm, 13.6350 mm): Pad 3 [COL_G_13] of D33 on F.Cu
[unconnected_items]: Missing connection between items
    Local override; error
    @(40.3650 mm, 13.6350 mm): Pad 3 [COL_G_13] of D33 on F.Cu
    @(40.3650 mm, 16.1350 mm): Pad 3 [COL_G_13] of D53 on F.Cu
[unconnected_items]: Missing connection between items
    Local override; error
    @(40.3650 mm, 16.1350 mm): Pad 3 [COL_G_13] of D53 on F.Cu
    @(40.3650 mm, 18.6350 mm): Pad 3 [COL_G_13] of D73 on F.Cu
[unconnected_items]: Missing connection between items
    Local override; error
    @(40.3650 mm, 18.6350 mm): Pad 3 [COL_G_13] of D73 on F.Cu
    @(40.3650 mm, 21.1350 mm): Pad 3 [COL_G_13] of D93 on F.Cu
[unconnected_items]: Missing connection between items
    Local override; error
    @(40.3650 mm, 21.1350 mm): Pad 3 [COL_G_13] of D93 on F.Cu
    @(40.3650 mm, 23.6350 mm): Pad 3 [COL_G_13] of D113 on F.Cu
[unconnected_items]: Missing connection between items
    Local override; error
    @(40.3650 mm, 23.6350 mm): Pad 3 [COL_G_13] of D113 on F.Cu
    @(40.3650 mm, 26.1350 mm): Pad 3 [COL_G_13] of D133 on F.Cu
[unconnected_items]: Missing connection between items
    Local override; error
    @(40.3650 mm, 26.1350 mm): Pad 3 [COL_G_13] of D133 on F.Cu
    @(40.3650 mm, 28.6350 mm): Pad 3 [COL_G_13] of D153 on F.Cu
[unconnected_items]: Missing connection between items
    Local override; error
    @(40.3650 mm, 28.6350 mm): Pad 3 [COL_G_13] of D153 on F.Cu
    @(40.3650 mm, 31.1350 mm): Pad 3 [COL_G_13] of D173 on F.Cu
[unconnected_items]: Missing connection between items
    Local override; error
    @(40.3650 mm, 31.1350 mm): Pad 3 [COL_G_13] of D173 on F.Cu
    @(40.3650 mm, 33.6350 mm): Pad 3 [COL_G_13] of D193 on F.Cu
[unconnected_items]: Missing connection between items
    Local override; error
    @(40.3650 mm, 33.6350 mm): Pad 3 [COL_G_13] of D193 on F.Cu
    @(40.3650 mm, 36.1350 mm): Pad 3 [COL_G_13] of D213 on F.Cu
[unconnected_items]: Missing connection between items
    Local override; error
    @(40.3650 mm, 36.1350 mm): Pad 3 [COL_G_13] of D213 on F.Cu
    @(40.3650 mm, 38.6350 mm): Pad 3 [COL_G_13] of D233 on F.Cu
[unconnected_items]: Missing connection between items
    Local override; error
    @(40.3650 mm, 38.6350 mm): Pad 3 [COL_G_13] of D233 on F.Cu
    @(40.3650 mm, 41.1350 mm): Pad 3 [COL_G_13] of D253 on F.Cu
[unconnected_items]: Missing connection between items
    Local override; error
    @(40.3650 mm, 41.1350 mm): Pad 3 [COL_G_13] of D253 on F.Cu
    @(40.3650 mm, 43.6350 mm): Pad 3 [COL_G_13] of D273 on F.Cu
[unconnected_items]: Missing connection between items
    Local override; error
    @(40.3650 mm, 43.6350 mm): Pad 3 [COL_G_13] of D273 on F.Cu
    @(40.3650 mm, 46.1350 mm): Pad 3 [COL_G_13] of D293 on F.Cu
[unconnected_items]: Missing connection between items
    Local override; error
    @(40.3650 mm, 46.1350 mm): Pad 3 [COL_G_13] of D293 on F.Cu
    @(40.3650 mm, 48.6350 mm): Pad 3 [COL_G_13] of D313 on F.Cu
[unconnected_items]: Missing connection between items
    Local override; error
    @(40.3650 mm, 48.6350 mm): Pad 3 [COL_G_13] of D313 on F.Cu
    @(40.3650 mm, 51.1350 mm): Pad 3 [COL_G_13] of D333 on F.Cu
[unconnected_items]: Missing connection between items
    Local override; error
    @(40.3650 mm, 51.1350 mm): Pad 3 [COL_G_13] of D333 on F.Cu
    @(40.3650 mm, 53.6350 mm): Pad 3 [COL_G_13] of D353 on F.Cu
[unconnected_items]: Missing connection between items
    Local override; error
    @(40.3650 mm, 53.6350 mm): Pad 3 [COL_G_13] of D353 on F.Cu
    @(40.3650 mm, 56.1350 mm): Pad 3 [COL_G_13] of D373 on F.Cu
[unconnected_items]: Missing connection between items
    Local override; error
    @(40.3650 mm, 56.1350 mm): Pad 3 [COL_G_13] of D373 on F.Cu
    @(40.3650 mm, 58.6350 mm): Pad 3 [COL_G_13] of D393 on F.Cu
[unconnected_items]: Missing connection between items
    Local override; error
    @(40.3650 mm, 10.3650 mm): Pad 4 [COL_B_13] of D13 on F.Cu
    @(40.3650 mm, 12.8650 mm): Pad 4 [COL_B_13] of D33 on F.Cu
[unconnected_items]: Missing connection between items
    Local override; error
    @(40.3650 mm, 12.8650 mm): Pad 4 [COL_B_13] of D33 on F.Cu
    @(40.3650 mm, 15.3650 mm): Pad 4 [COL_B_13] of D53 on F.Cu
[unconnected_items]: Missing connection between items
    Local override; error
    @(40.3650 mm, 15.3650 mm): Pad 4 [COL_B_13] of D53 on F.Cu
    @(40.3650 mm, 17.8650 mm): Pad 4 [COL_B_13] of D73 on F.Cu
[unconnected_items]: Missing connection between items
    Local override; error
    @(40.3650 mm, 17.8650 mm): Pad 4 [COL_B_13] of D73 on F.Cu
    @(40.3650 mm, 20.3650 mm): Pad 4 [COL_B_13] of D93 on F.Cu
[unconnected_items]: Missing connection between items
    Local override; error
    @(40.3650 mm, 20.3650 mm): Pad 4 [COL_B_13] of D93 on F.Cu
    @(40.3650 mm, 22.8650 mm): Pad 4 [COL_B_13] of D113 on F.Cu
[unconnected_items]: Missing connection between items
    Local override; error
    @(40.3650 mm, 22.8650 mm): Pad 4 [COL_B_13] of D113 on F.Cu
    @(40.3650 mm, 25.3650 mm): Pad 4 [COL_B_13] of D133 on F.Cu
[unconnected_items]: Missing connection between items
    Local override; error
    @(40.3650 mm, 25.3650 mm): Pad 4 [COL_B_13] of D133 on F.Cu
    @(40.3650 mm, 27.8650 mm): Pad 4 [COL_B_13] of D153 on F.Cu
[unconnected_items]: Missing connection between items
    Local override; error
    @(40.3650 mm, 27.8650 mm): Pad 4 [COL_B_13] of D153 on F.Cu
    @(40.3650 mm, 30.3650 mm): Pad 4 [COL_B_13] of D173 on F.Cu
[unconnected_items]: Missing connection between items
    Local override; error
    @(40.3650 mm, 30.3650 mm): Pad 4 [COL_B_13] of D173 on F.Cu
    @(40.3650 mm, 32.8650 mm): Pad 4 [COL_B_13] of D193 on F.Cu
[unconnected_items]: Missing connection between items
    Local override; error
    @(40.3650 mm, 32.8650 mm): Pad 4 [COL_B_13] of D193 on F.Cu
    @(40.3650 mm, 35.3650 mm): Pad 4 [COL_B_13] of D213 on F.Cu
[unconnected_items]: Missing connection between items
    Local override; error
    @(40.3650 mm, 35.3650 mm): Pad 4 [COL_B_13] of D213 on F.Cu
    @(40.3650 mm, 37.8650 mm): Pad 4 [COL_B_13] of D233 on F.Cu
[unconnected_items]: Missing connection between items
    Local override; error
    @(40.3650 mm, 37.8650 mm): Pad 4 [COL_B_13] of D233 on F.Cu
    @(40.3650 mm, 40.3650 mm): Pad 4 [COL_B_13] of D253 on F.Cu
[unconnected_items]: Missing connection between items
    Local override; error
    @(40.3650 mm, 40.3650 mm): Pad 4 [COL_B_13] of D253 on F.Cu
    @(40.3650 mm, 42.8650 mm): Pad 4 [COL_B_13] of D273 on F.Cu
[unconnected_items]: Missing connection between items
    Local override; error
    @(40.3650 mm, 42.8650 mm): Pad 4 [COL_B_13] of D273 on F.Cu
    @(40.3650 mm, 45.3650 mm): Pad 4 [COL_B_13] of D293 on F.Cu
[unconnected_items]: Missing connection between items
    Local override; error
    @(40.3650 mm, 45.3650 mm): Pad 4 [COL_B_13] of D293 on F.Cu
    @(40.3650 mm, 47.8650 mm): Pad 4 [COL_B_13] of D313 on F.Cu
[unconnected_items]: Missing connection between items
    Local override; error
    @(40.3650 mm, 47.8650 mm): Pad 4 [COL_B_13] of D313 on F.Cu
    @(40.3650 mm, 50.3650 mm): Pad 4 [COL_B_13] of D333 on F.Cu
[unconnected_items]: Missing connection between items
    Local override; error
    @(40.3650 mm, 50.3650 mm): Pad 4 [COL_B_13] of D333 on F.Cu
    @(40.3650 mm, 52.8650 mm): Pad 4 [COL_B_13] of D353 on F.Cu
[unconnected_items]: Missing connection between items
    Local override; error
    @(40.3650 mm, 52.8650 mm): Pad 4 [COL_B_13] of D353 on F.Cu
    @(40.3650 mm, 55.3650 mm): Pad 4 [COL_B_13] of D373 on F.Cu
[unconnected_items]: Missing connection between items
    Local override; error
    @(40.3650 mm, 55.3650 mm): Pad 4 [COL_B_13] of D373 on F.Cu
    @(40.3650 mm, 57.8650 mm): Pad 4 [COL_B_13] of D393 on F.Cu
[unconnected_items]: Missing connection between items
    Local override; error
    @(11.1350 mm, 37.8650 mm): Pad 1 [ROW_12_ANODE] of D221 on F.Cu
    @(13.6350 mm, 37.8650 mm): Pad 1 [ROW_12_ANODE] of D222 on F.Cu
[unconnected_items]: Missing connection between items
    Local override; error
    @(13.6350 mm, 37.8650 mm): Pad 1 [ROW_12_ANODE] of D222 on F.Cu
    @(16.1350 mm, 37.8650 mm): Pad 1 [ROW_12_ANODE] of D223 on F.Cu
[unconnected_items]: Missing connection between items
    Local override; error
    @(16.1350 mm, 37.8650 mm): Pad 1 [ROW_12_ANODE] of D223 on F.Cu
    @(18.6350 mm, 37.8650 mm): Pad 1 [ROW_12_ANODE] of D224 on F.Cu
[unconnected_items]: Missing connection between items
    Local override; error
    @(18.6350 mm, 37.8650 mm): Pad 1 [ROW_12_ANODE] of D224 on F.Cu
    @(21.1350 mm, 37.8650 mm): Pad 1 [ROW_12_ANODE] of D225 on F.Cu
[unconnected_items]: Missing connection between items
    Local override; error
    @(21.1350 mm, 37.8650 mm): Pad 1 [ROW_12_ANODE] of D225 on F.Cu
    @(23.6350 mm, 37.8650 mm): Pad 1 [ROW_12_ANODE] of D226 on F.Cu
[unconnected_items]: Missing connection between items
    Local override; error
    @(23.6350 mm, 37.8650 mm): Pad 1 [ROW_12_ANODE] of D226 on F.Cu
    @(26.1350 mm, 37.8650 mm): Pad 1 [ROW_12_ANODE] of D227 on F.Cu
[unconnected_items]: Missing connection between items
    Local override; error
    @(26.1350 mm, 37.8650 mm): Pad 1 [ROW_12_ANODE] of D227 on F.Cu
    @(28.6350 mm, 37.8650 mm): Pad 1 [ROW_12_ANODE] of D228 on F.Cu
[unconnected_items]: Missing connection between items
    Local override; error
    @(28.6350 mm, 37.8650 mm): Pad 1 [ROW_12_ANODE] of D228 on F.Cu
    @(31.1350 mm, 37.8650 mm): Pad 1 [ROW_12_ANODE] of D229 on F.Cu
[unconnected_items]: Missing connection between items
    Local override; error
    @(31.1350 mm, 37.8650 mm): Pad 1 [ROW_12_ANODE] of D229 on F.Cu
    @(33.6350 mm, 37.8650 mm): Pad 1 [ROW_12_ANODE] of D230 on F.Cu
[unconnected_items]: Missing connection between items
    Local override; error
    @(33.6350 mm, 37.8650 mm): Pad 1 [ROW_12_ANODE] of D230 on F.Cu
    @(36.1350 mm, 37.8650 mm): Pad 1 [ROW_12_ANODE] of D231 on F.Cu
[unconnected_items]: Missing connection between items
    Local override; error
    @(36.1350 mm, 37.8650 mm): Pad 1 [ROW_12_ANODE] of D231 on F.Cu
    @(38.6350 mm, 37.8650 mm): Pad 1 [ROW_12_ANODE] of D232 on F.Cu
[unconnected_items]: Missing connection between items
    Local override; error
    @(38.6350 mm, 37.8650 mm): Pad 1 [ROW_12_ANODE] of D232 on F.Cu
    @(41.1350 mm, 37.8650 mm): Pad 1 [ROW_12_ANODE] of D233 on F.Cu
[unconnected_items]: Missing connection between items
    Local override; error
    @(41.1350 mm, 37.8650 mm): Pad 1 [ROW_12_ANODE] of D233 on F.Cu
    @(43.6350 mm, 37.8650 mm): Pad 1 [ROW_12_ANODE] of D234 on F.Cu
[unconnected_items]: Missing connection between items
    Local override; error
    @(43.6350 mm, 37.8650 mm): Pad 1 [ROW_12_ANODE] of D234 on F.Cu
    @(46.1350 mm, 37.8650 mm): Pad 1 [ROW_12_ANODE] of D235 on F.Cu
[unconnected_items]: Missing connection between items
    Local override; error
    @(46.1350 mm, 37.8650 mm): Pad 1 [ROW_12_ANODE] of D235 on F.Cu
    @(48.6350 mm, 37.8650 mm): Pad 1 [ROW_12_ANODE] of D236 on F.Cu
[unconnected_items]: Missing connection between items
    Local override; error
    @(48.6350 mm, 37.8650 mm): Pad 1 [ROW_12_ANODE] of D236 on F.Cu
    @(51.1350 mm, 37.8650 mm): Pad 1 [ROW_12_ANODE] of D237 on F.Cu
[unconnected_items]: Missing connection between items
    Local override; error
    @(51.1350 mm, 37.8650 mm): Pad 1 [ROW_12_ANODE] of D237 on F.Cu
    @(53.6350 mm, 37.8650 mm): Pad 1 [ROW_12_ANODE] of D238 on F.Cu
[unconnected_items]: Missing connection between items
    Local override; error
    @(53.6350 mm, 37.8650 mm): Pad 1 [ROW_12_ANODE] of D238 on F.Cu
    @(56.1350 mm, 37.8650 mm): Pad 1 [ROW_12_ANODE] of D239 on F.Cu
[unconnected_items]: Missing connection between items
    Local override; error
    @(56.1350 mm, 37.8650 mm): Pad 1 [ROW_12_ANODE] of D239 on F.Cu
    @(58.6350 mm, 37.8650 mm): Pad 1 [ROW_12_ANODE] of D240 on F.Cu
[unconnected_items]: Missing connection between items
    Local override; error
    @(48.6350 mm, 11.1350 mm): Pad 2 [COL_R_16] of D16 on F.Cu
    @(48.6350 mm, 13.6350 mm): Pad 2 [COL_R_16] of D36 on F.Cu
[unconnected_items]: Missing connection between items
    Local override; error
    @(48.6350 mm, 13.6350 mm): Pad 2 [COL_R_16] of D36 on F.Cu
    @(48.6350 mm, 16.1350 mm): Pad 2 [COL_R_16] of D56 on F.Cu
[unconnected_items]: Missing connection between items
    Local override; error
    @(48.6350 mm, 16.1350 mm): Pad 2 [COL_R_16] of D56 on F.Cu
    @(48.6350 mm, 18.6350 mm): Pad 2 [COL_R_16] of D76 on F.Cu
[unconnected_items]: Missing connection between items
    Local override; error
    @(48.6350 mm, 18.6350 mm): Pad 2 [COL_R_16] of D76 on F.Cu
    @(48.6350 mm, 21.1350 mm): Pad 2 [COL_R_16] of D96 on F.Cu
[unconnected_items]: Missing connection between items
    Local override; error
    @(48.6350 mm, 21.1350 mm): Pad 2 [COL_R_16] of D96 on F.Cu
    @(48.6350 mm, 23.6350 mm): Pad 2 [COL_R_16] of D116 on F.Cu
[unconnected_items]: Missing connection between items
    Local override; error
    @(48.6350 mm, 23.6350 mm): Pad 2 [COL_R_16] of D116 on F.Cu
    @(48.6350 mm, 26.1350 mm): Pad 2 [COL_R_16] of D136 on F.Cu
[unconnected_items]: Missing connection between items
    Local override; error
    @(48.6350 mm, 26.1350 mm): Pad 2 [COL_R_16] of D136 on F.Cu
    @(48.6350 mm, 28.6350 mm): Pad 2 [COL_R_16] of D156 on F.Cu
[unconnected_items]: Missing connection between items
    Local override; error
    @(48.6350 mm, 28.6350 mm): Pad 2 [COL_R_16] of D156 on F.Cu
    @(48.6350 mm, 31.1350 mm): Pad 2 [COL_R_16] of D176 on F.Cu
[unconnected_items]: Missing connection between items
    Local override; error
    @(48.6350 mm, 31.1350 mm): Pad 2 [COL_R_16] of D176 on F.Cu
    @(48.6350 mm, 33.6350 mm): Pad 2 [COL_R_16] of D196 on F.Cu
[unconnected_items]: Missing connection between items
    Local override; error
    @(48.6350 mm, 33.6350 mm): Pad 2 [COL_R_16] of D196 on F.Cu
    @(48.6350 mm, 36.1350 mm): Pad 2 [COL_R_16] of D216 on F.Cu
[unconnected_items]: Missing connection between items
    Local override; error
    @(48.6350 mm, 36.1350 mm): Pad 2 [COL_R_16] of D216 on F.Cu
    @(48.6350 mm, 38.6350 mm): Pad 2 [COL_R_16] of D236 on F.Cu
[unconnected_items]: Missing connection between items
    Local override; error
    @(48.6350 mm, 38.6350 mm): Pad 2 [COL_R_16] of D236 on F.Cu
    @(48.6350 mm, 41.1350 mm): Pad 2 [COL_R_16] of D256 on F.Cu
[unconnected_items]: Missing connection between items
    Local override; error
    @(48.6350 mm, 41.1350 mm): Pad 2 [COL_R_16] of D256 on F.Cu
    @(48.6350 mm, 43.6350 mm): Pad 2 [COL_R_16] of D276 on F.Cu
[unconnected_items]: Missing connection between items
    Local override; error
    @(48.6350 mm, 43.6350 mm): Pad 2 [COL_R_16] of D276 on F.Cu
    @(48.6350 mm, 46.1350 mm): Pad 2 [COL_R_16] of D296 on F.Cu
[unconnected_items]: Missing connection between items
    Local override; error
    @(48.6350 mm, 46.1350 mm): Pad 2 [COL_R_16] of D296 on F.Cu
    @(48.6350 mm, 48.6350 mm): Pad 2 [COL_R_16] of D316 on F.Cu
[unconnected_items]: Missing connection between items
    Local override; error
    @(48.6350 mm, 48.6350 mm): Pad 2 [COL_R_16] of D316 on F.Cu
    @(48.6350 mm, 51.1350 mm): Pad 2 [COL_R_16] of D336 on F.Cu
[unconnected_items]: Missing connection between items
    Local override; error
    @(48.6350 mm, 51.1350 mm): Pad 2 [COL_R_16] of D336 on F.Cu
    @(48.6350 mm, 53.6350 mm): Pad 2 [COL_R_16] of D356 on F.Cu
[unconnected_items]: Missing connection between items
    Local override; error
    @(48.6350 mm, 53.6350 mm): Pad 2 [COL_R_16] of D356 on F.Cu
    @(48.6350 mm, 56.1350 mm): Pad 2 [COL_R_16] of D376 on F.Cu
[unconnected_items]: Missing connection between items
    Local override; error
    @(48.6350 mm, 56.1350 mm): Pad 2 [COL_R_16] of D376 on F.Cu
    @(48.6350 mm, 58.6350 mm): Pad 2 [COL_R_16] of D396 on F.Cu
[unconnected_items]: Missing connection between items
    Local override; error
    @(47.8650 mm, 11.1350 mm): Pad 3 [COL_G_16] of D16 on F.Cu
    @(47.8650 mm, 13.6350 mm): Pad 3 [COL_G_16] of D36 on F.Cu
[unconnected_items]: Missing connection between items
    Local override; error
    @(47.8650 mm, 13.6350 mm): Pad 3 [COL_G_16] of D36 on F.Cu
    @(47.8650 mm, 16.1350 mm): Pad 3 [COL_G_16] of D56 on F.Cu
[unconnected_items]: Missing connection between items
    Local override; error
    @(47.8650 mm, 16.1350 mm): Pad 3 [COL_G_16] of D56 on F.Cu
    @(47.8650 mm, 18.6350 mm): Pad 3 [COL_G_16] of D76 on F.Cu
[unconnected_items]: Missing connection between items
    Local override; error
    @(47.8650 mm, 18.6350 mm): Pad 3 [COL_G_16] of D76 on F.Cu
    @(47.8650 mm, 21.1350 mm): Pad 3 [COL_G_16] of D96 on F.Cu
[unconnected_items]: Missing connection between items
    Local override; error
    @(47.8650 mm, 21.1350 mm): Pad 3 [COL_G_16] of D96 on F.Cu
    @(47.8650 mm, 23.6350 mm): Pad 3 [COL_G_16] of D116 on F.Cu
[unconnected_items]: Missing connection between items
    Local override; error
    @(47.8650 mm, 23.6350 mm): Pad 3 [COL_G_16] of D116 on F.Cu
    @(47.8650 mm, 26.1350 mm): Pad 3 [COL_G_16] of D136 on F.Cu
[unconnected_items]: Missing connection between items
    Local override; error
    @(47.8650 mm, 26.1350 mm): Pad 3 [COL_G_16] of D136 on F.Cu
    @(47.8650 mm, 28.6350 mm): Pad 3 [COL_G_16] of D156 on F.Cu
[unconnected_items]: Missing connection between items
    Local override; error
    @(47.8650 mm, 28.6350 mm): Pad 3 [COL_G_16] of D156 on F.Cu
    @(47.8650 mm, 31.1350 mm): Pad 3 [COL_G_16] of D176 on F.Cu
[unconnected_items]: Missing connection between items
    Local override; error
    @(47.8650 mm, 31.1350 mm): Pad 3 [COL_G_16] of D176 on F.Cu
    @(47.8650 mm, 33.6350 mm): Pad 3 [COL_G_16] of D196 on F.Cu
[unconnected_items]: Missing connection between items
    Local override; error
    @(47.8650 mm, 33.6350 mm): Pad 3 [COL_G_16] of D196 on F.Cu
    @(47.8650 mm, 36.1350 mm): Pad 3 [COL_G_16] of D216 on F.Cu
[unconnected_items]: Missing connection between items
    Local override; error
    @(47.8650 mm, 36.1350 mm): Pad 3 [COL_G_16] of D216 on F.Cu
    @(47.8650 mm, 38.6350 mm): Pad 3 [COL_G_16] of D236 on F.Cu
[unconnected_items]: Missing connection between items
    Local override; error
    @(47.8650 mm, 38.6350 mm): Pad 3 [COL_G_16] of D236 on F.Cu
    @(47.8650 mm, 41.1350 mm): Pad 3 [COL_G_16] of D256 on F.Cu
[unconnected_items]: Missing connection between items
    Local override; error
    @(47.8650 mm, 41.1350 mm): Pad 3 [COL_G_16] of D256 on F.Cu
    @(47.8650 mm, 43.6350 mm): Pad 3 [COL_G_16] of D276 on F.Cu
[unconnected_items]: Missing connection between items
    Local override; error
    @(47.8650 mm, 43.6350 mm): Pad 3 [COL_G_16] of D276 on F.Cu
    @(47.8650 mm, 46.1350 mm): Pad 3 [COL_G_16] of D296 on F.Cu
[unconnected_items]: Missing connection between items
    Local override; error
    @(47.8650 mm, 46.1350 mm): Pad 3 [COL_G_16] of D296 on F.Cu
    @(47.8650 mm, 48.6350 mm): Pad 3 [COL_G_16] of D316 on F.Cu
[unconnected_items]: Missing connection between items
    Local override; error
    @(47.8650 mm, 48.6350 mm): Pad 3 [COL_G_16] of D316 on F.Cu
    @(47.8650 mm, 51.1350 mm): Pad 3 [COL_G_16] of D336 on F.Cu
[unconnected_items]: Missing connection between items
    Local override; error
    @(47.8650 mm, 51.1350 mm): Pad 3 [COL_G_16] of D336 on F.Cu
    @(47.8650 mm, 53.6350 mm): Pad 3 [COL_G_16] of D356 on F.Cu
[unconnected_items]: Missing connection between items
    Local override; error
    @(47.8650 mm, 53.6350 mm): Pad 3 [COL_G_16] of D356 on F.Cu
    @(47.8650 mm, 56.1350 mm): Pad 3 [COL_G_16] of D376 on F.Cu
[unconnected_items]: Missing connection between items
    Local override; error
    @(47.8650 mm, 56.1350 mm): Pad 3 [COL_G_16] of D376 on F.Cu
    @(47.8650 mm, 58.6350 mm): Pad 3 [COL_G_16] of D396 on F.Cu
[unconnected_items]: Missing connection between items
    Local override; error
    @(47.8650 mm, 10.3650 mm): Pad 4 [COL_B_16] of D16 on F.Cu
    @(47.8650 mm, 12.8650 mm): Pad 4 [COL_B_16] of D36 on F.Cu
[unconnected_items]: Missing connection between items
    Local override; error
    @(47.8650 mm, 12.8650 mm): Pad 4 [COL_B_16] of D36 on F.Cu
    @(47.8650 mm, 15.3650 mm): Pad 4 [COL_B_16] of D56 on F.Cu
[unconnected_items]: Missing connection between items
    Local override; error
    @(47.8650 mm, 15.3650 mm): Pad 4 [COL_B_16] of D56 on F.Cu
    @(47.8650 mm, 17.8650 mm): Pad 4 [COL_B_16] of D76 on F.Cu
[unconnected_items]: Missing connection between items
    Local override; error
    @(47.8650 mm, 17.8650 mm): Pad 4 [COL_B_16] of D76 on F.Cu
    @(47.8650 mm, 20.3650 mm): Pad 4 [COL_B_16] of D96 on F.Cu
[unconnected_items]: Missing connection between items
    Local override; error
    @(47.8650 mm, 20.3650 mm): Pad 4 [COL_B_16] of D96 on F.Cu
    @(47.8650 mm, 22.8650 mm): Pad 4 [COL_B_16] of D116 on F.Cu
[unconnected_items]: Missing connection between items
    Local override; error
    @(47.8650 mm, 22.8650 mm): Pad 4 [COL_B_16] of D116 on F.Cu
    @(47.8650 mm, 25.3650 mm): Pad 4 [COL_B_16] of D136 on F.Cu
[unconnected_items]: Missing connection between items
    Local override; error
    @(47.8650 mm, 25.3650 mm): Pad 4 [COL_B_16] of D136 on F.Cu
    @(47.8650 mm, 27.8650 mm): Pad 4 [COL_B_16] of D156 on F.Cu
[unconnected_items]: Missing connection between items
    Local override; error
    @(47.8650 mm, 27.8650 mm): Pad 4 [COL_B_16] of D156 on F.Cu
    @(47.8650 mm, 30.3650 mm): Pad 4 [COL_B_16] of D176 on F.Cu
[unconnected_items]: Missing connection between items
    Local override; error
    @(47.8650 mm, 30.3650 mm): Pad 4 [COL_B_16] of D176 on F.Cu
    @(47.8650 mm, 32.8650 mm): Pad 4 [COL_B_16] of D196 on F.Cu
[unconnected_items]: Missing connection between items
    Local override; error
    @(47.8650 mm, 32.8650 mm): Pad 4 [COL_B_16] of D196 on F.Cu
    @(47.8650 mm, 35.3650 mm): Pad 4 [COL_B_16] of D216 on F.Cu
[unconnected_items]: Missing connection between items
    Local override; error
    @(47.8650 mm, 35.3650 mm): Pad 4 [COL_B_16] of D216 on F.Cu
    @(47.8650 mm, 37.8650 mm): Pad 4 [COL_B_16] of D236 on F.Cu
[unconnected_items]: Missing connection between items
    Local override; error
    @(47.8650 mm, 37.8650 mm): Pad 4 [COL_B_16] of D236 on F.Cu
    @(47.8650 mm, 40.3650 mm): Pad 4 [COL_B_16] of D256 on F.Cu
[unconnected_items]: Missing connection between items
    Local override; error
    @(47.8650 mm, 40.3650 mm): Pad 4 [COL_B_16] of D256 on F.Cu
    @(47.8650 mm, 42.8650 mm): Pad 4 [COL_B_16] of D276 on F.Cu
[unconnected_items]: Missing connection between items
    Local override; error
    @(47.8650 mm, 42.8650 mm): Pad 4 [COL_B_16] of D276 on F.Cu
    @(47.8650 mm, 45.3650 mm): Pad 4 [COL_B_16] of D296 on F.Cu
[unconnected_items]: Missing connection between items
    Local override; error
    @(47.8650 mm, 45.3650 mm): Pad 4 [COL_B_16] of D296 on F.Cu
    @(47.8650 mm, 47.8650 mm): Pad 4 [COL_B_16] of D316 on F.Cu
[unconnected_items]: Missing connection between items
    Local override; error
    @(47.8650 mm, 47.8650 mm): Pad 4 [COL_B_16] of D316 on F.Cu
    @(47.8650 mm, 50.3650 mm): Pad 4 [COL_B_16] of D336 on F.Cu
[unconnected_items]: Missing connection between items
    Local override; error
    @(47.8650 mm, 50.3650 mm): Pad 4 [COL_B_16] of D336 on F.Cu
    @(47.8650 mm, 52.8650 mm): Pad 4 [COL_B_16] of D356 on F.Cu
[unconnected_items]: Missing connection between items
    Local override; error
    @(47.8650 mm, 52.8650 mm): Pad 4 [COL_B_16] of D356 on F.Cu
    @(47.8650 mm, 55.3650 mm): Pad 4 [COL_B_16] of D376 on F.Cu
[unconnected_items]: Missing connection between items
    Local override; error
    @(47.8650 mm, 55.3650 mm): Pad 4 [COL_B_16] of D376 on F.Cu
    @(47.8650 mm, 57.8650 mm): Pad 4 [COL_B_16] of D396 on F.Cu
[unconnected_items]: Missing connection between items
    Local override; error
    @(13.6350 mm, 32.8650 mm): Pad 1 [ROW_10_ANODE] of D182 on F.Cu
    @(11.1350 mm, 32.8650 mm): Pad 1 [ROW_10_ANODE] of D181 on F.Cu
[unconnected_items]: Missing connection between items
    Local override; error
    @(16.1350 mm, 32.8650 mm): Pad 1 [ROW_10_ANODE] of D183 on F.Cu
    @(13.6350 mm, 32.8650 mm): Pad 1 [ROW_10_ANODE] of D182 on F.Cu
[unconnected_items]: Missing connection between items
    Local override; error
    @(18.6350 mm, 32.8650 mm): Pad 1 [ROW_10_ANODE] of D184 on F.Cu
    @(16.1350 mm, 32.8650 mm): Pad 1 [ROW_10_ANODE] of D183 on F.Cu
[unconnected_items]: Missing connection between items
    Local override; error
    @(21.1350 mm, 32.8650 mm): Pad 1 [ROW_10_ANODE] of D185 on F.Cu
    @(18.6350 mm, 32.8650 mm): Pad 1 [ROW_10_ANODE] of D184 on F.Cu
[unconnected_items]: Missing connection between items
    Local override; error
    @(23.6350 mm, 32.8650 mm): Pad 1 [ROW_10_ANODE] of D186 on F.Cu
    @(21.1350 mm, 32.8650 mm): Pad 1 [ROW_10_ANODE] of D185 on F.Cu
[unconnected_items]: Missing connection between items
    Local override; error
    @(26.1350 mm, 32.8650 mm): Pad 1 [ROW_10_ANODE] of D187 on F.Cu
    @(23.6350 mm, 32.8650 mm): Pad 1 [ROW_10_ANODE] of D186 on F.Cu
[unconnected_items]: Missing connection between items
    Local override; error
    @(28.6350 mm, 32.8650 mm): Pad 1 [ROW_10_ANODE] of D188 on F.Cu
    @(26.1350 mm, 32.8650 mm): Pad 1 [ROW_10_ANODE] of D187 on F.Cu
[unconnected_items]: Missing connection between items
    Local override; error
    @(31.1350 mm, 32.8650 mm): Pad 1 [ROW_10_ANODE] of D189 on F.Cu
    @(28.6350 mm, 32.8650 mm): Pad 1 [ROW_10_ANODE] of D188 on F.Cu
[unconnected_items]: Missing connection between items
    Local override; error
    @(33.6350 mm, 32.8650 mm): Pad 1 [ROW_10_ANODE] of D190 on F.Cu
    @(31.1350 mm, 32.8650 mm): Pad 1 [ROW_10_ANODE] of D189 on F.Cu
[unconnected_items]: Missing connection between items
    Local override; error
    @(36.1350 mm, 32.8650 mm): Pad 1 [ROW_10_ANODE] of D191 on F.Cu
    @(33.6350 mm, 32.8650 mm): Pad 1 [ROW_10_ANODE] of D190 on F.Cu
[unconnected_items]: Missing connection between items
    Local override; error
    @(38.6350 mm, 32.8650 mm): Pad 1 [ROW_10_ANODE] of D192 on F.Cu
    @(36.1350 mm, 32.8650 mm): Pad 1 [ROW_10_ANODE] of D191 on F.Cu
[unconnected_items]: Missing connection between items
    Local override; error
    @(41.1350 mm, 32.8650 mm): Pad 1 [ROW_10_ANODE] of D193 on F.Cu
    @(38.6350 mm, 32.8650 mm): Pad 1 [ROW_10_ANODE] of D192 on F.Cu
[unconnected_items]: Missing connection between items
    Local override; error
    @(43.6350 mm, 32.8650 mm): Pad 1 [ROW_10_ANODE] of D194 on F.Cu
    @(41.1350 mm, 32.8650 mm): Pad 1 [ROW_10_ANODE] of D193 on F.Cu
[unconnected_items]: Missing connection between items
    Local override; error
    @(46.1350 mm, 32.8650 mm): Pad 1 [ROW_10_ANODE] of D195 on F.Cu
    @(43.6350 mm, 32.8650 mm): Pad 1 [ROW_10_ANODE] of D194 on F.Cu
[unconnected_items]: Missing connection between items
    Local override; error
    @(48.6350 mm, 32.8650 mm): Pad 1 [ROW_10_ANODE] of D196 on F.Cu
    @(46.1350 mm, 32.8650 mm): Pad 1 [ROW_10_ANODE] of D195 on F.Cu
[unconnected_items]: Missing connection between items
    Local override; error
    @(51.1350 mm, 32.8650 mm): Pad 1 [ROW_10_ANODE] of D197 on F.Cu
    @(48.6350 mm, 32.8650 mm): Pad 1 [ROW_10_ANODE] of D196 on F.Cu
[unconnected_items]: Missing connection between items
    Local override; error
    @(53.6350 mm, 32.8650 mm): Pad 1 [ROW_10_ANODE] of D198 on F.Cu
    @(51.1350 mm, 32.8650 mm): Pad 1 [ROW_10_ANODE] of D197 on F.Cu
[unconnected_items]: Missing connection between items
    Local override; error
    @(54.9150 mm, 32.8650 mm): Track [ROW_10_ANODE] on In2.Cu, length 0.3850 mm
    @(53.6350 mm, 32.8650 mm): Pad 1 [ROW_10_ANODE] of D198 on F.Cu
[unconnected_items]: Missing connection between items
    Local override; error
    @(28.6350 mm, 11.1350 mm): Pad 2 [COL_R_08] of D8 on F.Cu
    @(28.6350 mm, 13.6350 mm): Pad 2 [COL_R_08] of D28 on F.Cu
[unconnected_items]: Missing connection between items
    Local override; error
    @(28.6350 mm, 13.6350 mm): Pad 2 [COL_R_08] of D28 on F.Cu
    @(28.6350 mm, 16.1350 mm): Pad 2 [COL_R_08] of D48 on F.Cu
[unconnected_items]: Missing connection between items
    Local override; error
    @(28.6350 mm, 16.1350 mm): Pad 2 [COL_R_08] of D48 on F.Cu
    @(28.6350 mm, 18.6350 mm): Pad 2 [COL_R_08] of D68 on F.Cu
[unconnected_items]: Missing connection between items
    Local override; error
    @(28.6350 mm, 18.6350 mm): Pad 2 [COL_R_08] of D68 on F.Cu
    @(28.6350 mm, 21.1350 mm): Pad 2 [COL_R_08] of D88 on F.Cu
[unconnected_items]: Missing connection between items
    Local override; error
    @(28.6350 mm, 21.1350 mm): Pad 2 [COL_R_08] of D88 on F.Cu
    @(28.6350 mm, 23.6350 mm): Pad 2 [COL_R_08] of D108 on F.Cu
[unconnected_items]: Missing connection between items
    Local override; error
    @(28.6350 mm, 23.6350 mm): Pad 2 [COL_R_08] of D108 on F.Cu
    @(28.6350 mm, 26.1350 mm): Pad 2 [COL_R_08] of D128 on F.Cu
[unconnected_items]: Missing connection between items
    Local override; error
    @(28.6350 mm, 26.1350 mm): Pad 2 [COL_R_08] of D128 on F.Cu
    @(28.6350 mm, 28.6350 mm): Pad 2 [COL_R_08] of D148 on F.Cu
[unconnected_items]: Missing connection between items
    Local override; error
    @(28.6350 mm, 28.6350 mm): Pad 2 [COL_R_08] of D148 on F.Cu
    @(28.6350 mm, 31.1350 mm): Pad 2 [COL_R_08] of D168 on F.Cu
[unconnected_items]: Missing connection between items
    Local override; error
    @(28.6350 mm, 31.1350 mm): Pad 2 [COL_R_08] of D168 on F.Cu
    @(28.6350 mm, 33.6350 mm): Pad 2 [COL_R_08] of D188 on F.Cu
[unconnected_items]: Missing connection between items
    Local override; error
    @(28.6350 mm, 33.6350 mm): Pad 2 [COL_R_08] of D188 on F.Cu
    @(28.6350 mm, 36.1350 mm): Pad 2 [COL_R_08] of D208 on F.Cu
[unconnected_items]: Missing connection between items
    Local override; error
    @(28.6350 mm, 36.1350 mm): Pad 2 [COL_R_08] of D208 on F.Cu
    @(28.6350 mm, 38.6350 mm): Pad 2 [COL_R_08] of D228 on F.Cu
[unconnected_items]: Missing connection between items
    Local override; error
    @(28.6350 mm, 38.6350 mm): Pad 2 [COL_R_08] of D228 on F.Cu
    @(28.6350 mm, 41.1350 mm): Pad 2 [COL_R_08] of D248 on F.Cu
[unconnected_items]: Missing connection between items
    Local override; error
    @(28.6350 mm, 41.1350 mm): Pad 2 [COL_R_08] of D248 on F.Cu
    @(28.6350 mm, 43.6350 mm): Pad 2 [COL_R_08] of D268 on F.Cu
[unconnected_items]: Missing connection between items
    Local override; error
    @(28.6350 mm, 43.6350 mm): Pad 2 [COL_R_08] of D268 on F.Cu
    @(28.6350 mm, 46.1350 mm): Pad 2 [COL_R_08] of D288 on F.Cu
[unconnected_items]: Missing connection between items
    Local override; error
    @(28.6350 mm, 46.1350 mm): Pad 2 [COL_R_08] of D288 on F.Cu
    @(28.6350 mm, 48.6350 mm): Pad 2 [COL_R_08] of D308 on F.Cu
[unconnected_items]: Missing connection between items
    Local override; error
    @(28.6350 mm, 48.6350 mm): Pad 2 [COL_R_08] of D308 on F.Cu
    @(28.6350 mm, 51.1350 mm): Pad 2 [COL_R_08] of D328 on F.Cu
[unconnected_items]: Missing connection between items
    Local override; error
    @(28.6350 mm, 51.1350 mm): Pad 2 [COL_R_08] of D328 on F.Cu
    @(28.6350 mm, 53.6350 mm): Pad 2 [COL_R_08] of D348 on F.Cu
[unconnected_items]: Missing connection between items
    Local override; error
    @(28.6350 mm, 53.6350 mm): Pad 2 [COL_R_08] of D348 on F.Cu
    @(28.6350 mm, 56.1350 mm): Pad 2 [COL_R_08] of D368 on F.Cu
[unconnected_items]: Missing connection between items
    Local override; error
    @(28.6350 mm, 56.1350 mm): Pad 2 [COL_R_08] of D368 on F.Cu
    @(28.6350 mm, 58.6350 mm): Pad 2 [COL_R_08] of D388 on F.Cu
[unconnected_items]: Missing connection between items
    Local override; error
    @(27.8650 mm, 11.1350 mm): Pad 3 [COL_G_08] of D8 on F.Cu
    @(27.8650 mm, 13.6350 mm): Pad 3 [COL_G_08] of D28 on F.Cu
[unconnected_items]: Missing connection between items
    Local override; error
    @(27.8650 mm, 13.6350 mm): Pad 3 [COL_G_08] of D28 on F.Cu
    @(27.8650 mm, 16.1350 mm): Pad 3 [COL_G_08] of D48 on F.Cu
[unconnected_items]: Missing connection between items
    Local override; error
    @(27.8650 mm, 16.1350 mm): Pad 3 [COL_G_08] of D48 on F.Cu
    @(27.8650 mm, 18.6350 mm): Pad 3 [COL_G_08] of D68 on F.Cu
[unconnected_items]: Missing connection between items
    Local override; error
    @(27.8650 mm, 18.6350 mm): Pad 3 [COL_G_08] of D68 on F.Cu
    @(27.8650 mm, 21.1350 mm): Pad 3 [COL_G_08] of D88 on F.Cu
[unconnected_items]: Missing connection between items
    Local override; error
    @(27.8650 mm, 21.1350 mm): Pad 3 [COL_G_08] of D88 on F.Cu
    @(27.8650 mm, 23.6350 mm): Pad 3 [COL_G_08] of D108 on F.Cu
[unconnected_items]: Missing connection between items
    Local override; error
    @(27.8650 mm, 23.6350 mm): Pad 3 [COL_G_08] of D108 on F.Cu
    @(27.8650 mm, 26.1350 mm): Pad 3 [COL_G_08] of D128 on F.Cu
[unconnected_items]: Missing connection between items
    Local override; error
    @(27.8650 mm, 26.1350 mm): Pad 3 [COL_G_08] of D128 on F.Cu
    @(27.8650 mm, 28.6350 mm): Pad 3 [COL_G_08] of D148 on F.Cu
[unconnected_items]: Missing connection between items
    Local override; error
    @(27.8650 mm, 28.6350 mm): Pad 3 [COL_G_08] of D148 on F.Cu
    @(27.8650 mm, 31.1350 mm): Pad 3 [COL_G_08] of D168 on F.Cu
[unconnected_items]: Missing connection between items
    Local override; error
    @(27.8650 mm, 31.1350 mm): Pad 3 [COL_G_08] of D168 on F.Cu
    @(27.8650 mm, 33.6350 mm): Pad 3 [COL_G_08] of D188 on F.Cu
[unconnected_items]: Missing connection between items
    Local override; error
    @(27.8650 mm, 33.6350 mm): Pad 3 [COL_G_08] of D188 on F.Cu
    @(27.8650 mm, 36.1350 mm): Pad 3 [COL_G_08] of D208 on F.Cu
[unconnected_items]: Missing connection between items
    Local override; error
    @(27.8650 mm, 36.1350 mm): Pad 3 [COL_G_08] of D208 on F.Cu
    @(27.8650 mm, 38.6350 mm): Pad 3 [COL_G_08] of D228 on F.Cu
[unconnected_items]: Missing connection between items
    Local override; error
    @(27.8650 mm, 38.6350 mm): Pad 3 [COL_G_08] of D228 on F.Cu
    @(27.8650 mm, 41.1350 mm): Pad 3 [COL_G_08] of D248 on F.Cu
[unconnected_items]: Missing connection between items
    Local override; error
    @(27.8650 mm, 41.1350 mm): Pad 3 [COL_G_08] of D248 on F.Cu
    @(27.8650 mm, 43.6350 mm): Pad 3 [COL_G_08] of D268 on F.Cu
[unconnected_items]: Missing connection between items
    Local override; error
    @(27.8650 mm, 43.6350 mm): Pad 3 [COL_G_08] of D268 on F.Cu
    @(27.8650 mm, 46.1350 mm): Pad 3 [COL_G_08] of D288 on F.Cu
[unconnected_items]: Missing connection between items
    Local override; error
    @(27.8650 mm, 46.1350 mm): Pad 3 [COL_G_08] of D288 on F.Cu
    @(27.8650 mm, 48.6350 mm): Pad 3 [COL_G_08] of D308 on F.Cu
[unconnected_items]: Missing connection between items
    Local override; error
    @(27.8650 mm, 48.6350 mm): Pad 3 [COL_G_08] of D308 on F.Cu
    @(27.8650 mm, 51.1350 mm): Pad 3 [COL_G_08] of D328 on F.Cu
[unconnected_items]: Missing connection between items
    Local override; error
    @(27.8650 mm, 51.1350 mm): Pad 3 [COL_G_08] of D328 on F.Cu
    @(27.8650 mm, 53.6350 mm): Pad 3 [COL_G_08] of D348 on F.Cu
[unconnected_items]: Missing connection between items
    Local override; error
    @(27.8650 mm, 53.6350 mm): Pad 3 [COL_G_08] of D348 on F.Cu
    @(27.8650 mm, 56.1350 mm): Pad 3 [COL_G_08] of D368 on F.Cu
[unconnected_items]: Missing connection between items
    Local override; error
    @(27.8650 mm, 56.1350 mm): Pad 3 [COL_G_08] of D368 on F.Cu
    @(27.8650 mm, 58.6350 mm): Pad 3 [COL_G_08] of D388 on F.Cu
[unconnected_items]: Missing connection between items
    Local override; error
    @(27.8650 mm, 10.3650 mm): Pad 4 [COL_B_08] of D8 on F.Cu
    @(27.8650 mm, 12.8650 mm): Pad 4 [COL_B_08] of D28 on F.Cu
[unconnected_items]: Missing connection between items
    Local override; error
    @(27.8650 mm, 12.8650 mm): Pad 4 [COL_B_08] of D28 on F.Cu
    @(27.8650 mm, 15.3650 mm): Pad 4 [COL_B_08] of D48 on F.Cu
[unconnected_items]: Missing connection between items
    Local override; error
    @(27.8650 mm, 15.3650 mm): Pad 4 [COL_B_08] of D48 on F.Cu
    @(27.8650 mm, 17.8650 mm): Pad 4 [COL_B_08] of D68 on F.Cu
[unconnected_items]: Missing connection between items
    Local override; error
    @(27.8650 mm, 17.8650 mm): Pad 4 [COL_B_08] of D68 on F.Cu
    @(27.8650 mm, 20.3650 mm): Pad 4 [COL_B_08] of D88 on F.Cu
[unconnected_items]: Missing connection between items
    Local override; error
    @(27.8650 mm, 20.3650 mm): Pad 4 [COL_B_08] of D88 on F.Cu
    @(27.8650 mm, 22.8650 mm): Pad 4 [COL_B_08] of D108 on F.Cu
[unconnected_items]: Missing connection between items
    Local override; error
    @(27.8650 mm, 22.8650 mm): Pad 4 [COL_B_08] of D108 on F.Cu
    @(27.8650 mm, 25.3650 mm): Pad 4 [COL_B_08] of D128 on F.Cu
[unconnected_items]: Missing connection between items
    Local override; error
    @(27.8650 mm, 25.3650 mm): Pad 4 [COL_B_08] of D128 on F.Cu
    @(27.8650 mm, 27.8650 mm): Pad 4 [COL_B_08] of D148 on F.Cu
[unconnected_items]: Missing connection between items
    Local override; error
    @(27.8650 mm, 27.8650 mm): Pad 4 [COL_B_08] of D148 on F.Cu
    @(27.8650 mm, 30.3650 mm): Pad 4 [COL_B_08] of D168 on F.Cu
[unconnected_items]: Missing connection between items
    Local override; error
    @(27.8650 mm, 30.3650 mm): Pad 4 [COL_B_08] of D168 on F.Cu
    @(27.8650 mm, 32.8650 mm): Pad 4 [COL_B_08] of D188 on F.Cu
[unconnected_items]: Missing connection between items
    Local override; error
    @(27.8650 mm, 32.8650 mm): Pad 4 [COL_B_08] of D188 on F.Cu
    @(27.8650 mm, 35.3650 mm): Pad 4 [COL_B_08] of D208 on F.Cu
[unconnected_items]: Missing connection between items
    Local override; error
    @(27.8650 mm, 35.3650 mm): Pad 4 [COL_B_08] of D208 on F.Cu
    @(27.8650 mm, 37.8650 mm): Pad 4 [COL_B_08] of D228 on F.Cu
[unconnected_items]: Missing connection between items
    Local override; error
    @(27.8650 mm, 37.8650 mm): Pad 4 [COL_B_08] of D228 on F.Cu
    @(27.8650 mm, 40.3650 mm): Pad 4 [COL_B_08] of D248 on F.Cu
[unconnected_items]: Missing connection between items
    Local override; error
    @(27.8650 mm, 40.3650 mm): Pad 4 [COL_B_08] of D248 on F.Cu
    @(27.8650 mm, 42.8650 mm): Pad 4 [COL_B_08] of D268 on F.Cu
[unconnected_items]: Missing connection between items
    Local override; error
    @(27.8650 mm, 42.8650 mm): Pad 4 [COL_B_08] of D268 on F.Cu
    @(27.8650 mm, 45.3650 mm): Pad 4 [COL_B_08] of D288 on F.Cu
[unconnected_items]: Missing connection between items
    Local override; error
    @(27.8650 mm, 45.3650 mm): Pad 4 [COL_B_08] of D288 on F.Cu
    @(27.8650 mm, 47.8650 mm): Pad 4 [COL_B_08] of D308 on F.Cu
[unconnected_items]: Missing connection between items
    Local override; error
    @(27.8650 mm, 47.8650 mm): Pad 4 [COL_B_08] of D308 on F.Cu
    @(27.8650 mm, 50.3650 mm): Pad 4 [COL_B_08] of D328 on F.Cu
[unconnected_items]: Missing connection between items
    Local override; error
    @(27.8650 mm, 50.3650 mm): Pad 4 [COL_B_08] of D328 on F.Cu
    @(27.8650 mm, 52.8650 mm): Pad 4 [COL_B_08] of D348 on F.Cu
[unconnected_items]: Missing connection between items
    Local override; error
    @(27.8650 mm, 52.8650 mm): Pad 4 [COL_B_08] of D348 on F.Cu
    @(27.8650 mm, 55.3650 mm): Pad 4 [COL_B_08] of D368 on F.Cu
[unconnected_items]: Missing connection between items
    Local override; error
    @(27.8650 mm, 55.3650 mm): Pad 4 [COL_B_08] of D368 on F.Cu
    @(27.8650 mm, 57.8650 mm): Pad 4 [COL_B_08] of D388 on F.Cu
[unconnected_items]: Missing connection between items
    Local override; error
    @(11.1350 mm, 40.3650 mm): Pad 1 [ROW_13_ANODE] of D241 on F.Cu
    @(13.6350 mm, 40.3650 mm): Pad 1 [ROW_13_ANODE] of D242 on F.Cu
[unconnected_items]: Missing connection between items
    Local override; error
    @(13.6350 mm, 40.3650 mm): Pad 1 [ROW_13_ANODE] of D242 on F.Cu
    @(16.1350 mm, 40.3650 mm): Pad 1 [ROW_13_ANODE] of D243 on F.Cu
[unconnected_items]: Missing connection between items
    Local override; error
    @(16.1350 mm, 40.3650 mm): Pad 1 [ROW_13_ANODE] of D243 on F.Cu
    @(18.6350 mm, 40.3650 mm): Pad 1 [ROW_13_ANODE] of D244 on F.Cu
[unconnected_items]: Missing connection between items
    Local override; error
    @(18.6350 mm, 40.3650 mm): Pad 1 [ROW_13_ANODE] of D244 on F.Cu
    @(21.1350 mm, 40.3650 mm): Pad 1 [ROW_13_ANODE] of D245 on F.Cu
[unconnected_items]: Missing connection between items
    Local override; error
    @(21.1350 mm, 40.3650 mm): Pad 1 [ROW_13_ANODE] of D245 on F.Cu
    @(23.6350 mm, 40.3650 mm): Pad 1 [ROW_13_ANODE] of D246 on F.Cu
[unconnected_items]: Missing connection between items
    Local override; error
    @(23.6350 mm, 40.3650 mm): Pad 1 [ROW_13_ANODE] of D246 on F.Cu
    @(26.1350 mm, 40.3650 mm): Pad 1 [ROW_13_ANODE] of D247 on F.Cu
[unconnected_items]: Missing connection between items
    Local override; error
    @(26.1350 mm, 40.3650 mm): Pad 1 [ROW_13_ANODE] of D247 on F.Cu
    @(28.6350 mm, 40.3650 mm): Pad 1 [ROW_13_ANODE] of D248 on F.Cu
[unconnected_items]: Missing connection between items
    Local override; error
    @(28.6350 mm, 40.3650 mm): Pad 1 [ROW_13_ANODE] of D248 on F.Cu
    @(31.1350 mm, 40.3650 mm): Pad 1 [ROW_13_ANODE] of D249 on F.Cu
[unconnected_items]: Missing connection between items
    Local override; error
    @(31.1350 mm, 40.3650 mm): Pad 1 [ROW_13_ANODE] of D249 on F.Cu
    @(33.6350 mm, 40.3650 mm): Pad 1 [ROW_13_ANODE] of D250 on F.Cu
[unconnected_items]: Missing connection between items
    Local override; error
    @(33.6350 mm, 40.3650 mm): Pad 1 [ROW_13_ANODE] of D250 on F.Cu
    @(36.1350 mm, 40.3650 mm): Pad 1 [ROW_13_ANODE] of D251 on F.Cu
[unconnected_items]: Missing connection between items
    Local override; error
    @(36.1350 mm, 40.3650 mm): Pad 1 [ROW_13_ANODE] of D251 on F.Cu
    @(38.6350 mm, 40.3650 mm): Pad 1 [ROW_13_ANODE] of D252 on F.Cu
[unconnected_items]: Missing connection between items
    Local override; error
    @(38.6350 mm, 40.3650 mm): Pad 1 [ROW_13_ANODE] of D252 on F.Cu
    @(41.1350 mm, 40.3650 mm): Pad 1 [ROW_13_ANODE] of D253 on F.Cu
[unconnected_items]: Missing connection between items
    Local override; error
    @(41.1350 mm, 40.3650 mm): Pad 1 [ROW_13_ANODE] of D253 on F.Cu
    @(43.6350 mm, 40.3650 mm): Pad 1 [ROW_13_ANODE] of D254 on F.Cu
[unconnected_items]: Missing connection between items
    Local override; error
    @(43.6350 mm, 40.3650 mm): Pad 1 [ROW_13_ANODE] of D254 on F.Cu
    @(46.1350 mm, 40.3650 mm): Pad 1 [ROW_13_ANODE] of D255 on F.Cu
[unconnected_items]: Missing connection between items
    Local override; error
    @(46.1350 mm, 40.3650 mm): Pad 1 [ROW_13_ANODE] of D255 on F.Cu
    @(48.6350 mm, 40.3650 mm): Pad 1 [ROW_13_ANODE] of D256 on F.Cu
[unconnected_items]: Missing connection between items
    Local override; error
    @(48.6350 mm, 40.3650 mm): Pad 1 [ROW_13_ANODE] of D256 on F.Cu
    @(51.1350 mm, 40.3650 mm): Pad 1 [ROW_13_ANODE] of D257 on F.Cu
[unconnected_items]: Missing connection between items
    Local override; error
    @(51.1350 mm, 40.3650 mm): Pad 1 [ROW_13_ANODE] of D257 on F.Cu
    @(53.6350 mm, 40.3650 mm): Pad 1 [ROW_13_ANODE] of D258 on F.Cu
[unconnected_items]: Missing connection between items
    Local override; error
    @(53.6350 mm, 40.3650 mm): Pad 1 [ROW_13_ANODE] of D258 on F.Cu
    @(56.1350 mm, 40.3650 mm): Pad 1 [ROW_13_ANODE] of D259 on F.Cu
[unconnected_items]: Missing connection between items
    Local override; error
    @(56.1350 mm, 40.3650 mm): Pad 1 [ROW_13_ANODE] of D259 on F.Cu
    @(58.6350 mm, 40.3650 mm): Pad 1 [ROW_13_ANODE] of D260 on F.Cu
[unconnected_items]: Missing connection between items
    Local override; error
    @(36.1350 mm, 11.1350 mm): Pad 2 [COL_R_11] of D11 on F.Cu
    @(36.1350 mm, 13.6350 mm): Pad 2 [COL_R_11] of D31 on F.Cu
[unconnected_items]: Missing connection between items
    Local override; error
    @(36.1350 mm, 13.6350 mm): Pad 2 [COL_R_11] of D31 on F.Cu
    @(36.1350 mm, 16.1350 mm): Pad 2 [COL_R_11] of D51 on F.Cu
[unconnected_items]: Missing connection between items
    Local override; error
    @(36.1350 mm, 16.1350 mm): Pad 2 [COL_R_11] of D51 on F.Cu
    @(36.1350 mm, 18.6350 mm): Pad 2 [COL_R_11] of D71 on F.Cu
[unconnected_items]: Missing connection between items
    Local override; error
    @(36.1350 mm, 18.6350 mm): Pad 2 [COL_R_11] of D71 on F.Cu
    @(36.1350 mm, 21.1350 mm): Pad 2 [COL_R_11] of D91 on F.Cu
[unconnected_items]: Missing connection between items
    Local override; error
    @(36.1350 mm, 21.1350 mm): Pad 2 [COL_R_11] of D91 on F.Cu
    @(36.1350 mm, 23.6350 mm): Pad 2 [COL_R_11] of D111 on F.Cu
[unconnected_items]: Missing connection between items
    Local override; error
    @(36.1350 mm, 23.6350 mm): Pad 2 [COL_R_11] of D111 on F.Cu
    @(36.1350 mm, 26.1350 mm): Pad 2 [COL_R_11] of D131 on F.Cu
[unconnected_items]: Missing connection between items
    Local override; error
    @(36.1350 mm, 26.1350 mm): Pad 2 [COL_R_11] of D131 on F.Cu
    @(36.1350 mm, 28.6350 mm): Pad 2 [COL_R_11] of D151 on F.Cu
[unconnected_items]: Missing connection between items
    Local override; error
    @(36.1350 mm, 28.6350 mm): Pad 2 [COL_R_11] of D151 on F.Cu
    @(36.1350 mm, 31.1350 mm): Pad 2 [COL_R_11] of D171 on F.Cu
[unconnected_items]: Missing connection between items
    Local override; error
    @(36.1350 mm, 31.1350 mm): Pad 2 [COL_R_11] of D171 on F.Cu
    @(36.1350 mm, 33.6350 mm): Pad 2 [COL_R_11] of D191 on F.Cu
[unconnected_items]: Missing connection between items
    Local override; error
    @(36.1350 mm, 33.6350 mm): Pad 2 [COL_R_11] of D191 on F.Cu
    @(36.1350 mm, 36.1350 mm): Pad 2 [COL_R_11] of D211 on F.Cu
[unconnected_items]: Missing connection between items
    Local override; error
    @(36.1350 mm, 36.1350 mm): Pad 2 [COL_R_11] of D211 on F.Cu
    @(36.1350 mm, 38.6350 mm): Pad 2 [COL_R_11] of D231 on F.Cu
[unconnected_items]: Missing connection between items
    Local override; error
    @(36.1350 mm, 38.6350 mm): Pad 2 [COL_R_11] of D231 on F.Cu
    @(36.1350 mm, 41.1350 mm): Pad 2 [COL_R_11] of D251 on F.Cu
[unconnected_items]: Missing connection between items
    Local override; error
    @(36.1350 mm, 41.1350 mm): Pad 2 [COL_R_11] of D251 on F.Cu
    @(36.1350 mm, 43.6350 mm): Pad 2 [COL_R_11] of D271 on F.Cu
[unconnected_items]: Missing connection between items
    Local override; error
    @(36.1350 mm, 43.6350 mm): Pad 2 [COL_R_11] of D271 on F.Cu
    @(36.1350 mm, 46.1350 mm): Pad 2 [COL_R_11] of D291 on F.Cu
[unconnected_items]: Missing connection between items
    Local override; error
    @(36.1350 mm, 46.1350 mm): Pad 2 [COL_R_11] of D291 on F.Cu
    @(36.1350 mm, 48.6350 mm): Pad 2 [COL_R_11] of D311 on F.Cu
[unconnected_items]: Missing connection between items
    Local override; error
    @(36.1350 mm, 48.6350 mm): Pad 2 [COL_R_11] of D311 on F.Cu
    @(36.1350 mm, 51.1350 mm): Pad 2 [COL_R_11] of D331 on F.Cu
[unconnected_items]: Missing connection between items
    Local override; error
    @(36.1350 mm, 51.1350 mm): Pad 2 [COL_R_11] of D331 on F.Cu
    @(36.1350 mm, 53.6350 mm): Pad 2 [COL_R_11] of D351 on F.Cu
[unconnected_items]: Missing connection between items
    Local override; error
    @(36.1350 mm, 53.6350 mm): Pad 2 [COL_R_11] of D351 on F.Cu
    @(36.1350 mm, 56.1350 mm): Pad 2 [COL_R_11] of D371 on F.Cu
[unconnected_items]: Missing connection between items
    Local override; error
    @(36.1350 mm, 56.1350 mm): Pad 2 [COL_R_11] of D371 on F.Cu
    @(36.1350 mm, 58.6350 mm): Pad 2 [COL_R_11] of D391 on F.Cu
[unconnected_items]: Missing connection between items
    Local override; error
    @(35.3650 mm, 11.1350 mm): Pad 3 [COL_G_11] of D11 on F.Cu
    @(35.3650 mm, 13.6350 mm): Pad 3 [COL_G_11] of D31 on F.Cu
[unconnected_items]: Missing connection between items
    Local override; error
    @(35.3650 mm, 13.6350 mm): Pad 3 [COL_G_11] of D31 on F.Cu
    @(35.3650 mm, 16.1350 mm): Pad 3 [COL_G_11] of D51 on F.Cu
[unconnected_items]: Missing connection between items
    Local override; error
    @(35.3650 mm, 16.1350 mm): Pad 3 [COL_G_11] of D51 on F.Cu
    @(35.3650 mm, 18.6350 mm): Pad 3 [COL_G_11] of D71 on F.Cu
[unconnected_items]: Missing connection between items
    Local override; error
    @(35.3650 mm, 18.6350 mm): Pad 3 [COL_G_11] of D71 on F.Cu
    @(35.3650 mm, 21.1350 mm): Pad 3 [COL_G_11] of D91 on F.Cu
[unconnected_items]: Missing connection between items
    Local override; error
    @(35.3650 mm, 21.1350 mm): Pad 3 [COL_G_11] of D91 on F.Cu
    @(35.3650 mm, 23.6350 mm): Pad 3 [COL_G_11] of D111 on F.Cu
[unconnected_items]: Missing connection between items
    Local override; error
    @(35.3650 mm, 23.6350 mm): Pad 3 [COL_G_11] of D111 on F.Cu
    @(35.3650 mm, 26.1350 mm): Pad 3 [COL_G_11] of D131 on F.Cu
[unconnected_items]: Missing connection between items
    Local override; error
    @(35.3650 mm, 26.1350 mm): Pad 3 [COL_G_11] of D131 on F.Cu
    @(35.3650 mm, 28.6350 mm): Pad 3 [COL_G_11] of D151 on F.Cu
[unconnected_items]: Missing connection between items
    Local override; error
    @(35.3650 mm, 28.6350 mm): Pad 3 [COL_G_11] of D151 on F.Cu
    @(35.3650 mm, 31.1350 mm): Pad 3 [COL_G_11] of D171 on F.Cu
[unconnected_items]: Missing connection between items
    Local override; error
    @(35.3650 mm, 31.1350 mm): Pad 3 [COL_G_11] of D171 on F.Cu
    @(35.3650 mm, 33.6350 mm): Pad 3 [COL_G_11] of D191 on F.Cu
[unconnected_items]: Missing connection between items
    Local override; error
    @(35.3650 mm, 33.6350 mm): Pad 3 [COL_G_11] of D191 on F.Cu
    @(35.3650 mm, 36.1350 mm): Pad 3 [COL_G_11] of D211 on F.Cu
[unconnected_items]: Missing connection between items
    Local override; error
    @(35.3650 mm, 36.1350 mm): Pad 3 [COL_G_11] of D211 on F.Cu
    @(35.3650 mm, 38.6350 mm): Pad 3 [COL_G_11] of D231 on F.Cu
[unconnected_items]: Missing connection between items
    Local override; error
    @(35.3650 mm, 38.6350 mm): Pad 3 [COL_G_11] of D231 on F.Cu
    @(35.3650 mm, 41.1350 mm): Pad 3 [COL_G_11] of D251 on F.Cu
[unconnected_items]: Missing connection between items
    Local override; error
    @(35.3650 mm, 41.1350 mm): Pad 3 [COL_G_11] of D251 on F.Cu
    @(35.3650 mm, 43.6350 mm): Pad 3 [COL_G_11] of D271 on F.Cu
[unconnected_items]: Missing connection between items
    Local override; error
    @(35.3650 mm, 43.6350 mm): Pad 3 [COL_G_11] of D271 on F.Cu
    @(35.3650 mm, 46.1350 mm): Pad 3 [COL_G_11] of D291 on F.Cu
[unconnected_items]: Missing connection between items
    Local override; error
    @(35.3650 mm, 46.1350 mm): Pad 3 [COL_G_11] of D291 on F.Cu
    @(35.3650 mm, 48.6350 mm): Pad 3 [COL_G_11] of D311 on F.Cu
[unconnected_items]: Missing connection between items
    Local override; error
    @(35.3650 mm, 48.6350 mm): Pad 3 [COL_G_11] of D311 on F.Cu
    @(35.3650 mm, 51.1350 mm): Pad 3 [COL_G_11] of D331 on F.Cu
[unconnected_items]: Missing connection between items
    Local override; error
    @(35.3650 mm, 51.1350 mm): Pad 3 [COL_G_11] of D331 on F.Cu
    @(35.3650 mm, 53.6350 mm): Pad 3 [COL_G_11] of D351 on F.Cu
[unconnected_items]: Missing connection between items
    Local override; error
    @(35.3650 mm, 53.6350 mm): Pad 3 [COL_G_11] of D351 on F.Cu
    @(35.3650 mm, 56.1350 mm): Pad 3 [COL_G_11] of D371 on F.Cu
[unconnected_items]: Missing connection between items
    Local override; error
    @(35.3650 mm, 56.1350 mm): Pad 3 [COL_G_11] of D371 on F.Cu
    @(35.3650 mm, 58.6350 mm): Pad 3 [COL_G_11] of D391 on F.Cu
[unconnected_items]: Missing connection between items
    Local override; error
    @(35.3650 mm, 10.3650 mm): Pad 4 [COL_B_11] of D11 on F.Cu
    @(35.3650 mm, 12.8650 mm): Pad 4 [COL_B_11] of D31 on F.Cu
[unconnected_items]: Missing connection between items
    Local override; error
    @(35.3650 mm, 12.8650 mm): Pad 4 [COL_B_11] of D31 on F.Cu
    @(35.3650 mm, 15.3650 mm): Pad 4 [COL_B_11] of D51 on F.Cu
[unconnected_items]: Missing connection between items
    Local override; error
    @(35.3650 mm, 15.3650 mm): Pad 4 [COL_B_11] of D51 on F.Cu
    @(35.3650 mm, 17.8650 mm): Pad 4 [COL_B_11] of D71 on F.Cu
[unconnected_items]: Missing connection between items
    Local override; error
    @(35.3650 mm, 17.8650 mm): Pad 4 [COL_B_11] of D71 on F.Cu
    @(35.3650 mm, 20.3650 mm): Pad 4 [COL_B_11] of D91 on F.Cu
[unconnected_items]: Missing connection between items
    Local override; error
    @(35.3650 mm, 20.3650 mm): Pad 4 [COL_B_11] of D91 on F.Cu
    @(35.3650 mm, 22.8650 mm): Pad 4 [COL_B_11] of D111 on F.Cu
[unconnected_items]: Missing connection between items
    Local override; error
    @(35.3650 mm, 22.8650 mm): Pad 4 [COL_B_11] of D111 on F.Cu
    @(35.3650 mm, 25.3650 mm): Pad 4 [COL_B_11] of D131 on F.Cu
[unconnected_items]: Missing connection between items
    Local override; error
    @(35.3650 mm, 25.3650 mm): Pad 4 [COL_B_11] of D131 on F.Cu
    @(35.3650 mm, 27.8650 mm): Pad 4 [COL_B_11] of D151 on F.Cu
[unconnected_items]: Missing connection between items
    Local override; error
    @(35.3650 mm, 27.8650 mm): Pad 4 [COL_B_11] of D151 on F.Cu
    @(35.3650 mm, 30.3650 mm): Pad 4 [COL_B_11] of D171 on F.Cu
[unconnected_items]: Missing connection between items
    Local override; error
    @(35.3650 mm, 30.3650 mm): Pad 4 [COL_B_11] of D171 on F.Cu
    @(35.3650 mm, 32.8650 mm): Pad 4 [COL_B_11] of D191 on F.Cu
[unconnected_items]: Missing connection between items
    Local override; error
    @(35.3650 mm, 32.8650 mm): Pad 4 [COL_B_11] of D191 on F.Cu
    @(35.3650 mm, 35.3650 mm): Pad 4 [COL_B_11] of D211 on F.Cu
[unconnected_items]: Missing connection between items
    Local override; error
    @(35.3650 mm, 35.3650 mm): Pad 4 [COL_B_11] of D211 on F.Cu
    @(35.3650 mm, 37.8650 mm): Pad 4 [COL_B_11] of D231 on F.Cu
[unconnected_items]: Missing connection between items
    Local override; error
    @(35.3650 mm, 37.8650 mm): Pad 4 [COL_B_11] of D231 on F.Cu
    @(35.3650 mm, 40.3650 mm): Pad 4 [COL_B_11] of D251 on F.Cu
[unconnected_items]: Missing connection between items
    Local override; error
    @(35.3650 mm, 40.3650 mm): Pad 4 [COL_B_11] of D251 on F.Cu
    @(35.3650 mm, 42.8650 mm): Pad 4 [COL_B_11] of D271 on F.Cu
[unconnected_items]: Missing connection between items
    Local override; error
    @(35.3650 mm, 42.8650 mm): Pad 4 [COL_B_11] of D271 on F.Cu
    @(35.3650 mm, 45.3650 mm): Pad 4 [COL_B_11] of D291 on F.Cu
[unconnected_items]: Missing connection between items
    Local override; error
    @(35.3650 mm, 45.3650 mm): Pad 4 [COL_B_11] of D291 on F.Cu
    @(35.3650 mm, 47.8650 mm): Pad 4 [COL_B_11] of D311 on F.Cu
[unconnected_items]: Missing connection between items
    Local override; error
    @(35.3650 mm, 47.8650 mm): Pad 4 [COL_B_11] of D311 on F.Cu
    @(35.3650 mm, 50.3650 mm): Pad 4 [COL_B_11] of D331 on F.Cu
[unconnected_items]: Missing connection between items
    Local override; error
    @(35.3650 mm, 50.3650 mm): Pad 4 [COL_B_11] of D331 on F.Cu
    @(35.3650 mm, 52.8650 mm): Pad 4 [COL_B_11] of D351 on F.Cu
[unconnected_items]: Missing connection between items
    Local override; error
    @(35.3650 mm, 52.8650 mm): Pad 4 [COL_B_11] of D351 on F.Cu
    @(35.3650 mm, 55.3650 mm): Pad 4 [COL_B_11] of D371 on F.Cu
[unconnected_items]: Missing connection between items
    Local override; error
    @(35.3650 mm, 55.3650 mm): Pad 4 [COL_B_11] of D371 on F.Cu
    @(35.3650 mm, 57.8650 mm): Pad 4 [COL_B_11] of D391 on F.Cu
[unconnected_items]: Missing connection between items
    Local override; error
    @(11.1350 mm, 20.3650 mm): Pad 1 [ROW_05_ANODE] of D81 on F.Cu
    @(13.6350 mm, 20.3650 mm): Pad 1 [ROW_05_ANODE] of D82 on F.Cu
[unconnected_items]: Missing connection between items
    Local override; error
    @(13.6350 mm, 20.3650 mm): Pad 1 [ROW_05_ANODE] of D82 on F.Cu
    @(16.1350 mm, 20.3650 mm): Pad 1 [ROW_05_ANODE] of D83 on F.Cu
[unconnected_items]: Missing connection between items
    Local override; error
    @(16.1350 mm, 20.3650 mm): Pad 1 [ROW_05_ANODE] of D83 on F.Cu
    @(18.6350 mm, 20.3650 mm): Pad 1 [ROW_05_ANODE] of D84 on F.Cu
[unconnected_items]: Missing connection between items
    Local override; error
    @(18.6350 mm, 20.3650 mm): Pad 1 [ROW_05_ANODE] of D84 on F.Cu
    @(21.1350 mm, 20.3650 mm): Pad 1 [ROW_05_ANODE] of D85 on F.Cu
[unconnected_items]: Missing connection between items
    Local override; error
    @(21.1350 mm, 20.3650 mm): Pad 1 [ROW_05_ANODE] of D85 on F.Cu
    @(23.6350 mm, 20.3650 mm): Pad 1 [ROW_05_ANODE] of D86 on F.Cu
[unconnected_items]: Missing connection between items
    Local override; error
    @(23.6350 mm, 20.3650 mm): Pad 1 [ROW_05_ANODE] of D86 on F.Cu
    @(26.1350 mm, 20.3650 mm): Pad 1 [ROW_05_ANODE] of D87 on F.Cu
[unconnected_items]: Missing connection between items
    Local override; error
    @(26.1350 mm, 20.3650 mm): Pad 1 [ROW_05_ANODE] of D87 on F.Cu
    @(28.6350 mm, 20.3650 mm): Pad 1 [ROW_05_ANODE] of D88 on F.Cu
[unconnected_items]: Missing connection between items
    Local override; error
    @(28.6350 mm, 20.3650 mm): Pad 1 [ROW_05_ANODE] of D88 on F.Cu
    @(31.1350 mm, 20.3650 mm): Pad 1 [ROW_05_ANODE] of D89 on F.Cu
[unconnected_items]: Missing connection between items
    Local override; error
    @(31.1350 mm, 20.3650 mm): Pad 1 [ROW_05_ANODE] of D89 on F.Cu
    @(33.6350 mm, 20.3650 mm): Pad 1 [ROW_05_ANODE] of D90 on F.Cu
[unconnected_items]: Missing connection between items
    Local override; error
    @(33.6350 mm, 20.3650 mm): Pad 1 [ROW_05_ANODE] of D90 on F.Cu
    @(36.1350 mm, 20.3650 mm): Pad 1 [ROW_05_ANODE] of D91 on F.Cu
[unconnected_items]: Missing connection between items
    Local override; error
    @(36.1350 mm, 20.3650 mm): Pad 1 [ROW_05_ANODE] of D91 on F.Cu
    @(38.6350 mm, 20.3650 mm): Pad 1 [ROW_05_ANODE] of D92 on F.Cu
[unconnected_items]: Missing connection between items
    Local override; error
    @(38.6350 mm, 20.3650 mm): Pad 1 [ROW_05_ANODE] of D92 on F.Cu
    @(41.1350 mm, 20.3650 mm): Pad 1 [ROW_05_ANODE] of D93 on F.Cu
[unconnected_items]: Missing connection between items
    Local override; error
    @(41.1350 mm, 20.3650 mm): Pad 1 [ROW_05_ANODE] of D93 on F.Cu
    @(43.6350 mm, 20.3650 mm): Pad 1 [ROW_05_ANODE] of D94 on F.Cu
[unconnected_items]: Missing connection between items
    Local override; error
    @(43.6350 mm, 20.3650 mm): Pad 1 [ROW_05_ANODE] of D94 on F.Cu
    @(46.1350 mm, 20.3650 mm): Pad 1 [ROW_05_ANODE] of D95 on F.Cu
[unconnected_items]: Missing connection between items
    Local override; error
    @(46.1350 mm, 20.3650 mm): Pad 1 [ROW_05_ANODE] of D95 on F.Cu
    @(48.6350 mm, 20.3650 mm): Pad 1 [ROW_05_ANODE] of D96 on F.Cu
[unconnected_items]: Missing connection between items
    Local override; error
    @(48.6350 mm, 20.3650 mm): Pad 1 [ROW_05_ANODE] of D96 on F.Cu
    @(51.1350 mm, 20.3650 mm): Pad 1 [ROW_05_ANODE] of D97 on F.Cu
[unconnected_items]: Missing connection between items
    Local override; error
    @(51.1350 mm, 20.3650 mm): Pad 1 [ROW_05_ANODE] of D97 on F.Cu
    @(53.6350 mm, 20.3650 mm): Pad 1 [ROW_05_ANODE] of D98 on F.Cu
[unconnected_items]: Missing connection between items
    Local override; error
    @(53.6350 mm, 20.3650 mm): Pad 1 [ROW_05_ANODE] of D98 on F.Cu
    @(56.1350 mm, 20.3650 mm): Pad 1 [ROW_05_ANODE] of D99 on F.Cu
[unconnected_items]: Missing connection between items
    Local override; error
    @(56.1350 mm, 20.3650 mm): Pad 1 [ROW_05_ANODE] of D99 on F.Cu
    @(58.6350 mm, 20.3650 mm): Pad 1 [ROW_05_ANODE] of D100 on F.Cu
[unconnected_items]: Missing connection between items
    Local override; error
    @(18.6350 mm, 11.1350 mm): Pad 2 [COL_R_04] of D4 on F.Cu
    @(18.6350 mm, 13.6350 mm): Pad 2 [COL_R_04] of D24 on F.Cu
[unconnected_items]: Missing connection between items
    Local override; error
    @(18.6350 mm, 13.6350 mm): Pad 2 [COL_R_04] of D24 on F.Cu
    @(18.6350 mm, 16.1350 mm): Pad 2 [COL_R_04] of D44 on F.Cu
[unconnected_items]: Missing connection between items
    Local override; error
    @(18.6350 mm, 16.1350 mm): Pad 2 [COL_R_04] of D44 on F.Cu
    @(18.6350 mm, 18.6350 mm): Pad 2 [COL_R_04] of D64 on F.Cu
[unconnected_items]: Missing connection between items
    Local override; error
    @(18.6350 mm, 18.6350 mm): Pad 2 [COL_R_04] of D64 on F.Cu
    @(18.6350 mm, 21.1350 mm): Pad 2 [COL_R_04] of D84 on F.Cu
[unconnected_items]: Missing connection between items
    Local override; error
    @(18.6350 mm, 21.1350 mm): Pad 2 [COL_R_04] of D84 on F.Cu
    @(18.6350 mm, 23.6350 mm): Pad 2 [COL_R_04] of D104 on F.Cu
[unconnected_items]: Missing connection between items
    Local override; error
    @(18.6350 mm, 23.6350 mm): Pad 2 [COL_R_04] of D104 on F.Cu
    @(18.6350 mm, 26.1350 mm): Pad 2 [COL_R_04] of D124 on F.Cu
[unconnected_items]: Missing connection between items
    Local override; error
    @(18.6350 mm, 26.1350 mm): Pad 2 [COL_R_04] of D124 on F.Cu
    @(18.6350 mm, 28.6350 mm): Pad 2 [COL_R_04] of D144 on F.Cu
[unconnected_items]: Missing connection between items
    Local override; error
    @(18.6350 mm, 28.6350 mm): Pad 2 [COL_R_04] of D144 on F.Cu
    @(18.6350 mm, 31.1350 mm): Pad 2 [COL_R_04] of D164 on F.Cu
[unconnected_items]: Missing connection between items
    Local override; error
    @(18.6350 mm, 31.1350 mm): Pad 2 [COL_R_04] of D164 on F.Cu
    @(18.6350 mm, 33.6350 mm): Pad 2 [COL_R_04] of D184 on F.Cu
[unconnected_items]: Missing connection between items
    Local override; error
    @(18.6350 mm, 33.6350 mm): Pad 2 [COL_R_04] of D184 on F.Cu
    @(18.6350 mm, 36.1350 mm): Pad 2 [COL_R_04] of D204 on F.Cu
[unconnected_items]: Missing connection between items
    Local override; error
    @(18.6350 mm, 36.1350 mm): Pad 2 [COL_R_04] of D204 on F.Cu
    @(18.6350 mm, 38.6350 mm): Pad 2 [COL_R_04] of D224 on F.Cu
[unconnected_items]: Missing connection between items
    Local override; error
    @(18.6350 mm, 38.6350 mm): Pad 2 [COL_R_04] of D224 on F.Cu
    @(18.6350 mm, 41.1350 mm): Pad 2 [COL_R_04] of D244 on F.Cu
[unconnected_items]: Missing connection between items
    Local override; error
    @(18.6350 mm, 41.1350 mm): Pad 2 [COL_R_04] of D244 on F.Cu
    @(18.6350 mm, 43.6350 mm): Pad 2 [COL_R_04] of D264 on F.Cu
[unconnected_items]: Missing connection between items
    Local override; error
    @(18.6350 mm, 43.6350 mm): Pad 2 [COL_R_04] of D264 on F.Cu
    @(18.6350 mm, 46.1350 mm): Pad 2 [COL_R_04] of D284 on F.Cu
[unconnected_items]: Missing connection between items
    Local override; error
    @(18.6350 mm, 46.1350 mm): Pad 2 [COL_R_04] of D284 on F.Cu
    @(18.6350 mm, 48.6350 mm): Pad 2 [COL_R_04] of D304 on F.Cu
[unconnected_items]: Missing connection between items
    Local override; error
    @(18.6350 mm, 48.6350 mm): Pad 2 [COL_R_04] of D304 on F.Cu
    @(18.6350 mm, 51.1350 mm): Pad 2 [COL_R_04] of D324 on F.Cu
[unconnected_items]: Missing connection between items
    Local override; error
    @(18.6350 mm, 51.1350 mm): Pad 2 [COL_R_04] of D324 on F.Cu
    @(18.6350 mm, 53.6350 mm): Pad 2 [COL_R_04] of D344 on F.Cu
[unconnected_items]: Missing connection between items
    Local override; error
    @(18.6350 mm, 53.6350 mm): Pad 2 [COL_R_04] of D344 on F.Cu
    @(18.6350 mm, 56.1350 mm): Pad 2 [COL_R_04] of D364 on F.Cu
[unconnected_items]: Missing connection between items
    Local override; error
    @(18.6350 mm, 56.1350 mm): Pad 2 [COL_R_04] of D364 on F.Cu
    @(18.6350 mm, 58.6350 mm): Pad 2 [COL_R_04] of D384 on F.Cu
[unconnected_items]: Missing connection between items
    Local override; error
    @(17.8650 mm, 11.1350 mm): Pad 3 [COL_G_04] of D4 on F.Cu
    @(17.8650 mm, 13.6350 mm): Pad 3 [COL_G_04] of D24 on F.Cu
[unconnected_items]: Missing connection between items
    Local override; error
    @(17.8650 mm, 13.6350 mm): Pad 3 [COL_G_04] of D24 on F.Cu
    @(17.8650 mm, 16.1350 mm): Pad 3 [COL_G_04] of D44 on F.Cu
[unconnected_items]: Missing connection between items
    Local override; error
    @(17.8650 mm, 16.1350 mm): Pad 3 [COL_G_04] of D44 on F.Cu
    @(17.8650 mm, 18.6350 mm): Pad 3 [COL_G_04] of D64 on F.Cu
[unconnected_items]: Missing connection between items
    Local override; error
    @(17.8650 mm, 18.6350 mm): Pad 3 [COL_G_04] of D64 on F.Cu
    @(17.8650 mm, 21.1350 mm): Pad 3 [COL_G_04] of D84 on F.Cu
[unconnected_items]: Missing connection between items
    Local override; error
    @(17.8650 mm, 21.1350 mm): Pad 3 [COL_G_04] of D84 on F.Cu
    @(17.8650 mm, 23.6350 mm): Pad 3 [COL_G_04] of D104 on F.Cu
[unconnected_items]: Missing connection between items
    Local override; error
    @(17.8650 mm, 23.6350 mm): Pad 3 [COL_G_04] of D104 on F.Cu
    @(17.8650 mm, 26.1350 mm): Pad 3 [COL_G_04] of D124 on F.Cu
[unconnected_items]: Missing connection between items
    Local override; error
    @(17.8650 mm, 26.1350 mm): Pad 3 [COL_G_04] of D124 on F.Cu
    @(17.8650 mm, 28.6350 mm): Pad 3 [COL_G_04] of D144 on F.Cu
[unconnected_items]: Missing connection between items
    Local override; error
    @(17.8650 mm, 28.6350 mm): Pad 3 [COL_G_04] of D144 on F.Cu
    @(17.8650 mm, 31.1350 mm): Pad 3 [COL_G_04] of D164 on F.Cu
[unconnected_items]: Missing connection between items
    Local override; error
    @(17.8650 mm, 31.1350 mm): Pad 3 [COL_G_04] of D164 on F.Cu
    @(17.8650 mm, 33.6350 mm): Pad 3 [COL_G_04] of D184 on F.Cu
[unconnected_items]: Missing connection between items
    Local override; error
    @(17.8650 mm, 33.6350 mm): Pad 3 [COL_G_04] of D184 on F.Cu
    @(17.8650 mm, 36.1350 mm): Pad 3 [COL_G_04] of D204 on F.Cu
[unconnected_items]: Missing connection between items
    Local override; error
    @(17.8650 mm, 36.1350 mm): Pad 3 [COL_G_04] of D204 on F.Cu
    @(17.8650 mm, 38.6350 mm): Pad 3 [COL_G_04] of D224 on F.Cu
[unconnected_items]: Missing connection between items
    Local override; error
    @(17.8650 mm, 38.6350 mm): Pad 3 [COL_G_04] of D224 on F.Cu
    @(17.8650 mm, 41.1350 mm): Pad 3 [COL_G_04] of D244 on F.Cu
[unconnected_items]: Missing connection between items
    Local override; error
    @(17.8650 mm, 41.1350 mm): Pad 3 [COL_G_04] of D244 on F.Cu
    @(17.8650 mm, 43.6350 mm): Pad 3 [COL_G_04] of D264 on F.Cu
[unconnected_items]: Missing connection between items
    Local override; error
    @(17.8650 mm, 43.6350 mm): Pad 3 [COL_G_04] of D264 on F.Cu
    @(17.8650 mm, 46.1350 mm): Pad 3 [COL_G_04] of D284 on F.Cu
[unconnected_items]: Missing connection between items
    Local override; error
    @(17.8650 mm, 46.1350 mm): Pad 3 [COL_G_04] of D284 on F.Cu
    @(17.8650 mm, 48.6350 mm): Pad 3 [COL_G_04] of D304 on F.Cu
[unconnected_items]: Missing connection between items
    Local override; error
    @(17.8650 mm, 48.6350 mm): Pad 3 [COL_G_04] of D304 on F.Cu
    @(17.8650 mm, 51.1350 mm): Pad 3 [COL_G_04] of D324 on F.Cu
[unconnected_items]: Missing connection between items
    Local override; error
    @(17.8650 mm, 51.1350 mm): Pad 3 [COL_G_04] of D324 on F.Cu
    @(17.8650 mm, 53.6350 mm): Pad 3 [COL_G_04] of D344 on F.Cu
[unconnected_items]: Missing connection between items
    Local override; error
    @(17.8650 mm, 53.6350 mm): Pad 3 [COL_G_04] of D344 on F.Cu
    @(17.8650 mm, 56.1350 mm): Pad 3 [COL_G_04] of D364 on F.Cu
[unconnected_items]: Missing connection between items
    Local override; error
    @(17.8650 mm, 56.1350 mm): Pad 3 [COL_G_04] of D364 on F.Cu
    @(17.8650 mm, 58.6350 mm): Pad 3 [COL_G_04] of D384 on F.Cu
[unconnected_items]: Missing connection between items
    Local override; error
    @(17.8650 mm, 10.3650 mm): Pad 4 [COL_B_04] of D4 on F.Cu
    @(17.8650 mm, 12.8650 mm): Pad 4 [COL_B_04] of D24 on F.Cu
[unconnected_items]: Missing connection between items
    Local override; error
    @(17.8650 mm, 12.8650 mm): Pad 4 [COL_B_04] of D24 on F.Cu
    @(17.8650 mm, 15.3650 mm): Pad 4 [COL_B_04] of D44 on F.Cu
[unconnected_items]: Missing connection between items
    Local override; error
    @(17.8650 mm, 15.3650 mm): Pad 4 [COL_B_04] of D44 on F.Cu
    @(17.8650 mm, 17.8650 mm): Pad 4 [COL_B_04] of D64 on F.Cu
[unconnected_items]: Missing connection between items
    Local override; error
    @(17.8650 mm, 17.8650 mm): Pad 4 [COL_B_04] of D64 on F.Cu
    @(17.8650 mm, 20.3650 mm): Pad 4 [COL_B_04] of D84 on F.Cu
[unconnected_items]: Missing connection between items
    Local override; error
    @(17.8650 mm, 20.3650 mm): Pad 4 [COL_B_04] of D84 on F.Cu
    @(17.8650 mm, 22.8650 mm): Pad 4 [COL_B_04] of D104 on F.Cu
[unconnected_items]: Missing connection between items
    Local override; error
    @(17.8650 mm, 22.8650 mm): Pad 4 [COL_B_04] of D104 on F.Cu
    @(17.8650 mm, 25.3650 mm): Pad 4 [COL_B_04] of D124 on F.Cu
[unconnected_items]: Missing connection between items
    Local override; error
    @(17.8650 mm, 25.3650 mm): Pad 4 [COL_B_04] of D124 on F.Cu
    @(17.8650 mm, 27.8650 mm): Pad 4 [COL_B_04] of D144 on F.Cu
[unconnected_items]: Missing connection between items
    Local override; error
    @(17.8650 mm, 27.8650 mm): Pad 4 [COL_B_04] of D144 on F.Cu
    @(17.8650 mm, 30.3650 mm): Pad 4 [COL_B_04] of D164 on F.Cu
[unconnected_items]: Missing connection between items
    Local override; error
    @(17.8650 mm, 30.3650 mm): Pad 4 [COL_B_04] of D164 on F.Cu
    @(17.8650 mm, 32.8650 mm): Pad 4 [COL_B_04] of D184 on F.Cu
[unconnected_items]: Missing connection between items
    Local override; error
    @(17.8650 mm, 32.8650 mm): Pad 4 [COL_B_04] of D184 on F.Cu
    @(17.8650 mm, 35.3650 mm): Pad 4 [COL_B_04] of D204 on F.Cu
[unconnected_items]: Missing connection between items
    Local override; error
    @(17.8650 mm, 35.3650 mm): Pad 4 [COL_B_04] of D204 on F.Cu
    @(17.8650 mm, 37.8650 mm): Pad 4 [COL_B_04] of D224 on F.Cu
[unconnected_items]: Missing connection between items
    Local override; error
    @(17.8650 mm, 37.8650 mm): Pad 4 [COL_B_04] of D224 on F.Cu
    @(17.8650 mm, 40.3650 mm): Pad 4 [COL_B_04] of D244 on F.Cu
[unconnected_items]: Missing connection between items
    Local override; error
    @(17.8650 mm, 40.3650 mm): Pad 4 [COL_B_04] of D244 on F.Cu
    @(17.8650 mm, 42.8650 mm): Pad 4 [COL_B_04] of D264 on F.Cu
[unconnected_items]: Missing connection between items
    Local override; error
    @(17.8650 mm, 42.8650 mm): Pad 4 [COL_B_04] of D264 on F.Cu
    @(17.8650 mm, 45.3650 mm): Pad 4 [COL_B_04] of D284 on F.Cu
[unconnected_items]: Missing connection between items
    Local override; error
    @(17.8650 mm, 45.3650 mm): Pad 4 [COL_B_04] of D284 on F.Cu
    @(17.8650 mm, 47.8650 mm): Pad 4 [COL_B_04] of D304 on F.Cu
[unconnected_items]: Missing connection between items
    Local override; error
    @(17.8650 mm, 47.8650 mm): Pad 4 [COL_B_04] of D304 on F.Cu
    @(17.8650 mm, 50.3650 mm): Pad 4 [COL_B_04] of D324 on F.Cu
[unconnected_items]: Missing connection between items
    Local override; error
    @(17.8650 mm, 50.3650 mm): Pad 4 [COL_B_04] of D324 on F.Cu
    @(17.8650 mm, 52.8650 mm): Pad 4 [COL_B_04] of D344 on F.Cu
[unconnected_items]: Missing connection between items
    Local override; error
    @(17.8650 mm, 52.8650 mm): Pad 4 [COL_B_04] of D344 on F.Cu
    @(17.8650 mm, 55.3650 mm): Pad 4 [COL_B_04] of D364 on F.Cu
[unconnected_items]: Missing connection between items
    Local override; error
    @(17.8650 mm, 55.3650 mm): Pad 4 [COL_B_04] of D364 on F.Cu
    @(17.8650 mm, 57.8650 mm): Pad 4 [COL_B_04] of D384 on F.Cu
[unconnected_items]: Missing connection between items
    Local override; error
    @(11.1350 mm, 42.8650 mm): Pad 1 [ROW_14_ANODE] of D261 on F.Cu
    @(13.6350 mm, 42.8650 mm): Pad 1 [ROW_14_ANODE] of D262 on F.Cu
[unconnected_items]: Missing connection between items
    Local override; error
    @(13.6350 mm, 42.8650 mm): Pad 1 [ROW_14_ANODE] of D262 on F.Cu
    @(16.1350 mm, 42.8650 mm): Pad 1 [ROW_14_ANODE] of D263 on F.Cu
[unconnected_items]: Missing connection between items
    Local override; error
    @(16.1350 mm, 42.8650 mm): Pad 1 [ROW_14_ANODE] of D263 on F.Cu
    @(18.6350 mm, 42.8650 mm): Pad 1 [ROW_14_ANODE] of D264 on F.Cu
[unconnected_items]: Missing connection between items
    Local override; error
    @(18.6350 mm, 42.8650 mm): Pad 1 [ROW_14_ANODE] of D264 on F.Cu
    @(21.1350 mm, 42.8650 mm): Pad 1 [ROW_14_ANODE] of D265 on F.Cu
[unconnected_items]: Missing connection between items
    Local override; error
    @(21.1350 mm, 42.8650 mm): Pad 1 [ROW_14_ANODE] of D265 on F.Cu
    @(23.6350 mm, 42.8650 mm): Pad 1 [ROW_14_ANODE] of D266 on F.Cu
[unconnected_items]: Missing connection between items
    Local override; error
    @(23.6350 mm, 42.8650 mm): Pad 1 [ROW_14_ANODE] of D266 on F.Cu
    @(26.1350 mm, 42.8650 mm): Pad 1 [ROW_14_ANODE] of D267 on F.Cu
[unconnected_items]: Missing connection between items
    Local override; error
    @(26.1350 mm, 42.8650 mm): Pad 1 [ROW_14_ANODE] of D267 on F.Cu
    @(28.6350 mm, 42.8650 mm): Pad 1 [ROW_14_ANODE] of D268 on F.Cu
[unconnected_items]: Missing connection between items
    Local override; error
    @(28.6350 mm, 42.8650 mm): Pad 1 [ROW_14_ANODE] of D268 on F.Cu
    @(31.1350 mm, 42.8650 mm): Pad 1 [ROW_14_ANODE] of D269 on F.Cu
[unconnected_items]: Missing connection between items
    Local override; error
    @(31.1350 mm, 42.8650 mm): Pad 1 [ROW_14_ANODE] of D269 on F.Cu
    @(33.6350 mm, 42.8650 mm): Pad 1 [ROW_14_ANODE] of D270 on F.Cu
[unconnected_items]: Missing connection between items
    Local override; error
    @(33.6350 mm, 42.8650 mm): Pad 1 [ROW_14_ANODE] of D270 on F.Cu
    @(36.1350 mm, 42.8650 mm): Pad 1 [ROW_14_ANODE] of D271 on F.Cu
[unconnected_items]: Missing connection between items
    Local override; error
    @(36.1350 mm, 42.8650 mm): Pad 1 [ROW_14_ANODE] of D271 on F.Cu
    @(38.6350 mm, 42.8650 mm): Pad 1 [ROW_14_ANODE] of D272 on F.Cu
[unconnected_items]: Missing connection between items
    Local override; error
    @(38.6350 mm, 42.8650 mm): Pad 1 [ROW_14_ANODE] of D272 on F.Cu
    @(41.1350 mm, 42.8650 mm): Pad 1 [ROW_14_ANODE] of D273 on F.Cu
[unconnected_items]: Missing connection between items
    Local override; error
    @(41.1350 mm, 42.8650 mm): Pad 1 [ROW_14_ANODE] of D273 on F.Cu
    @(43.6350 mm, 42.8650 mm): Pad 1 [ROW_14_ANODE] of D274 on F.Cu
[unconnected_items]: Missing connection between items
    Local override; error
    @(43.6350 mm, 42.8650 mm): Pad 1 [ROW_14_ANODE] of D274 on F.Cu
    @(46.1350 mm, 42.8650 mm): Pad 1 [ROW_14_ANODE] of D275 on F.Cu
[unconnected_items]: Missing connection between items
    Local override; error
    @(46.1350 mm, 42.8650 mm): Pad 1 [ROW_14_ANODE] of D275 on F.Cu
    @(48.6350 mm, 42.8650 mm): Pad 1 [ROW_14_ANODE] of D276 on F.Cu
[unconnected_items]: Missing connection between items
    Local override; error
    @(48.6350 mm, 42.8650 mm): Pad 1 [ROW_14_ANODE] of D276 on F.Cu
    @(51.1350 mm, 42.8650 mm): Pad 1 [ROW_14_ANODE] of D277 on F.Cu
[unconnected_items]: Missing connection between items
    Local override; error
    @(51.1350 mm, 42.8650 mm): Pad 1 [ROW_14_ANODE] of D277 on F.Cu
    @(53.6350 mm, 42.8650 mm): Pad 1 [ROW_14_ANODE] of D278 on F.Cu
[unconnected_items]: Missing connection between items
    Local override; error
    @(53.6350 mm, 42.8650 mm): Pad 1 [ROW_14_ANODE] of D278 on F.Cu
    @(56.1350 mm, 42.8650 mm): Pad 1 [ROW_14_ANODE] of D279 on F.Cu
[unconnected_items]: Missing connection between items
    Local override; error
    @(56.1350 mm, 42.8650 mm): Pad 1 [ROW_14_ANODE] of D279 on F.Cu
    @(58.6350 mm, 42.8650 mm): Pad 1 [ROW_14_ANODE] of D280 on F.Cu
[unconnected_items]: Missing connection between items
    Local override; error
    @(43.6350 mm, 11.1350 mm): Pad 2 [COL_R_14] of D14 on F.Cu
    @(43.6350 mm, 13.6350 mm): Pad 2 [COL_R_14] of D34 on F.Cu
[unconnected_items]: Missing connection between items
    Local override; error
    @(43.6350 mm, 13.6350 mm): Pad 2 [COL_R_14] of D34 on F.Cu
    @(43.6350 mm, 16.1350 mm): Pad 2 [COL_R_14] of D54 on F.Cu
[unconnected_items]: Missing connection between items
    Local override; error
    @(43.6350 mm, 16.1350 mm): Pad 2 [COL_R_14] of D54 on F.Cu
    @(43.6350 mm, 18.6350 mm): Pad 2 [COL_R_14] of D74 on F.Cu
[unconnected_items]: Missing connection between items
    Local override; error
    @(43.6350 mm, 18.6350 mm): Pad 2 [COL_R_14] of D74 on F.Cu
    @(43.6350 mm, 21.1350 mm): Pad 2 [COL_R_14] of D94 on F.Cu
[unconnected_items]: Missing connection between items
    Local override; error
    @(43.6350 mm, 21.1350 mm): Pad 2 [COL_R_14] of D94 on F.Cu
    @(43.6350 mm, 23.6350 mm): Pad 2 [COL_R_14] of D114 on F.Cu
[unconnected_items]: Missing connection between items
    Local override; error
    @(43.6350 mm, 23.6350 mm): Pad 2 [COL_R_14] of D114 on F.Cu
    @(43.6350 mm, 26.1350 mm): Pad 2 [COL_R_14] of D134 on F.Cu
[unconnected_items]: Missing connection between items
    Local override; error
    @(43.6350 mm, 26.1350 mm): Pad 2 [COL_R_14] of D134 on F.Cu
    @(43.6350 mm, 28.6350 mm): Pad 2 [COL_R_14] of D154 on F.Cu
[unconnected_items]: Missing connection between items
    Local override; error
    @(43.6350 mm, 28.6350 mm): Pad 2 [COL_R_14] of D154 on F.Cu
    @(43.6350 mm, 31.1350 mm): Pad 2 [COL_R_14] of D174 on F.Cu
[unconnected_items]: Missing connection between items
    Local override; error
    @(43.6350 mm, 31.1350 mm): Pad 2 [COL_R_14] of D174 on F.Cu
    @(43.6350 mm, 33.6350 mm): Pad 2 [COL_R_14] of D194 on F.Cu
[unconnected_items]: Missing connection between items
    Local override; error
    @(43.6350 mm, 33.6350 mm): Pad 2 [COL_R_14] of D194 on F.Cu
    @(43.6350 mm, 36.1350 mm): Pad 2 [COL_R_14] of D214 on F.Cu
[unconnected_items]: Missing connection between items
    Local override; error
    @(43.6350 mm, 36.1350 mm): Pad 2 [COL_R_14] of D214 on F.Cu
    @(43.6350 mm, 38.6350 mm): Pad 2 [COL_R_14] of D234 on F.Cu
[unconnected_items]: Missing connection between items
    Local override; error
    @(43.6350 mm, 38.6350 mm): Pad 2 [COL_R_14] of D234 on F.Cu
    @(43.6350 mm, 41.1350 mm): Pad 2 [COL_R_14] of D254 on F.Cu
[unconnected_items]: Missing connection between items
    Local override; error
    @(43.6350 mm, 41.1350 mm): Pad 2 [COL_R_14] of D254 on F.Cu
    @(43.6350 mm, 43.6350 mm): Pad 2 [COL_R_14] of D274 on F.Cu
[unconnected_items]: Missing connection between items
    Local override; error
    @(43.6350 mm, 43.6350 mm): Pad 2 [COL_R_14] of D274 on F.Cu
    @(43.6350 mm, 46.1350 mm): Pad 2 [COL_R_14] of D294 on F.Cu
[unconnected_items]: Missing connection between items
    Local override; error
    @(43.6350 mm, 46.1350 mm): Pad 2 [COL_R_14] of D294 on F.Cu
    @(43.6350 mm, 48.6350 mm): Pad 2 [COL_R_14] of D314 on F.Cu
[unconnected_items]: Missing connection between items
    Local override; error
    @(43.6350 mm, 48.6350 mm): Pad 2 [COL_R_14] of D314 on F.Cu
    @(43.6350 mm, 51.1350 mm): Pad 2 [COL_R_14] of D334 on F.Cu
[unconnected_items]: Missing connection between items
    Local override; error
    @(43.6350 mm, 51.1350 mm): Pad 2 [COL_R_14] of D334 on F.Cu
    @(43.6350 mm, 53.6350 mm): Pad 2 [COL_R_14] of D354 on F.Cu
[unconnected_items]: Missing connection between items
    Local override; error
    @(43.6350 mm, 53.6350 mm): Pad 2 [COL_R_14] of D354 on F.Cu
    @(43.6350 mm, 56.1350 mm): Pad 2 [COL_R_14] of D374 on F.Cu
[unconnected_items]: Missing connection between items
    Local override; error
    @(43.6350 mm, 56.1350 mm): Pad 2 [COL_R_14] of D374 on F.Cu
    @(43.6350 mm, 58.6350 mm): Pad 2 [COL_R_14] of D394 on F.Cu
[unconnected_items]: Missing connection between items
    Local override; error
    @(42.8650 mm, 11.1350 mm): Pad 3 [COL_G_14] of D14 on F.Cu
    @(42.8650 mm, 13.6350 mm): Pad 3 [COL_G_14] of D34 on F.Cu
[unconnected_items]: Missing connection between items
    Local override; error
    @(42.8650 mm, 13.6350 mm): Pad 3 [COL_G_14] of D34 on F.Cu
    @(42.8650 mm, 16.1350 mm): Pad 3 [COL_G_14] of D54 on F.Cu
[unconnected_items]: Missing connection between items
    Local override; error
    @(42.8650 mm, 16.1350 mm): Pad 3 [COL_G_14] of D54 on F.Cu
    @(42.8650 mm, 18.6350 mm): Pad 3 [COL_G_14] of D74 on F.Cu
[unconnected_items]: Missing connection between items
    Local override; error
    @(42.8650 mm, 18.6350 mm): Pad 3 [COL_G_14] of D74 on F.Cu
    @(42.8650 mm, 21.1350 mm): Pad 3 [COL_G_14] of D94 on F.Cu
[unconnected_items]: Missing connection between items
    Local override; error
    @(42.8650 mm, 21.1350 mm): Pad 3 [COL_G_14] of D94 on F.Cu
    @(42.8650 mm, 23.6350 mm): Pad 3 [COL_G_14] of D114 on F.Cu
[unconnected_items]: Missing connection between items
    Local override; error
    @(42.8650 mm, 23.6350 mm): Pad 3 [COL_G_14] of D114 on F.Cu
    @(42.8650 mm, 26.1350 mm): Pad 3 [COL_G_14] of D134 on F.Cu
[unconnected_items]: Missing connection between items
    Local override; error
    @(42.8650 mm, 26.1350 mm): Pad 3 [COL_G_14] of D134 on F.Cu
    @(42.8650 mm, 28.6350 mm): Pad 3 [COL_G_14] of D154 on F.Cu
[unconnected_items]: Missing connection between items
    Local override; error
    @(42.8650 mm, 28.6350 mm): Pad 3 [COL_G_14] of D154 on F.Cu
    @(42.8650 mm, 31.1350 mm): Pad 3 [COL_G_14] of D174 on F.Cu
[unconnected_items]: Missing connection between items
    Local override; error
    @(42.8650 mm, 31.1350 mm): Pad 3 [COL_G_14] of D174 on F.Cu
    @(42.8650 mm, 33.6350 mm): Pad 3 [COL_G_14] of D194 on F.Cu
[unconnected_items]: Missing connection between items
    Local override; error
    @(42.8650 mm, 33.6350 mm): Pad 3 [COL_G_14] of D194 on F.Cu
    @(42.8650 mm, 36.1350 mm): Pad 3 [COL_G_14] of D214 on F.Cu
[unconnected_items]: Missing connection between items
    Local override; error
    @(42.8650 mm, 36.1350 mm): Pad 3 [COL_G_14] of D214 on F.Cu
    @(42.8650 mm, 38.6350 mm): Pad 3 [COL_G_14] of D234 on F.Cu
[unconnected_items]: Missing connection between items
    Local override; error
    @(42.8650 mm, 38.6350 mm): Pad 3 [COL_G_14] of D234 on F.Cu
    @(42.8650 mm, 41.1350 mm): Pad 3 [COL_G_14] of D254 on F.Cu
[unconnected_items]: Missing connection between items
    Local override; error
    @(42.8650 mm, 41.1350 mm): Pad 3 [COL_G_14] of D254 on F.Cu
    @(42.8650 mm, 43.6350 mm): Pad 3 [COL_G_14] of D274 on F.Cu
[unconnected_items]: Missing connection between items
    Local override; error
    @(42.8650 mm, 43.6350 mm): Pad 3 [COL_G_14] of D274 on F.Cu
    @(42.8650 mm, 46.1350 mm): Pad 3 [COL_G_14] of D294 on F.Cu
[unconnected_items]: Missing connection between items
    Local override; error
    @(42.8650 mm, 46.1350 mm): Pad 3 [COL_G_14] of D294 on F.Cu
    @(42.8650 mm, 48.6350 mm): Pad 3 [COL_G_14] of D314 on F.Cu
[unconnected_items]: Missing connection between items
    Local override; error
    @(42.8650 mm, 48.6350 mm): Pad 3 [COL_G_14] of D314 on F.Cu
    @(42.8650 mm, 51.1350 mm): Pad 3 [COL_G_14] of D334 on F.Cu
[unconnected_items]: Missing connection between items
    Local override; error
    @(42.8650 mm, 51.1350 mm): Pad 3 [COL_G_14] of D334 on F.Cu
    @(42.8650 mm, 53.6350 mm): Pad 3 [COL_G_14] of D354 on F.Cu
[unconnected_items]: Missing connection between items
    Local override; error
    @(42.8650 mm, 53.6350 mm): Pad 3 [COL_G_14] of D354 on F.Cu
    @(42.8650 mm, 56.1350 mm): Pad 3 [COL_G_14] of D374 on F.Cu
[unconnected_items]: Missing connection between items
    Local override; error
    @(42.8650 mm, 56.1350 mm): Pad 3 [COL_G_14] of D374 on F.Cu
    @(42.8650 mm, 58.6350 mm): Pad 3 [COL_G_14] of D394 on F.Cu
[unconnected_items]: Missing connection between items
    Local override; error
    @(42.8650 mm, 10.3650 mm): Pad 4 [COL_B_14] of D14 on F.Cu
    @(42.8650 mm, 12.8650 mm): Pad 4 [COL_B_14] of D34 on F.Cu
[unconnected_items]: Missing connection between items
    Local override; error
    @(42.8650 mm, 12.8650 mm): Pad 4 [COL_B_14] of D34 on F.Cu
    @(42.8650 mm, 15.3650 mm): Pad 4 [COL_B_14] of D54 on F.Cu
[unconnected_items]: Missing connection between items
    Local override; error
    @(42.8650 mm, 15.3650 mm): Pad 4 [COL_B_14] of D54 on F.Cu
    @(42.8650 mm, 17.8650 mm): Pad 4 [COL_B_14] of D74 on F.Cu
[unconnected_items]: Missing connection between items
    Local override; error
    @(42.8650 mm, 17.8650 mm): Pad 4 [COL_B_14] of D74 on F.Cu
    @(42.8650 mm, 20.3650 mm): Pad 4 [COL_B_14] of D94 on F.Cu
[unconnected_items]: Missing connection between items
    Local override; error
    @(42.8650 mm, 20.3650 mm): Pad 4 [COL_B_14] of D94 on F.Cu
    @(42.8650 mm, 22.8650 mm): Pad 4 [COL_B_14] of D114 on F.Cu
[unconnected_items]: Missing connection between items
    Local override; error
    @(42.8650 mm, 22.8650 mm): Pad 4 [COL_B_14] of D114 on F.Cu
    @(42.8650 mm, 25.3650 mm): Pad 4 [COL_B_14] of D134 on F.Cu
[unconnected_items]: Missing connection between items
    Local override; error
    @(42.8650 mm, 25.3650 mm): Pad 4 [COL_B_14] of D134 on F.Cu
    @(42.8650 mm, 27.8650 mm): Pad 4 [COL_B_14] of D154 on F.Cu
[unconnected_items]: Missing connection between items
    Local override; error
    @(42.8650 mm, 27.8650 mm): Pad 4 [COL_B_14] of D154 on F.Cu
    @(42.8650 mm, 30.3650 mm): Pad 4 [COL_B_14] of D174 on F.Cu
[unconnected_items]: Missing connection between items
    Local override; error
    @(42.8650 mm, 30.3650 mm): Pad 4 [COL_B_14] of D174 on F.Cu
    @(42.8650 mm, 32.8650 mm): Pad 4 [COL_B_14] of D194 on F.Cu
[unconnected_items]: Missing connection between items
    Local override; error
    @(42.8650 mm, 32.8650 mm): Pad 4 [COL_B_14] of D194 on F.Cu
    @(42.8650 mm, 35.3650 mm): Pad 4 [COL_B_14] of D214 on F.Cu
[unconnected_items]: Missing connection between items
    Local override; error
    @(42.8650 mm, 35.3650 mm): Pad 4 [COL_B_14] of D214 on F.Cu
    @(42.8650 mm, 37.8650 mm): Pad 4 [COL_B_14] of D234 on F.Cu
[unconnected_items]: Missing connection between items
    Local override; error
    @(42.8650 mm, 37.8650 mm): Pad 4 [COL_B_14] of D234 on F.Cu
    @(42.8650 mm, 40.3650 mm): Pad 4 [COL_B_14] of D254 on F.Cu
[unconnected_items]: Missing connection between items
    Local override; error
    @(42.8650 mm, 40.3650 mm): Pad 4 [COL_B_14] of D254 on F.Cu
    @(42.8650 mm, 42.8650 mm): Pad 4 [COL_B_14] of D274 on F.Cu
[unconnected_items]: Missing connection between items
    Local override; error
    @(42.8650 mm, 42.8650 mm): Pad 4 [COL_B_14] of D274 on F.Cu
    @(42.8650 mm, 45.3650 mm): Pad 4 [COL_B_14] of D294 on F.Cu
[unconnected_items]: Missing connection between items
    Local override; error
    @(42.8650 mm, 45.3650 mm): Pad 4 [COL_B_14] of D294 on F.Cu
    @(42.8650 mm, 47.8650 mm): Pad 4 [COL_B_14] of D314 on F.Cu
[unconnected_items]: Missing connection between items
    Local override; error
    @(42.8650 mm, 47.8650 mm): Pad 4 [COL_B_14] of D314 on F.Cu
    @(42.8650 mm, 50.3650 mm): Pad 4 [COL_B_14] of D334 on F.Cu
[unconnected_items]: Missing connection between items
    Local override; error
    @(42.8650 mm, 50.3650 mm): Pad 4 [COL_B_14] of D334 on F.Cu
    @(42.8650 mm, 52.8650 mm): Pad 4 [COL_B_14] of D354 on F.Cu
[unconnected_items]: Missing connection between items
    Local override; error
    @(42.8650 mm, 52.8650 mm): Pad 4 [COL_B_14] of D354 on F.Cu
    @(42.8650 mm, 55.3650 mm): Pad 4 [COL_B_14] of D374 on F.Cu
[unconnected_items]: Missing connection between items
    Local override; error
    @(42.8650 mm, 55.3650 mm): Pad 4 [COL_B_14] of D374 on F.Cu
    @(42.8650 mm, 57.8650 mm): Pad 4 [COL_B_14] of D394 on F.Cu
[unconnected_items]: Missing connection between items
    Local override; error
    @(11.1350 mm, 30.3650 mm): Pad 1 [ROW_09_ANODE] of D161 on F.Cu
    @(13.6350 mm, 30.3650 mm): Pad 1 [ROW_09_ANODE] of D162 on F.Cu
[unconnected_items]: Missing connection between items
    Local override; error
    @(13.6350 mm, 30.3650 mm): Pad 1 [ROW_09_ANODE] of D162 on F.Cu
    @(16.1350 mm, 30.3650 mm): Pad 1 [ROW_09_ANODE] of D163 on F.Cu
[unconnected_items]: Missing connection between items
    Local override; error
    @(16.1350 mm, 30.3650 mm): Pad 1 [ROW_09_ANODE] of D163 on F.Cu
    @(18.6350 mm, 30.3650 mm): Pad 1 [ROW_09_ANODE] of D164 on F.Cu
[unconnected_items]: Missing connection between items
    Local override; error
    @(18.6350 mm, 30.3650 mm): Pad 1 [ROW_09_ANODE] of D164 on F.Cu
    @(21.1350 mm, 30.3650 mm): Pad 1 [ROW_09_ANODE] of D165 on F.Cu
[unconnected_items]: Missing connection between items
    Local override; error
    @(21.1350 mm, 30.3650 mm): Pad 1 [ROW_09_ANODE] of D165 on F.Cu
    @(23.6350 mm, 30.3650 mm): Pad 1 [ROW_09_ANODE] of D166 on F.Cu
[unconnected_items]: Missing connection between items
    Local override; error
    @(23.6350 mm, 30.3650 mm): Pad 1 [ROW_09_ANODE] of D166 on F.Cu
    @(26.1350 mm, 30.3650 mm): Pad 1 [ROW_09_ANODE] of D167 on F.Cu
[unconnected_items]: Missing connection between items
    Local override; error
    @(26.1350 mm, 30.3650 mm): Pad 1 [ROW_09_ANODE] of D167 on F.Cu
    @(28.6350 mm, 30.3650 mm): Pad 1 [ROW_09_ANODE] of D168 on F.Cu
[unconnected_items]: Missing connection between items
    Local override; error
    @(28.6350 mm, 30.3650 mm): Pad 1 [ROW_09_ANODE] of D168 on F.Cu
    @(31.1350 mm, 30.3650 mm): Pad 1 [ROW_09_ANODE] of D169 on F.Cu
[unconnected_items]: Missing connection between items
    Local override; error
    @(31.1350 mm, 30.3650 mm): Pad 1 [ROW_09_ANODE] of D169 on F.Cu
    @(33.6350 mm, 30.3650 mm): Pad 1 [ROW_09_ANODE] of D170 on F.Cu
[unconnected_items]: Missing connection between items
    Local override; error
    @(33.6350 mm, 30.3650 mm): Pad 1 [ROW_09_ANODE] of D170 on F.Cu
    @(36.1350 mm, 30.3650 mm): Pad 1 [ROW_09_ANODE] of D171 on F.Cu
[unconnected_items]: Missing connection between items
    Local override; error
    @(36.1350 mm, 30.3650 mm): Pad 1 [ROW_09_ANODE] of D171 on F.Cu
    @(38.6350 mm, 30.3650 mm): Pad 1 [ROW_09_ANODE] of D172 on F.Cu
[unconnected_items]: Missing connection between items
    Local override; error
    @(38.6350 mm, 30.3650 mm): Pad 1 [ROW_09_ANODE] of D172 on F.Cu
    @(41.1350 mm, 30.3650 mm): Pad 1 [ROW_09_ANODE] of D173 on F.Cu
[unconnected_items]: Missing connection between items
    Local override; error
    @(41.1350 mm, 30.3650 mm): Pad 1 [ROW_09_ANODE] of D173 on F.Cu
    @(43.6350 mm, 30.3650 mm): Pad 1 [ROW_09_ANODE] of D174 on F.Cu
[unconnected_items]: Missing connection between items
    Local override; error
    @(43.6350 mm, 30.3650 mm): Pad 1 [ROW_09_ANODE] of D174 on F.Cu
    @(46.1350 mm, 30.3650 mm): Pad 1 [ROW_09_ANODE] of D175 on F.Cu
[unconnected_items]: Missing connection between items
    Local override; error
    @(46.1350 mm, 30.3650 mm): Pad 1 [ROW_09_ANODE] of D175 on F.Cu
    @(48.6350 mm, 30.3650 mm): Pad 1 [ROW_09_ANODE] of D176 on F.Cu
[unconnected_items]: Missing connection between items
    Local override; error
    @(48.6350 mm, 30.3650 mm): Pad 1 [ROW_09_ANODE] of D176 on F.Cu
    @(51.1350 mm, 30.3650 mm): Pad 1 [ROW_09_ANODE] of D177 on F.Cu
[unconnected_items]: Missing connection between items
    Local override; error
    @(51.1350 mm, 30.3650 mm): Pad 1 [ROW_09_ANODE] of D177 on F.Cu
    @(53.6350 mm, 30.3650 mm): Pad 1 [ROW_09_ANODE] of D178 on F.Cu
[unconnected_items]: Missing connection between items
    Local override; error
    @(53.6350 mm, 30.3650 mm): Pad 1 [ROW_09_ANODE] of D178 on F.Cu
    @(56.1350 mm, 30.3650 mm): Pad 1 [ROW_09_ANODE] of D179 on F.Cu
[unconnected_items]: Missing connection between items
    Local override; error
    @(56.1350 mm, 30.3650 mm): Pad 1 [ROW_09_ANODE] of D179 on F.Cu
    @(58.6350 mm, 30.3650 mm): Pad 1 [ROW_09_ANODE] of D180 on F.Cu
[unconnected_items]: Missing connection between items
    Local override; error
    @(11.1350 mm, 25.3650 mm): Pad 1 [ROW_07_ANODE] of D121 on F.Cu
    @(13.6350 mm, 25.3650 mm): Pad 1 [ROW_07_ANODE] of D122 on F.Cu
[unconnected_items]: Missing connection between items
    Local override; error
    @(13.6350 mm, 25.3650 mm): Pad 1 [ROW_07_ANODE] of D122 on F.Cu
    @(16.1350 mm, 25.3650 mm): Pad 1 [ROW_07_ANODE] of D123 on F.Cu
[unconnected_items]: Missing connection between items
    Local override; error
    @(16.1350 mm, 25.3650 mm): Pad 1 [ROW_07_ANODE] of D123 on F.Cu
    @(18.6350 mm, 25.3650 mm): Pad 1 [ROW_07_ANODE] of D124 on F.Cu
[unconnected_items]: Missing connection between items
    Local override; error
    @(18.6350 mm, 25.3650 mm): Pad 1 [ROW_07_ANODE] of D124 on F.Cu
    @(21.1350 mm, 25.3650 mm): Pad 1 [ROW_07_ANODE] of D125 on F.Cu
[unconnected_items]: Missing connection between items
    Local override; error
    @(21.1350 mm, 25.3650 mm): Pad 1 [ROW_07_ANODE] of D125 on F.Cu
    @(23.6350 mm, 25.3650 mm): Pad 1 [ROW_07_ANODE] of D126 on F.Cu
[unconnected_items]: Missing connection between items
    Local override; error
    @(23.6350 mm, 25.3650 mm): Pad 1 [ROW_07_ANODE] of D126 on F.Cu
    @(26.1350 mm, 25.3650 mm): Pad 1 [ROW_07_ANODE] of D127 on F.Cu
[unconnected_items]: Missing connection between items
    Local override; error
    @(26.1350 mm, 25.3650 mm): Pad 1 [ROW_07_ANODE] of D127 on F.Cu
    @(28.6350 mm, 25.3650 mm): Pad 1 [ROW_07_ANODE] of D128 on F.Cu
[unconnected_items]: Missing connection between items
    Local override; error
    @(28.6350 mm, 25.3650 mm): Pad 1 [ROW_07_ANODE] of D128 on F.Cu
    @(31.1350 mm, 25.3650 mm): Pad 1 [ROW_07_ANODE] of D129 on F.Cu
[unconnected_items]: Missing connection between items
    Local override; error
    @(31.1350 mm, 25.3650 mm): Pad 1 [ROW_07_ANODE] of D129 on F.Cu
    @(33.6350 mm, 25.3650 mm): Pad 1 [ROW_07_ANODE] of D130 on F.Cu
[unconnected_items]: Missing connection between items
    Local override; error
    @(33.6350 mm, 25.3650 mm): Pad 1 [ROW_07_ANODE] of D130 on F.Cu
    @(36.1350 mm, 25.3650 mm): Pad 1 [ROW_07_ANODE] of D131 on F.Cu
[unconnected_items]: Missing connection between items
    Local override; error
    @(36.1350 mm, 25.3650 mm): Pad 1 [ROW_07_ANODE] of D131 on F.Cu
    @(38.6350 mm, 25.3650 mm): Pad 1 [ROW_07_ANODE] of D132 on F.Cu
[unconnected_items]: Missing connection between items
    Local override; error
    @(38.6350 mm, 25.3650 mm): Pad 1 [ROW_07_ANODE] of D132 on F.Cu
    @(41.1350 mm, 25.3650 mm): Pad 1 [ROW_07_ANODE] of D133 on F.Cu
[unconnected_items]: Missing connection between items
    Local override; error
    @(41.1350 mm, 25.3650 mm): Pad 1 [ROW_07_ANODE] of D133 on F.Cu
    @(43.6350 mm, 25.3650 mm): Pad 1 [ROW_07_ANODE] of D134 on F.Cu
[unconnected_items]: Missing connection between items
    Local override; error
    @(43.6350 mm, 25.3650 mm): Pad 1 [ROW_07_ANODE] of D134 on F.Cu
    @(46.1350 mm, 25.3650 mm): Pad 1 [ROW_07_ANODE] of D135 on F.Cu
[unconnected_items]: Missing connection between items
    Local override; error
    @(46.1350 mm, 25.3650 mm): Pad 1 [ROW_07_ANODE] of D135 on F.Cu
    @(48.6350 mm, 25.3650 mm): Pad 1 [ROW_07_ANODE] of D136 on F.Cu
[unconnected_items]: Missing connection between items
    Local override; error
    @(48.6350 mm, 25.3650 mm): Pad 1 [ROW_07_ANODE] of D136 on F.Cu
    @(51.1350 mm, 25.3650 mm): Pad 1 [ROW_07_ANODE] of D137 on F.Cu
[unconnected_items]: Missing connection between items
    Local override; error
    @(51.1350 mm, 25.3650 mm): Pad 1 [ROW_07_ANODE] of D137 on F.Cu
    @(53.6350 mm, 25.3650 mm): Pad 1 [ROW_07_ANODE] of D138 on F.Cu
[unconnected_items]: Missing connection between items
    Local override; error
    @(53.6350 mm, 25.3650 mm): Pad 1 [ROW_07_ANODE] of D138 on F.Cu
    @(56.1350 mm, 25.3650 mm): Pad 1 [ROW_07_ANODE] of D139 on F.Cu
[unconnected_items]: Missing connection between items
    Local override; error
    @(56.1350 mm, 25.3650 mm): Pad 1 [ROW_07_ANODE] of D139 on F.Cu
    @(58.6350 mm, 25.3650 mm): Pad 1 [ROW_07_ANODE] of D140 on F.Cu
[unconnected_items]: Missing connection between items
    Local override; error
    @(33.6350 mm, 11.1350 mm): Pad 2 [COL_R_10] of D10 on F.Cu
    @(33.6350 mm, 13.6350 mm): Pad 2 [COL_R_10] of D30 on F.Cu
[unconnected_items]: Missing connection between items
    Local override; error
    @(33.6350 mm, 13.6350 mm): Pad 2 [COL_R_10] of D30 on F.Cu
    @(33.6350 mm, 16.1350 mm): Pad 2 [COL_R_10] of D50 on F.Cu
[unconnected_items]: Missing connection between items
    Local override; error
    @(33.6350 mm, 16.1350 mm): Pad 2 [COL_R_10] of D50 on F.Cu
    @(33.6350 mm, 18.6350 mm): Pad 2 [COL_R_10] of D70 on F.Cu
[unconnected_items]: Missing connection between items
    Local override; error
    @(33.6350 mm, 18.6350 mm): Pad 2 [COL_R_10] of D70 on F.Cu
    @(33.6350 mm, 21.1350 mm): Pad 2 [COL_R_10] of D90 on F.Cu
[unconnected_items]: Missing connection between items
    Local override; error
    @(33.6350 mm, 21.1350 mm): Pad 2 [COL_R_10] of D90 on F.Cu
    @(33.6350 mm, 23.6350 mm): Pad 2 [COL_R_10] of D110 on F.Cu
[unconnected_items]: Missing connection between items
    Local override; error
    @(33.6350 mm, 23.6350 mm): Pad 2 [COL_R_10] of D110 on F.Cu
    @(33.6350 mm, 26.1350 mm): Pad 2 [COL_R_10] of D130 on F.Cu

** Found 0 Footprint errors **

** Ignored checks **
    - Footprint has no courtyard defined
    - Track endpoint not centered on via
    - Tuning profile track geometries
    - Footprint doesn't match symbol's footprint filters
    - Footprint component type doesn't match footprint pads

** End of Report **
