** Drc report for wearable_28x28_bottom_left_column_boundary_routing_probe.kicad_pcb **
** Created on 2026-10-08T04:40:20 **
** Report includes: Errors, Warnings **

** Found 0 DRC violations **

** Found 499 unconnected pads **
[unconnected_items]: Missing connection between items
    Local override; error
    @(1.2850 mm, 26.9150 mm): Pad 1 [ROW_13_ANODE] of D337 on F.Cu
    @(3.4850 mm, 26.9150 mm): Pad 1 [ROW_13_ANODE] of D338 on F.Cu
[unconnected_items]: Missing connection between items
    Local override; error
    @(3.4850 mm, 26.9150 mm): Pad 1 [ROW_13_ANODE] of D338 on F.Cu
    @(5.6850 mm, 26.9150 mm): Pad 1 [ROW_13_ANODE] of D339 on F.Cu
[unconnected_items]: Missing connection between items
    Local override; error
    @(5.6850 mm, 26.9150 mm): Pad 1 [ROW_13_ANODE] of D339 on F.Cu
    @(7.8850 mm, 26.9150 mm): Pad 1 [ROW_13_ANODE] of D340 on F.Cu
[unconnected_items]: Missing connection between items
    Local override; error
    @(7.8850 mm, 26.9150 mm): Pad 1 [ROW_13_ANODE] of D340 on F.Cu
    @(10.0850 mm, 26.9150 mm): Pad 1 [ROW_13_ANODE] of D341 on F.Cu
[unconnected_items]: Missing connection between items
    Local override; error
    @(10.0850 mm, 26.9150 mm): Pad 1 [ROW_13_ANODE] of D341 on F.Cu
    @(12.2850 mm, 26.9150 mm): Pad 1 [ROW_13_ANODE] of D342 on F.Cu
[unconnected_items]: Missing connection between items
    Local override; error
    @(12.2850 mm, 26.9150 mm): Pad 1 [ROW_13_ANODE] of D342 on F.Cu
    @(14.4850 mm, 26.9150 mm): Pad 1 [ROW_13_ANODE] of D343 on F.Cu
[unconnected_items]: Missing connection between items
    Local override; error
    @(14.4850 mm, 26.9150 mm): Pad 1 [ROW_13_ANODE] of D343 on F.Cu
    @(16.6850 mm, 26.9150 mm): Pad 1 [ROW_13_ANODE] of D344 on F.Cu
[unconnected_items]: Missing connection between items
    Local override; error
    @(16.6850 mm, 26.9150 mm): Pad 1 [ROW_13_ANODE] of D344 on F.Cu
    @(18.8850 mm, 26.9150 mm): Pad 1 [ROW_13_ANODE] of D345 on F.Cu
[unconnected_items]: Missing connection between items
    Local override; error
    @(18.8850 mm, 26.9150 mm): Pad 1 [ROW_13_ANODE] of D345 on F.Cu
    @(21.0850 mm, 26.9150 mm): Pad 1 [ROW_13_ANODE] of D346 on F.Cu
[unconnected_items]: Missing connection between items
    Local override; error
    @(21.0850 mm, 26.9150 mm): Pad 1 [ROW_13_ANODE] of D346 on F.Cu
    @(23.2850 mm, 26.9150 mm): Pad 1 [ROW_13_ANODE] of D347 on F.Cu
[unconnected_items]: Missing connection between items
    Local override; error
    @(23.2850 mm, 26.9150 mm): Pad 1 [ROW_13_ANODE] of D347 on F.Cu
    @(25.4850 mm, 26.9150 mm): Pad 1 [ROW_13_ANODE] of D348 on F.Cu
[unconnected_items]: Missing connection between items
    Local override; error
    @(25.4850 mm, 26.9150 mm): Pad 1 [ROW_13_ANODE] of D348 on F.Cu
    @(27.6850 mm, 26.9150 mm): Pad 1 [ROW_13_ANODE] of D349 on F.Cu
[unconnected_items]: Missing connection between items
    Local override; error
    @(27.6850 mm, 26.9150 mm): Pad 1 [ROW_13_ANODE] of D349 on F.Cu
    @(29.8850 mm, 26.9150 mm): Pad 1 [ROW_13_ANODE] of D350 on F.Cu
[unconnected_items]: Missing connection between items
    Local override; error
    @(29.8850 mm, 26.9150 mm): Pad 1 [ROW_13_ANODE] of D350 on F.Cu
    @(32.0850 mm, 26.9150 mm): Pad 1 [ROW_13_ANODE] of D351 on F.Cu
[unconnected_items]: Missing connection between items
    Local override; error
    @(32.0850 mm, 26.9150 mm): Pad 1 [ROW_13_ANODE] of D351 on F.Cu
    @(34.2850 mm, 26.9150 mm): Pad 1 [ROW_13_ANODE] of D352 on F.Cu
[unconnected_items]: Missing connection between items
    Local override; error
    @(34.2850 mm, 26.9150 mm): Pad 1 [ROW_13_ANODE] of D352 on F.Cu
    @(36.4850 mm, 26.9150 mm): Pad 1 [ROW_13_ANODE] of D353 on F.Cu
[unconnected_items]: Missing connection between items
    Local override; error
    @(36.4850 mm, 26.9150 mm): Pad 1 [ROW_13_ANODE] of D353 on F.Cu
    @(38.6850 mm, 26.9150 mm): Pad 1 [ROW_13_ANODE] of D354 on F.Cu
[unconnected_items]: Missing connection between items
    Local override; error
    @(38.6850 mm, 26.9150 mm): Pad 1 [ROW_13_ANODE] of D354 on F.Cu
    @(40.8850 mm, 26.9150 mm): Pad 1 [ROW_13_ANODE] of D355 on F.Cu
[unconnected_items]: Missing connection between items
    Local override; error
    @(40.8850 mm, 26.9150 mm): Pad 1 [ROW_13_ANODE] of D355 on F.Cu
    @(43.0850 mm, 26.9150 mm): Pad 1 [ROW_13_ANODE] of D356 on F.Cu
[unconnected_items]: Missing connection between items
    Local override; error
    @(43.0850 mm, 26.9150 mm): Pad 1 [ROW_13_ANODE] of D356 on F.Cu
    @(45.2850 mm, 26.9150 mm): Pad 1 [ROW_13_ANODE] of D357 on F.Cu
[unconnected_items]: Missing connection between items
    Local override; error
    @(45.2850 mm, 26.9150 mm): Pad 1 [ROW_13_ANODE] of D357 on F.Cu
    @(47.4850 mm, 26.9150 mm): Pad 1 [ROW_13_ANODE] of D358 on F.Cu
[unconnected_items]: Missing connection between items
    Local override; error
    @(47.4850 mm, 26.9150 mm): Pad 1 [ROW_13_ANODE] of D358 on F.Cu
    @(49.6850 mm, 26.9150 mm): Pad 1 [ROW_13_ANODE] of D359 on F.Cu
[unconnected_items]: Missing connection between items
    Local override; error
    @(49.6850 mm, 26.9150 mm): Pad 1 [ROW_13_ANODE] of D359 on F.Cu
    @(51.8850 mm, 26.9150 mm): Pad 1 [ROW_13_ANODE] of D360 on F.Cu
[unconnected_items]: Missing connection between items
    Local override; error
    @(51.8850 mm, 26.9150 mm): Pad 1 [ROW_13_ANODE] of D360 on F.Cu
    @(54.0850 mm, 26.9150 mm): Pad 1 [ROW_13_ANODE] of D361 on F.Cu
[unconnected_items]: Missing connection between items
    Local override; error
    @(54.0850 mm, 26.9150 mm): Pad 1 [ROW_13_ANODE] of D361 on F.Cu
    @(56.2850 mm, 26.9150 mm): Pad 1 [ROW_13_ANODE] of D362 on F.Cu
[unconnected_items]: Missing connection between items
    Local override; error
    @(56.2850 mm, 26.9150 mm): Pad 1 [ROW_13_ANODE] of D362 on F.Cu
    @(58.4850 mm, 26.9150 mm): Pad 1 [ROW_13_ANODE] of D363 on F.Cu
[unconnected_items]: Missing connection between items
    Local override; error
    @(58.4850 mm, 26.9150 mm): Pad 1 [ROW_13_ANODE] of D363 on F.Cu
    @(60.6850 mm, 26.9150 mm): Pad 1 [ROW_13_ANODE] of D364 on F.Cu
[unconnected_items]: Missing connection between items
    Local override; error
    @(3.4850 mm, 3.4850 mm): Pad 2 [COL_R_02] of D30 on F.Cu
    @(3.4850 mm, 1.2850 mm): Pad 2 [COL_R_02] of D2 on F.Cu
[unconnected_items]: Missing connection between items
    Local override; error
    @(3.4850 mm, 5.6850 mm): Pad 2 [COL_R_02] of D58 on F.Cu
    @(3.4850 mm, 3.4850 mm): Pad 2 [COL_R_02] of D30 on F.Cu
[unconnected_items]: Missing connection between items
    Local override; error
    @(3.4850 mm, 7.8850 mm): Pad 2 [COL_R_02] of D86 on F.Cu
    @(3.4850 mm, 5.6850 mm): Pad 2 [COL_R_02] of D58 on F.Cu
[unconnected_items]: Missing connection between items
    Local override; error
    @(3.4850 mm, 10.0850 mm): Pad 2 [COL_R_02] of D114 on F.Cu
    @(3.4850 mm, 7.8850 mm): Pad 2 [COL_R_02] of D86 on F.Cu
[unconnected_items]: Missing connection between items
    Local override; error
    @(3.4850 mm, 12.2850 mm): Pad 2 [COL_R_02] of D142 on F.Cu
    @(3.4850 mm, 10.0850 mm): Pad 2 [COL_R_02] of D114 on F.Cu
[unconnected_items]: Missing connection between items
    Local override; error
    @(3.4850 mm, 14.4850 mm): Pad 2 [COL_R_02] of D170 on F.Cu
    @(3.4850 mm, 12.2850 mm): Pad 2 [COL_R_02] of D142 on F.Cu
[unconnected_items]: Missing connection between items
    Local override; error
    @(3.4850 mm, 16.6850 mm): Pad 2 [COL_R_02] of D198 on F.Cu
    @(3.4850 mm, 14.4850 mm): Pad 2 [COL_R_02] of D170 on F.Cu
[unconnected_items]: Missing connection between items
    Local override; error
    @(3.4850 mm, 18.8850 mm): Pad 2 [COL_R_02] of D226 on F.Cu
    @(3.4850 mm, 16.6850 mm): Pad 2 [COL_R_02] of D198 on F.Cu
[unconnected_items]: Missing connection between items
    Local override; error
    @(3.4850 mm, 21.0850 mm): Pad 2 [COL_R_02] of D254 on F.Cu
    @(3.4850 mm, 18.8850 mm): Pad 2 [COL_R_02] of D226 on F.Cu
[unconnected_items]: Missing connection between items
    Local override; error
    @(3.4850 mm, 23.2850 mm): Pad 2 [COL_R_02] of D282 on F.Cu
    @(3.4850 mm, 21.0850 mm): Pad 2 [COL_R_02] of D254 on F.Cu
[unconnected_items]: Missing connection between items
    Local override; error
    @(3.4850 mm, 25.4850 mm): Pad 2 [COL_R_02] of D310 on F.Cu
    @(3.4850 mm, 23.2850 mm): Pad 2 [COL_R_02] of D282 on F.Cu
[unconnected_items]: Missing connection between items
    Local override; error
    @(3.4850 mm, 27.6850 mm): Pad 2 [COL_R_02] of D338 on F.Cu
    @(3.4850 mm, 25.4850 mm): Pad 2 [COL_R_02] of D310 on F.Cu
[unconnected_items]: Missing connection between items
    Local override; error
    @(3.4850 mm, 29.8850 mm): Pad 2 [COL_R_02] of D366 on F.Cu
    @(3.4850 mm, 27.6850 mm): Pad 2 [COL_R_02] of D338 on F.Cu
[unconnected_items]: Missing connection between items
    Local override; error
    @(3.4850 mm, 32.0850 mm): Pad 2 [COL_R_02] of D394 on F.Cu
    @(3.4850 mm, 29.8850 mm): Pad 2 [COL_R_02] of D366 on F.Cu
[unconnected_items]: Missing connection between items
    Local override; error
    @(3.4850 mm, 34.2850 mm): Pad 2 [COL_R_02] of D422 on F.Cu
    @(3.4850 mm, 32.0850 mm): Pad 2 [COL_R_02] of D394 on F.Cu
[unconnected_items]: Missing connection between items
    Local override; error
    @(3.4850 mm, 36.4850 mm): Pad 2 [COL_R_02] of D450 on F.Cu
    @(3.4850 mm, 34.2850 mm): Pad 2 [COL_R_02] of D422 on F.Cu
[unconnected_items]: Missing connection between items
    Local override; error
    @(3.4850 mm, 38.6850 mm): Pad 2 [COL_R_02] of D478 on F.Cu
    @(3.4850 mm, 36.4850 mm): Pad 2 [COL_R_02] of D450 on F.Cu
[unconnected_items]: Missing connection between items
    Local override; error
    @(3.4850 mm, 40.8850 mm): Pad 2 [COL_R_02] of D506 on F.Cu
    @(3.4850 mm, 38.6850 mm): Pad 2 [COL_R_02] of D478 on F.Cu
[unconnected_items]: Missing connection between items
    Local override; error
    @(3.4850 mm, 43.0850 mm): Pad 2 [COL_R_02] of D534 on F.Cu
    @(3.4850 mm, 40.8850 mm): Pad 2 [COL_R_02] of D506 on F.Cu
[unconnected_items]: Missing connection between items
    Local override; error
    @(3.4850 mm, 45.2850 mm): Pad 2 [COL_R_02] of D562 on F.Cu
    @(3.4850 mm, 43.0850 mm): Pad 2 [COL_R_02] of D534 on F.Cu
[unconnected_items]: Missing connection between items
    Local override; error
    @(3.4850 mm, 47.4850 mm): Pad 2 [COL_R_02] of D590 on F.Cu
    @(3.4850 mm, 45.2850 mm): Pad 2 [COL_R_02] of D562 on F.Cu
[unconnected_items]: Missing connection between items
    Local override; error
    @(3.4850 mm, 49.6850 mm): Pad 2 [COL_R_02] of D618 on F.Cu
    @(3.4850 mm, 47.4850 mm): Pad 2 [COL_R_02] of D590 on F.Cu
[unconnected_items]: Missing connection between items
    Local override; error
    @(3.4850 mm, 51.8850 mm): Pad 2 [COL_R_02] of D646 on F.Cu
    @(3.4850 mm, 49.6850 mm): Pad 2 [COL_R_02] of D618 on F.Cu
[unconnected_items]: Missing connection between items
    Local override; error
    @(3.4850 mm, 54.0850 mm): Pad 2 [COL_R_02] of D674 on F.Cu
    @(3.4850 mm, 51.8850 mm): Pad 2 [COL_R_02] of D646 on F.Cu
[unconnected_items]: Missing connection between items
    Local override; error
    @(3.4850 mm, 56.2850 mm): Pad 2 [COL_R_02] of D702 on F.Cu
    @(2.7250 mm, 57.1750 mm): Track [COL_R_02] on B.Cu, length 2.2000 mm
[unconnected_items]: Missing connection between items
    Local override; error
    @(3.4850 mm, 56.2850 mm): Pad 2 [COL_R_02] of D702 on F.Cu
    @(3.4850 mm, 54.0850 mm): Pad 2 [COL_R_02] of D674 on F.Cu
[unconnected_items]: Missing connection between items
    Local override; error
    @(2.7150 mm, 1.2850 mm): Pad 3 [COL_G_02] of D2 on F.Cu
    @(2.7150 mm, 3.4850 mm): Pad 3 [COL_G_02] of D30 on F.Cu
[unconnected_items]: Missing connection between items
    Local override; error
    @(2.7150 mm, 3.4850 mm): Pad 3 [COL_G_02] of D30 on F.Cu
    @(2.7150 mm, 5.6850 mm): Pad 3 [COL_G_02] of D58 on F.Cu
[unconnected_items]: Missing connection between items
    Local override; error
    @(2.7150 mm, 5.6850 mm): Pad 3 [COL_G_02] of D58 on F.Cu
    @(2.7150 mm, 7.8850 mm): Pad 3 [COL_G_02] of D86 on F.Cu
[unconnected_items]: Missing connection between items
    Local override; error
    @(2.7150 mm, 7.8850 mm): Pad 3 [COL_G_02] of D86 on F.Cu
    @(2.7150 mm, 10.0850 mm): Pad 3 [COL_G_02] of D114 on F.Cu
[unconnected_items]: Missing connection between items
    Local override; error
    @(2.7150 mm, 10.0850 mm): Pad 3 [COL_G_02] of D114 on F.Cu
    @(2.7150 mm, 12.2850 mm): Pad 3 [COL_G_02] of D142 on F.Cu
[unconnected_items]: Missing connection between items
    Local override; error
    @(2.7150 mm, 12.2850 mm): Pad 3 [COL_G_02] of D142 on F.Cu
    @(2.7150 mm, 14.4850 mm): Pad 3 [COL_G_02] of D170 on F.Cu
[unconnected_items]: Missing connection between items
    Local override; error
    @(2.7150 mm, 14.4850 mm): Pad 3 [COL_G_02] of D170 on F.Cu
    @(2.7150 mm, 16.6850 mm): Pad 3 [COL_G_02] of D198 on F.Cu
[unconnected_items]: Missing connection between items
    Local override; error
    @(2.7150 mm, 16.6850 mm): Pad 3 [COL_G_02] of D198 on F.Cu
    @(2.7150 mm, 18.8850 mm): Pad 3 [COL_G_02] of D226 on F.Cu
[unconnected_items]: Missing connection between items
    Local override; error
    @(2.7150 mm, 18.8850 mm): Pad 3 [COL_G_02] of D226 on F.Cu
    @(2.7150 mm, 21.0850 mm): Pad 3 [COL_G_02] of D254 on F.Cu
[unconnected_items]: Missing connection between items
    Local override; error
    @(2.7150 mm, 21.0850 mm): Pad 3 [COL_G_02] of D254 on F.Cu
    @(2.7150 mm, 23.2850 mm): Pad 3 [COL_G_02] of D282 on F.Cu
[unconnected_items]: Missing connection between items
    Local override; error
    @(2.7150 mm, 23.2850 mm): Pad 3 [COL_G_02] of D282 on F.Cu
    @(2.7150 mm, 25.4850 mm): Pad 3 [COL_G_02] of D310 on F.Cu
[unconnected_items]: Missing connection between items
    Local override; error
    @(2.7150 mm, 25.4850 mm): Pad 3 [COL_G_02] of D310 on F.Cu
    @(2.7150 mm, 27.6850 mm): Pad 3 [COL_G_02] of D338 on F.Cu
[unconnected_items]: Missing connection between items
    Local override; error
    @(2.7150 mm, 27.6850 mm): Pad 3 [COL_G_02] of D338 on F.Cu
    @(2.7150 mm, 29.8850 mm): Pad 3 [COL_G_02] of D366 on F.Cu
[unconnected_items]: Missing connection between items
    Local override; error
    @(2.7150 mm, 29.8850 mm): Pad 3 [COL_G_02] of D366 on F.Cu
    @(2.7150 mm, 32.0850 mm): Pad 3 [COL_G_02] of D394 on F.Cu
[unconnected_items]: Missing connection between items
    Local override; error
    @(2.7150 mm, 32.0850 mm): Pad 3 [COL_G_02] of D394 on F.Cu
    @(2.7150 mm, 34.2850 mm): Pad 3 [COL_G_02] of D422 on F.Cu
[unconnected_items]: Missing connection between items
    Local override; error
    @(2.7150 mm, 34.2850 mm): Pad 3 [COL_G_02] of D422 on F.Cu
    @(2.7150 mm, 36.4850 mm): Pad 3 [COL_G_02] of D450 on F.Cu
[unconnected_items]: Missing connection between items
    Local override; error
    @(2.7150 mm, 36.4850 mm): Pad 3 [COL_G_02] of D450 on F.Cu
    @(2.7150 mm, 38.6850 mm): Pad 3 [COL_G_02] of D478 on F.Cu
[unconnected_items]: Missing connection between items
    Local override; error
    @(2.7150 mm, 38.6850 mm): Pad 3 [COL_G_02] of D478 on F.Cu
    @(2.7150 mm, 40.8850 mm): Pad 3 [COL_G_02] of D506 on F.Cu
[unconnected_items]: Missing connection between items
    Local override; error
    @(2.7150 mm, 40.8850 mm): Pad 3 [COL_G_02] of D506 on F.Cu
    @(2.7150 mm, 43.0850 mm): Pad 3 [COL_G_02] of D534 on F.Cu
[unconnected_items]: Missing connection between items
    Local override; error
    @(2.7150 mm, 43.0850 mm): Pad 3 [COL_G_02] of D534 on F.Cu
    @(2.7150 mm, 45.2850 mm): Pad 3 [COL_G_02] of D562 on F.Cu
[unconnected_items]: Missing connection between items
    Local override; error
    @(2.7150 mm, 45.2850 mm): Pad 3 [COL_G_02] of D562 on F.Cu
    @(2.7150 mm, 47.4850 mm): Pad 3 [COL_G_02] of D590 on F.Cu
[unconnected_items]: Missing connection between items
    Local override; error
    @(2.7150 mm, 47.4850 mm): Pad 3 [COL_G_02] of D590 on F.Cu
    @(2.7150 mm, 49.6850 mm): Pad 3 [COL_G_02] of D618 on F.Cu
[unconnected_items]: Missing connection between items
    Local override; error
    @(2.7150 mm, 49.6850 mm): Pad 3 [COL_G_02] of D618 on F.Cu
    @(2.7150 mm, 51.8850 mm): Pad 3 [COL_G_02] of D646 on F.Cu
[unconnected_items]: Missing connection between items
    Local override; error
    @(2.7150 mm, 51.8850 mm): Pad 3 [COL_G_02] of D646 on F.Cu
    @(2.7150 mm, 54.0850 mm): Pad 3 [COL_G_02] of D674 on F.Cu
[unconnected_items]: Missing connection between items
    Local override; error
    @(2.7150 mm, 54.0850 mm): Pad 3 [COL_G_02] of D674 on F.Cu
    @(2.7150 mm, 56.2850 mm): Pad 3 [COL_G_02] of D702 on F.Cu
[unconnected_items]: Missing connection between items
    Local override; error
    @(3.4850 mm, 57.7150 mm): Track [COL_G_02] on F.Cu, length 0.5401 mm
    @(2.7150 mm, 56.2850 mm): Pad 3 [COL_G_02] of D702 on F.Cu
[unconnected_items]: Missing connection between items
    Local override; error
    @(2.7150 mm, 0.5150 mm): Pad 4 [COL_B_02] of D2 on F.Cu
    @(2.7150 mm, 2.7150 mm): Pad 4 [COL_B_02] of D30 on F.Cu
[unconnected_items]: Missing connection between items
    Local override; error
    @(2.7150 mm, 2.7150 mm): Pad 4 [COL_B_02] of D30 on F.Cu
    @(2.7150 mm, 4.9150 mm): Pad 4 [COL_B_02] of D58 on F.Cu
[unconnected_items]: Missing connection between items
    Local override; error
    @(2.7150 mm, 4.9150 mm): Pad 4 [COL_B_02] of D58 on F.Cu
    @(2.7150 mm, 7.1150 mm): Pad 4 [COL_B_02] of D86 on F.Cu
[unconnected_items]: Missing connection between items
    Local override; error
    @(2.7150 mm, 7.1150 mm): Pad 4 [COL_B_02] of D86 on F.Cu
    @(2.7150 mm, 9.3150 mm): Pad 4 [COL_B_02] of D114 on F.Cu
[unconnected_items]: Missing connection between items
    Local override; error
    @(2.7150 mm, 9.3150 mm): Pad 4 [COL_B_02] of D114 on F.Cu
    @(2.7150 mm, 11.5150 mm): Pad 4 [COL_B_02] of D142 on F.Cu
[unconnected_items]: Missing connection between items
    Local override; error
    @(2.7150 mm, 11.5150 mm): Pad 4 [COL_B_02] of D142 on F.Cu
    @(2.7150 mm, 13.7150 mm): Pad 4 [COL_B_02] of D170 on F.Cu
[unconnected_items]: Missing connection between items
    Local override; error
    @(2.7150 mm, 13.7150 mm): Pad 4 [COL_B_02] of D170 on F.Cu
    @(2.7150 mm, 15.9150 mm): Pad 4 [COL_B_02] of D198 on F.Cu
[unconnected_items]: Missing connection between items
    Local override; error
    @(2.7150 mm, 15.9150 mm): Pad 4 [COL_B_02] of D198 on F.Cu
    @(2.7150 mm, 18.1150 mm): Pad 4 [COL_B_02] of D226 on F.Cu
[unconnected_items]: Missing connection between items
    Local override; error
    @(2.7150 mm, 18.1150 mm): Pad 4 [COL_B_02] of D226 on F.Cu
    @(2.7150 mm, 20.3150 mm): Pad 4 [COL_B_02] of D254 on F.Cu
[unconnected_items]: Missing connection between items
    Local override; error
    @(2.7150 mm, 20.3150 mm): Pad 4 [COL_B_02] of D254 on F.Cu
    @(2.7150 mm, 22.5150 mm): Pad 4 [COL_B_02] of D282 on F.Cu
[unconnected_items]: Missing connection between items
    Local override; error
    @(2.7150 mm, 22.5150 mm): Pad 4 [COL_B_02] of D282 on F.Cu
    @(2.7150 mm, 24.7150 mm): Pad 4 [COL_B_02] of D310 on F.Cu
[unconnected_items]: Missing connection between items
    Local override; error
    @(2.7150 mm, 24.7150 mm): Pad 4 [COL_B_02] of D310 on F.Cu
    @(2.7150 mm, 26.9150 mm): Pad 4 [COL_B_02] of D338 on F.Cu
[unconnected_items]: Missing connection between items
    Local override; error
    @(2.7150 mm, 26.9150 mm): Pad 4 [COL_B_02] of D338 on F.Cu
    @(2.7150 mm, 29.1150 mm): Pad 4 [COL_B_02] of D366 on F.Cu
[unconnected_items]: Missing connection between items
    Local override; error
    @(2.7150 mm, 29.1150 mm): Pad 4 [COL_B_02] of D366 on F.Cu
    @(2.7150 mm, 31.3150 mm): Pad 4 [COL_B_02] of D394 on F.Cu
[unconnected_items]: Missing connection between items
    Local override; error
    @(2.7150 mm, 31.3150 mm): Pad 4 [COL_B_02] of D394 on F.Cu
    @(2.7150 mm, 33.5150 mm): Pad 4 [COL_B_02] of D422 on F.Cu
[unconnected_items]: Missing connection between items
    Local override; error
    @(2.7150 mm, 33.5150 mm): Pad 4 [COL_B_02] of D422 on F.Cu
    @(2.7150 mm, 35.7150 mm): Pad 4 [COL_B_02] of D450 on F.Cu
[unconnected_items]: Missing connection between items
    Local override; error
    @(2.7150 mm, 35.7150 mm): Pad 4 [COL_B_02] of D450 on F.Cu
    @(2.7150 mm, 37.9150 mm): Pad 4 [COL_B_02] of D478 on F.Cu
[unconnected_items]: Missing connection between items
    Local override; error
    @(2.7150 mm, 37.9150 mm): Pad 4 [COL_B_02] of D478 on F.Cu
    @(2.7150 mm, 40.1150 mm): Pad 4 [COL_B_02] of D506 on F.Cu
[unconnected_items]: Missing connection between items
    Local override; error
    @(2.7150 mm, 40.1150 mm): Pad 4 [COL_B_02] of D506 on F.Cu
    @(2.7150 mm, 42.3150 mm): Pad 4 [COL_B_02] of D534 on F.Cu
[unconnected_items]: Missing connection between items
    Local override; error
    @(2.7150 mm, 42.3150 mm): Pad 4 [COL_B_02] of D534 on F.Cu
    @(2.7150 mm, 44.5150 mm): Pad 4 [COL_B_02] of D562 on F.Cu
[unconnected_items]: Missing connection between items
    Local override; error
    @(2.7150 mm, 44.5150 mm): Pad 4 [COL_B_02] of D562 on F.Cu
    @(2.7150 mm, 46.7150 mm): Pad 4 [COL_B_02] of D590 on F.Cu
[unconnected_items]: Missing connection between items
    Local override; error
    @(2.7150 mm, 46.7150 mm): Pad 4 [COL_B_02] of D590 on F.Cu
    @(2.7150 mm, 48.9150 mm): Pad 4 [COL_B_02] of D618 on F.Cu
[unconnected_items]: Missing connection between items
    Local override; error
    @(2.7150 mm, 48.9150 mm): Pad 4 [COL_B_02] of D618 on F.Cu
    @(2.7150 mm, 51.1150 mm): Pad 4 [COL_B_02] of D646 on F.Cu
[unconnected_items]: Missing connection between items
    Local override; error
    @(2.7150 mm, 51.1150 mm): Pad 4 [COL_B_02] of D646 on F.Cu
    @(2.7150 mm, 53.3150 mm): Pad 4 [COL_B_02] of D674 on F.Cu
[unconnected_items]: Missing connection between items
    Local override; error
    @(2.7150 mm, 53.3150 mm): Pad 4 [COL_B_02] of D674 on F.Cu
    @(2.7150 mm, 55.5150 mm): Pad 4 [COL_B_02] of D702 on F.Cu
[unconnected_items]: Missing connection between items
    Local override; error
    @(2.7150 mm, 55.5150 mm): Pad 4 [COL_B_02] of D702 on F.Cu
    @(3.1000 mm, 56.8250 mm): Track [COL_B_02] on B.Cu, length 2.2000 mm
[unconnected_items]: Missing connection between items
    Local override; error
    @(1.2850 mm, 48.9150 mm): Pad 1 [ROW_23_ANODE] of D617 on F.Cu
    @(3.4850 mm, 48.9150 mm): Pad 1 [ROW_23_ANODE] of D618 on F.Cu
[unconnected_items]: Missing connection between items
    Local override; error
    @(3.4850 mm, 48.9150 mm): Pad 1 [ROW_23_ANODE] of D618 on F.Cu
    @(5.6850 mm, 48.9150 mm): Pad 1 [ROW_23_ANODE] of D619 on F.Cu
[unconnected_items]: Missing connection between items
    Local override; error
    @(5.6850 mm, 48.9150 mm): Pad 1 [ROW_23_ANODE] of D619 on F.Cu
    @(7.8850 mm, 48.9150 mm): Pad 1 [ROW_23_ANODE] of D620 on F.Cu
[unconnected_items]: Missing connection between items
    Local override; error
    @(7.8850 mm, 48.9150 mm): Pad 1 [ROW_23_ANODE] of D620 on F.Cu
    @(10.0850 mm, 48.9150 mm): Pad 1 [ROW_23_ANODE] of D621 on F.Cu
[unconnected_items]: Missing connection between items
    Local override; error
    @(10.0850 mm, 48.9150 mm): Pad 1 [ROW_23_ANODE] of D621 on F.Cu
    @(12.2850 mm, 48.9150 mm): Pad 1 [ROW_23_ANODE] of D622 on F.Cu
[unconnected_items]: Missing connection between items
    Local override; error
    @(12.2850 mm, 48.9150 mm): Pad 1 [ROW_23_ANODE] of D622 on F.Cu
    @(14.4850 mm, 48.9150 mm): Pad 1 [ROW_23_ANODE] of D623 on F.Cu
[unconnected_items]: Missing connection between items
    Local override; error
    @(14.4850 mm, 48.9150 mm): Pad 1 [ROW_23_ANODE] of D623 on F.Cu
    @(16.6850 mm, 48.9150 mm): Pad 1 [ROW_23_ANODE] of D624 on F.Cu
[unconnected_items]: Missing connection between items
    Local override; error
    @(16.6850 mm, 48.9150 mm): Pad 1 [ROW_23_ANODE] of D624 on F.Cu
    @(18.8850 mm, 48.9150 mm): Pad 1 [ROW_23_ANODE] of D625 on F.Cu
[unconnected_items]: Missing connection between items
    Local override; error
    @(18.8850 mm, 48.9150 mm): Pad 1 [ROW_23_ANODE] of D625 on F.Cu
    @(21.0850 mm, 48.9150 mm): Pad 1 [ROW_23_ANODE] of D626 on F.Cu
[unconnected_items]: Missing connection between items
    Local override; error
    @(21.0850 mm, 48.9150 mm): Pad 1 [ROW_23_ANODE] of D626 on F.Cu
    @(23.2850 mm, 48.9150 mm): Pad 1 [ROW_23_ANODE] of D627 on F.Cu
[unconnected_items]: Missing connection between items
    Local override; error
    @(23.2850 mm, 48.9150 mm): Pad 1 [ROW_23_ANODE] of D627 on F.Cu
    @(25.4850 mm, 48.9150 mm): Pad 1 [ROW_23_ANODE] of D628 on F.Cu
[unconnected_items]: Missing connection between items
    Local override; error
    @(25.4850 mm, 48.9150 mm): Pad 1 [ROW_23_ANODE] of D628 on F.Cu
    @(27.6850 mm, 48.9150 mm): Pad 1 [ROW_23_ANODE] of D629 on F.Cu
[unconnected_items]: Missing connection between items
    Local override; error
    @(27.6850 mm, 48.9150 mm): Pad 1 [ROW_23_ANODE] of D629 on F.Cu
    @(29.8850 mm, 48.9150 mm): Pad 1 [ROW_23_ANODE] of D630 on F.Cu
[unconnected_items]: Missing connection between items
    Local override; error
    @(29.8850 mm, 48.9150 mm): Pad 1 [ROW_23_ANODE] of D630 on F.Cu
    @(32.0850 mm, 48.9150 mm): Pad 1 [ROW_23_ANODE] of D631 on F.Cu
[unconnected_items]: Missing connection between items
    Local override; error
    @(32.0850 mm, 48.9150 mm): Pad 1 [ROW_23_ANODE] of D631 on F.Cu
    @(34.2850 mm, 48.9150 mm): Pad 1 [ROW_23_ANODE] of D632 on F.Cu
[unconnected_items]: Missing connection between items
    Local override; error
    @(34.2850 mm, 48.9150 mm): Pad 1 [ROW_23_ANODE] of D632 on F.Cu
    @(36.4850 mm, 48.9150 mm): Pad 1 [ROW_23_ANODE] of D633 on F.Cu
[unconnected_items]: Missing connection between items
    Local override; error
    @(36.4850 mm, 48.9150 mm): Pad 1 [ROW_23_ANODE] of D633 on F.Cu
    @(38.6850 mm, 48.9150 mm): Pad 1 [ROW_23_ANODE] of D634 on F.Cu
[unconnected_items]: Missing connection between items
    Local override; error
    @(38.6850 mm, 48.9150 mm): Pad 1 [ROW_23_ANODE] of D634 on F.Cu
    @(40.8850 mm, 48.9150 mm): Pad 1 [ROW_23_ANODE] of D635 on F.Cu
[unconnected_items]: Missing connection between items
    Local override; error
    @(40.8850 mm, 48.9150 mm): Pad 1 [ROW_23_ANODE] of D635 on F.Cu
    @(43.0850 mm, 48.9150 mm): Pad 1 [ROW_23_ANODE] of D636 on F.Cu
[unconnected_items]: Missing connection between items
    Local override; error
    @(43.0850 mm, 48.9150 mm): Pad 1 [ROW_23_ANODE] of D636 on F.Cu
    @(45.2850 mm, 48.9150 mm): Pad 1 [ROW_23_ANODE] of D637 on F.Cu
[unconnected_items]: Missing connection between items
    Local override; error
    @(45.2850 mm, 48.9150 mm): Pad 1 [ROW_23_ANODE] of D637 on F.Cu
    @(47.4850 mm, 48.9150 mm): Pad 1 [ROW_23_ANODE] of D638 on F.Cu
[unconnected_items]: Missing connection between items
    Local override; error
    @(47.4850 mm, 48.9150 mm): Pad 1 [ROW_23_ANODE] of D638 on F.Cu
    @(49.6850 mm, 48.9150 mm): Pad 1 [ROW_23_ANODE] of D639 on F.Cu
[unconnected_items]: Missing connection between items
    Local override; error
    @(49.6850 mm, 48.9150 mm): Pad 1 [ROW_23_ANODE] of D639 on F.Cu
    @(51.8850 mm, 48.9150 mm): Pad 1 [ROW_23_ANODE] of D640 on F.Cu
[unconnected_items]: Missing connection between items
    Local override; error
    @(51.8850 mm, 48.9150 mm): Pad 1 [ROW_23_ANODE] of D640 on F.Cu
    @(54.0850 mm, 48.9150 mm): Pad 1 [ROW_23_ANODE] of D641 on F.Cu
[unconnected_items]: Missing connection between items
    Local override; error
    @(54.0850 mm, 48.9150 mm): Pad 1 [ROW_23_ANODE] of D641 on F.Cu
    @(56.2850 mm, 48.9150 mm): Pad 1 [ROW_23_ANODE] of D642 on F.Cu
[unconnected_items]: Missing connection between items
    Local override; error
    @(56.2850 mm, 48.9150 mm): Pad 1 [ROW_23_ANODE] of D642 on F.Cu
    @(58.4850 mm, 48.9150 mm): Pad 1 [ROW_23_ANODE] of D643 on F.Cu
[unconnected_items]: Missing connection between items
    Local override; error
    @(58.4850 mm, 48.9150 mm): Pad 1 [ROW_23_ANODE] of D643 on F.Cu
    @(60.6850 mm, 48.9150 mm): Pad 1 [ROW_23_ANODE] of D644 on F.Cu
[unconnected_items]: Missing connection between items
    Local override; error
    @(23.2850 mm, 1.2850 mm): Pad 2 [COL_R_11] of D11 on F.Cu
    @(23.2850 mm, 3.4850 mm): Pad 2 [COL_R_11] of D39 on F.Cu
[unconnected_items]: Missing connection between items
    Local override; error
    @(23.2850 mm, 3.4850 mm): Pad 2 [COL_R_11] of D39 on F.Cu
    @(23.2850 mm, 5.6850 mm): Pad 2 [COL_R_11] of D67 on F.Cu
[unconnected_items]: Missing connection between items
    Local override; error
    @(23.2850 mm, 5.6850 mm): Pad 2 [COL_R_11] of D67 on F.Cu
    @(23.2850 mm, 7.8850 mm): Pad 2 [COL_R_11] of D95 on F.Cu
[unconnected_items]: Missing connection between items
    Local override; error
    @(23.2850 mm, 7.8850 mm): Pad 2 [COL_R_11] of D95 on F.Cu
    @(23.2850 mm, 10.0850 mm): Pad 2 [COL_R_11] of D123 on F.Cu
[unconnected_items]: Missing connection between items
    Local override; error
    @(23.2850 mm, 10.0850 mm): Pad 2 [COL_R_11] of D123 on F.Cu
    @(23.2850 mm, 12.2850 mm): Pad 2 [COL_R_11] of D151 on F.Cu
[unconnected_items]: Missing connection between items
    Local override; error
    @(23.2850 mm, 12.2850 mm): Pad 2 [COL_R_11] of D151 on F.Cu
    @(23.2850 mm, 14.4850 mm): Pad 2 [COL_R_11] of D179 on F.Cu
[unconnected_items]: Missing connection between items
    Local override; error
    @(23.2850 mm, 14.4850 mm): Pad 2 [COL_R_11] of D179 on F.Cu
    @(23.2850 mm, 16.6850 mm): Pad 2 [COL_R_11] of D207 on F.Cu
[unconnected_items]: Missing connection between items
    Local override; error
    @(23.2850 mm, 16.6850 mm): Pad 2 [COL_R_11] of D207 on F.Cu
    @(23.2850 mm, 18.8850 mm): Pad 2 [COL_R_11] of D235 on F.Cu
[unconnected_items]: Missing connection between items
    Local override; error
    @(23.2850 mm, 18.8850 mm): Pad 2 [COL_R_11] of D235 on F.Cu
    @(23.2850 mm, 21.0850 mm): Pad 2 [COL_R_11] of D263 on F.Cu
[unconnected_items]: Missing connection between items
    Local override; error
    @(23.2850 mm, 21.0850 mm): Pad 2 [COL_R_11] of D263 on F.Cu
    @(23.2850 mm, 23.2850 mm): Pad 2 [COL_R_11] of D291 on F.Cu
[unconnected_items]: Missing connection between items
    Local override; error
    @(23.2850 mm, 23.2850 mm): Pad 2 [COL_R_11] of D291 on F.Cu
    @(23.2850 mm, 25.4850 mm): Pad 2 [COL_R_11] of D319 on F.Cu
[unconnected_items]: Missing connection between items
    Local override; error
    @(23.2850 mm, 25.4850 mm): Pad 2 [COL_R_11] of D319 on F.Cu
    @(23.2850 mm, 27.6850 mm): Pad 2 [COL_R_11] of D347 on F.Cu
[unconnected_items]: Missing connection between items
    Local override; error
    @(23.2850 mm, 27.6850 mm): Pad 2 [COL_R_11] of D347 on F.Cu
    @(23.2850 mm, 29.8850 mm): Pad 2 [COL_R_11] of D375 on F.Cu
[unconnected_items]: Missing connection between items
    Local override; error
    @(23.2850 mm, 29.8850 mm): Pad 2 [COL_R_11] of D375 on F.Cu
    @(23.2850 mm, 32.0850 mm): Pad 2 [COL_R_11] of D403 on F.Cu
[unconnected_items]: Missing connection between items
    Local override; error
    @(23.2850 mm, 32.0850 mm): Pad 2 [COL_R_11] of D403 on F.Cu
    @(23.2850 mm, 34.2850 mm): Pad 2 [COL_R_11] of D431 on F.Cu
[unconnected_items]: Missing connection between items
    Local override; error
    @(23.2850 mm, 34.2850 mm): Pad 2 [COL_R_11] of D431 on F.Cu
    @(23.2850 mm, 36.4850 mm): Pad 2 [COL_R_11] of D459 on F.Cu
[unconnected_items]: Missing connection between items
    Local override; error
    @(23.2850 mm, 36.4850 mm): Pad 2 [COL_R_11] of D459 on F.Cu
    @(23.2850 mm, 38.6850 mm): Pad 2 [COL_R_11] of D487 on F.Cu
[unconnected_items]: Missing connection between items
    Local override; error
    @(23.2850 mm, 38.6850 mm): Pad 2 [COL_R_11] of D487 on F.Cu
    @(23.2850 mm, 40.8850 mm): Pad 2 [COL_R_11] of D515 on F.Cu
[unconnected_items]: Missing connection between items
    Local override; error
    @(23.2850 mm, 40.8850 mm): Pad 2 [COL_R_11] of D515 on F.Cu
    @(23.2850 mm, 43.0850 mm): Pad 2 [COL_R_11] of D543 on F.Cu
[unconnected_items]: Missing connection between items
    Local override; error
    @(23.2850 mm, 43.0850 mm): Pad 2 [COL_R_11] of D543 on F.Cu
    @(23.2850 mm, 45.2850 mm): Pad 2 [COL_R_11] of D571 on F.Cu
[unconnected_items]: Missing connection between items
    Local override; error
    @(23.2850 mm, 45.2850 mm): Pad 2 [COL_R_11] of D571 on F.Cu
    @(23.2850 mm, 47.4850 mm): Pad 2 [COL_R_11] of D599 on F.Cu
[unconnected_items]: Missing connection between items
    Local override; error
    @(23.2850 mm, 47.4850 mm): Pad 2 [COL_R_11] of D599 on F.Cu
    @(23.2850 mm, 49.6850 mm): Pad 2 [COL_R_11] of D627 on F.Cu
[unconnected_items]: Missing connection between items
    Local override; error
    @(23.2850 mm, 49.6850 mm): Pad 2 [COL_R_11] of D627 on F.Cu
    @(23.2850 mm, 51.8850 mm): Pad 2 [COL_R_11] of D655 on F.Cu
[unconnected_items]: Missing connection between items
    Local override; error
    @(23.2850 mm, 51.8850 mm): Pad 2 [COL_R_11] of D655 on F.Cu
    @(23.2850 mm, 54.0850 mm): Pad 2 [COL_R_11] of D683 on F.Cu
[unconnected_items]: Missing connection between items
    Local override; error
    @(23.2850 mm, 54.0850 mm): Pad 2 [COL_R_11] of D683 on F.Cu
    @(23.2850 mm, 56.2850 mm): Pad 2 [COL_R_11] of D711 on F.Cu
[unconnected_items]: Missing connection between items
    Local override; error
    @(23.2850 mm, 56.2850 mm): Pad 2 [COL_R_11] of D711 on F.Cu
    @(23.2850 mm, 58.4850 mm): Pad 2 [COL_R_11] of D739 on F.Cu
[unconnected_items]: Missing connection between items
    Local override; error
    @(23.2850 mm, 58.4850 mm): Pad 2 [COL_R_11] of D739 on F.Cu
    @(23.2850 mm, 60.6850 mm): Pad 2 [COL_R_11] of D767 on F.Cu
[unconnected_items]: Missing connection between items
    Local override; error
    @(22.5150 mm, 1.2850 mm): Pad 3 [COL_G_11] of D11 on F.Cu
    @(22.5150 mm, 3.4850 mm): Pad 3 [COL_G_11] of D39 on F.Cu
[unconnected_items]: Missing connection between items
    Local override; error
    @(22.5150 mm, 3.4850 mm): Pad 3 [COL_G_11] of D39 on F.Cu
    @(22.5150 mm, 5.6850 mm): Pad 3 [COL_G_11] of D67 on F.Cu
[unconnected_items]: Missing connection between items
    Local override; error
    @(22.5150 mm, 5.6850 mm): Pad 3 [COL_G_11] of D67 on F.Cu
    @(22.5150 mm, 7.8850 mm): Pad 3 [COL_G_11] of D95 on F.Cu
[unconnected_items]: Missing connection between items
    Local override; error
    @(22.5150 mm, 7.8850 mm): Pad 3 [COL_G_11] of D95 on F.Cu
    @(22.5150 mm, 10.0850 mm): Pad 3 [COL_G_11] of D123 on F.Cu
[unconnected_items]: Missing connection between items
    Local override; error
    @(22.5150 mm, 10.0850 mm): Pad 3 [COL_G_11] of D123 on F.Cu
    @(22.5150 mm, 12.2850 mm): Pad 3 [COL_G_11] of D151 on F.Cu
[unconnected_items]: Missing connection between items
    Local override; error
    @(22.5150 mm, 12.2850 mm): Pad 3 [COL_G_11] of D151 on F.Cu
    @(22.5150 mm, 14.4850 mm): Pad 3 [COL_G_11] of D179 on F.Cu
[unconnected_items]: Missing connection between items
    Local override; error
    @(22.5150 mm, 14.4850 mm): Pad 3 [COL_G_11] of D179 on F.Cu
    @(22.5150 mm, 16.6850 mm): Pad 3 [COL_G_11] of D207 on F.Cu
[unconnected_items]: Missing connection between items
    Local override; error
    @(22.5150 mm, 16.6850 mm): Pad 3 [COL_G_11] of D207 on F.Cu
    @(22.5150 mm, 18.8850 mm): Pad 3 [COL_G_11] of D235 on F.Cu
[unconnected_items]: Missing connection between items
    Local override; error
    @(22.5150 mm, 18.8850 mm): Pad 3 [COL_G_11] of D235 on F.Cu
    @(22.5150 mm, 21.0850 mm): Pad 3 [COL_G_11] of D263 on F.Cu
[unconnected_items]: Missing connection between items
    Local override; error
    @(22.5150 mm, 21.0850 mm): Pad 3 [COL_G_11] of D263 on F.Cu
    @(22.5150 mm, 23.2850 mm): Pad 3 [COL_G_11] of D291 on F.Cu
[unconnected_items]: Missing connection between items
    Local override; error
    @(22.5150 mm, 23.2850 mm): Pad 3 [COL_G_11] of D291 on F.Cu
    @(22.5150 mm, 25.4850 mm): Pad 3 [COL_G_11] of D319 on F.Cu
[unconnected_items]: Missing connection between items
    Local override; error
    @(22.5150 mm, 25.4850 mm): Pad 3 [COL_G_11] of D319 on F.Cu
    @(22.5150 mm, 27.6850 mm): Pad 3 [COL_G_11] of D347 on F.Cu
[unconnected_items]: Missing connection between items
    Local override; error
    @(22.5150 mm, 27.6850 mm): Pad 3 [COL_G_11] of D347 on F.Cu
    @(22.5150 mm, 29.8850 mm): Pad 3 [COL_G_11] of D375 on F.Cu
[unconnected_items]: Missing connection between items
    Local override; error
    @(22.5150 mm, 29.8850 mm): Pad 3 [COL_G_11] of D375 on F.Cu
    @(22.5150 mm, 32.0850 mm): Pad 3 [COL_G_11] of D403 on F.Cu
[unconnected_items]: Missing connection between items
    Local override; error
    @(22.5150 mm, 32.0850 mm): Pad 3 [COL_G_11] of D403 on F.Cu
    @(22.5150 mm, 34.2850 mm): Pad 3 [COL_G_11] of D431 on F.Cu
[unconnected_items]: Missing connection between items
    Local override; error
    @(22.5150 mm, 34.2850 mm): Pad 3 [COL_G_11] of D431 on F.Cu
    @(22.5150 mm, 36.4850 mm): Pad 3 [COL_G_11] of D459 on F.Cu
[unconnected_items]: Missing connection between items
    Local override; error
    @(22.5150 mm, 36.4850 mm): Pad 3 [COL_G_11] of D459 on F.Cu
    @(22.5150 mm, 38.6850 mm): Pad 3 [COL_G_11] of D487 on F.Cu
[unconnected_items]: Missing connection between items
    Local override; error
    @(22.5150 mm, 38.6850 mm): Pad 3 [COL_G_11] of D487 on F.Cu
    @(22.5150 mm, 40.8850 mm): Pad 3 [COL_G_11] of D515 on F.Cu
[unconnected_items]: Missing connection between items
    Local override; error
    @(22.5150 mm, 40.8850 mm): Pad 3 [COL_G_11] of D515 on F.Cu
    @(22.5150 mm, 43.0850 mm): Pad 3 [COL_G_11] of D543 on F.Cu
[unconnected_items]: Missing connection between items
    Local override; error
    @(22.5150 mm, 43.0850 mm): Pad 3 [COL_G_11] of D543 on F.Cu
    @(22.5150 mm, 45.2850 mm): Pad 3 [COL_G_11] of D571 on F.Cu
[unconnected_items]: Missing connection between items
    Local override; error
    @(22.5150 mm, 45.2850 mm): Pad 3 [COL_G_11] of D571 on F.Cu
    @(22.5150 mm, 47.4850 mm): Pad 3 [COL_G_11] of D599 on F.Cu
[unconnected_items]: Missing connection between items
    Local override; error
    @(22.5150 mm, 47.4850 mm): Pad 3 [COL_G_11] of D599 on F.Cu
    @(22.5150 mm, 49.6850 mm): Pad 3 [COL_G_11] of D627 on F.Cu
[unconnected_items]: Missing connection between items
    Local override; error
    @(22.5150 mm, 49.6850 mm): Pad 3 [COL_G_11] of D627 on F.Cu
    @(22.5150 mm, 51.8850 mm): Pad 3 [COL_G_11] of D655 on F.Cu
[unconnected_items]: Missing connection between items
    Local override; error
    @(22.5150 mm, 51.8850 mm): Pad 3 [COL_G_11] of D655 on F.Cu
    @(22.5150 mm, 54.0850 mm): Pad 3 [COL_G_11] of D683 on F.Cu
[unconnected_items]: Missing connection between items
    Local override; error
    @(22.5150 mm, 54.0850 mm): Pad 3 [COL_G_11] of D683 on F.Cu
    @(22.5150 mm, 56.2850 mm): Pad 3 [COL_G_11] of D711 on F.Cu
[unconnected_items]: Missing connection between items
    Local override; error
    @(22.5150 mm, 56.2850 mm): Pad 3 [COL_G_11] of D711 on F.Cu
    @(22.5150 mm, 58.4850 mm): Pad 3 [COL_G_11] of D739 on F.Cu
[unconnected_items]: Missing connection between items
    Local override; error
    @(22.5150 mm, 58.4850 mm): Pad 3 [COL_G_11] of D739 on F.Cu
    @(22.5150 mm, 60.6850 mm): Pad 3 [COL_G_11] of D767 on F.Cu
[unconnected_items]: Missing connection between items
    Local override; error
    @(22.5150 mm, 0.5150 mm): Pad 4 [COL_B_11] of D11 on F.Cu
    @(22.5150 mm, 2.7150 mm): Pad 4 [COL_B_11] of D39 on F.Cu
[unconnected_items]: Missing connection between items
    Local override; error
    @(22.5150 mm, 2.7150 mm): Pad 4 [COL_B_11] of D39 on F.Cu
    @(22.5150 mm, 4.9150 mm): Pad 4 [COL_B_11] of D67 on F.Cu
[unconnected_items]: Missing connection between items
    Local override; error
    @(22.5150 mm, 4.9150 mm): Pad 4 [COL_B_11] of D67 on F.Cu
    @(22.5150 mm, 7.1150 mm): Pad 4 [COL_B_11] of D95 on F.Cu
[unconnected_items]: Missing connection between items
    Local override; error
    @(22.5150 mm, 7.1150 mm): Pad 4 [COL_B_11] of D95 on F.Cu
    @(22.5150 mm, 9.3150 mm): Pad 4 [COL_B_11] of D123 on F.Cu
[unconnected_items]: Missing connection between items
    Local override; error
    @(22.5150 mm, 9.3150 mm): Pad 4 [COL_B_11] of D123 on F.Cu
    @(22.5150 mm, 11.5150 mm): Pad 4 [COL_B_11] of D151 on F.Cu
[unconnected_items]: Missing connection between items
    Local override; error
    @(22.5150 mm, 11.5150 mm): Pad 4 [COL_B_11] of D151 on F.Cu
    @(22.5150 mm, 13.7150 mm): Pad 4 [COL_B_11] of D179 on F.Cu
[unconnected_items]: Missing connection between items
    Local override; error
    @(22.5150 mm, 13.7150 mm): Pad 4 [COL_B_11] of D179 on F.Cu
    @(22.5150 mm, 15.9150 mm): Pad 4 [COL_B_11] of D207 on F.Cu
[unconnected_items]: Missing connection between items
    Local override; error
    @(22.5150 mm, 15.9150 mm): Pad 4 [COL_B_11] of D207 on F.Cu
    @(22.5150 mm, 18.1150 mm): Pad 4 [COL_B_11] of D235 on F.Cu
[unconnected_items]: Missing connection between items
    Local override; error
    @(22.5150 mm, 18.1150 mm): Pad 4 [COL_B_11] of D235 on F.Cu
    @(22.5150 mm, 20.3150 mm): Pad 4 [COL_B_11] of D263 on F.Cu
[unconnected_items]: Missing connection between items
    Local override; error
    @(22.5150 mm, 20.3150 mm): Pad 4 [COL_B_11] of D263 on F.Cu
    @(22.5150 mm, 22.5150 mm): Pad 4 [COL_B_11] of D291 on F.Cu
[unconnected_items]: Missing connection between items
    Local override; error
    @(22.5150 mm, 22.5150 mm): Pad 4 [COL_B_11] of D291 on F.Cu
    @(22.5150 mm, 24.7150 mm): Pad 4 [COL_B_11] of D319 on F.Cu
[unconnected_items]: Missing connection between items
    Local override; error
    @(22.5150 mm, 24.7150 mm): Pad 4 [COL_B_11] of D319 on F.Cu
    @(22.5150 mm, 26.9150 mm): Pad 4 [COL_B_11] of D347 on F.Cu
[unconnected_items]: Missing connection between items
    Local override; error
    @(22.5150 mm, 26.9150 mm): Pad 4 [COL_B_11] of D347 on F.Cu
    @(22.5150 mm, 29.1150 mm): Pad 4 [COL_B_11] of D375 on F.Cu
[unconnected_items]: Missing connection between items
    Local override; error
    @(22.5150 mm, 29.1150 mm): Pad 4 [COL_B_11] of D375 on F.Cu
    @(22.5150 mm, 31.3150 mm): Pad 4 [COL_B_11] of D403 on F.Cu
[unconnected_items]: Missing connection between items
    Local override; error
    @(22.5150 mm, 31.3150 mm): Pad 4 [COL_B_11] of D403 on F.Cu
    @(22.5150 mm, 33.5150 mm): Pad 4 [COL_B_11] of D431 on F.Cu
[unconnected_items]: Missing connection between items
    Local override; error
    @(22.5150 mm, 33.5150 mm): Pad 4 [COL_B_11] of D431 on F.Cu
    @(22.5150 mm, 35.7150 mm): Pad 4 [COL_B_11] of D459 on F.Cu
[unconnected_items]: Missing connection between items
    Local override; error
    @(22.5150 mm, 35.7150 mm): Pad 4 [COL_B_11] of D459 on F.Cu
    @(22.5150 mm, 37.9150 mm): Pad 4 [COL_B_11] of D487 on F.Cu
[unconnected_items]: Missing connection between items
    Local override; error
    @(22.5150 mm, 37.9150 mm): Pad 4 [COL_B_11] of D487 on F.Cu
    @(22.5150 mm, 40.1150 mm): Pad 4 [COL_B_11] of D515 on F.Cu
[unconnected_items]: Missing connection between items
    Local override; error
    @(22.5150 mm, 40.1150 mm): Pad 4 [COL_B_11] of D515 on F.Cu
    @(22.5150 mm, 42.3150 mm): Pad 4 [COL_B_11] of D543 on F.Cu
[unconnected_items]: Missing connection between items
    Local override; error
    @(22.5150 mm, 42.3150 mm): Pad 4 [COL_B_11] of D543 on F.Cu
    @(22.5150 mm, 44.5150 mm): Pad 4 [COL_B_11] of D571 on F.Cu
[unconnected_items]: Missing connection between items
    Local override; error
    @(22.5150 mm, 44.5150 mm): Pad 4 [COL_B_11] of D571 on F.Cu
    @(22.5150 mm, 46.7150 mm): Pad 4 [COL_B_11] of D599 on F.Cu
[unconnected_items]: Missing connection between items
    Local override; error
    @(22.5150 mm, 46.7150 mm): Pad 4 [COL_B_11] of D599 on F.Cu
    @(22.5150 mm, 48.9150 mm): Pad 4 [COL_B_11] of D627 on F.Cu
[unconnected_items]: Missing connection between items
    Local override; error
    @(22.5150 mm, 48.9150 mm): Pad 4 [COL_B_11] of D627 on F.Cu
    @(22.5150 mm, 51.1150 mm): Pad 4 [COL_B_11] of D655 on F.Cu
[unconnected_items]: Missing connection between items
    Local override; error
    @(22.5150 mm, 51.1150 mm): Pad 4 [COL_B_11] of D655 on F.Cu
    @(22.5150 mm, 53.3150 mm): Pad 4 [COL_B_11] of D683 on F.Cu
[unconnected_items]: Missing connection between items
    Local override; error
    @(22.5150 mm, 53.3150 mm): Pad 4 [COL_B_11] of D683 on F.Cu
    @(22.5150 mm, 55.5150 mm): Pad 4 [COL_B_11] of D711 on F.Cu
[unconnected_items]: Missing connection between items
    Local override; error
    @(22.5150 mm, 55.5150 mm): Pad 4 [COL_B_11] of D711 on F.Cu
    @(22.5150 mm, 57.7150 mm): Pad 4 [COL_B_11] of D739 on F.Cu
[unconnected_items]: Missing connection between items
    Local override; error
    @(22.5150 mm, 57.7150 mm): Pad 4 [COL_B_11] of D739 on F.Cu
    @(22.5150 mm, 59.9150 mm): Pad 4 [COL_B_11] of D767 on F.Cu
[unconnected_items]: Missing connection between items
    Local override; error
    @(1.2850 mm, 2.7150 mm): Pad 1 [ROW_02_ANODE] of D29 on F.Cu
    @(3.4850 mm, 2.7150 mm): Pad 1 [ROW_02_ANODE] of D30 on F.Cu
[unconnected_items]: Missing connection between items
    Local override; error
    @(3.4850 mm, 2.7150 mm): Pad 1 [ROW_02_ANODE] of D30 on F.Cu
    @(5.6850 mm, 2.7150 mm): Pad 1 [ROW_02_ANODE] of D31 on F.Cu
[unconnected_items]: Missing connection between items
    Local override; error
    @(5.6850 mm, 2.7150 mm): Pad 1 [ROW_02_ANODE] of D31 on F.Cu
    @(7.8850 mm, 2.7150 mm): Pad 1 [ROW_02_ANODE] of D32 on F.Cu
[unconnected_items]: Missing connection between items
    Local override; error
    @(7.8850 mm, 2.7150 mm): Pad 1 [ROW_02_ANODE] of D32 on F.Cu
    @(10.0850 mm, 2.7150 mm): Pad 1 [ROW_02_ANODE] of D33 on F.Cu
[unconnected_items]: Missing connection between items
    Local override; error
    @(10.0850 mm, 2.7150 mm): Pad 1 [ROW_02_ANODE] of D33 on F.Cu
    @(12.2850 mm, 2.7150 mm): Pad 1 [ROW_02_ANODE] of D34 on F.Cu
[unconnected_items]: Missing connection between items
    Local override; error
    @(12.2850 mm, 2.7150 mm): Pad 1 [ROW_02_ANODE] of D34 on F.Cu
    @(14.4850 mm, 2.7150 mm): Pad 1 [ROW_02_ANODE] of D35 on F.Cu
[unconnected_items]: Missing connection between items
    Local override; error
    @(14.4850 mm, 2.7150 mm): Pad 1 [ROW_02_ANODE] of D35 on F.Cu
    @(16.6850 mm, 2.7150 mm): Pad 1 [ROW_02_ANODE] of D36 on F.Cu
[unconnected_items]: Missing connection between items
    Local override; error
    @(16.6850 mm, 2.7150 mm): Pad 1 [ROW_02_ANODE] of D36 on F.Cu
    @(18.8850 mm, 2.7150 mm): Pad 1 [ROW_02_ANODE] of D37 on F.Cu
[unconnected_items]: Missing connection between items
    Local override; error
    @(18.8850 mm, 2.7150 mm): Pad 1 [ROW_02_ANODE] of D37 on F.Cu
    @(21.0850 mm, 2.7150 mm): Pad 1 [ROW_02_ANODE] of D38 on F.Cu
[unconnected_items]: Missing connection between items
    Local override; error
    @(21.0850 mm, 2.7150 mm): Pad 1 [ROW_02_ANODE] of D38 on F.Cu
    @(23.2850 mm, 2.7150 mm): Pad 1 [ROW_02_ANODE] of D39 on F.Cu
[unconnected_items]: Missing connection between items
    Local override; error
    @(23.2850 mm, 2.7150 mm): Pad 1 [ROW_02_ANODE] of D39 on F.Cu
    @(25.4850 mm, 2.7150 mm): Pad 1 [ROW_02_ANODE] of D40 on F.Cu
[unconnected_items]: Missing connection between items
    Local override; error
    @(25.4850 mm, 2.7150 mm): Pad 1 [ROW_02_ANODE] of D40 on F.Cu
    @(27.6850 mm, 2.7150 mm): Pad 1 [ROW_02_ANODE] of D41 on F.Cu
[unconnected_items]: Missing connection between items
    Local override; error
    @(27.6850 mm, 2.7150 mm): Pad 1 [ROW_02_ANODE] of D41 on F.Cu
    @(29.8850 mm, 2.7150 mm): Pad 1 [ROW_02_ANODE] of D42 on F.Cu
[unconnected_items]: Missing connection between items
    Local override; error
    @(29.8850 mm, 2.7150 mm): Pad 1 [ROW_02_ANODE] of D42 on F.Cu
    @(32.0850 mm, 2.7150 mm): Pad 1 [ROW_02_ANODE] of D43 on F.Cu
[unconnected_items]: Missing connection between items
    Local override; error
    @(32.0850 mm, 2.7150 mm): Pad 1 [ROW_02_ANODE] of D43 on F.Cu
    @(34.2850 mm, 2.7150 mm): Pad 1 [ROW_02_ANODE] of D44 on F.Cu
[unconnected_items]: Missing connection between items
    Local override; error
    @(34.2850 mm, 2.7150 mm): Pad 1 [ROW_02_ANODE] of D44 on F.Cu
    @(36.4850 mm, 2.7150 mm): Pad 1 [ROW_02_ANODE] of D45 on F.Cu
[unconnected_items]: Missing connection between items
    Local override; error
    @(36.4850 mm, 2.7150 mm): Pad 1 [ROW_02_ANODE] of D45 on F.Cu
    @(38.6850 mm, 2.7150 mm): Pad 1 [ROW_02_ANODE] of D46 on F.Cu
[unconnected_items]: Missing connection between items
    Local override; error
    @(38.6850 mm, 2.7150 mm): Pad 1 [ROW_02_ANODE] of D46 on F.Cu
    @(40.8850 mm, 2.7150 mm): Pad 1 [ROW_02_ANODE] of D47 on F.Cu
[unconnected_items]: Missing connection between items
    Local override; error
    @(40.8850 mm, 2.7150 mm): Pad 1 [ROW_02_ANODE] of D47 on F.Cu
    @(43.0850 mm, 2.7150 mm): Pad 1 [ROW_02_ANODE] of D48 on F.Cu
[unconnected_items]: Missing connection between items
    Local override; error
    @(43.0850 mm, 2.7150 mm): Pad 1 [ROW_02_ANODE] of D48 on F.Cu
    @(45.2850 mm, 2.7150 mm): Pad 1 [ROW_02_ANODE] of D49 on F.Cu
[unconnected_items]: Missing connection between items
    Local override; error
    @(45.2850 mm, 2.7150 mm): Pad 1 [ROW_02_ANODE] of D49 on F.Cu
    @(47.4850 mm, 2.7150 mm): Pad 1 [ROW_02_ANODE] of D50 on F.Cu
[unconnected_items]: Missing connection between items
    Local override; error
    @(47.4850 mm, 2.7150 mm): Pad 1 [ROW_02_ANODE] of D50 on F.Cu
    @(49.6850 mm, 2.7150 mm): Pad 1 [ROW_02_ANODE] of D51 on F.Cu
[unconnected_items]: Missing connection between items
    Local override; error
    @(49.6850 mm, 2.7150 mm): Pad 1 [ROW_02_ANODE] of D51 on F.Cu
    @(51.8850 mm, 2.7150 mm): Pad 1 [ROW_02_ANODE] of D52 on F.Cu
[unconnected_items]: Missing connection between items
    Local override; error
    @(51.8850 mm, 2.7150 mm): Pad 1 [ROW_02_ANODE] of D52 on F.Cu
    @(54.0850 mm, 2.7150 mm): Pad 1 [ROW_02_ANODE] of D53 on F.Cu
[unconnected_items]: Missing connection between items
    Local override; error
    @(54.0850 mm, 2.7150 mm): Pad 1 [ROW_02_ANODE] of D53 on F.Cu
    @(56.2850 mm, 2.7150 mm): Pad 1 [ROW_02_ANODE] of D54 on F.Cu
[unconnected_items]: Missing connection between items
    Local override; error
    @(56.2850 mm, 2.7150 mm): Pad 1 [ROW_02_ANODE] of D54 on F.Cu
    @(58.4850 mm, 2.7150 mm): Pad 1 [ROW_02_ANODE] of D55 on F.Cu
[unconnected_items]: Missing connection between items
    Local override; error
    @(58.4850 mm, 2.7150 mm): Pad 1 [ROW_02_ANODE] of D55 on F.Cu
    @(60.6850 mm, 2.7150 mm): Pad 1 [ROW_02_ANODE] of D56 on F.Cu
[unconnected_items]: Missing connection between items
    Local override; error
    @(32.0850 mm, 1.2850 mm): Pad 2 [COL_R_15] of D15 on F.Cu
    @(32.0850 mm, 3.4850 mm): Pad 2 [COL_R_15] of D43 on F.Cu
[unconnected_items]: Missing connection between items
    Local override; error
    @(32.0850 mm, 3.4850 mm): Pad 2 [COL_R_15] of D43 on F.Cu
    @(32.0850 mm, 5.6850 mm): Pad 2 [COL_R_15] of D71 on F.Cu
[unconnected_items]: Missing connection between items
    Local override; error
    @(32.0850 mm, 5.6850 mm): Pad 2 [COL_R_15] of D71 on F.Cu
    @(32.0850 mm, 7.8850 mm): Pad 2 [COL_R_15] of D99 on F.Cu
[unconnected_items]: Missing connection between items
    Local override; error
    @(32.0850 mm, 7.8850 mm): Pad 2 [COL_R_15] of D99 on F.Cu
    @(32.0850 mm, 10.0850 mm): Pad 2 [COL_R_15] of D127 on F.Cu
[unconnected_items]: Missing connection between items
    Local override; error
    @(32.0850 mm, 10.0850 mm): Pad 2 [COL_R_15] of D127 on F.Cu
    @(32.0850 mm, 12.2850 mm): Pad 2 [COL_R_15] of D155 on F.Cu
[unconnected_items]: Missing connection between items
    Local override; error
    @(32.0850 mm, 12.2850 mm): Pad 2 [COL_R_15] of D155 on F.Cu
    @(32.0850 mm, 14.4850 mm): Pad 2 [COL_R_15] of D183 on F.Cu
[unconnected_items]: Missing connection between items
    Local override; error
    @(32.0850 mm, 14.4850 mm): Pad 2 [COL_R_15] of D183 on F.Cu
    @(32.0850 mm, 16.6850 mm): Pad 2 [COL_R_15] of D211 on F.Cu
[unconnected_items]: Missing connection between items
    Local override; error
    @(32.0850 mm, 16.6850 mm): Pad 2 [COL_R_15] of D211 on F.Cu
    @(32.0850 mm, 18.8850 mm): Pad 2 [COL_R_15] of D239 on F.Cu
[unconnected_items]: Missing connection between items
    Local override; error
    @(32.0850 mm, 18.8850 mm): Pad 2 [COL_R_15] of D239 on F.Cu
    @(32.0850 mm, 21.0850 mm): Pad 2 [COL_R_15] of D267 on F.Cu
[unconnected_items]: Missing connection between items
    Local override; error
    @(32.0850 mm, 21.0850 mm): Pad 2 [COL_R_15] of D267 on F.Cu
    @(32.0850 mm, 23.2850 mm): Pad 2 [COL_R_15] of D295 on F.Cu
[unconnected_items]: Missing connection between items
    Local override; error
    @(32.0850 mm, 23.2850 mm): Pad 2 [COL_R_15] of D295 on F.Cu
    @(32.0850 mm, 25.4850 mm): Pad 2 [COL_R_15] of D323 on F.Cu
[unconnected_items]: Missing connection between items
    Local override; error
    @(32.0850 mm, 25.4850 mm): Pad 2 [COL_R_15] of D323 on F.Cu
    @(32.0850 mm, 27.6850 mm): Pad 2 [COL_R_15] of D351 on F.Cu
[unconnected_items]: Missing connection between items
    Local override; error
    @(32.0850 mm, 27.6850 mm): Pad 2 [COL_R_15] of D351 on F.Cu
    @(32.0850 mm, 29.8850 mm): Pad 2 [COL_R_15] of D379 on F.Cu
[unconnected_items]: Missing connection between items
    Local override; error
    @(32.0850 mm, 29.8850 mm): Pad 2 [COL_R_15] of D379 on F.Cu
    @(32.0850 mm, 32.0850 mm): Pad 2 [COL_R_15] of D407 on F.Cu
[unconnected_items]: Missing connection between items
    Local override; error
    @(32.0850 mm, 32.0850 mm): Pad 2 [COL_R_15] of D407 on F.Cu
    @(32.0850 mm, 34.2850 mm): Pad 2 [COL_R_15] of D435 on F.Cu
[unconnected_items]: Missing connection between items
    Local override; error
    @(32.0850 mm, 34.2850 mm): Pad 2 [COL_R_15] of D435 on F.Cu
    @(32.0850 mm, 36.4850 mm): Pad 2 [COL_R_15] of D463 on F.Cu
[unconnected_items]: Missing connection between items
    Local override; error
    @(32.0850 mm, 36.4850 mm): Pad 2 [COL_R_15] of D463 on F.Cu
    @(32.0850 mm, 38.6850 mm): Pad 2 [COL_R_15] of D491 on F.Cu
[unconnected_items]: Missing connection between items
    Local override; error
    @(32.0850 mm, 38.6850 mm): Pad 2 [COL_R_15] of D491 on F.Cu
    @(32.0850 mm, 40.8850 mm): Pad 2 [COL_R_15] of D519 on F.Cu
[unconnected_items]: Missing connection between items
    Local override; error
    @(32.0850 mm, 40.8850 mm): Pad 2 [COL_R_15] of D519 on F.Cu
    @(32.0850 mm, 43.0850 mm): Pad 2 [COL_R_15] of D547 on F.Cu
[unconnected_items]: Missing connection between items
    Local override; error
    @(32.0850 mm, 43.0850 mm): Pad 2 [COL_R_15] of D547 on F.Cu
    @(32.0850 mm, 45.2850 mm): Pad 2 [COL_R_15] of D575 on F.Cu
[unconnected_items]: Missing connection between items
    Local override; error
    @(32.0850 mm, 45.2850 mm): Pad 2 [COL_R_15] of D575 on F.Cu
    @(32.0850 mm, 47.4850 mm): Pad 2 [COL_R_15] of D603 on F.Cu
[unconnected_items]: Missing connection between items
    Local override; error
    @(32.0850 mm, 47.4850 mm): Pad 2 [COL_R_15] of D603 on F.Cu
    @(32.0850 mm, 49.6850 mm): Pad 2 [COL_R_15] of D631 on F.Cu
[unconnected_items]: Missing connection between items
    Local override; error
    @(32.0850 mm, 49.6850 mm): Pad 2 [COL_R_15] of D631 on F.Cu
    @(32.0850 mm, 51.8850 mm): Pad 2 [COL_R_15] of D659 on F.Cu
[unconnected_items]: Missing connection between items
    Local override; error
    @(32.0850 mm, 51.8850 mm): Pad 2 [COL_R_15] of D659 on F.Cu
    @(32.0850 mm, 54.0850 mm): Pad 2 [COL_R_15] of D687 on F.Cu
[unconnected_items]: Missing connection between items
    Local override; error
    @(32.0850 mm, 54.0850 mm): Pad 2 [COL_R_15] of D687 on F.Cu
    @(32.0850 mm, 56.2850 mm): Pad 2 [COL_R_15] of D715 on F.Cu
[unconnected_items]: Missing connection between items
    Local override; error
    @(32.0850 mm, 56.2850 mm): Pad 2 [COL_R_15] of D715 on F.Cu
    @(32.0850 mm, 58.4850 mm): Pad 2 [COL_R_15] of D743 on F.Cu
[unconnected_items]: Missing connection between items
    Local override; error
    @(32.0850 mm, 58.4850 mm): Pad 2 [COL_R_15] of D743 on F.Cu
    @(32.0850 mm, 60.6850 mm): Pad 2 [COL_R_15] of D771 on F.Cu
[unconnected_items]: Missing connection between items
    Local override; error
    @(31.3150 mm, 1.2850 mm): Pad 3 [COL_G_15] of D15 on F.Cu
    @(31.3150 mm, 3.4850 mm): Pad 3 [COL_G_15] of D43 on F.Cu
[unconnected_items]: Missing connection between items
    Local override; error
    @(31.3150 mm, 3.4850 mm): Pad 3 [COL_G_15] of D43 on F.Cu
    @(31.3150 mm, 5.6850 mm): Pad 3 [COL_G_15] of D71 on F.Cu
[unconnected_items]: Missing connection between items
    Local override; error
    @(31.3150 mm, 5.6850 mm): Pad 3 [COL_G_15] of D71 on F.Cu
    @(31.3150 mm, 7.8850 mm): Pad 3 [COL_G_15] of D99 on F.Cu
[unconnected_items]: Missing connection between items
    Local override; error
    @(31.3150 mm, 7.8850 mm): Pad 3 [COL_G_15] of D99 on F.Cu
    @(31.3150 mm, 10.0850 mm): Pad 3 [COL_G_15] of D127 on F.Cu
[unconnected_items]: Missing connection between items
    Local override; error
    @(31.3150 mm, 10.0850 mm): Pad 3 [COL_G_15] of D127 on F.Cu
    @(31.3150 mm, 12.2850 mm): Pad 3 [COL_G_15] of D155 on F.Cu
[unconnected_items]: Missing connection between items
    Local override; error
    @(31.3150 mm, 12.2850 mm): Pad 3 [COL_G_15] of D155 on F.Cu
    @(31.3150 mm, 14.4850 mm): Pad 3 [COL_G_15] of D183 on F.Cu
[unconnected_items]: Missing connection between items
    Local override; error
    @(31.3150 mm, 14.4850 mm): Pad 3 [COL_G_15] of D183 on F.Cu
    @(31.3150 mm, 16.6850 mm): Pad 3 [COL_G_15] of D211 on F.Cu
[unconnected_items]: Missing connection between items
    Local override; error
    @(31.3150 mm, 16.6850 mm): Pad 3 [COL_G_15] of D211 on F.Cu
    @(31.3150 mm, 18.8850 mm): Pad 3 [COL_G_15] of D239 on F.Cu
[unconnected_items]: Missing connection between items
    Local override; error
    @(31.3150 mm, 18.8850 mm): Pad 3 [COL_G_15] of D239 on F.Cu
    @(31.3150 mm, 21.0850 mm): Pad 3 [COL_G_15] of D267 on F.Cu
[unconnected_items]: Missing connection between items
    Local override; error
    @(31.3150 mm, 21.0850 mm): Pad 3 [COL_G_15] of D267 on F.Cu
    @(31.3150 mm, 23.2850 mm): Pad 3 [COL_G_15] of D295 on F.Cu
[unconnected_items]: Missing connection between items
    Local override; error
    @(31.3150 mm, 23.2850 mm): Pad 3 [COL_G_15] of D295 on F.Cu
    @(31.3150 mm, 25.4850 mm): Pad 3 [COL_G_15] of D323 on F.Cu
[unconnected_items]: Missing connection between items
    Local override; error
    @(31.3150 mm, 25.4850 mm): Pad 3 [COL_G_15] of D323 on F.Cu
    @(31.3150 mm, 27.6850 mm): Pad 3 [COL_G_15] of D351 on F.Cu
[unconnected_items]: Missing connection between items
    Local override; error
    @(31.3150 mm, 27.6850 mm): Pad 3 [COL_G_15] of D351 on F.Cu
    @(31.3150 mm, 29.8850 mm): Pad 3 [COL_G_15] of D379 on F.Cu
[unconnected_items]: Missing connection between items
    Local override; error
    @(31.3150 mm, 29.8850 mm): Pad 3 [COL_G_15] of D379 on F.Cu
    @(31.3150 mm, 32.0850 mm): Pad 3 [COL_G_15] of D407 on F.Cu
[unconnected_items]: Missing connection between items
    Local override; error
    @(31.3150 mm, 32.0850 mm): Pad 3 [COL_G_15] of D407 on F.Cu
    @(31.3150 mm, 34.2850 mm): Pad 3 [COL_G_15] of D435 on F.Cu
[unconnected_items]: Missing connection between items
    Local override; error
    @(31.3150 mm, 34.2850 mm): Pad 3 [COL_G_15] of D435 on F.Cu
    @(31.3150 mm, 36.4850 mm): Pad 3 [COL_G_15] of D463 on F.Cu
[unconnected_items]: Missing connection between items
    Local override; error
    @(31.3150 mm, 36.4850 mm): Pad 3 [COL_G_15] of D463 on F.Cu
    @(31.3150 mm, 38.6850 mm): Pad 3 [COL_G_15] of D491 on F.Cu
[unconnected_items]: Missing connection between items
    Local override; error
    @(31.3150 mm, 38.6850 mm): Pad 3 [COL_G_15] of D491 on F.Cu
    @(31.3150 mm, 40.8850 mm): Pad 3 [COL_G_15] of D519 on F.Cu
[unconnected_items]: Missing connection between items
    Local override; error
    @(31.3150 mm, 40.8850 mm): Pad 3 [COL_G_15] of D519 on F.Cu
    @(31.3150 mm, 43.0850 mm): Pad 3 [COL_G_15] of D547 on F.Cu
[unconnected_items]: Missing connection between items
    Local override; error
    @(31.3150 mm, 43.0850 mm): Pad 3 [COL_G_15] of D547 on F.Cu
    @(31.3150 mm, 45.2850 mm): Pad 3 [COL_G_15] of D575 on F.Cu
[unconnected_items]: Missing connection between items
    Local override; error
    @(31.3150 mm, 45.2850 mm): Pad 3 [COL_G_15] of D575 on F.Cu
    @(31.3150 mm, 47.4850 mm): Pad 3 [COL_G_15] of D603 on F.Cu
[unconnected_items]: Missing connection between items
    Local override; error
    @(31.3150 mm, 47.4850 mm): Pad 3 [COL_G_15] of D603 on F.Cu
    @(31.3150 mm, 49.6850 mm): Pad 3 [COL_G_15] of D631 on F.Cu
[unconnected_items]: Missing connection between items
    Local override; error
    @(31.3150 mm, 49.6850 mm): Pad 3 [COL_G_15] of D631 on F.Cu
    @(31.3150 mm, 51.8850 mm): Pad 3 [COL_G_15] of D659 on F.Cu
[unconnected_items]: Missing connection between items
    Local override; error
    @(31.3150 mm, 51.8850 mm): Pad 3 [COL_G_15] of D659 on F.Cu
    @(31.3150 mm, 54.0850 mm): Pad 3 [COL_G_15] of D687 on F.Cu
[unconnected_items]: Missing connection between items
    Local override; error
    @(31.3150 mm, 54.0850 mm): Pad 3 [COL_G_15] of D687 on F.Cu
    @(31.3150 mm, 56.2850 mm): Pad 3 [COL_G_15] of D715 on F.Cu
[unconnected_items]: Missing connection between items
    Local override; error
    @(31.3150 mm, 56.2850 mm): Pad 3 [COL_G_15] of D715 on F.Cu
    @(31.3150 mm, 58.4850 mm): Pad 3 [COL_G_15] of D743 on F.Cu
[unconnected_items]: Missing connection between items
    Local override; error
    @(31.3150 mm, 58.4850 mm): Pad 3 [COL_G_15] of D743 on F.Cu
    @(31.3150 mm, 60.6850 mm): Pad 3 [COL_G_15] of D771 on F.Cu
[unconnected_items]: Missing connection between items
    Local override; error
    @(31.3150 mm, 0.5150 mm): Pad 4 [COL_B_15] of D15 on F.Cu
    @(31.3150 mm, 2.7150 mm): Pad 4 [COL_B_15] of D43 on F.Cu
[unconnected_items]: Missing connection between items
    Local override; error
    @(31.3150 mm, 2.7150 mm): Pad 4 [COL_B_15] of D43 on F.Cu
    @(31.3150 mm, 4.9150 mm): Pad 4 [COL_B_15] of D71 on F.Cu
[unconnected_items]: Missing connection between items
    Local override; error
    @(31.3150 mm, 4.9150 mm): Pad 4 [COL_B_15] of D71 on F.Cu
    @(31.3150 mm, 7.1150 mm): Pad 4 [COL_B_15] of D99 on F.Cu
[unconnected_items]: Missing connection between items
    Local override; error
    @(31.3150 mm, 7.1150 mm): Pad 4 [COL_B_15] of D99 on F.Cu
    @(31.3150 mm, 9.3150 mm): Pad 4 [COL_B_15] of D127 on F.Cu
[unconnected_items]: Missing connection between items
    Local override; error
    @(31.3150 mm, 9.3150 mm): Pad 4 [COL_B_15] of D127 on F.Cu
    @(31.3150 mm, 11.5150 mm): Pad 4 [COL_B_15] of D155 on F.Cu
[unconnected_items]: Missing connection between items
    Local override; error
    @(31.3150 mm, 11.5150 mm): Pad 4 [COL_B_15] of D155 on F.Cu
    @(31.3150 mm, 13.7150 mm): Pad 4 [COL_B_15] of D183 on F.Cu
[unconnected_items]: Missing connection between items
    Local override; error
    @(31.3150 mm, 13.7150 mm): Pad 4 [COL_B_15] of D183 on F.Cu
    @(31.3150 mm, 15.9150 mm): Pad 4 [COL_B_15] of D211 on F.Cu
[unconnected_items]: Missing connection between items
    Local override; error
    @(31.3150 mm, 15.9150 mm): Pad 4 [COL_B_15] of D211 on F.Cu
    @(31.3150 mm, 18.1150 mm): Pad 4 [COL_B_15] of D239 on F.Cu
[unconnected_items]: Missing connection between items
    Local override; error
    @(31.3150 mm, 18.1150 mm): Pad 4 [COL_B_15] of D239 on F.Cu
    @(31.3150 mm, 20.3150 mm): Pad 4 [COL_B_15] of D267 on F.Cu
[unconnected_items]: Missing connection between items
    Local override; error
    @(31.3150 mm, 20.3150 mm): Pad 4 [COL_B_15] of D267 on F.Cu
    @(31.3150 mm, 22.5150 mm): Pad 4 [COL_B_15] of D295 on F.Cu
[unconnected_items]: Missing connection between items
    Local override; error
    @(31.3150 mm, 22.5150 mm): Pad 4 [COL_B_15] of D295 on F.Cu
    @(31.3150 mm, 24.7150 mm): Pad 4 [COL_B_15] of D323 on F.Cu
[unconnected_items]: Missing connection between items
    Local override; error
    @(31.3150 mm, 24.7150 mm): Pad 4 [COL_B_15] of D323 on F.Cu
    @(31.3150 mm, 26.9150 mm): Pad 4 [COL_B_15] of D351 on F.Cu
[unconnected_items]: Missing connection between items
    Local override; error
    @(31.3150 mm, 26.9150 mm): Pad 4 [COL_B_15] of D351 on F.Cu
    @(31.3150 mm, 29.1150 mm): Pad 4 [COL_B_15] of D379 on F.Cu
[unconnected_items]: Missing connection between items
    Local override; error
    @(31.3150 mm, 29.1150 mm): Pad 4 [COL_B_15] of D379 on F.Cu
    @(31.3150 mm, 31.3150 mm): Pad 4 [COL_B_15] of D407 on F.Cu
[unconnected_items]: Missing connection between items
    Local override; error
    @(31.3150 mm, 31.3150 mm): Pad 4 [COL_B_15] of D407 on F.Cu
    @(31.3150 mm, 33.5150 mm): Pad 4 [COL_B_15] of D435 on F.Cu
[unconnected_items]: Missing connection between items
    Local override; error
    @(31.3150 mm, 33.5150 mm): Pad 4 [COL_B_15] of D435 on F.Cu
    @(31.3150 mm, 35.7150 mm): Pad 4 [COL_B_15] of D463 on F.Cu
[unconnected_items]: Missing connection between items
    Local override; error
    @(31.3150 mm, 35.7150 mm): Pad 4 [COL_B_15] of D463 on F.Cu
    @(31.3150 mm, 37.9150 mm): Pad 4 [COL_B_15] of D491 on F.Cu
[unconnected_items]: Missing connection between items
    Local override; error
    @(31.3150 mm, 37.9150 mm): Pad 4 [COL_B_15] of D491 on F.Cu
    @(31.3150 mm, 40.1150 mm): Pad 4 [COL_B_15] of D519 on F.Cu
[unconnected_items]: Missing connection between items
    Local override; error
    @(31.3150 mm, 40.1150 mm): Pad 4 [COL_B_15] of D519 on F.Cu
    @(31.3150 mm, 42.3150 mm): Pad 4 [COL_B_15] of D547 on F.Cu
[unconnected_items]: Missing connection between items
    Local override; error
    @(31.3150 mm, 42.3150 mm): Pad 4 [COL_B_15] of D547 on F.Cu
    @(31.3150 mm, 44.5150 mm): Pad 4 [COL_B_15] of D575 on F.Cu
[unconnected_items]: Missing connection between items
    Local override; error
    @(31.3150 mm, 44.5150 mm): Pad 4 [COL_B_15] of D575 on F.Cu
    @(31.3150 mm, 46.7150 mm): Pad 4 [COL_B_15] of D603 on F.Cu
[unconnected_items]: Missing connection between items
    Local override; error
    @(31.3150 mm, 46.7150 mm): Pad 4 [COL_B_15] of D603 on F.Cu
    @(31.3150 mm, 48.9150 mm): Pad 4 [COL_B_15] of D631 on F.Cu
[unconnected_items]: Missing connection between items
    Local override; error
    @(31.3150 mm, 48.9150 mm): Pad 4 [COL_B_15] of D631 on F.Cu
    @(31.3150 mm, 51.1150 mm): Pad 4 [COL_B_15] of D659 on F.Cu
[unconnected_items]: Missing connection between items
    Local override; error
    @(31.3150 mm, 51.1150 mm): Pad 4 [COL_B_15] of D659 on F.Cu
    @(31.3150 mm, 53.3150 mm): Pad 4 [COL_B_15] of D687 on F.Cu
[unconnected_items]: Missing connection between items
    Local override; error
    @(31.3150 mm, 53.3150 mm): Pad 4 [COL_B_15] of D687 on F.Cu
    @(31.3150 mm, 55.5150 mm): Pad 4 [COL_B_15] of D715 on F.Cu
[unconnected_items]: Missing connection between items
    Local override; error
    @(31.3150 mm, 55.5150 mm): Pad 4 [COL_B_15] of D715 on F.Cu
    @(31.3150 mm, 57.7150 mm): Pad 4 [COL_B_15] of D743 on F.Cu
[unconnected_items]: Missing connection between items
    Local override; error
    @(31.3150 mm, 57.7150 mm): Pad 4 [COL_B_15] of D743 on F.Cu
    @(31.3150 mm, 59.9150 mm): Pad 4 [COL_B_15] of D771 on F.Cu
[unconnected_items]: Missing connection between items
    Local override; error
    @(1.2850 mm, 55.5150 mm): Pad 1 [ROW_26_ANODE] of D701 on F.Cu
    @(3.4850 mm, 55.5150 mm): Pad 1 [ROW_26_ANODE] of D702 on F.Cu
[unconnected_items]: Missing connection between items
    Local override; error
    @(3.4850 mm, 55.5150 mm): Pad 1 [ROW_26_ANODE] of D702 on F.Cu
    @(5.6850 mm, 55.5150 mm): Pad 1 [ROW_26_ANODE] of D703 on F.Cu
[unconnected_items]: Missing connection between items
    Local override; error
    @(5.6850 mm, 55.5150 mm): Pad 1 [ROW_26_ANODE] of D703 on F.Cu
    @(7.8850 mm, 55.5150 mm): Pad 1 [ROW_26_ANODE] of D704 on F.Cu
[unconnected_items]: Missing connection between items
    Local override; error
    @(7.8850 mm, 55.5150 mm): Pad 1 [ROW_26_ANODE] of D704 on F.Cu
    @(10.0850 mm, 55.5150 mm): Pad 1 [ROW_26_ANODE] of D705 on F.Cu
[unconnected_items]: Missing connection between items
    Local override; error
    @(10.0850 mm, 55.5150 mm): Pad 1 [ROW_26_ANODE] of D705 on F.Cu
    @(12.2850 mm, 55.5150 mm): Pad 1 [ROW_26_ANODE] of D706 on F.Cu
[unconnected_items]: Missing connection between items
    Local override; error
    @(12.2850 mm, 55.5150 mm): Pad 1 [ROW_26_ANODE] of D706 on F.Cu
    @(14.4850 mm, 55.5150 mm): Pad 1 [ROW_26_ANODE] of D707 on F.Cu
[unconnected_items]: Missing connection between items
    Local override; error
    @(14.4850 mm, 55.5150 mm): Pad 1 [ROW_26_ANODE] of D707 on F.Cu
    @(16.6850 mm, 55.5150 mm): Pad 1 [ROW_26_ANODE] of D708 on F.Cu
[unconnected_items]: Missing connection between items
    Local override; error
    @(16.6850 mm, 55.5150 mm): Pad 1 [ROW_26_ANODE] of D708 on F.Cu
    @(18.8850 mm, 55.5150 mm): Pad 1 [ROW_26_ANODE] of D709 on F.Cu
[unconnected_items]: Missing connection between items
    Local override; error
    @(18.8850 mm, 55.5150 mm): Pad 1 [ROW_26_ANODE] of D709 on F.Cu
    @(21.0850 mm, 55.5150 mm): Pad 1 [ROW_26_ANODE] of D710 on F.Cu
[unconnected_items]: Missing connection between items
    Local override; error
    @(21.0850 mm, 55.5150 mm): Pad 1 [ROW_26_ANODE] of D710 on F.Cu
    @(23.2850 mm, 55.5150 mm): Pad 1 [ROW_26_ANODE] of D711 on F.Cu
[unconnected_items]: Missing connection between items
    Local override; error
    @(23.2850 mm, 55.5150 mm): Pad 1 [ROW_26_ANODE] of D711 on F.Cu
    @(25.4850 mm, 55.5150 mm): Pad 1 [ROW_26_ANODE] of D712 on F.Cu
[unconnected_items]: Missing connection between items
    Local override; error
    @(25.4850 mm, 55.5150 mm): Pad 1 [ROW_26_ANODE] of D712 on F.Cu
    @(27.6850 mm, 55.5150 mm): Pad 1 [ROW_26_ANODE] of D713 on F.Cu
[unconnected_items]: Missing connection between items
    Local override; error
    @(27.6850 mm, 55.5150 mm): Pad 1 [ROW_26_ANODE] of D713 on F.Cu
    @(29.8850 mm, 55.5150 mm): Pad 1 [ROW_26_ANODE] of D714 on F.Cu
[unconnected_items]: Missing connection between items
    Local override; error
    @(29.8850 mm, 55.5150 mm): Pad 1 [ROW_26_ANODE] of D714 on F.Cu
    @(32.0850 mm, 55.5150 mm): Pad 1 [ROW_26_ANODE] of D715 on F.Cu
[unconnected_items]: Missing connection between items
    Local override; error
    @(32.0850 mm, 55.5150 mm): Pad 1 [ROW_26_ANODE] of D715 on F.Cu
    @(34.2850 mm, 55.5150 mm): Pad 1 [ROW_26_ANODE] of D716 on F.Cu
[unconnected_items]: Missing connection between items
    Local override; error
    @(34.2850 mm, 55.5150 mm): Pad 1 [ROW_26_ANODE] of D716 on F.Cu
    @(36.4850 mm, 55.5150 mm): Pad 1 [ROW_26_ANODE] of D717 on F.Cu
[unconnected_items]: Missing connection between items
    Local override; error
    @(36.4850 mm, 55.5150 mm): Pad 1 [ROW_26_ANODE] of D717 on F.Cu
    @(38.6850 mm, 55.5150 mm): Pad 1 [ROW_26_ANODE] of D718 on F.Cu
[unconnected_items]: Missing connection between items
    Local override; error
    @(38.6850 mm, 55.5150 mm): Pad 1 [ROW_26_ANODE] of D718 on F.Cu
    @(40.8850 mm, 55.5150 mm): Pad 1 [ROW_26_ANODE] of D719 on F.Cu
[unconnected_items]: Missing connection between items
    Local override; error
    @(40.8850 mm, 55.5150 mm): Pad 1 [ROW_26_ANODE] of D719 on F.Cu
    @(43.0850 mm, 55.5150 mm): Pad 1 [ROW_26_ANODE] of D720 on F.Cu
[unconnected_items]: Missing connection between items
    Local override; error
    @(43.0850 mm, 55.5150 mm): Pad 1 [ROW_26_ANODE] of D720 on F.Cu
    @(45.2850 mm, 55.5150 mm): Pad 1 [ROW_26_ANODE] of D721 on F.Cu
[unconnected_items]: Missing connection between items
    Local override; error
    @(45.2850 mm, 55.5150 mm): Pad 1 [ROW_26_ANODE] of D721 on F.Cu
    @(47.4850 mm, 55.5150 mm): Pad 1 [ROW_26_ANODE] of D722 on F.Cu
[unconnected_items]: Missing connection between items
    Local override; error
    @(47.4850 mm, 55.5150 mm): Pad 1 [ROW_26_ANODE] of D722 on F.Cu
    @(49.6850 mm, 55.5150 mm): Pad 1 [ROW_26_ANODE] of D723 on F.Cu
[unconnected_items]: Missing connection between items
    Local override; error
    @(49.6850 mm, 55.5150 mm): Pad 1 [ROW_26_ANODE] of D723 on F.Cu
    @(51.8850 mm, 55.5150 mm): Pad 1 [ROW_26_ANODE] of D724 on F.Cu
[unconnected_items]: Missing connection between items
    Local override; error
    @(51.8850 mm, 55.5150 mm): Pad 1 [ROW_26_ANODE] of D724 on F.Cu
    @(54.0850 mm, 55.5150 mm): Pad 1 [ROW_26_ANODE] of D725 on F.Cu
[unconnected_items]: Missing connection between items
    Local override; error
    @(54.0850 mm, 55.5150 mm): Pad 1 [ROW_26_ANODE] of D725 on F.Cu
    @(56.2850 mm, 55.5150 mm): Pad 1 [ROW_26_ANODE] of D726 on F.Cu
[unconnected_items]: Missing connection between items
    Local override; error
    @(56.2850 mm, 55.5150 mm): Pad 1 [ROW_26_ANODE] of D726 on F.Cu
    @(58.4850 mm, 55.5150 mm): Pad 1 [ROW_26_ANODE] of D727 on F.Cu
[unconnected_items]: Missing connection between items
    Local override; error
    @(58.4850 mm, 55.5150 mm): Pad 1 [ROW_26_ANODE] of D727 on F.Cu
    @(60.6850 mm, 55.5150 mm): Pad 1 [ROW_26_ANODE] of D728 on F.Cu
[unconnected_items]: Missing connection between items
    Local override; error
    @(58.4850 mm, 1.2850 mm): Pad 2 [COL_R_27] of D27 on F.Cu
    @(58.4850 mm, 3.4850 mm): Pad 2 [COL_R_27] of D55 on F.Cu
[unconnected_items]: Missing connection between items
    Local override; error
    @(58.4850 mm, 3.4850 mm): Pad 2 [COL_R_27] of D55 on F.Cu
    @(58.4850 mm, 5.6850 mm): Pad 2 [COL_R_27] of D83 on F.Cu
[unconnected_items]: Missing connection between items
    Local override; error
    @(58.4850 mm, 5.6850 mm): Pad 2 [COL_R_27] of D83 on F.Cu
    @(58.4850 mm, 7.8850 mm): Pad 2 [COL_R_27] of D111 on F.Cu
[unconnected_items]: Missing connection between items
    Local override; error
    @(58.4850 mm, 7.8850 mm): Pad 2 [COL_R_27] of D111 on F.Cu
    @(58.4850 mm, 10.0850 mm): Pad 2 [COL_R_27] of D139 on F.Cu
[unconnected_items]: Missing connection between items
    Local override; error
    @(58.4850 mm, 10.0850 mm): Pad 2 [COL_R_27] of D139 on F.Cu
    @(58.4850 mm, 12.2850 mm): Pad 2 [COL_R_27] of D167 on F.Cu
[unconnected_items]: Missing connection between items
    Local override; error
    @(58.4850 mm, 12.2850 mm): Pad 2 [COL_R_27] of D167 on F.Cu
    @(58.4850 mm, 14.4850 mm): Pad 2 [COL_R_27] of D195 on F.Cu
[unconnected_items]: Missing connection between items
    Local override; error
    @(58.4850 mm, 14.4850 mm): Pad 2 [COL_R_27] of D195 on F.Cu
    @(58.4850 mm, 16.6850 mm): Pad 2 [COL_R_27] of D223 on F.Cu
[unconnected_items]: Missing connection between items
    Local override; error
    @(58.4850 mm, 16.6850 mm): Pad 2 [COL_R_27] of D223 on F.Cu
    @(58.4850 mm, 18.8850 mm): Pad 2 [COL_R_27] of D251 on F.Cu
[unconnected_items]: Missing connection between items
    Local override; error
    @(58.4850 mm, 18.8850 mm): Pad 2 [COL_R_27] of D251 on F.Cu
    @(58.4850 mm, 21.0850 mm): Pad 2 [COL_R_27] of D279 on F.Cu
[unconnected_items]: Missing connection between items
    Local override; error
    @(58.4850 mm, 21.0850 mm): Pad 2 [COL_R_27] of D279 on F.Cu
    @(58.4850 mm, 23.2850 mm): Pad 2 [COL_R_27] of D307 on F.Cu
[unconnected_items]: Missing connection between items
    Local override; error
    @(58.4850 mm, 23.2850 mm): Pad 2 [COL_R_27] of D307 on F.Cu
    @(58.4850 mm, 25.4850 mm): Pad 2 [COL_R_27] of D335 on F.Cu
[unconnected_items]: Missing connection between items
    Local override; error
    @(58.4850 mm, 25.4850 mm): Pad 2 [COL_R_27] of D335 on F.Cu
    @(58.4850 mm, 27.6850 mm): Pad 2 [COL_R_27] of D363 on F.Cu
[unconnected_items]: Missing connection between items
    Local override; error
    @(58.4850 mm, 27.6850 mm): Pad 2 [COL_R_27] of D363 on F.Cu
    @(58.4850 mm, 29.8850 mm): Pad 2 [COL_R_27] of D391 on F.Cu
[unconnected_items]: Missing connection between items
    Local override; error
    @(58.4850 mm, 29.8850 mm): Pad 2 [COL_R_27] of D391 on F.Cu
    @(58.4850 mm, 32.0850 mm): Pad 2 [COL_R_27] of D419 on F.Cu
[unconnected_items]: Missing connection between items
    Local override; error
    @(58.4850 mm, 32.0850 mm): Pad 2 [COL_R_27] of D419 on F.Cu
    @(58.4850 mm, 34.2850 mm): Pad 2 [COL_R_27] of D447 on F.Cu
[unconnected_items]: Missing connection between items
    Local override; error
    @(58.4850 mm, 34.2850 mm): Pad 2 [COL_R_27] of D447 on F.Cu
    @(58.4850 mm, 36.4850 mm): Pad 2 [COL_R_27] of D475 on F.Cu
[unconnected_items]: Missing connection between items
    Local override; error
    @(58.4850 mm, 36.4850 mm): Pad 2 [COL_R_27] of D475 on F.Cu
    @(58.4850 mm, 38.6850 mm): Pad 2 [COL_R_27] of D503 on F.Cu
[unconnected_items]: Missing connection between items
    Local override; error
    @(58.4850 mm, 38.6850 mm): Pad 2 [COL_R_27] of D503 on F.Cu
    @(58.4850 mm, 40.8850 mm): Pad 2 [COL_R_27] of D531 on F.Cu
[unconnected_items]: Missing connection between items
    Local override; error
    @(58.4850 mm, 40.8850 mm): Pad 2 [COL_R_27] of D531 on F.Cu
    @(58.4850 mm, 43.0850 mm): Pad 2 [COL_R_27] of D559 on F.Cu
[unconnected_items]: Missing connection between items
    Local override; error
    @(58.4850 mm, 43.0850 mm): Pad 2 [COL_R_27] of D559 on F.Cu
    @(58.4850 mm, 45.2850 mm): Pad 2 [COL_R_27] of D587 on F.Cu
[unconnected_items]: Missing connection between items
    Local override; error
    @(58.4850 mm, 45.2850 mm): Pad 2 [COL_R_27] of D587 on F.Cu
    @(58.4850 mm, 47.4850 mm): Pad 2 [COL_R_27] of D615 on F.Cu
[unconnected_items]: Missing connection between items
    Local override; error
    @(58.4850 mm, 47.4850 mm): Pad 2 [COL_R_27] of D615 on F.Cu
    @(58.4850 mm, 49.6850 mm): Pad 2 [COL_R_27] of D643 on F.Cu
[unconnected_items]: Missing connection between items
    Local override; error
    @(58.4850 mm, 49.6850 mm): Pad 2 [COL_R_27] of D643 on F.Cu
    @(58.4850 mm, 51.8850 mm): Pad 2 [COL_R_27] of D671 on F.Cu
[unconnected_items]: Missing connection between items
    Local override; error
    @(58.4850 mm, 51.8850 mm): Pad 2 [COL_R_27] of D671 on F.Cu
    @(58.4850 mm, 54.0850 mm): Pad 2 [COL_R_27] of D699 on F.Cu
[unconnected_items]: Missing connection between items
    Local override; error
    @(58.4850 mm, 54.0850 mm): Pad 2 [COL_R_27] of D699 on F.Cu
    @(58.4850 mm, 56.2850 mm): Pad 2 [COL_R_27] of D727 on F.Cu
[unconnected_items]: Missing connection between items
    Local override; error
    @(58.4850 mm, 56.2850 mm): Pad 2 [COL_R_27] of D727 on F.Cu
    @(58.4850 mm, 58.4850 mm): Pad 2 [COL_R_27] of D755 on F.Cu
[unconnected_items]: Missing connection between items
    Local override; error
    @(58.4850 mm, 58.4850 mm): Pad 2 [COL_R_27] of D755 on F.Cu
    @(58.4850 mm, 60.6850 mm): Pad 2 [COL_R_27] of D783 on F.Cu
[unconnected_items]: Missing connection between items
    Local override; error
    @(57.7150 mm, 1.2850 mm): Pad 3 [COL_G_27] of D27 on F.Cu
    @(57.7150 mm, 3.4850 mm): Pad 3 [COL_G_27] of D55 on F.Cu
[unconnected_items]: Missing connection between items
    Local override; error
    @(57.7150 mm, 3.4850 mm): Pad 3 [COL_G_27] of D55 on F.Cu
    @(57.7150 mm, 5.6850 mm): Pad 3 [COL_G_27] of D83 on F.Cu
[unconnected_items]: Missing connection between items
    Local override; error
    @(57.7150 mm, 5.6850 mm): Pad 3 [COL_G_27] of D83 on F.Cu
    @(57.7150 mm, 7.8850 mm): Pad 3 [COL_G_27] of D111 on F.Cu
[unconnected_items]: Missing connection between items
    Local override; error
    @(57.7150 mm, 7.8850 mm): Pad 3 [COL_G_27] of D111 on F.Cu
    @(57.7150 mm, 10.0850 mm): Pad 3 [COL_G_27] of D139 on F.Cu
[unconnected_items]: Missing connection between items
    Local override; error
    @(57.7150 mm, 10.0850 mm): Pad 3 [COL_G_27] of D139 on F.Cu
    @(57.7150 mm, 12.2850 mm): Pad 3 [COL_G_27] of D167 on F.Cu
[unconnected_items]: Missing connection between items
    Local override; error
    @(57.7150 mm, 12.2850 mm): Pad 3 [COL_G_27] of D167 on F.Cu
    @(57.7150 mm, 14.4850 mm): Pad 3 [COL_G_27] of D195 on F.Cu
[unconnected_items]: Missing connection between items
    Local override; error
    @(57.7150 mm, 14.4850 mm): Pad 3 [COL_G_27] of D195 on F.Cu
    @(57.7150 mm, 16.6850 mm): Pad 3 [COL_G_27] of D223 on F.Cu
[unconnected_items]: Missing connection between items
    Local override; error
    @(57.7150 mm, 16.6850 mm): Pad 3 [COL_G_27] of D223 on F.Cu
    @(57.7150 mm, 18.8850 mm): Pad 3 [COL_G_27] of D251 on F.Cu
[unconnected_items]: Missing connection between items
    Local override; error
    @(57.7150 mm, 18.8850 mm): Pad 3 [COL_G_27] of D251 on F.Cu
    @(57.7150 mm, 21.0850 mm): Pad 3 [COL_G_27] of D279 on F.Cu
[unconnected_items]: Missing connection between items
    Local override; error
    @(57.7150 mm, 21.0850 mm): Pad 3 [COL_G_27] of D279 on F.Cu
    @(57.7150 mm, 23.2850 mm): Pad 3 [COL_G_27] of D307 on F.Cu
[unconnected_items]: Missing connection between items
    Local override; error
    @(57.7150 mm, 23.2850 mm): Pad 3 [COL_G_27] of D307 on F.Cu
    @(57.7150 mm, 25.4850 mm): Pad 3 [COL_G_27] of D335 on F.Cu
[unconnected_items]: Missing connection between items
    Local override; error
    @(57.7150 mm, 25.4850 mm): Pad 3 [COL_G_27] of D335 on F.Cu
    @(57.7150 mm, 27.6850 mm): Pad 3 [COL_G_27] of D363 on F.Cu
[unconnected_items]: Missing connection between items
    Local override; error
    @(57.7150 mm, 27.6850 mm): Pad 3 [COL_G_27] of D363 on F.Cu
    @(57.7150 mm, 29.8850 mm): Pad 3 [COL_G_27] of D391 on F.Cu
[unconnected_items]: Missing connection between items
    Local override; error
    @(57.7150 mm, 29.8850 mm): Pad 3 [COL_G_27] of D391 on F.Cu
    @(57.7150 mm, 32.0850 mm): Pad 3 [COL_G_27] of D419 on F.Cu
[unconnected_items]: Missing connection between items
    Local override; error
    @(57.7150 mm, 32.0850 mm): Pad 3 [COL_G_27] of D419 on F.Cu
    @(57.7150 mm, 34.2850 mm): Pad 3 [COL_G_27] of D447 on F.Cu
[unconnected_items]: Missing connection between items
    Local override; error
    @(57.7150 mm, 34.2850 mm): Pad 3 [COL_G_27] of D447 on F.Cu
    @(57.7150 mm, 36.4850 mm): Pad 3 [COL_G_27] of D475 on F.Cu
[unconnected_items]: Missing connection between items
    Local override; error
    @(57.7150 mm, 36.4850 mm): Pad 3 [COL_G_27] of D475 on F.Cu
    @(57.7150 mm, 38.6850 mm): Pad 3 [COL_G_27] of D503 on F.Cu
[unconnected_items]: Missing connection between items
    Local override; error
    @(57.7150 mm, 38.6850 mm): Pad 3 [COL_G_27] of D503 on F.Cu
    @(57.7150 mm, 40.8850 mm): Pad 3 [COL_G_27] of D531 on F.Cu
[unconnected_items]: Missing connection between items
    Local override; error
    @(57.7150 mm, 40.8850 mm): Pad 3 [COL_G_27] of D531 on F.Cu
    @(57.7150 mm, 43.0850 mm): Pad 3 [COL_G_27] of D559 on F.Cu
[unconnected_items]: Missing connection between items
    Local override; error
    @(57.7150 mm, 43.0850 mm): Pad 3 [COL_G_27] of D559 on F.Cu
    @(57.7150 mm, 45.2850 mm): Pad 3 [COL_G_27] of D587 on F.Cu
[unconnected_items]: Missing connection between items
    Local override; error
    @(57.7150 mm, 45.2850 mm): Pad 3 [COL_G_27] of D587 on F.Cu
    @(57.7150 mm, 47.4850 mm): Pad 3 [COL_G_27] of D615 on F.Cu
[unconnected_items]: Missing connection between items
    Local override; error
    @(57.7150 mm, 47.4850 mm): Pad 3 [COL_G_27] of D615 on F.Cu
    @(57.7150 mm, 49.6850 mm): Pad 3 [COL_G_27] of D643 on F.Cu
[unconnected_items]: Missing connection between items
    Local override; error
    @(57.7150 mm, 49.6850 mm): Pad 3 [COL_G_27] of D643 on F.Cu
    @(57.7150 mm, 51.8850 mm): Pad 3 [COL_G_27] of D671 on F.Cu
[unconnected_items]: Missing connection between items
    Local override; error
    @(57.7150 mm, 51.8850 mm): Pad 3 [COL_G_27] of D671 on F.Cu
    @(57.7150 mm, 54.0850 mm): Pad 3 [COL_G_27] of D699 on F.Cu
[unconnected_items]: Missing connection between items
    Local override; error
    @(57.7150 mm, 54.0850 mm): Pad 3 [COL_G_27] of D699 on F.Cu
    @(57.7150 mm, 56.2850 mm): Pad 3 [COL_G_27] of D727 on F.Cu
[unconnected_items]: Missing connection between items
    Local override; error
    @(57.7150 mm, 56.2850 mm): Pad 3 [COL_G_27] of D727 on F.Cu
    @(57.7150 mm, 58.4850 mm): Pad 3 [COL_G_27] of D755 on F.Cu
[unconnected_items]: Missing connection between items
    Local override; error
    @(57.7150 mm, 58.4850 mm): Pad 3 [COL_G_27] of D755 on F.Cu
    @(57.7150 mm, 60.6850 mm): Pad 3 [COL_G_27] of D783 on F.Cu
[unconnected_items]: Missing connection between items
    Local override; error
    @(57.7150 mm, 0.5150 mm): Pad 4 [COL_B_27] of D27 on F.Cu
    @(57.7150 mm, 2.7150 mm): Pad 4 [COL_B_27] of D55 on F.Cu
[unconnected_items]: Missing connection between items
    Local override; error
    @(57.7150 mm, 2.7150 mm): Pad 4 [COL_B_27] of D55 on F.Cu
    @(57.7150 mm, 4.9150 mm): Pad 4 [COL_B_27] of D83 on F.Cu
[unconnected_items]: Missing connection between items
    Local override; error
    @(57.7150 mm, 4.9150 mm): Pad 4 [COL_B_27] of D83 on F.Cu
    @(57.7150 mm, 7.1150 mm): Pad 4 [COL_B_27] of D111 on F.Cu
[unconnected_items]: Missing connection between items
    Local override; error
    @(57.7150 mm, 7.1150 mm): Pad 4 [COL_B_27] of D111 on F.Cu
    @(57.7150 mm, 9.3150 mm): Pad 4 [COL_B_27] of D139 on F.Cu
[unconnected_items]: Missing connection between items
    Local override; error
    @(57.7150 mm, 9.3150 mm): Pad 4 [COL_B_27] of D139 on F.Cu
    @(57.7150 mm, 11.5150 mm): Pad 4 [COL_B_27] of D167 on F.Cu
[unconnected_items]: Missing connection between items
    Local override; error
    @(57.7150 mm, 11.5150 mm): Pad 4 [COL_B_27] of D167 on F.Cu
    @(57.7150 mm, 13.7150 mm): Pad 4 [COL_B_27] of D195 on F.Cu
[unconnected_items]: Missing connection between items
    Local override; error
    @(57.7150 mm, 13.7150 mm): Pad 4 [COL_B_27] of D195 on F.Cu
    @(57.7150 mm, 15.9150 mm): Pad 4 [COL_B_27] of D223 on F.Cu
[unconnected_items]: Missing connection between items
    Local override; error
    @(57.7150 mm, 15.9150 mm): Pad 4 [COL_B_27] of D223 on F.Cu
    @(57.7150 mm, 18.1150 mm): Pad 4 [COL_B_27] of D251 on F.Cu
[unconnected_items]: Missing connection between items
    Local override; error
    @(57.7150 mm, 18.1150 mm): Pad 4 [COL_B_27] of D251 on F.Cu
    @(57.7150 mm, 20.3150 mm): Pad 4 [COL_B_27] of D279 on F.Cu
[unconnected_items]: Missing connection between items
    Local override; error
    @(57.7150 mm, 20.3150 mm): Pad 4 [COL_B_27] of D279 on F.Cu
    @(57.7150 mm, 22.5150 mm): Pad 4 [COL_B_27] of D307 on F.Cu
[unconnected_items]: Missing connection between items
    Local override; error
    @(57.7150 mm, 22.5150 mm): Pad 4 [COL_B_27] of D307 on F.Cu
    @(57.7150 mm, 24.7150 mm): Pad 4 [COL_B_27] of D335 on F.Cu
[unconnected_items]: Missing connection between items
    Local override; error
    @(57.7150 mm, 24.7150 mm): Pad 4 [COL_B_27] of D335 on F.Cu
    @(57.7150 mm, 26.9150 mm): Pad 4 [COL_B_27] of D363 on F.Cu
[unconnected_items]: Missing connection between items
    Local override; error
    @(57.7150 mm, 26.9150 mm): Pad 4 [COL_B_27] of D363 on F.Cu
    @(57.7150 mm, 29.1150 mm): Pad 4 [COL_B_27] of D391 on F.Cu
[unconnected_items]: Missing connection between items
    Local override; error
    @(57.7150 mm, 29.1150 mm): Pad 4 [COL_B_27] of D391 on F.Cu
    @(57.7150 mm, 31.3150 mm): Pad 4 [COL_B_27] of D419 on F.Cu
[unconnected_items]: Missing connection between items
    Local override; error
    @(57.7150 mm, 31.3150 mm): Pad 4 [COL_B_27] of D419 on F.Cu
    @(57.7150 mm, 33.5150 mm): Pad 4 [COL_B_27] of D447 on F.Cu
[unconnected_items]: Missing connection between items
    Local override; error
    @(57.7150 mm, 33.5150 mm): Pad 4 [COL_B_27] of D447 on F.Cu
    @(57.7150 mm, 35.7150 mm): Pad 4 [COL_B_27] of D475 on F.Cu
[unconnected_items]: Missing connection between items
    Local override; error
    @(57.7150 mm, 35.7150 mm): Pad 4 [COL_B_27] of D475 on F.Cu
    @(57.7150 mm, 37.9150 mm): Pad 4 [COL_B_27] of D503 on F.Cu
[unconnected_items]: Missing connection between items
    Local override; error
    @(57.7150 mm, 37.9150 mm): Pad 4 [COL_B_27] of D503 on F.Cu
    @(57.7150 mm, 40.1150 mm): Pad 4 [COL_B_27] of D531 on F.Cu
[unconnected_items]: Missing connection between items
    Local override; error
    @(57.7150 mm, 40.1150 mm): Pad 4 [COL_B_27] of D531 on F.Cu
    @(57.7150 mm, 42.3150 mm): Pad 4 [COL_B_27] of D559 on F.Cu
[unconnected_items]: Missing connection between items
    Local override; error
    @(57.7150 mm, 42.3150 mm): Pad 4 [COL_B_27] of D559 on F.Cu
    @(57.7150 mm, 44.5150 mm): Pad 4 [COL_B_27] of D587 on F.Cu
[unconnected_items]: Missing connection between items
    Local override; error
    @(57.7150 mm, 44.5150 mm): Pad 4 [COL_B_27] of D587 on F.Cu
    @(57.7150 mm, 46.7150 mm): Pad 4 [COL_B_27] of D615 on F.Cu
[unconnected_items]: Missing connection between items
    Local override; error
    @(57.7150 mm, 46.7150 mm): Pad 4 [COL_B_27] of D615 on F.Cu
    @(57.7150 mm, 48.9150 mm): Pad 4 [COL_B_27] of D643 on F.Cu
[unconnected_items]: Missing connection between items
    Local override; error
    @(57.7150 mm, 48.9150 mm): Pad 4 [COL_B_27] of D643 on F.Cu
    @(57.7150 mm, 51.1150 mm): Pad 4 [COL_B_27] of D671 on F.Cu
[unconnected_items]: Missing connection between items
    Local override; error
    @(57.7150 mm, 51.1150 mm): Pad 4 [COL_B_27] of D671 on F.Cu
    @(57.7150 mm, 53.3150 mm): Pad 4 [COL_B_27] of D699 on F.Cu
[unconnected_items]: Missing connection between items
    Local override; error
    @(57.7150 mm, 53.3150 mm): Pad 4 [COL_B_27] of D699 on F.Cu
    @(57.7150 mm, 55.5150 mm): Pad 4 [COL_B_27] of D727 on F.Cu
[unconnected_items]: Missing connection between items
    Local override; error
    @(57.7150 mm, 55.5150 mm): Pad 4 [COL_B_27] of D727 on F.Cu
    @(57.7150 mm, 57.7150 mm): Pad 4 [COL_B_27] of D755 on F.Cu
[unconnected_items]: Missing connection between items
    Local override; error
    @(57.7150 mm, 57.7150 mm): Pad 4 [COL_B_27] of D755 on F.Cu
    @(57.7150 mm, 59.9150 mm): Pad 4 [COL_B_27] of D783 on F.Cu
[unconnected_items]: Missing connection between items
    Local override; error
    @(43.0850 mm, 1.2850 mm): Pad 2 [COL_R_20] of D20 on F.Cu
    @(43.0850 mm, 3.4850 mm): Pad 2 [COL_R_20] of D48 on F.Cu
[unconnected_items]: Missing connection between items
    Local override; error
    @(43.0850 mm, 3.4850 mm): Pad 2 [COL_R_20] of D48 on F.Cu
    @(43.0850 mm, 5.6850 mm): Pad 2 [COL_R_20] of D76 on F.Cu
[unconnected_items]: Missing connection between items
    Local override; error
    @(43.0850 mm, 5.6850 mm): Pad 2 [COL_R_20] of D76 on F.Cu
    @(43.0850 mm, 7.8850 mm): Pad 2 [COL_R_20] of D104 on F.Cu
[unconnected_items]: Missing connection between items
    Local override; error
    @(43.0850 mm, 7.8850 mm): Pad 2 [COL_R_20] of D104 on F.Cu
    @(43.0850 mm, 10.0850 mm): Pad 2 [COL_R_20] of D132 on F.Cu
[unconnected_items]: Missing connection between items
    Local override; error
    @(43.0850 mm, 10.0850 mm): Pad 2 [COL_R_20] of D132 on F.Cu
    @(43.0850 mm, 12.2850 mm): Pad 2 [COL_R_20] of D160 on F.Cu
[unconnected_items]: Missing connection between items
    Local override; error
    @(43.0850 mm, 12.2850 mm): Pad 2 [COL_R_20] of D160 on F.Cu
    @(43.0850 mm, 14.4850 mm): Pad 2 [COL_R_20] of D188 on F.Cu
[unconnected_items]: Missing connection between items
    Local override; error
    @(43.0850 mm, 14.4850 mm): Pad 2 [COL_R_20] of D188 on F.Cu
    @(43.0850 mm, 16.6850 mm): Pad 2 [COL_R_20] of D216 on F.Cu
[unconnected_items]: Missing connection between items
    Local override; error
    @(43.0850 mm, 16.6850 mm): Pad 2 [COL_R_20] of D216 on F.Cu
    @(43.0850 mm, 18.8850 mm): Pad 2 [COL_R_20] of D244 on F.Cu
[unconnected_items]: Missing connection between items
    Local override; error
    @(43.0850 mm, 18.8850 mm): Pad 2 [COL_R_20] of D244 on F.Cu
    @(43.0850 mm, 21.0850 mm): Pad 2 [COL_R_20] of D272 on F.Cu
[unconnected_items]: Missing connection between items
    Local override; error
    @(43.0850 mm, 21.0850 mm): Pad 2 [COL_R_20] of D272 on F.Cu
    @(43.0850 mm, 23.2850 mm): Pad 2 [COL_R_20] of D300 on F.Cu
[unconnected_items]: Missing connection between items
    Local override; error
    @(43.0850 mm, 23.2850 mm): Pad 2 [COL_R_20] of D300 on F.Cu
    @(43.0850 mm, 25.4850 mm): Pad 2 [COL_R_20] of D328 on F.Cu
[unconnected_items]: Missing connection between items
    Local override; error
    @(43.0850 mm, 25.4850 mm): Pad 2 [COL_R_20] of D328 on F.Cu
    @(43.0850 mm, 27.6850 mm): Pad 2 [COL_R_20] of D356 on F.Cu
[unconnected_items]: Missing connection between items
    Local override; error
    @(43.0850 mm, 27.6850 mm): Pad 2 [COL_R_20] of D356 on F.Cu
    @(43.0850 mm, 29.8850 mm): Pad 2 [COL_R_20] of D384 on F.Cu
[unconnected_items]: Missing connection between items
    Local override; error
    @(43.0850 mm, 29.8850 mm): Pad 2 [COL_R_20] of D384 on F.Cu
    @(43.0850 mm, 32.0850 mm): Pad 2 [COL_R_20] of D412 on F.Cu
[unconnected_items]: Missing connection between items
    Local override; error
    @(43.0850 mm, 32.0850 mm): Pad 2 [COL_R_20] of D412 on F.Cu
    @(43.0850 mm, 34.2850 mm): Pad 2 [COL_R_20] of D440 on F.Cu
[unconnected_items]: Missing connection between items
    Local override; error
    @(43.0850 mm, 34.2850 mm): Pad 2 [COL_R_20] of D440 on F.Cu
    @(43.0850 mm, 36.4850 mm): Pad 2 [COL_R_20] of D468 on F.Cu
[unconnected_items]: Missing connection between items
    Local override; error
    @(43.0850 mm, 36.4850 mm): Pad 2 [COL_R_20] of D468 on F.Cu
    @(43.0850 mm, 38.6850 mm): Pad 2 [COL_R_20] of D496 on F.Cu
[unconnected_items]: Missing connection between items
    Local override; error
    @(43.0850 mm, 38.6850 mm): Pad 2 [COL_R_20] of D496 on F.Cu
    @(43.0850 mm, 40.8850 mm): Pad 2 [COL_R_20] of D524 on F.Cu
[unconnected_items]: Missing connection between items
    Local override; error
    @(43.0850 mm, 40.8850 mm): Pad 2 [COL_R_20] of D524 on F.Cu
    @(43.0850 mm, 43.0850 mm): Pad 2 [COL_R_20] of D552 on F.Cu
[unconnected_items]: Missing connection between items
    Local override; error
    @(43.0850 mm, 43.0850 mm): Pad 2 [COL_R_20] of D552 on F.Cu
    @(43.0850 mm, 45.2850 mm): Pad 2 [COL_R_20] of D580 on F.Cu
[unconnected_items]: Missing connection between items
    Local override; error
    @(43.0850 mm, 45.2850 mm): Pad 2 [COL_R_20] of D580 on F.Cu
    @(43.0850 mm, 47.4850 mm): Pad 2 [COL_R_20] of D608 on F.Cu
[unconnected_items]: Missing connection between items
    Local override; error
    @(43.0850 mm, 47.4850 mm): Pad 2 [COL_R_20] of D608 on F.Cu
    @(43.0850 mm, 49.6850 mm): Pad 2 [COL_R_20] of D636 on F.Cu
[unconnected_items]: Missing connection between items
    Local override; error
    @(43.0850 mm, 49.6850 mm): Pad 2 [COL_R_20] of D636 on F.Cu
    @(43.0850 mm, 51.8850 mm): Pad 2 [COL_R_20] of D664 on F.Cu
[unconnected_items]: Missing connection between items
    Local override; error
    @(43.0850 mm, 51.8850 mm): Pad 2 [COL_R_20] of D664 on F.Cu
    @(43.0850 mm, 54.0850 mm): Pad 2 [COL_R_20] of D692 on F.Cu
[unconnected_items]: Missing connection between items
    Local override; error
    @(43.0850 mm, 54.0850 mm): Pad 2 [COL_R_20] of D692 on F.Cu
    @(43.0850 mm, 56.2850 mm): Pad 2 [COL_R_20] of D720 on F.Cu
[unconnected_items]: Missing connection between items
    Local override; error
    @(43.0850 mm, 56.2850 mm): Pad 2 [COL_R_20] of D720 on F.Cu
    @(43.0850 mm, 58.4850 mm): Pad 2 [COL_R_20] of D748 on F.Cu
[unconnected_items]: Missing connection between items
    Local override; error
    @(43.0850 mm, 58.4850 mm): Pad 2 [COL_R_20] of D748 on F.Cu
    @(43.0850 mm, 60.6850 mm): Pad 2 [COL_R_20] of D776 on F.Cu
[unconnected_items]: Missing connection between items
    Local override; error
    @(42.3150 mm, 1.2850 mm): Pad 3 [COL_G_20] of D20 on F.Cu
    @(42.3150 mm, 3.4850 mm): Pad 3 [COL_G_20] of D48 on F.Cu
[unconnected_items]: Missing connection between items
    Local override; error
    @(42.3150 mm, 3.4850 mm): Pad 3 [COL_G_20] of D48 on F.Cu
    @(42.3150 mm, 5.6850 mm): Pad 3 [COL_G_20] of D76 on F.Cu
[unconnected_items]: Missing connection between items
    Local override; error
    @(42.3150 mm, 5.6850 mm): Pad 3 [COL_G_20] of D76 on F.Cu
    @(42.3150 mm, 7.8850 mm): Pad 3 [COL_G_20] of D104 on F.Cu
[unconnected_items]: Missing connection between items
    Local override; error
    @(42.3150 mm, 7.8850 mm): Pad 3 [COL_G_20] of D104 on F.Cu
    @(42.3150 mm, 10.0850 mm): Pad 3 [COL_G_20] of D132 on F.Cu
[unconnected_items]: Missing connection between items
    Local override; error
    @(42.3150 mm, 10.0850 mm): Pad 3 [COL_G_20] of D132 on F.Cu
    @(42.3150 mm, 12.2850 mm): Pad 3 [COL_G_20] of D160 on F.Cu
[unconnected_items]: Missing connection between items
    Local override; error
    @(42.3150 mm, 12.2850 mm): Pad 3 [COL_G_20] of D160 on F.Cu
    @(42.3150 mm, 14.4850 mm): Pad 3 [COL_G_20] of D188 on F.Cu
[unconnected_items]: Missing connection between items
    Local override; error
    @(42.3150 mm, 14.4850 mm): Pad 3 [COL_G_20] of D188 on F.Cu
    @(42.3150 mm, 16.6850 mm): Pad 3 [COL_G_20] of D216 on F.Cu
[unconnected_items]: Missing connection between items
    Local override; error
    @(42.3150 mm, 16.6850 mm): Pad 3 [COL_G_20] of D216 on F.Cu
    @(42.3150 mm, 18.8850 mm): Pad 3 [COL_G_20] of D244 on F.Cu
[unconnected_items]: Missing connection between items
    Local override; error
    @(42.3150 mm, 18.8850 mm): Pad 3 [COL_G_20] of D244 on F.Cu
    @(42.3150 mm, 21.0850 mm): Pad 3 [COL_G_20] of D272 on F.Cu
[unconnected_items]: Missing connection between items
    Local override; error
    @(42.3150 mm, 21.0850 mm): Pad 3 [COL_G_20] of D272 on F.Cu
    @(42.3150 mm, 23.2850 mm): Pad 3 [COL_G_20] of D300 on F.Cu
[unconnected_items]: Missing connection between items
    Local override; error
    @(42.3150 mm, 23.2850 mm): Pad 3 [COL_G_20] of D300 on F.Cu
    @(42.3150 mm, 25.4850 mm): Pad 3 [COL_G_20] of D328 on F.Cu
[unconnected_items]: Missing connection between items
    Local override; error
    @(42.3150 mm, 25.4850 mm): Pad 3 [COL_G_20] of D328 on F.Cu
    @(42.3150 mm, 27.6850 mm): Pad 3 [COL_G_20] of D356 on F.Cu
[unconnected_items]: Missing connection between items
    Local override; error
    @(42.3150 mm, 27.6850 mm): Pad 3 [COL_G_20] of D356 on F.Cu
    @(42.3150 mm, 29.8850 mm): Pad 3 [COL_G_20] of D384 on F.Cu
[unconnected_items]: Missing connection between items
    Local override; error
    @(42.3150 mm, 29.8850 mm): Pad 3 [COL_G_20] of D384 on F.Cu
    @(42.3150 mm, 32.0850 mm): Pad 3 [COL_G_20] of D412 on F.Cu
[unconnected_items]: Missing connection between items
    Local override; error
    @(42.3150 mm, 32.0850 mm): Pad 3 [COL_G_20] of D412 on F.Cu
    @(42.3150 mm, 34.2850 mm): Pad 3 [COL_G_20] of D440 on F.Cu
[unconnected_items]: Missing connection between items
    Local override; error
    @(42.3150 mm, 34.2850 mm): Pad 3 [COL_G_20] of D440 on F.Cu
    @(42.3150 mm, 36.4850 mm): Pad 3 [COL_G_20] of D468 on F.Cu
[unconnected_items]: Missing connection between items
    Local override; error
    @(42.3150 mm, 36.4850 mm): Pad 3 [COL_G_20] of D468 on F.Cu
    @(42.3150 mm, 38.6850 mm): Pad 3 [COL_G_20] of D496 on F.Cu
[unconnected_items]: Missing connection between items
    Local override; error
    @(42.3150 mm, 38.6850 mm): Pad 3 [COL_G_20] of D496 on F.Cu
    @(42.3150 mm, 40.8850 mm): Pad 3 [COL_G_20] of D524 on F.Cu
[unconnected_items]: Missing connection between items
    Local override; error
    @(42.3150 mm, 40.8850 mm): Pad 3 [COL_G_20] of D524 on F.Cu
    @(42.3150 mm, 43.0850 mm): Pad 3 [COL_G_20] of D552 on F.Cu
[unconnected_items]: Missing connection between items
    Local override; error
    @(42.3150 mm, 43.0850 mm): Pad 3 [COL_G_20] of D552 on F.Cu
    @(42.3150 mm, 45.2850 mm): Pad 3 [COL_G_20] of D580 on F.Cu
[unconnected_items]: Missing connection between items
    Local override; error
    @(42.3150 mm, 45.2850 mm): Pad 3 [COL_G_20] of D580 on F.Cu
    @(42.3150 mm, 47.4850 mm): Pad 3 [COL_G_20] of D608 on F.Cu
[unconnected_items]: Missing connection between items
    Local override; error
    @(42.3150 mm, 47.4850 mm): Pad 3 [COL_G_20] of D608 on F.Cu
    @(42.3150 mm, 49.6850 mm): Pad 3 [COL_G_20] of D636 on F.Cu
[unconnected_items]: Missing connection between items
    Local override; error
    @(42.3150 mm, 49.6850 mm): Pad 3 [COL_G_20] of D636 on F.Cu
    @(42.3150 mm, 51.8850 mm): Pad 3 [COL_G_20] of D664 on F.Cu
[unconnected_items]: Missing connection between items
    Local override; error
    @(42.3150 mm, 51.8850 mm): Pad 3 [COL_G_20] of D664 on F.Cu
    @(42.3150 mm, 54.0850 mm): Pad 3 [COL_G_20] of D692 on F.Cu
[unconnected_items]: Missing connection between items
    Local override; error
    @(42.3150 mm, 54.0850 mm): Pad 3 [COL_G_20] of D692 on F.Cu
    @(42.3150 mm, 56.2850 mm): Pad 3 [COL_G_20] of D720 on F.Cu
[unconnected_items]: Missing connection between items
    Local override; error
    @(42.3150 mm, 56.2850 mm): Pad 3 [COL_G_20] of D720 on F.Cu
    @(42.3150 mm, 58.4850 mm): Pad 3 [COL_G_20] of D748 on F.Cu
[unconnected_items]: Missing connection between items
    Local override; error
    @(42.3150 mm, 58.4850 mm): Pad 3 [COL_G_20] of D748 on F.Cu
    @(42.3150 mm, 60.6850 mm): Pad 3 [COL_G_20] of D776 on F.Cu
[unconnected_items]: Missing connection between items
    Local override; error
    @(42.3150 mm, 0.5150 mm): Pad 4 [COL_B_20] of D20 on F.Cu
    @(42.3150 mm, 2.7150 mm): Pad 4 [COL_B_20] of D48 on F.Cu
[unconnected_items]: Missing connection between items
    Local override; error
    @(42.3150 mm, 2.7150 mm): Pad 4 [COL_B_20] of D48 on F.Cu
    @(42.3150 mm, 4.9150 mm): Pad 4 [COL_B_20] of D76 on F.Cu
[unconnected_items]: Missing connection between items
    Local override; error
    @(42.3150 mm, 4.9150 mm): Pad 4 [COL_B_20] of D76 on F.Cu
    @(42.3150 mm, 7.1150 mm): Pad 4 [COL_B_20] of D104 on F.Cu
[unconnected_items]: Missing connection between items
    Local override; error
    @(42.3150 mm, 7.1150 mm): Pad 4 [COL_B_20] of D104 on F.Cu
    @(42.3150 mm, 9.3150 mm): Pad 4 [COL_B_20] of D132 on F.Cu
[unconnected_items]: Missing connection between items
    Local override; error
    @(42.3150 mm, 9.3150 mm): Pad 4 [COL_B_20] of D132 on F.Cu
    @(42.3150 mm, 11.5150 mm): Pad 4 [COL_B_20] of D160 on F.Cu
[unconnected_items]: Missing connection between items
    Local override; error
    @(42.3150 mm, 11.5150 mm): Pad 4 [COL_B_20] of D160 on F.Cu
    @(42.3150 mm, 13.7150 mm): Pad 4 [COL_B_20] of D188 on F.Cu
[unconnected_items]: Missing connection between items
    Local override; error
    @(42.3150 mm, 13.7150 mm): Pad 4 [COL_B_20] of D188 on F.Cu
    @(42.3150 mm, 15.9150 mm): Pad 4 [COL_B_20] of D216 on F.Cu
[unconnected_items]: Missing connection between items
    Local override; error
    @(42.3150 mm, 15.9150 mm): Pad 4 [COL_B_20] of D216 on F.Cu
    @(42.3150 mm, 18.1150 mm): Pad 4 [COL_B_20] of D244 on F.Cu
[unconnected_items]: Missing connection between items
    Local override; error
    @(42.3150 mm, 18.1150 mm): Pad 4 [COL_B_20] of D244 on F.Cu
    @(42.3150 mm, 20.3150 mm): Pad 4 [COL_B_20] of D272 on F.Cu
[unconnected_items]: Missing connection between items
    Local override; error
    @(42.3150 mm, 20.3150 mm): Pad 4 [COL_B_20] of D272 on F.Cu
    @(42.3150 mm, 22.5150 mm): Pad 4 [COL_B_20] of D300 on F.Cu
[unconnected_items]: Missing connection between items
    Local override; error
    @(42.3150 mm, 22.5150 mm): Pad 4 [COL_B_20] of D300 on F.Cu
    @(42.3150 mm, 24.7150 mm): Pad 4 [COL_B_20] of D328 on F.Cu
[unconnected_items]: Missing connection between items
    Local override; error
    @(42.3150 mm, 24.7150 mm): Pad 4 [COL_B_20] of D328 on F.Cu
    @(42.3150 mm, 26.9150 mm): Pad 4 [COL_B_20] of D356 on F.Cu
[unconnected_items]: Missing connection between items
    Local override; error
    @(42.3150 mm, 26.9150 mm): Pad 4 [COL_B_20] of D356 on F.Cu
    @(42.3150 mm, 29.1150 mm): Pad 4 [COL_B_20] of D384 on F.Cu
[unconnected_items]: Missing connection between items
    Local override; error
    @(42.3150 mm, 29.1150 mm): Pad 4 [COL_B_20] of D384 on F.Cu
    @(42.3150 mm, 31.3150 mm): Pad 4 [COL_B_20] of D412 on F.Cu
[unconnected_items]: Missing connection between items
    Local override; error
    @(42.3150 mm, 31.3150 mm): Pad 4 [COL_B_20] of D412 on F.Cu
    @(42.3150 mm, 33.5150 mm): Pad 4 [COL_B_20] of D440 on F.Cu
[unconnected_items]: Missing connection between items
    Local override; error
    @(42.3150 mm, 33.5150 mm): Pad 4 [COL_B_20] of D440 on F.Cu
    @(42.3150 mm, 35.7150 mm): Pad 4 [COL_B_20] of D468 on F.Cu

** Found 0 Footprint errors **

** Ignored checks **
    - Footprint has no courtyard defined
    - Track endpoint not centered on via
    - Tuning profile track geometries
    - Footprint doesn't match symbol's footprint filters
    - Footprint component type doesn't match footprint pads

** End of Report **
