** Drc report for wearable_28x28_bottom_right_routing_probe.kicad_pcb **
** Created on 2026-10-08T04:40:25 **
** Report includes: Errors, Warnings **

** Found 0 DRC violations **

** Found 499 unconnected pads **
[unconnected_items]: Missing connection between items
    Local override; error
    @(1.2850 mm, 0.5150 mm): Pad 1 [ROW_01_ANODE] of D1 on F.Cu
    @(3.4850 mm, 0.5150 mm): Pad 1 [ROW_01_ANODE] of D2 on F.Cu
[unconnected_items]: Missing connection between items
    Local override; error
    @(3.4850 mm, 0.5150 mm): Pad 1 [ROW_01_ANODE] of D2 on F.Cu
    @(5.6850 mm, 0.5150 mm): Pad 1 [ROW_01_ANODE] of D3 on F.Cu
[unconnected_items]: Missing connection between items
    Local override; error
    @(5.6850 mm, 0.5150 mm): Pad 1 [ROW_01_ANODE] of D3 on F.Cu
    @(7.8850 mm, 0.5150 mm): Pad 1 [ROW_01_ANODE] of D4 on F.Cu
[unconnected_items]: Missing connection between items
    Local override; error
    @(7.8850 mm, 0.5150 mm): Pad 1 [ROW_01_ANODE] of D4 on F.Cu
    @(10.0850 mm, 0.5150 mm): Pad 1 [ROW_01_ANODE] of D5 on F.Cu
[unconnected_items]: Missing connection between items
    Local override; error
    @(10.0850 mm, 0.5150 mm): Pad 1 [ROW_01_ANODE] of D5 on F.Cu
    @(12.2850 mm, 0.5150 mm): Pad 1 [ROW_01_ANODE] of D6 on F.Cu
[unconnected_items]: Missing connection between items
    Local override; error
    @(12.2850 mm, 0.5150 mm): Pad 1 [ROW_01_ANODE] of D6 on F.Cu
    @(14.4850 mm, 0.5150 mm): Pad 1 [ROW_01_ANODE] of D7 on F.Cu
[unconnected_items]: Missing connection between items
    Local override; error
    @(14.4850 mm, 0.5150 mm): Pad 1 [ROW_01_ANODE] of D7 on F.Cu
    @(16.6850 mm, 0.5150 mm): Pad 1 [ROW_01_ANODE] of D8 on F.Cu
[unconnected_items]: Missing connection between items
    Local override; error
    @(16.6850 mm, 0.5150 mm): Pad 1 [ROW_01_ANODE] of D8 on F.Cu
    @(18.8850 mm, 0.5150 mm): Pad 1 [ROW_01_ANODE] of D9 on F.Cu
[unconnected_items]: Missing connection between items
    Local override; error
    @(18.8850 mm, 0.5150 mm): Pad 1 [ROW_01_ANODE] of D9 on F.Cu
    @(21.0850 mm, 0.5150 mm): Pad 1 [ROW_01_ANODE] of D10 on F.Cu
[unconnected_items]: Missing connection between items
    Local override; error
    @(21.0850 mm, 0.5150 mm): Pad 1 [ROW_01_ANODE] of D10 on F.Cu
    @(23.2850 mm, 0.5150 mm): Pad 1 [ROW_01_ANODE] of D11 on F.Cu
[unconnected_items]: Missing connection between items
    Local override; error
    @(23.2850 mm, 0.5150 mm): Pad 1 [ROW_01_ANODE] of D11 on F.Cu
    @(25.4850 mm, 0.5150 mm): Pad 1 [ROW_01_ANODE] of D12 on F.Cu
[unconnected_items]: Missing connection between items
    Local override; error
    @(25.4850 mm, 0.5150 mm): Pad 1 [ROW_01_ANODE] of D12 on F.Cu
    @(27.6850 mm, 0.5150 mm): Pad 1 [ROW_01_ANODE] of D13 on F.Cu
[unconnected_items]: Missing connection between items
    Local override; error
    @(27.6850 mm, 0.5150 mm): Pad 1 [ROW_01_ANODE] of D13 on F.Cu
    @(29.8850 mm, 0.5150 mm): Pad 1 [ROW_01_ANODE] of D14 on F.Cu
[unconnected_items]: Missing connection between items
    Local override; error
    @(29.8850 mm, 0.5150 mm): Pad 1 [ROW_01_ANODE] of D14 on F.Cu
    @(32.0850 mm, 0.5150 mm): Pad 1 [ROW_01_ANODE] of D15 on F.Cu
[unconnected_items]: Missing connection between items
    Local override; error
    @(32.0850 mm, 0.5150 mm): Pad 1 [ROW_01_ANODE] of D15 on F.Cu
    @(34.2850 mm, 0.5150 mm): Pad 1 [ROW_01_ANODE] of D16 on F.Cu
[unconnected_items]: Missing connection between items
    Local override; error
    @(34.2850 mm, 0.5150 mm): Pad 1 [ROW_01_ANODE] of D16 on F.Cu
    @(36.4850 mm, 0.5150 mm): Pad 1 [ROW_01_ANODE] of D17 on F.Cu
[unconnected_items]: Missing connection between items
    Local override; error
    @(36.4850 mm, 0.5150 mm): Pad 1 [ROW_01_ANODE] of D17 on F.Cu
    @(38.6850 mm, 0.5150 mm): Pad 1 [ROW_01_ANODE] of D18 on F.Cu
[unconnected_items]: Missing connection between items
    Local override; error
    @(38.6850 mm, 0.5150 mm): Pad 1 [ROW_01_ANODE] of D18 on F.Cu
    @(40.8850 mm, 0.5150 mm): Pad 1 [ROW_01_ANODE] of D19 on F.Cu
[unconnected_items]: Missing connection between items
    Local override; error
    @(40.8850 mm, 0.5150 mm): Pad 1 [ROW_01_ANODE] of D19 on F.Cu
    @(43.0850 mm, 0.5150 mm): Pad 1 [ROW_01_ANODE] of D20 on F.Cu
[unconnected_items]: Missing connection between items
    Local override; error
    @(43.0850 mm, 0.5150 mm): Pad 1 [ROW_01_ANODE] of D20 on F.Cu
    @(45.2850 mm, 0.5150 mm): Pad 1 [ROW_01_ANODE] of D21 on F.Cu
[unconnected_items]: Missing connection between items
    Local override; error
    @(45.2850 mm, 0.5150 mm): Pad 1 [ROW_01_ANODE] of D21 on F.Cu
    @(47.4850 mm, 0.5150 mm): Pad 1 [ROW_01_ANODE] of D22 on F.Cu
[unconnected_items]: Missing connection between items
    Local override; error
    @(47.4850 mm, 0.5150 mm): Pad 1 [ROW_01_ANODE] of D22 on F.Cu
    @(49.6850 mm, 0.5150 mm): Pad 1 [ROW_01_ANODE] of D23 on F.Cu
[unconnected_items]: Missing connection between items
    Local override; error
    @(49.6850 mm, 0.5150 mm): Pad 1 [ROW_01_ANODE] of D23 on F.Cu
    @(51.8850 mm, 0.5150 mm): Pad 1 [ROW_01_ANODE] of D24 on F.Cu
[unconnected_items]: Missing connection between items
    Local override; error
    @(51.8850 mm, 0.5150 mm): Pad 1 [ROW_01_ANODE] of D24 on F.Cu
    @(54.0850 mm, 0.5150 mm): Pad 1 [ROW_01_ANODE] of D25 on F.Cu
[unconnected_items]: Missing connection between items
    Local override; error
    @(54.0850 mm, 0.5150 mm): Pad 1 [ROW_01_ANODE] of D25 on F.Cu
    @(56.2850 mm, 0.5150 mm): Pad 1 [ROW_01_ANODE] of D26 on F.Cu
[unconnected_items]: Missing connection between items
    Local override; error
    @(56.2850 mm, 0.5150 mm): Pad 1 [ROW_01_ANODE] of D26 on F.Cu
    @(58.4850 mm, 0.5150 mm): Pad 1 [ROW_01_ANODE] of D27 on F.Cu
[unconnected_items]: Missing connection between items
    Local override; error
    @(58.4850 mm, 0.5150 mm): Pad 1 [ROW_01_ANODE] of D27 on F.Cu
    @(60.6850 mm, 0.5150 mm): Pad 1 [ROW_01_ANODE] of D28 on F.Cu
[unconnected_items]: Missing connection between items
    Local override; error
    @(7.8850 mm, 1.2850 mm): Pad 2 [COL_R_04] of D4 on F.Cu
    @(7.8850 mm, 3.4850 mm): Pad 2 [COL_R_04] of D32 on F.Cu
[unconnected_items]: Missing connection between items
    Local override; error
    @(7.8850 mm, 3.4850 mm): Pad 2 [COL_R_04] of D32 on F.Cu
    @(7.8850 mm, 5.6850 mm): Pad 2 [COL_R_04] of D60 on F.Cu
[unconnected_items]: Missing connection between items
    Local override; error
    @(7.8850 mm, 5.6850 mm): Pad 2 [COL_R_04] of D60 on F.Cu
    @(7.8850 mm, 7.8850 mm): Pad 2 [COL_R_04] of D88 on F.Cu
[unconnected_items]: Missing connection between items
    Local override; error
    @(7.8850 mm, 7.8850 mm): Pad 2 [COL_R_04] of D88 on F.Cu
    @(7.8850 mm, 10.0850 mm): Pad 2 [COL_R_04] of D116 on F.Cu
[unconnected_items]: Missing connection between items
    Local override; error
    @(7.8850 mm, 10.0850 mm): Pad 2 [COL_R_04] of D116 on F.Cu
    @(7.8850 mm, 12.2850 mm): Pad 2 [COL_R_04] of D144 on F.Cu
[unconnected_items]: Missing connection between items
    Local override; error
    @(7.8850 mm, 12.2850 mm): Pad 2 [COL_R_04] of D144 on F.Cu
    @(7.8850 mm, 14.4850 mm): Pad 2 [COL_R_04] of D172 on F.Cu
[unconnected_items]: Missing connection between items
    Local override; error
    @(7.8850 mm, 14.4850 mm): Pad 2 [COL_R_04] of D172 on F.Cu
    @(7.8850 mm, 16.6850 mm): Pad 2 [COL_R_04] of D200 on F.Cu
[unconnected_items]: Missing connection between items
    Local override; error
    @(7.8850 mm, 16.6850 mm): Pad 2 [COL_R_04] of D200 on F.Cu
    @(7.8850 mm, 18.8850 mm): Pad 2 [COL_R_04] of D228 on F.Cu
[unconnected_items]: Missing connection between items
    Local override; error
    @(7.8850 mm, 18.8850 mm): Pad 2 [COL_R_04] of D228 on F.Cu
    @(7.8850 mm, 21.0850 mm): Pad 2 [COL_R_04] of D256 on F.Cu
[unconnected_items]: Missing connection between items
    Local override; error
    @(7.8850 mm, 21.0850 mm): Pad 2 [COL_R_04] of D256 on F.Cu
    @(7.8850 mm, 23.2850 mm): Pad 2 [COL_R_04] of D284 on F.Cu
[unconnected_items]: Missing connection between items
    Local override; error
    @(7.8850 mm, 23.2850 mm): Pad 2 [COL_R_04] of D284 on F.Cu
    @(7.8850 mm, 25.4850 mm): Pad 2 [COL_R_04] of D312 on F.Cu
[unconnected_items]: Missing connection between items
    Local override; error
    @(7.8850 mm, 25.4850 mm): Pad 2 [COL_R_04] of D312 on F.Cu
    @(7.8850 mm, 27.6850 mm): Pad 2 [COL_R_04] of D340 on F.Cu
[unconnected_items]: Missing connection between items
    Local override; error
    @(7.8850 mm, 27.6850 mm): Pad 2 [COL_R_04] of D340 on F.Cu
    @(7.8850 mm, 29.8850 mm): Pad 2 [COL_R_04] of D368 on F.Cu
[unconnected_items]: Missing connection between items
    Local override; error
    @(7.8850 mm, 29.8850 mm): Pad 2 [COL_R_04] of D368 on F.Cu
    @(7.8850 mm, 32.0850 mm): Pad 2 [COL_R_04] of D396 on F.Cu
[unconnected_items]: Missing connection between items
    Local override; error
    @(7.8850 mm, 32.0850 mm): Pad 2 [COL_R_04] of D396 on F.Cu
    @(7.8850 mm, 34.2850 mm): Pad 2 [COL_R_04] of D424 on F.Cu
[unconnected_items]: Missing connection between items
    Local override; error
    @(7.8850 mm, 34.2850 mm): Pad 2 [COL_R_04] of D424 on F.Cu
    @(7.8850 mm, 36.4850 mm): Pad 2 [COL_R_04] of D452 on F.Cu
[unconnected_items]: Missing connection between items
    Local override; error
    @(7.8850 mm, 36.4850 mm): Pad 2 [COL_R_04] of D452 on F.Cu
    @(7.8850 mm, 38.6850 mm): Pad 2 [COL_R_04] of D480 on F.Cu
[unconnected_items]: Missing connection between items
    Local override; error
    @(7.8850 mm, 38.6850 mm): Pad 2 [COL_R_04] of D480 on F.Cu
    @(7.8850 mm, 40.8850 mm): Pad 2 [COL_R_04] of D508 on F.Cu
[unconnected_items]: Missing connection between items
    Local override; error
    @(7.8850 mm, 40.8850 mm): Pad 2 [COL_R_04] of D508 on F.Cu
    @(7.8850 mm, 43.0850 mm): Pad 2 [COL_R_04] of D536 on F.Cu
[unconnected_items]: Missing connection between items
    Local override; error
    @(7.8850 mm, 43.0850 mm): Pad 2 [COL_R_04] of D536 on F.Cu
    @(7.8850 mm, 45.2850 mm): Pad 2 [COL_R_04] of D564 on F.Cu
[unconnected_items]: Missing connection between items
    Local override; error
    @(7.8850 mm, 45.2850 mm): Pad 2 [COL_R_04] of D564 on F.Cu
    @(7.8850 mm, 47.4850 mm): Pad 2 [COL_R_04] of D592 on F.Cu
[unconnected_items]: Missing connection between items
    Local override; error
    @(7.8850 mm, 47.4850 mm): Pad 2 [COL_R_04] of D592 on F.Cu
    @(7.8850 mm, 49.6850 mm): Pad 2 [COL_R_04] of D620 on F.Cu
[unconnected_items]: Missing connection between items
    Local override; error
    @(7.8850 mm, 49.6850 mm): Pad 2 [COL_R_04] of D620 on F.Cu
    @(7.8850 mm, 51.8850 mm): Pad 2 [COL_R_04] of D648 on F.Cu
[unconnected_items]: Missing connection between items
    Local override; error
    @(7.8850 mm, 51.8850 mm): Pad 2 [COL_R_04] of D648 on F.Cu
    @(7.8850 mm, 54.0850 mm): Pad 2 [COL_R_04] of D676 on F.Cu
[unconnected_items]: Missing connection between items
    Local override; error
    @(7.8850 mm, 54.0850 mm): Pad 2 [COL_R_04] of D676 on F.Cu
    @(7.8850 mm, 56.2850 mm): Pad 2 [COL_R_04] of D704 on F.Cu
[unconnected_items]: Missing connection between items
    Local override; error
    @(7.8850 mm, 56.2850 mm): Pad 2 [COL_R_04] of D704 on F.Cu
    @(7.8850 mm, 58.4850 mm): Pad 2 [COL_R_04] of D732 on F.Cu
[unconnected_items]: Missing connection between items
    Local override; error
    @(7.8850 mm, 58.4850 mm): Pad 2 [COL_R_04] of D732 on F.Cu
    @(7.8850 mm, 60.6850 mm): Pad 2 [COL_R_04] of D760 on F.Cu
[unconnected_items]: Missing connection between items
    Local override; error
    @(7.1150 mm, 1.2850 mm): Pad 3 [COL_G_04] of D4 on F.Cu
    @(7.1150 mm, 3.4850 mm): Pad 3 [COL_G_04] of D32 on F.Cu
[unconnected_items]: Missing connection between items
    Local override; error
    @(7.1150 mm, 3.4850 mm): Pad 3 [COL_G_04] of D32 on F.Cu
    @(7.1150 mm, 5.6850 mm): Pad 3 [COL_G_04] of D60 on F.Cu
[unconnected_items]: Missing connection between items
    Local override; error
    @(7.1150 mm, 5.6850 mm): Pad 3 [COL_G_04] of D60 on F.Cu
    @(7.1150 mm, 7.8850 mm): Pad 3 [COL_G_04] of D88 on F.Cu
[unconnected_items]: Missing connection between items
    Local override; error
    @(7.1150 mm, 7.8850 mm): Pad 3 [COL_G_04] of D88 on F.Cu
    @(7.1150 mm, 10.0850 mm): Pad 3 [COL_G_04] of D116 on F.Cu
[unconnected_items]: Missing connection between items
    Local override; error
    @(7.1150 mm, 10.0850 mm): Pad 3 [COL_G_04] of D116 on F.Cu
    @(7.1150 mm, 12.2850 mm): Pad 3 [COL_G_04] of D144 on F.Cu
[unconnected_items]: Missing connection between items
    Local override; error
    @(7.1150 mm, 12.2850 mm): Pad 3 [COL_G_04] of D144 on F.Cu
    @(7.1150 mm, 14.4850 mm): Pad 3 [COL_G_04] of D172 on F.Cu
[unconnected_items]: Missing connection between items
    Local override; error
    @(7.1150 mm, 14.4850 mm): Pad 3 [COL_G_04] of D172 on F.Cu
    @(7.1150 mm, 16.6850 mm): Pad 3 [COL_G_04] of D200 on F.Cu
[unconnected_items]: Missing connection between items
    Local override; error
    @(7.1150 mm, 16.6850 mm): Pad 3 [COL_G_04] of D200 on F.Cu
    @(7.1150 mm, 18.8850 mm): Pad 3 [COL_G_04] of D228 on F.Cu
[unconnected_items]: Missing connection between items
    Local override; error
    @(7.1150 mm, 18.8850 mm): Pad 3 [COL_G_04] of D228 on F.Cu
    @(7.1150 mm, 21.0850 mm): Pad 3 [COL_G_04] of D256 on F.Cu
[unconnected_items]: Missing connection between items
    Local override; error
    @(7.1150 mm, 21.0850 mm): Pad 3 [COL_G_04] of D256 on F.Cu
    @(7.1150 mm, 23.2850 mm): Pad 3 [COL_G_04] of D284 on F.Cu
[unconnected_items]: Missing connection between items
    Local override; error
    @(7.1150 mm, 23.2850 mm): Pad 3 [COL_G_04] of D284 on F.Cu
    @(7.1150 mm, 25.4850 mm): Pad 3 [COL_G_04] of D312 on F.Cu
[unconnected_items]: Missing connection between items
    Local override; error
    @(7.1150 mm, 25.4850 mm): Pad 3 [COL_G_04] of D312 on F.Cu
    @(7.1150 mm, 27.6850 mm): Pad 3 [COL_G_04] of D340 on F.Cu
[unconnected_items]: Missing connection between items
    Local override; error
    @(7.1150 mm, 27.6850 mm): Pad 3 [COL_G_04] of D340 on F.Cu
    @(7.1150 mm, 29.8850 mm): Pad 3 [COL_G_04] of D368 on F.Cu
[unconnected_items]: Missing connection between items
    Local override; error
    @(7.1150 mm, 29.8850 mm): Pad 3 [COL_G_04] of D368 on F.Cu
    @(7.1150 mm, 32.0850 mm): Pad 3 [COL_G_04] of D396 on F.Cu
[unconnected_items]: Missing connection between items
    Local override; error
    @(7.1150 mm, 32.0850 mm): Pad 3 [COL_G_04] of D396 on F.Cu
    @(7.1150 mm, 34.2850 mm): Pad 3 [COL_G_04] of D424 on F.Cu
[unconnected_items]: Missing connection between items
    Local override; error
    @(7.1150 mm, 34.2850 mm): Pad 3 [COL_G_04] of D424 on F.Cu
    @(7.1150 mm, 36.4850 mm): Pad 3 [COL_G_04] of D452 on F.Cu
[unconnected_items]: Missing connection between items
    Local override; error
    @(7.1150 mm, 36.4850 mm): Pad 3 [COL_G_04] of D452 on F.Cu
    @(7.1150 mm, 38.6850 mm): Pad 3 [COL_G_04] of D480 on F.Cu
[unconnected_items]: Missing connection between items
    Local override; error
    @(7.1150 mm, 38.6850 mm): Pad 3 [COL_G_04] of D480 on F.Cu
    @(7.1150 mm, 40.8850 mm): Pad 3 [COL_G_04] of D508 on F.Cu
[unconnected_items]: Missing connection between items
    Local override; error
    @(7.1150 mm, 40.8850 mm): Pad 3 [COL_G_04] of D508 on F.Cu
    @(7.1150 mm, 43.0850 mm): Pad 3 [COL_G_04] of D536 on F.Cu
[unconnected_items]: Missing connection between items
    Local override; error
    @(7.1150 mm, 43.0850 mm): Pad 3 [COL_G_04] of D536 on F.Cu
    @(7.1150 mm, 45.2850 mm): Pad 3 [COL_G_04] of D564 on F.Cu
[unconnected_items]: Missing connection between items
    Local override; error
    @(7.1150 mm, 45.2850 mm): Pad 3 [COL_G_04] of D564 on F.Cu
    @(7.1150 mm, 47.4850 mm): Pad 3 [COL_G_04] of D592 on F.Cu
[unconnected_items]: Missing connection between items
    Local override; error
    @(7.1150 mm, 47.4850 mm): Pad 3 [COL_G_04] of D592 on F.Cu
    @(7.1150 mm, 49.6850 mm): Pad 3 [COL_G_04] of D620 on F.Cu
[unconnected_items]: Missing connection between items
    Local override; error
    @(7.1150 mm, 49.6850 mm): Pad 3 [COL_G_04] of D620 on F.Cu
    @(7.1150 mm, 51.8850 mm): Pad 3 [COL_G_04] of D648 on F.Cu
[unconnected_items]: Missing connection between items
    Local override; error
    @(7.1150 mm, 51.8850 mm): Pad 3 [COL_G_04] of D648 on F.Cu
    @(7.1150 mm, 54.0850 mm): Pad 3 [COL_G_04] of D676 on F.Cu
[unconnected_items]: Missing connection between items
    Local override; error
    @(7.1150 mm, 54.0850 mm): Pad 3 [COL_G_04] of D676 on F.Cu
    @(7.1150 mm, 56.2850 mm): Pad 3 [COL_G_04] of D704 on F.Cu
[unconnected_items]: Missing connection between items
    Local override; error
    @(7.1150 mm, 56.2850 mm): Pad 3 [COL_G_04] of D704 on F.Cu
    @(7.1150 mm, 58.4850 mm): Pad 3 [COL_G_04] of D732 on F.Cu
[unconnected_items]: Missing connection between items
    Local override; error
    @(7.1150 mm, 58.4850 mm): Pad 3 [COL_G_04] of D732 on F.Cu
    @(7.1150 mm, 60.6850 mm): Pad 3 [COL_G_04] of D760 on F.Cu
[unconnected_items]: Missing connection between items
    Local override; error
    @(7.1150 mm, 0.5150 mm): Pad 4 [COL_B_04] of D4 on F.Cu
    @(7.1150 mm, 2.7150 mm): Pad 4 [COL_B_04] of D32 on F.Cu
[unconnected_items]: Missing connection between items
    Local override; error
    @(7.1150 mm, 2.7150 mm): Pad 4 [COL_B_04] of D32 on F.Cu
    @(7.1150 mm, 4.9150 mm): Pad 4 [COL_B_04] of D60 on F.Cu
[unconnected_items]: Missing connection between items
    Local override; error
    @(7.1150 mm, 4.9150 mm): Pad 4 [COL_B_04] of D60 on F.Cu
    @(7.1150 mm, 7.1150 mm): Pad 4 [COL_B_04] of D88 on F.Cu
[unconnected_items]: Missing connection between items
    Local override; error
    @(7.1150 mm, 7.1150 mm): Pad 4 [COL_B_04] of D88 on F.Cu
    @(7.1150 mm, 9.3150 mm): Pad 4 [COL_B_04] of D116 on F.Cu
[unconnected_items]: Missing connection between items
    Local override; error
    @(7.1150 mm, 9.3150 mm): Pad 4 [COL_B_04] of D116 on F.Cu
    @(7.1150 mm, 11.5150 mm): Pad 4 [COL_B_04] of D144 on F.Cu
[unconnected_items]: Missing connection between items
    Local override; error
    @(7.1150 mm, 11.5150 mm): Pad 4 [COL_B_04] of D144 on F.Cu
    @(7.1150 mm, 13.7150 mm): Pad 4 [COL_B_04] of D172 on F.Cu
[unconnected_items]: Missing connection between items
    Local override; error
    @(7.1150 mm, 13.7150 mm): Pad 4 [COL_B_04] of D172 on F.Cu
    @(7.1150 mm, 15.9150 mm): Pad 4 [COL_B_04] of D200 on F.Cu
[unconnected_items]: Missing connection between items
    Local override; error
    @(7.1150 mm, 15.9150 mm): Pad 4 [COL_B_04] of D200 on F.Cu
    @(7.1150 mm, 18.1150 mm): Pad 4 [COL_B_04] of D228 on F.Cu
[unconnected_items]: Missing connection between items
    Local override; error
    @(7.1150 mm, 18.1150 mm): Pad 4 [COL_B_04] of D228 on F.Cu
    @(7.1150 mm, 20.3150 mm): Pad 4 [COL_B_04] of D256 on F.Cu
[unconnected_items]: Missing connection between items
    Local override; error
    @(7.1150 mm, 20.3150 mm): Pad 4 [COL_B_04] of D256 on F.Cu
    @(7.1150 mm, 22.5150 mm): Pad 4 [COL_B_04] of D284 on F.Cu
[unconnected_items]: Missing connection between items
    Local override; error
    @(7.1150 mm, 22.5150 mm): Pad 4 [COL_B_04] of D284 on F.Cu
    @(7.1150 mm, 24.7150 mm): Pad 4 [COL_B_04] of D312 on F.Cu
[unconnected_items]: Missing connection between items
    Local override; error
    @(7.1150 mm, 24.7150 mm): Pad 4 [COL_B_04] of D312 on F.Cu
    @(7.1150 mm, 26.9150 mm): Pad 4 [COL_B_04] of D340 on F.Cu
[unconnected_items]: Missing connection between items
    Local override; error
    @(7.1150 mm, 26.9150 mm): Pad 4 [COL_B_04] of D340 on F.Cu
    @(7.1150 mm, 29.1150 mm): Pad 4 [COL_B_04] of D368 on F.Cu
[unconnected_items]: Missing connection between items
    Local override; error
    @(7.1150 mm, 29.1150 mm): Pad 4 [COL_B_04] of D368 on F.Cu
    @(7.1150 mm, 31.3150 mm): Pad 4 [COL_B_04] of D396 on F.Cu
[unconnected_items]: Missing connection between items
    Local override; error
    @(7.1150 mm, 31.3150 mm): Pad 4 [COL_B_04] of D396 on F.Cu
    @(7.1150 mm, 33.5150 mm): Pad 4 [COL_B_04] of D424 on F.Cu
[unconnected_items]: Missing connection between items
    Local override; error
    @(7.1150 mm, 33.5150 mm): Pad 4 [COL_B_04] of D424 on F.Cu
    @(7.1150 mm, 35.7150 mm): Pad 4 [COL_B_04] of D452 on F.Cu
[unconnected_items]: Missing connection between items
    Local override; error
    @(7.1150 mm, 35.7150 mm): Pad 4 [COL_B_04] of D452 on F.Cu
    @(7.1150 mm, 37.9150 mm): Pad 4 [COL_B_04] of D480 on F.Cu
[unconnected_items]: Missing connection between items
    Local override; error
    @(7.1150 mm, 37.9150 mm): Pad 4 [COL_B_04] of D480 on F.Cu
    @(7.1150 mm, 40.1150 mm): Pad 4 [COL_B_04] of D508 on F.Cu
[unconnected_items]: Missing connection between items
    Local override; error
    @(7.1150 mm, 40.1150 mm): Pad 4 [COL_B_04] of D508 on F.Cu
    @(7.1150 mm, 42.3150 mm): Pad 4 [COL_B_04] of D536 on F.Cu
[unconnected_items]: Missing connection between items
    Local override; error
    @(7.1150 mm, 42.3150 mm): Pad 4 [COL_B_04] of D536 on F.Cu
    @(7.1150 mm, 44.5150 mm): Pad 4 [COL_B_04] of D564 on F.Cu
[unconnected_items]: Missing connection between items
    Local override; error
    @(7.1150 mm, 44.5150 mm): Pad 4 [COL_B_04] of D564 on F.Cu
    @(7.1150 mm, 46.7150 mm): Pad 4 [COL_B_04] of D592 on F.Cu
[unconnected_items]: Missing connection between items
    Local override; error
    @(7.1150 mm, 46.7150 mm): Pad 4 [COL_B_04] of D592 on F.Cu
    @(7.1150 mm, 48.9150 mm): Pad 4 [COL_B_04] of D620 on F.Cu
[unconnected_items]: Missing connection between items
    Local override; error
    @(7.1150 mm, 48.9150 mm): Pad 4 [COL_B_04] of D620 on F.Cu
    @(7.1150 mm, 51.1150 mm): Pad 4 [COL_B_04] of D648 on F.Cu
[unconnected_items]: Missing connection between items
    Local override; error
    @(7.1150 mm, 51.1150 mm): Pad 4 [COL_B_04] of D648 on F.Cu
    @(7.1150 mm, 53.3150 mm): Pad 4 [COL_B_04] of D676 on F.Cu
[unconnected_items]: Missing connection between items
    Local override; error
    @(7.1150 mm, 53.3150 mm): Pad 4 [COL_B_04] of D676 on F.Cu
    @(7.1150 mm, 55.5150 mm): Pad 4 [COL_B_04] of D704 on F.Cu
[unconnected_items]: Missing connection between items
    Local override; error
    @(7.1150 mm, 55.5150 mm): Pad 4 [COL_B_04] of D704 on F.Cu
    @(7.1150 mm, 57.7150 mm): Pad 4 [COL_B_04] of D732 on F.Cu
[unconnected_items]: Missing connection between items
    Local override; error
    @(7.1150 mm, 57.7150 mm): Pad 4 [COL_B_04] of D732 on F.Cu
    @(7.1150 mm, 59.9150 mm): Pad 4 [COL_B_04] of D760 on F.Cu
[unconnected_items]: Missing connection between items
    Local override; error
    @(1.2850 mm, 35.7150 mm): Pad 1 [ROW_17_ANODE] of D449 on F.Cu
    @(3.4850 mm, 35.7150 mm): Pad 1 [ROW_17_ANODE] of D450 on F.Cu
[unconnected_items]: Missing connection between items
    Local override; error
    @(3.4850 mm, 35.7150 mm): Pad 1 [ROW_17_ANODE] of D450 on F.Cu
    @(5.6850 mm, 35.7150 mm): Pad 1 [ROW_17_ANODE] of D451 on F.Cu
[unconnected_items]: Missing connection between items
    Local override; error
    @(5.6850 mm, 35.7150 mm): Pad 1 [ROW_17_ANODE] of D451 on F.Cu
    @(7.8850 mm, 35.7150 mm): Pad 1 [ROW_17_ANODE] of D452 on F.Cu
[unconnected_items]: Missing connection between items
    Local override; error
    @(7.8850 mm, 35.7150 mm): Pad 1 [ROW_17_ANODE] of D452 on F.Cu
    @(10.0850 mm, 35.7150 mm): Pad 1 [ROW_17_ANODE] of D453 on F.Cu
[unconnected_items]: Missing connection between items
    Local override; error
    @(10.0850 mm, 35.7150 mm): Pad 1 [ROW_17_ANODE] of D453 on F.Cu
    @(12.2850 mm, 35.7150 mm): Pad 1 [ROW_17_ANODE] of D454 on F.Cu
[unconnected_items]: Missing connection between items
    Local override; error
    @(12.2850 mm, 35.7150 mm): Pad 1 [ROW_17_ANODE] of D454 on F.Cu
    @(14.4850 mm, 35.7150 mm): Pad 1 [ROW_17_ANODE] of D455 on F.Cu
[unconnected_items]: Missing connection between items
    Local override; error
    @(14.4850 mm, 35.7150 mm): Pad 1 [ROW_17_ANODE] of D455 on F.Cu
    @(16.6850 mm, 35.7150 mm): Pad 1 [ROW_17_ANODE] of D456 on F.Cu
[unconnected_items]: Missing connection between items
    Local override; error
    @(16.6850 mm, 35.7150 mm): Pad 1 [ROW_17_ANODE] of D456 on F.Cu
    @(18.8850 mm, 35.7150 mm): Pad 1 [ROW_17_ANODE] of D457 on F.Cu
[unconnected_items]: Missing connection between items
    Local override; error
    @(18.8850 mm, 35.7150 mm): Pad 1 [ROW_17_ANODE] of D457 on F.Cu
    @(21.0850 mm, 35.7150 mm): Pad 1 [ROW_17_ANODE] of D458 on F.Cu
[unconnected_items]: Missing connection between items
    Local override; error
    @(21.0850 mm, 35.7150 mm): Pad 1 [ROW_17_ANODE] of D458 on F.Cu
    @(23.2850 mm, 35.7150 mm): Pad 1 [ROW_17_ANODE] of D459 on F.Cu
[unconnected_items]: Missing connection between items
    Local override; error
    @(23.2850 mm, 35.7150 mm): Pad 1 [ROW_17_ANODE] of D459 on F.Cu
    @(25.4850 mm, 35.7150 mm): Pad 1 [ROW_17_ANODE] of D460 on F.Cu
[unconnected_items]: Missing connection between items
    Local override; error
    @(25.4850 mm, 35.7150 mm): Pad 1 [ROW_17_ANODE] of D460 on F.Cu
    @(27.6850 mm, 35.7150 mm): Pad 1 [ROW_17_ANODE] of D461 on F.Cu
[unconnected_items]: Missing connection between items
    Local override; error
    @(27.6850 mm, 35.7150 mm): Pad 1 [ROW_17_ANODE] of D461 on F.Cu
    @(29.8850 mm, 35.7150 mm): Pad 1 [ROW_17_ANODE] of D462 on F.Cu
[unconnected_items]: Missing connection between items
    Local override; error
    @(29.8850 mm, 35.7150 mm): Pad 1 [ROW_17_ANODE] of D462 on F.Cu
    @(32.0850 mm, 35.7150 mm): Pad 1 [ROW_17_ANODE] of D463 on F.Cu
[unconnected_items]: Missing connection between items
    Local override; error
    @(32.0850 mm, 35.7150 mm): Pad 1 [ROW_17_ANODE] of D463 on F.Cu
    @(34.2850 mm, 35.7150 mm): Pad 1 [ROW_17_ANODE] of D464 on F.Cu
[unconnected_items]: Missing connection between items
    Local override; error
    @(34.2850 mm, 35.7150 mm): Pad 1 [ROW_17_ANODE] of D464 on F.Cu
    @(36.4850 mm, 35.7150 mm): Pad 1 [ROW_17_ANODE] of D465 on F.Cu
[unconnected_items]: Missing connection between items
    Local override; error
    @(36.4850 mm, 35.7150 mm): Pad 1 [ROW_17_ANODE] of D465 on F.Cu
    @(38.6850 mm, 35.7150 mm): Pad 1 [ROW_17_ANODE] of D466 on F.Cu
[unconnected_items]: Missing connection between items
    Local override; error
    @(38.6850 mm, 35.7150 mm): Pad 1 [ROW_17_ANODE] of D466 on F.Cu
    @(40.8850 mm, 35.7150 mm): Pad 1 [ROW_17_ANODE] of D467 on F.Cu
[unconnected_items]: Missing connection between items
    Local override; error
    @(40.8850 mm, 35.7150 mm): Pad 1 [ROW_17_ANODE] of D467 on F.Cu
    @(43.0850 mm, 35.7150 mm): Pad 1 [ROW_17_ANODE] of D468 on F.Cu
[unconnected_items]: Missing connection between items
    Local override; error
    @(43.0850 mm, 35.7150 mm): Pad 1 [ROW_17_ANODE] of D468 on F.Cu
    @(45.2850 mm, 35.7150 mm): Pad 1 [ROW_17_ANODE] of D469 on F.Cu
[unconnected_items]: Missing connection between items
    Local override; error
    @(45.2850 mm, 35.7150 mm): Pad 1 [ROW_17_ANODE] of D469 on F.Cu
    @(47.4850 mm, 35.7150 mm): Pad 1 [ROW_17_ANODE] of D470 on F.Cu
[unconnected_items]: Missing connection between items
    Local override; error
    @(47.4850 mm, 35.7150 mm): Pad 1 [ROW_17_ANODE] of D470 on F.Cu
    @(49.6850 mm, 35.7150 mm): Pad 1 [ROW_17_ANODE] of D471 on F.Cu
[unconnected_items]: Missing connection between items
    Local override; error
    @(49.6850 mm, 35.7150 mm): Pad 1 [ROW_17_ANODE] of D471 on F.Cu
    @(51.8850 mm, 35.7150 mm): Pad 1 [ROW_17_ANODE] of D472 on F.Cu
[unconnected_items]: Missing connection between items
    Local override; error
    @(51.8850 mm, 35.7150 mm): Pad 1 [ROW_17_ANODE] of D472 on F.Cu
    @(54.0850 mm, 35.7150 mm): Pad 1 [ROW_17_ANODE] of D473 on F.Cu
[unconnected_items]: Missing connection between items
    Local override; error
    @(54.0850 mm, 35.7150 mm): Pad 1 [ROW_17_ANODE] of D473 on F.Cu
    @(56.2850 mm, 35.7150 mm): Pad 1 [ROW_17_ANODE] of D474 on F.Cu
[unconnected_items]: Missing connection between items
    Local override; error
    @(56.2850 mm, 35.7150 mm): Pad 1 [ROW_17_ANODE] of D474 on F.Cu
    @(58.4850 mm, 35.7150 mm): Pad 1 [ROW_17_ANODE] of D475 on F.Cu
[unconnected_items]: Missing connection between items
    Local override; error
    @(58.4850 mm, 35.7150 mm): Pad 1 [ROW_17_ANODE] of D475 on F.Cu
    @(60.6850 mm, 35.7150 mm): Pad 1 [ROW_17_ANODE] of D476 on F.Cu
[unconnected_items]: Missing connection between items
    Local override; error
    @(49.6850 mm, 1.2850 mm): Pad 2 [COL_R_23] of D23 on F.Cu
    @(49.6850 mm, 3.4850 mm): Pad 2 [COL_R_23] of D51 on F.Cu
[unconnected_items]: Missing connection between items
    Local override; error
    @(49.6850 mm, 3.4850 mm): Pad 2 [COL_R_23] of D51 on F.Cu
    @(49.6850 mm, 5.6850 mm): Pad 2 [COL_R_23] of D79 on F.Cu
[unconnected_items]: Missing connection between items
    Local override; error
    @(49.6850 mm, 5.6850 mm): Pad 2 [COL_R_23] of D79 on F.Cu
    @(49.6850 mm, 7.8850 mm): Pad 2 [COL_R_23] of D107 on F.Cu
[unconnected_items]: Missing connection between items
    Local override; error
    @(49.6850 mm, 7.8850 mm): Pad 2 [COL_R_23] of D107 on F.Cu
    @(49.6850 mm, 10.0850 mm): Pad 2 [COL_R_23] of D135 on F.Cu
[unconnected_items]: Missing connection between items
    Local override; error
    @(49.6850 mm, 10.0850 mm): Pad 2 [COL_R_23] of D135 on F.Cu
    @(49.6850 mm, 12.2850 mm): Pad 2 [COL_R_23] of D163 on F.Cu
[unconnected_items]: Missing connection between items
    Local override; error
    @(49.6850 mm, 12.2850 mm): Pad 2 [COL_R_23] of D163 on F.Cu
    @(49.6850 mm, 14.4850 mm): Pad 2 [COL_R_23] of D191 on F.Cu
[unconnected_items]: Missing connection between items
    Local override; error
    @(49.6850 mm, 14.4850 mm): Pad 2 [COL_R_23] of D191 on F.Cu
    @(49.6850 mm, 16.6850 mm): Pad 2 [COL_R_23] of D219 on F.Cu
[unconnected_items]: Missing connection between items
    Local override; error
    @(49.6850 mm, 16.6850 mm): Pad 2 [COL_R_23] of D219 on F.Cu
    @(49.6850 mm, 18.8850 mm): Pad 2 [COL_R_23] of D247 on F.Cu
[unconnected_items]: Missing connection between items
    Local override; error
    @(49.6850 mm, 18.8850 mm): Pad 2 [COL_R_23] of D247 on F.Cu
    @(49.6850 mm, 21.0850 mm): Pad 2 [COL_R_23] of D275 on F.Cu
[unconnected_items]: Missing connection between items
    Local override; error
    @(49.6850 mm, 21.0850 mm): Pad 2 [COL_R_23] of D275 on F.Cu
    @(49.6850 mm, 23.2850 mm): Pad 2 [COL_R_23] of D303 on F.Cu
[unconnected_items]: Missing connection between items
    Local override; error
    @(49.6850 mm, 23.2850 mm): Pad 2 [COL_R_23] of D303 on F.Cu
    @(49.6850 mm, 25.4850 mm): Pad 2 [COL_R_23] of D331 on F.Cu
[unconnected_items]: Missing connection between items
    Local override; error
    @(49.6850 mm, 25.4850 mm): Pad 2 [COL_R_23] of D331 on F.Cu
    @(49.6850 mm, 27.6850 mm): Pad 2 [COL_R_23] of D359 on F.Cu
[unconnected_items]: Missing connection between items
    Local override; error
    @(49.6850 mm, 27.6850 mm): Pad 2 [COL_R_23] of D359 on F.Cu
    @(49.6850 mm, 29.8850 mm): Pad 2 [COL_R_23] of D387 on F.Cu
[unconnected_items]: Missing connection between items
    Local override; error
    @(49.6850 mm, 29.8850 mm): Pad 2 [COL_R_23] of D387 on F.Cu
    @(49.6850 mm, 32.0850 mm): Pad 2 [COL_R_23] of D415 on F.Cu
[unconnected_items]: Missing connection between items
    Local override; error
    @(49.6850 mm, 32.0850 mm): Pad 2 [COL_R_23] of D415 on F.Cu
    @(49.6850 mm, 34.2850 mm): Pad 2 [COL_R_23] of D443 on F.Cu
[unconnected_items]: Missing connection between items
    Local override; error
    @(49.6850 mm, 34.2850 mm): Pad 2 [COL_R_23] of D443 on F.Cu
    @(49.6850 mm, 36.4850 mm): Pad 2 [COL_R_23] of D471 on F.Cu
[unconnected_items]: Missing connection between items
    Local override; error
    @(49.6850 mm, 36.4850 mm): Pad 2 [COL_R_23] of D471 on F.Cu
    @(49.6850 mm, 38.6850 mm): Pad 2 [COL_R_23] of D499 on F.Cu
[unconnected_items]: Missing connection between items
    Local override; error
    @(49.6850 mm, 38.6850 mm): Pad 2 [COL_R_23] of D499 on F.Cu
    @(49.6850 mm, 40.8850 mm): Pad 2 [COL_R_23] of D527 on F.Cu
[unconnected_items]: Missing connection between items
    Local override; error
    @(49.6850 mm, 40.8850 mm): Pad 2 [COL_R_23] of D527 on F.Cu
    @(49.6850 mm, 43.0850 mm): Pad 2 [COL_R_23] of D555 on F.Cu
[unconnected_items]: Missing connection between items
    Local override; error
    @(49.6850 mm, 43.0850 mm): Pad 2 [COL_R_23] of D555 on F.Cu
    @(49.6850 mm, 45.2850 mm): Pad 2 [COL_R_23] of D583 on F.Cu
[unconnected_items]: Missing connection between items
    Local override; error
    @(49.6850 mm, 45.2850 mm): Pad 2 [COL_R_23] of D583 on F.Cu
    @(49.6850 mm, 47.4850 mm): Pad 2 [COL_R_23] of D611 on F.Cu
[unconnected_items]: Missing connection between items
    Local override; error
    @(49.6850 mm, 47.4850 mm): Pad 2 [COL_R_23] of D611 on F.Cu
    @(49.6850 mm, 49.6850 mm): Pad 2 [COL_R_23] of D639 on F.Cu
[unconnected_items]: Missing connection between items
    Local override; error
    @(49.6850 mm, 49.6850 mm): Pad 2 [COL_R_23] of D639 on F.Cu
    @(49.6850 mm, 51.8850 mm): Pad 2 [COL_R_23] of D667 on F.Cu
[unconnected_items]: Missing connection between items
    Local override; error
    @(49.6850 mm, 51.8850 mm): Pad 2 [COL_R_23] of D667 on F.Cu
    @(49.6850 mm, 54.0850 mm): Pad 2 [COL_R_23] of D695 on F.Cu
[unconnected_items]: Missing connection between items
    Local override; error
    @(49.6850 mm, 54.0850 mm): Pad 2 [COL_R_23] of D695 on F.Cu
    @(49.6850 mm, 56.2850 mm): Pad 2 [COL_R_23] of D723 on F.Cu
[unconnected_items]: Missing connection between items
    Local override; error
    @(49.6850 mm, 56.2850 mm): Pad 2 [COL_R_23] of D723 on F.Cu
    @(49.6850 mm, 58.4850 mm): Pad 2 [COL_R_23] of D751 on F.Cu
[unconnected_items]: Missing connection between items
    Local override; error
    @(49.6850 mm, 58.4850 mm): Pad 2 [COL_R_23] of D751 on F.Cu
    @(49.6850 mm, 60.6850 mm): Pad 2 [COL_R_23] of D779 on F.Cu
[unconnected_items]: Missing connection between items
    Local override; error
    @(48.9150 mm, 1.2850 mm): Pad 3 [COL_G_23] of D23 on F.Cu
    @(48.9150 mm, 3.4850 mm): Pad 3 [COL_G_23] of D51 on F.Cu
[unconnected_items]: Missing connection between items
    Local override; error
    @(48.9150 mm, 3.4850 mm): Pad 3 [COL_G_23] of D51 on F.Cu
    @(48.9150 mm, 5.6850 mm): Pad 3 [COL_G_23] of D79 on F.Cu
[unconnected_items]: Missing connection between items
    Local override; error
    @(48.9150 mm, 5.6850 mm): Pad 3 [COL_G_23] of D79 on F.Cu
    @(48.9150 mm, 7.8850 mm): Pad 3 [COL_G_23] of D107 on F.Cu
[unconnected_items]: Missing connection between items
    Local override; error
    @(48.9150 mm, 7.8850 mm): Pad 3 [COL_G_23] of D107 on F.Cu
    @(48.9150 mm, 10.0850 mm): Pad 3 [COL_G_23] of D135 on F.Cu
[unconnected_items]: Missing connection between items
    Local override; error
    @(48.9150 mm, 10.0850 mm): Pad 3 [COL_G_23] of D135 on F.Cu
    @(48.9150 mm, 12.2850 mm): Pad 3 [COL_G_23] of D163 on F.Cu
[unconnected_items]: Missing connection between items
    Local override; error
    @(48.9150 mm, 12.2850 mm): Pad 3 [COL_G_23] of D163 on F.Cu
    @(48.9150 mm, 14.4850 mm): Pad 3 [COL_G_23] of D191 on F.Cu
[unconnected_items]: Missing connection between items
    Local override; error
    @(48.9150 mm, 14.4850 mm): Pad 3 [COL_G_23] of D191 on F.Cu
    @(48.9150 mm, 16.6850 mm): Pad 3 [COL_G_23] of D219 on F.Cu
[unconnected_items]: Missing connection between items
    Local override; error
    @(48.9150 mm, 16.6850 mm): Pad 3 [COL_G_23] of D219 on F.Cu
    @(48.9150 mm, 18.8850 mm): Pad 3 [COL_G_23] of D247 on F.Cu
[unconnected_items]: Missing connection between items
    Local override; error
    @(48.9150 mm, 18.8850 mm): Pad 3 [COL_G_23] of D247 on F.Cu
    @(48.9150 mm, 21.0850 mm): Pad 3 [COL_G_23] of D275 on F.Cu
[unconnected_items]: Missing connection between items
    Local override; error
    @(48.9150 mm, 21.0850 mm): Pad 3 [COL_G_23] of D275 on F.Cu
    @(48.9150 mm, 23.2850 mm): Pad 3 [COL_G_23] of D303 on F.Cu
[unconnected_items]: Missing connection between items
    Local override; error
    @(48.9150 mm, 23.2850 mm): Pad 3 [COL_G_23] of D303 on F.Cu
    @(48.9150 mm, 25.4850 mm): Pad 3 [COL_G_23] of D331 on F.Cu
[unconnected_items]: Missing connection between items
    Local override; error
    @(48.9150 mm, 25.4850 mm): Pad 3 [COL_G_23] of D331 on F.Cu
    @(48.9150 mm, 27.6850 mm): Pad 3 [COL_G_23] of D359 on F.Cu
[unconnected_items]: Missing connection between items
    Local override; error
    @(48.9150 mm, 27.6850 mm): Pad 3 [COL_G_23] of D359 on F.Cu
    @(48.9150 mm, 29.8850 mm): Pad 3 [COL_G_23] of D387 on F.Cu
[unconnected_items]: Missing connection between items
    Local override; error
    @(48.9150 mm, 29.8850 mm): Pad 3 [COL_G_23] of D387 on F.Cu
    @(48.9150 mm, 32.0850 mm): Pad 3 [COL_G_23] of D415 on F.Cu
[unconnected_items]: Missing connection between items
    Local override; error
    @(48.9150 mm, 32.0850 mm): Pad 3 [COL_G_23] of D415 on F.Cu
    @(48.9150 mm, 34.2850 mm): Pad 3 [COL_G_23] of D443 on F.Cu
[unconnected_items]: Missing connection between items
    Local override; error
    @(48.9150 mm, 34.2850 mm): Pad 3 [COL_G_23] of D443 on F.Cu
    @(48.9150 mm, 36.4850 mm): Pad 3 [COL_G_23] of D471 on F.Cu
[unconnected_items]: Missing connection between items
    Local override; error
    @(48.9150 mm, 36.4850 mm): Pad 3 [COL_G_23] of D471 on F.Cu
    @(48.9150 mm, 38.6850 mm): Pad 3 [COL_G_23] of D499 on F.Cu
[unconnected_items]: Missing connection between items
    Local override; error
    @(48.9150 mm, 38.6850 mm): Pad 3 [COL_G_23] of D499 on F.Cu
    @(48.9150 mm, 40.8850 mm): Pad 3 [COL_G_23] of D527 on F.Cu
[unconnected_items]: Missing connection between items
    Local override; error
    @(48.9150 mm, 40.8850 mm): Pad 3 [COL_G_23] of D527 on F.Cu
    @(48.9150 mm, 43.0850 mm): Pad 3 [COL_G_23] of D555 on F.Cu
[unconnected_items]: Missing connection between items
    Local override; error
    @(48.9150 mm, 43.0850 mm): Pad 3 [COL_G_23] of D555 on F.Cu
    @(48.9150 mm, 45.2850 mm): Pad 3 [COL_G_23] of D583 on F.Cu
[unconnected_items]: Missing connection between items
    Local override; error
    @(48.9150 mm, 45.2850 mm): Pad 3 [COL_G_23] of D583 on F.Cu
    @(48.9150 mm, 47.4850 mm): Pad 3 [COL_G_23] of D611 on F.Cu
[unconnected_items]: Missing connection between items
    Local override; error
    @(48.9150 mm, 47.4850 mm): Pad 3 [COL_G_23] of D611 on F.Cu
    @(48.9150 mm, 49.6850 mm): Pad 3 [COL_G_23] of D639 on F.Cu
[unconnected_items]: Missing connection between items
    Local override; error
    @(48.9150 mm, 49.6850 mm): Pad 3 [COL_G_23] of D639 on F.Cu
    @(48.9150 mm, 51.8850 mm): Pad 3 [COL_G_23] of D667 on F.Cu
[unconnected_items]: Missing connection between items
    Local override; error
    @(48.9150 mm, 51.8850 mm): Pad 3 [COL_G_23] of D667 on F.Cu
    @(48.9150 mm, 54.0850 mm): Pad 3 [COL_G_23] of D695 on F.Cu
[unconnected_items]: Missing connection between items
    Local override; error
    @(48.9150 mm, 54.0850 mm): Pad 3 [COL_G_23] of D695 on F.Cu
    @(48.9150 mm, 56.2850 mm): Pad 3 [COL_G_23] of D723 on F.Cu
[unconnected_items]: Missing connection between items
    Local override; error
    @(48.9150 mm, 56.2850 mm): Pad 3 [COL_G_23] of D723 on F.Cu
    @(48.9150 mm, 58.4850 mm): Pad 3 [COL_G_23] of D751 on F.Cu
[unconnected_items]: Missing connection between items
    Local override; error
    @(48.9150 mm, 58.4850 mm): Pad 3 [COL_G_23] of D751 on F.Cu
    @(48.9150 mm, 60.6850 mm): Pad 3 [COL_G_23] of D779 on F.Cu
[unconnected_items]: Missing connection between items
    Local override; error
    @(48.9150 mm, 0.5150 mm): Pad 4 [COL_B_23] of D23 on F.Cu
    @(48.9150 mm, 2.7150 mm): Pad 4 [COL_B_23] of D51 on F.Cu
[unconnected_items]: Missing connection between items
    Local override; error
    @(48.9150 mm, 2.7150 mm): Pad 4 [COL_B_23] of D51 on F.Cu
    @(48.9150 mm, 4.9150 mm): Pad 4 [COL_B_23] of D79 on F.Cu
[unconnected_items]: Missing connection between items
    Local override; error
    @(48.9150 mm, 4.9150 mm): Pad 4 [COL_B_23] of D79 on F.Cu
    @(48.9150 mm, 7.1150 mm): Pad 4 [COL_B_23] of D107 on F.Cu
[unconnected_items]: Missing connection between items
    Local override; error
    @(48.9150 mm, 7.1150 mm): Pad 4 [COL_B_23] of D107 on F.Cu
    @(48.9150 mm, 9.3150 mm): Pad 4 [COL_B_23] of D135 on F.Cu
[unconnected_items]: Missing connection between items
    Local override; error
    @(48.9150 mm, 9.3150 mm): Pad 4 [COL_B_23] of D135 on F.Cu
    @(48.9150 mm, 11.5150 mm): Pad 4 [COL_B_23] of D163 on F.Cu
[unconnected_items]: Missing connection between items
    Local override; error
    @(48.9150 mm, 11.5150 mm): Pad 4 [COL_B_23] of D163 on F.Cu
    @(48.9150 mm, 13.7150 mm): Pad 4 [COL_B_23] of D191 on F.Cu
[unconnected_items]: Missing connection between items
    Local override; error
    @(48.9150 mm, 13.7150 mm): Pad 4 [COL_B_23] of D191 on F.Cu
    @(48.9150 mm, 15.9150 mm): Pad 4 [COL_B_23] of D219 on F.Cu
[unconnected_items]: Missing connection between items
    Local override; error
    @(48.9150 mm, 15.9150 mm): Pad 4 [COL_B_23] of D219 on F.Cu
    @(48.9150 mm, 18.1150 mm): Pad 4 [COL_B_23] of D247 on F.Cu
[unconnected_items]: Missing connection between items
    Local override; error
    @(48.9150 mm, 18.1150 mm): Pad 4 [COL_B_23] of D247 on F.Cu
    @(48.9150 mm, 20.3150 mm): Pad 4 [COL_B_23] of D275 on F.Cu
[unconnected_items]: Missing connection between items
    Local override; error
    @(48.9150 mm, 20.3150 mm): Pad 4 [COL_B_23] of D275 on F.Cu
    @(48.9150 mm, 22.5150 mm): Pad 4 [COL_B_23] of D303 on F.Cu
[unconnected_items]: Missing connection between items
    Local override; error
    @(48.9150 mm, 22.5150 mm): Pad 4 [COL_B_23] of D303 on F.Cu
    @(48.9150 mm, 24.7150 mm): Pad 4 [COL_B_23] of D331 on F.Cu
[unconnected_items]: Missing connection between items
    Local override; error
    @(48.9150 mm, 24.7150 mm): Pad 4 [COL_B_23] of D331 on F.Cu
    @(48.9150 mm, 26.9150 mm): Pad 4 [COL_B_23] of D359 on F.Cu
[unconnected_items]: Missing connection between items
    Local override; error
    @(48.9150 mm, 26.9150 mm): Pad 4 [COL_B_23] of D359 on F.Cu
    @(48.9150 mm, 29.1150 mm): Pad 4 [COL_B_23] of D387 on F.Cu
[unconnected_items]: Missing connection between items
    Local override; error
    @(48.9150 mm, 29.1150 mm): Pad 4 [COL_B_23] of D387 on F.Cu
    @(48.9150 mm, 31.3150 mm): Pad 4 [COL_B_23] of D415 on F.Cu
[unconnected_items]: Missing connection between items
    Local override; error
    @(48.9150 mm, 31.3150 mm): Pad 4 [COL_B_23] of D415 on F.Cu
    @(48.9150 mm, 33.5150 mm): Pad 4 [COL_B_23] of D443 on F.Cu
[unconnected_items]: Missing connection between items
    Local override; error
    @(48.9150 mm, 33.5150 mm): Pad 4 [COL_B_23] of D443 on F.Cu
    @(48.9150 mm, 35.7150 mm): Pad 4 [COL_B_23] of D471 on F.Cu
[unconnected_items]: Missing connection between items
    Local override; error
    @(48.9150 mm, 35.7150 mm): Pad 4 [COL_B_23] of D471 on F.Cu
    @(48.9150 mm, 37.9150 mm): Pad 4 [COL_B_23] of D499 on F.Cu
[unconnected_items]: Missing connection between items
    Local override; error
    @(48.9150 mm, 37.9150 mm): Pad 4 [COL_B_23] of D499 on F.Cu
    @(48.9150 mm, 40.1150 mm): Pad 4 [COL_B_23] of D527 on F.Cu
[unconnected_items]: Missing connection between items
    Local override; error
    @(48.9150 mm, 40.1150 mm): Pad 4 [COL_B_23] of D527 on F.Cu
    @(48.9150 mm, 42.3150 mm): Pad 4 [COL_B_23] of D555 on F.Cu
[unconnected_items]: Missing connection between items
    Local override; error
    @(48.9150 mm, 42.3150 mm): Pad 4 [COL_B_23] of D555 on F.Cu
    @(48.9150 mm, 44.5150 mm): Pad 4 [COL_B_23] of D583 on F.Cu
[unconnected_items]: Missing connection between items
    Local override; error
    @(48.9150 mm, 44.5150 mm): Pad 4 [COL_B_23] of D583 on F.Cu
    @(48.9150 mm, 46.7150 mm): Pad 4 [COL_B_23] of D611 on F.Cu
[unconnected_items]: Missing connection between items
    Local override; error
    @(48.9150 mm, 46.7150 mm): Pad 4 [COL_B_23] of D611 on F.Cu
    @(48.9150 mm, 48.9150 mm): Pad 4 [COL_B_23] of D639 on F.Cu
[unconnected_items]: Missing connection between items
    Local override; error
    @(48.9150 mm, 48.9150 mm): Pad 4 [COL_B_23] of D639 on F.Cu
    @(48.9150 mm, 51.1150 mm): Pad 4 [COL_B_23] of D667 on F.Cu
[unconnected_items]: Missing connection between items
    Local override; error
    @(48.9150 mm, 51.1150 mm): Pad 4 [COL_B_23] of D667 on F.Cu
    @(48.9150 mm, 53.3150 mm): Pad 4 [COL_B_23] of D695 on F.Cu
[unconnected_items]: Missing connection between items
    Local override; error
    @(48.9150 mm, 53.3150 mm): Pad 4 [COL_B_23] of D695 on F.Cu
    @(48.9150 mm, 55.5150 mm): Pad 4 [COL_B_23] of D723 on F.Cu
[unconnected_items]: Missing connection between items
    Local override; error
    @(48.9150 mm, 55.5150 mm): Pad 4 [COL_B_23] of D723 on F.Cu
    @(48.9150 mm, 57.7150 mm): Pad 4 [COL_B_23] of D751 on F.Cu
[unconnected_items]: Missing connection between items
    Local override; error
    @(48.9150 mm, 57.7150 mm): Pad 4 [COL_B_23] of D751 on F.Cu
    @(48.9150 mm, 59.9150 mm): Pad 4 [COL_B_23] of D779 on F.Cu
[unconnected_items]: Missing connection between items
    Local override; error
    @(1.2850 mm, 22.5150 mm): Pad 1 [ROW_11_ANODE] of D281 on F.Cu
    @(3.4850 mm, 22.5150 mm): Pad 1 [ROW_11_ANODE] of D282 on F.Cu
[unconnected_items]: Missing connection between items
    Local override; error
    @(3.4850 mm, 22.5150 mm): Pad 1 [ROW_11_ANODE] of D282 on F.Cu
    @(5.6850 mm, 22.5150 mm): Pad 1 [ROW_11_ANODE] of D283 on F.Cu
[unconnected_items]: Missing connection between items
    Local override; error
    @(5.6850 mm, 22.5150 mm): Pad 1 [ROW_11_ANODE] of D283 on F.Cu
    @(7.8850 mm, 22.5150 mm): Pad 1 [ROW_11_ANODE] of D284 on F.Cu
[unconnected_items]: Missing connection between items
    Local override; error
    @(7.8850 mm, 22.5150 mm): Pad 1 [ROW_11_ANODE] of D284 on F.Cu
    @(10.0850 mm, 22.5150 mm): Pad 1 [ROW_11_ANODE] of D285 on F.Cu
[unconnected_items]: Missing connection between items
    Local override; error
    @(10.0850 mm, 22.5150 mm): Pad 1 [ROW_11_ANODE] of D285 on F.Cu
    @(12.2850 mm, 22.5150 mm): Pad 1 [ROW_11_ANODE] of D286 on F.Cu
[unconnected_items]: Missing connection between items
    Local override; error
    @(12.2850 mm, 22.5150 mm): Pad 1 [ROW_11_ANODE] of D286 on F.Cu
    @(14.4850 mm, 22.5150 mm): Pad 1 [ROW_11_ANODE] of D287 on F.Cu
[unconnected_items]: Missing connection between items
    Local override; error
    @(14.4850 mm, 22.5150 mm): Pad 1 [ROW_11_ANODE] of D287 on F.Cu
    @(16.6850 mm, 22.5150 mm): Pad 1 [ROW_11_ANODE] of D288 on F.Cu
[unconnected_items]: Missing connection between items
    Local override; error
    @(16.6850 mm, 22.5150 mm): Pad 1 [ROW_11_ANODE] of D288 on F.Cu
    @(18.8850 mm, 22.5150 mm): Pad 1 [ROW_11_ANODE] of D289 on F.Cu
[unconnected_items]: Missing connection between items
    Local override; error
    @(18.8850 mm, 22.5150 mm): Pad 1 [ROW_11_ANODE] of D289 on F.Cu
    @(21.0850 mm, 22.5150 mm): Pad 1 [ROW_11_ANODE] of D290 on F.Cu
[unconnected_items]: Missing connection between items
    Local override; error
    @(21.0850 mm, 22.5150 mm): Pad 1 [ROW_11_ANODE] of D290 on F.Cu
    @(23.2850 mm, 22.5150 mm): Pad 1 [ROW_11_ANODE] of D291 on F.Cu
[unconnected_items]: Missing connection between items
    Local override; error
    @(23.2850 mm, 22.5150 mm): Pad 1 [ROW_11_ANODE] of D291 on F.Cu
    @(25.4850 mm, 22.5150 mm): Pad 1 [ROW_11_ANODE] of D292 on F.Cu
[unconnected_items]: Missing connection between items
    Local override; error
    @(25.4850 mm, 22.5150 mm): Pad 1 [ROW_11_ANODE] of D292 on F.Cu
    @(27.6850 mm, 22.5150 mm): Pad 1 [ROW_11_ANODE] of D293 on F.Cu
[unconnected_items]: Missing connection between items
    Local override; error
    @(27.6850 mm, 22.5150 mm): Pad 1 [ROW_11_ANODE] of D293 on F.Cu
    @(29.8850 mm, 22.5150 mm): Pad 1 [ROW_11_ANODE] of D294 on F.Cu
[unconnected_items]: Missing connection between items
    Local override; error
    @(29.8850 mm, 22.5150 mm): Pad 1 [ROW_11_ANODE] of D294 on F.Cu
    @(32.0850 mm, 22.5150 mm): Pad 1 [ROW_11_ANODE] of D295 on F.Cu
[unconnected_items]: Missing connection between items
    Local override; error
    @(32.0850 mm, 22.5150 mm): Pad 1 [ROW_11_ANODE] of D295 on F.Cu
    @(34.2850 mm, 22.5150 mm): Pad 1 [ROW_11_ANODE] of D296 on F.Cu
[unconnected_items]: Missing connection between items
    Local override; error
    @(34.2850 mm, 22.5150 mm): Pad 1 [ROW_11_ANODE] of D296 on F.Cu
    @(36.4850 mm, 22.5150 mm): Pad 1 [ROW_11_ANODE] of D297 on F.Cu
[unconnected_items]: Missing connection between items
    Local override; error
    @(36.4850 mm, 22.5150 mm): Pad 1 [ROW_11_ANODE] of D297 on F.Cu
    @(38.6850 mm, 22.5150 mm): Pad 1 [ROW_11_ANODE] of D298 on F.Cu
[unconnected_items]: Missing connection between items
    Local override; error
    @(38.6850 mm, 22.5150 mm): Pad 1 [ROW_11_ANODE] of D298 on F.Cu
    @(40.8850 mm, 22.5150 mm): Pad 1 [ROW_11_ANODE] of D299 on F.Cu
[unconnected_items]: Missing connection between items
    Local override; error
    @(40.8850 mm, 22.5150 mm): Pad 1 [ROW_11_ANODE] of D299 on F.Cu
    @(43.0850 mm, 22.5150 mm): Pad 1 [ROW_11_ANODE] of D300 on F.Cu
[unconnected_items]: Missing connection between items
    Local override; error
    @(43.0850 mm, 22.5150 mm): Pad 1 [ROW_11_ANODE] of D300 on F.Cu
    @(45.2850 mm, 22.5150 mm): Pad 1 [ROW_11_ANODE] of D301 on F.Cu
[unconnected_items]: Missing connection between items
    Local override; error
    @(45.2850 mm, 22.5150 mm): Pad 1 [ROW_11_ANODE] of D301 on F.Cu
    @(47.4850 mm, 22.5150 mm): Pad 1 [ROW_11_ANODE] of D302 on F.Cu
[unconnected_items]: Missing connection between items
    Local override; error
    @(47.4850 mm, 22.5150 mm): Pad 1 [ROW_11_ANODE] of D302 on F.Cu
    @(49.6850 mm, 22.5150 mm): Pad 1 [ROW_11_ANODE] of D303 on F.Cu
[unconnected_items]: Missing connection between items
    Local override; error
    @(49.6850 mm, 22.5150 mm): Pad 1 [ROW_11_ANODE] of D303 on F.Cu
    @(51.8850 mm, 22.5150 mm): Pad 1 [ROW_11_ANODE] of D304 on F.Cu
[unconnected_items]: Missing connection between items
    Local override; error
    @(51.8850 mm, 22.5150 mm): Pad 1 [ROW_11_ANODE] of D304 on F.Cu
    @(54.0850 mm, 22.5150 mm): Pad 1 [ROW_11_ANODE] of D305 on F.Cu
[unconnected_items]: Missing connection between items
    Local override; error
    @(54.0850 mm, 22.5150 mm): Pad 1 [ROW_11_ANODE] of D305 on F.Cu
    @(56.2850 mm, 22.5150 mm): Pad 1 [ROW_11_ANODE] of D306 on F.Cu
[unconnected_items]: Missing connection between items
    Local override; error
    @(56.2850 mm, 22.5150 mm): Pad 1 [ROW_11_ANODE] of D306 on F.Cu
    @(58.4850 mm, 22.5150 mm): Pad 1 [ROW_11_ANODE] of D307 on F.Cu
[unconnected_items]: Missing connection between items
    Local override; error
    @(58.4850 mm, 22.5150 mm): Pad 1 [ROW_11_ANODE] of D307 on F.Cu
    @(60.6850 mm, 22.5150 mm): Pad 1 [ROW_11_ANODE] of D308 on F.Cu
[unconnected_items]: Missing connection between items
    Local override; error
    @(27.6850 mm, 1.2850 mm): Pad 2 [COL_R_13] of D13 on F.Cu
    @(27.6850 mm, 3.4850 mm): Pad 2 [COL_R_13] of D41 on F.Cu
[unconnected_items]: Missing connection between items
    Local override; error
    @(27.6850 mm, 3.4850 mm): Pad 2 [COL_R_13] of D41 on F.Cu
    @(27.6850 mm, 5.6850 mm): Pad 2 [COL_R_13] of D69 on F.Cu
[unconnected_items]: Missing connection between items
    Local override; error
    @(27.6850 mm, 5.6850 mm): Pad 2 [COL_R_13] of D69 on F.Cu
    @(27.6850 mm, 7.8850 mm): Pad 2 [COL_R_13] of D97 on F.Cu
[unconnected_items]: Missing connection between items
    Local override; error
    @(27.6850 mm, 7.8850 mm): Pad 2 [COL_R_13] of D97 on F.Cu
    @(27.6850 mm, 10.0850 mm): Pad 2 [COL_R_13] of D125 on F.Cu
[unconnected_items]: Missing connection between items
    Local override; error
    @(27.6850 mm, 10.0850 mm): Pad 2 [COL_R_13] of D125 on F.Cu
    @(27.6850 mm, 12.2850 mm): Pad 2 [COL_R_13] of D153 on F.Cu
[unconnected_items]: Missing connection between items
    Local override; error
    @(27.6850 mm, 12.2850 mm): Pad 2 [COL_R_13] of D153 on F.Cu
    @(27.6850 mm, 14.4850 mm): Pad 2 [COL_R_13] of D181 on F.Cu
[unconnected_items]: Missing connection between items
    Local override; error
    @(27.6850 mm, 14.4850 mm): Pad 2 [COL_R_13] of D181 on F.Cu
    @(27.6850 mm, 16.6850 mm): Pad 2 [COL_R_13] of D209 on F.Cu
[unconnected_items]: Missing connection between items
    Local override; error
    @(27.6850 mm, 16.6850 mm): Pad 2 [COL_R_13] of D209 on F.Cu
    @(27.6850 mm, 18.8850 mm): Pad 2 [COL_R_13] of D237 on F.Cu
[unconnected_items]: Missing connection between items
    Local override; error
    @(27.6850 mm, 18.8850 mm): Pad 2 [COL_R_13] of D237 on F.Cu
    @(27.6850 mm, 21.0850 mm): Pad 2 [COL_R_13] of D265 on F.Cu
[unconnected_items]: Missing connection between items
    Local override; error
    @(27.6850 mm, 21.0850 mm): Pad 2 [COL_R_13] of D265 on F.Cu
    @(27.6850 mm, 23.2850 mm): Pad 2 [COL_R_13] of D293 on F.Cu
[unconnected_items]: Missing connection between items
    Local override; error
    @(27.6850 mm, 23.2850 mm): Pad 2 [COL_R_13] of D293 on F.Cu
    @(27.6850 mm, 25.4850 mm): Pad 2 [COL_R_13] of D321 on F.Cu
[unconnected_items]: Missing connection between items
    Local override; error
    @(27.6850 mm, 25.4850 mm): Pad 2 [COL_R_13] of D321 on F.Cu
    @(27.6850 mm, 27.6850 mm): Pad 2 [COL_R_13] of D349 on F.Cu
[unconnected_items]: Missing connection between items
    Local override; error
    @(27.6850 mm, 27.6850 mm): Pad 2 [COL_R_13] of D349 on F.Cu
    @(27.6850 mm, 29.8850 mm): Pad 2 [COL_R_13] of D377 on F.Cu
[unconnected_items]: Missing connection between items
    Local override; error
    @(27.6850 mm, 29.8850 mm): Pad 2 [COL_R_13] of D377 on F.Cu
    @(27.6850 mm, 32.0850 mm): Pad 2 [COL_R_13] of D405 on F.Cu
[unconnected_items]: Missing connection between items
    Local override; error
    @(27.6850 mm, 32.0850 mm): Pad 2 [COL_R_13] of D405 on F.Cu
    @(27.6850 mm, 34.2850 mm): Pad 2 [COL_R_13] of D433 on F.Cu
[unconnected_items]: Missing connection between items
    Local override; error
    @(27.6850 mm, 34.2850 mm): Pad 2 [COL_R_13] of D433 on F.Cu
    @(27.6850 mm, 36.4850 mm): Pad 2 [COL_R_13] of D461 on F.Cu
[unconnected_items]: Missing connection between items
    Local override; error
    @(27.6850 mm, 36.4850 mm): Pad 2 [COL_R_13] of D461 on F.Cu
    @(27.6850 mm, 38.6850 mm): Pad 2 [COL_R_13] of D489 on F.Cu
[unconnected_items]: Missing connection between items
    Local override; error
    @(27.6850 mm, 38.6850 mm): Pad 2 [COL_R_13] of D489 on F.Cu
    @(27.6850 mm, 40.8850 mm): Pad 2 [COL_R_13] of D517 on F.Cu
[unconnected_items]: Missing connection between items
    Local override; error
    @(27.6850 mm, 40.8850 mm): Pad 2 [COL_R_13] of D517 on F.Cu
    @(27.6850 mm, 43.0850 mm): Pad 2 [COL_R_13] of D545 on F.Cu
[unconnected_items]: Missing connection between items
    Local override; error
    @(27.6850 mm, 43.0850 mm): Pad 2 [COL_R_13] of D545 on F.Cu
    @(27.6850 mm, 45.2850 mm): Pad 2 [COL_R_13] of D573 on F.Cu
[unconnected_items]: Missing connection between items
    Local override; error
    @(27.6850 mm, 45.2850 mm): Pad 2 [COL_R_13] of D573 on F.Cu
    @(27.6850 mm, 47.4850 mm): Pad 2 [COL_R_13] of D601 on F.Cu
[unconnected_items]: Missing connection between items
    Local override; error
    @(27.6850 mm, 47.4850 mm): Pad 2 [COL_R_13] of D601 on F.Cu
    @(27.6850 mm, 49.6850 mm): Pad 2 [COL_R_13] of D629 on F.Cu
[unconnected_items]: Missing connection between items
    Local override; error
    @(27.6850 mm, 49.6850 mm): Pad 2 [COL_R_13] of D629 on F.Cu
    @(27.6850 mm, 51.8850 mm): Pad 2 [COL_R_13] of D657 on F.Cu
[unconnected_items]: Missing connection between items
    Local override; error
    @(27.6850 mm, 51.8850 mm): Pad 2 [COL_R_13] of D657 on F.Cu
    @(27.6850 mm, 54.0850 mm): Pad 2 [COL_R_13] of D685 on F.Cu
[unconnected_items]: Missing connection between items
    Local override; error
    @(27.6850 mm, 54.0850 mm): Pad 2 [COL_R_13] of D685 on F.Cu
    @(27.6850 mm, 56.2850 mm): Pad 2 [COL_R_13] of D713 on F.Cu
[unconnected_items]: Missing connection between items
    Local override; error
    @(27.6850 mm, 56.2850 mm): Pad 2 [COL_R_13] of D713 on F.Cu
    @(27.6850 mm, 58.4850 mm): Pad 2 [COL_R_13] of D741 on F.Cu
[unconnected_items]: Missing connection between items
    Local override; error
    @(27.6850 mm, 58.4850 mm): Pad 2 [COL_R_13] of D741 on F.Cu
    @(27.6850 mm, 60.6850 mm): Pad 2 [COL_R_13] of D769 on F.Cu
[unconnected_items]: Missing connection between items
    Local override; error
    @(26.9150 mm, 1.2850 mm): Pad 3 [COL_G_13] of D13 on F.Cu
    @(26.9150 mm, 3.4850 mm): Pad 3 [COL_G_13] of D41 on F.Cu
[unconnected_items]: Missing connection between items
    Local override; error
    @(26.9150 mm, 3.4850 mm): Pad 3 [COL_G_13] of D41 on F.Cu
    @(26.9150 mm, 5.6850 mm): Pad 3 [COL_G_13] of D69 on F.Cu
[unconnected_items]: Missing connection between items
    Local override; error
    @(26.9150 mm, 5.6850 mm): Pad 3 [COL_G_13] of D69 on F.Cu
    @(26.9150 mm, 7.8850 mm): Pad 3 [COL_G_13] of D97 on F.Cu
[unconnected_items]: Missing connection between items
    Local override; error
    @(26.9150 mm, 7.8850 mm): Pad 3 [COL_G_13] of D97 on F.Cu
    @(26.9150 mm, 10.0850 mm): Pad 3 [COL_G_13] of D125 on F.Cu
[unconnected_items]: Missing connection between items
    Local override; error
    @(26.9150 mm, 10.0850 mm): Pad 3 [COL_G_13] of D125 on F.Cu
    @(26.9150 mm, 12.2850 mm): Pad 3 [COL_G_13] of D153 on F.Cu
[unconnected_items]: Missing connection between items
    Local override; error
    @(26.9150 mm, 12.2850 mm): Pad 3 [COL_G_13] of D153 on F.Cu
    @(26.9150 mm, 14.4850 mm): Pad 3 [COL_G_13] of D181 on F.Cu
[unconnected_items]: Missing connection between items
    Local override; error
    @(26.9150 mm, 14.4850 mm): Pad 3 [COL_G_13] of D181 on F.Cu
    @(26.9150 mm, 16.6850 mm): Pad 3 [COL_G_13] of D209 on F.Cu
[unconnected_items]: Missing connection between items
    Local override; error
    @(26.9150 mm, 16.6850 mm): Pad 3 [COL_G_13] of D209 on F.Cu
    @(26.9150 mm, 18.8850 mm): Pad 3 [COL_G_13] of D237 on F.Cu
[unconnected_items]: Missing connection between items
    Local override; error
    @(26.9150 mm, 18.8850 mm): Pad 3 [COL_G_13] of D237 on F.Cu
    @(26.9150 mm, 21.0850 mm): Pad 3 [COL_G_13] of D265 on F.Cu
[unconnected_items]: Missing connection between items
    Local override; error
    @(26.9150 mm, 21.0850 mm): Pad 3 [COL_G_13] of D265 on F.Cu
    @(26.9150 mm, 23.2850 mm): Pad 3 [COL_G_13] of D293 on F.Cu
[unconnected_items]: Missing connection between items
    Local override; error
    @(26.9150 mm, 23.2850 mm): Pad 3 [COL_G_13] of D293 on F.Cu
    @(26.9150 mm, 25.4850 mm): Pad 3 [COL_G_13] of D321 on F.Cu
[unconnected_items]: Missing connection between items
    Local override; error
    @(26.9150 mm, 25.4850 mm): Pad 3 [COL_G_13] of D321 on F.Cu
    @(26.9150 mm, 27.6850 mm): Pad 3 [COL_G_13] of D349 on F.Cu
[unconnected_items]: Missing connection between items
    Local override; error
    @(26.9150 mm, 27.6850 mm): Pad 3 [COL_G_13] of D349 on F.Cu
    @(26.9150 mm, 29.8850 mm): Pad 3 [COL_G_13] of D377 on F.Cu
[unconnected_items]: Missing connection between items
    Local override; error
    @(26.9150 mm, 29.8850 mm): Pad 3 [COL_G_13] of D377 on F.Cu
    @(26.9150 mm, 32.0850 mm): Pad 3 [COL_G_13] of D405 on F.Cu
[unconnected_items]: Missing connection between items
    Local override; error
    @(26.9150 mm, 32.0850 mm): Pad 3 [COL_G_13] of D405 on F.Cu
    @(26.9150 mm, 34.2850 mm): Pad 3 [COL_G_13] of D433 on F.Cu
[unconnected_items]: Missing connection between items
    Local override; error
    @(26.9150 mm, 34.2850 mm): Pad 3 [COL_G_13] of D433 on F.Cu
    @(26.9150 mm, 36.4850 mm): Pad 3 [COL_G_13] of D461 on F.Cu
[unconnected_items]: Missing connection between items
    Local override; error
    @(26.9150 mm, 36.4850 mm): Pad 3 [COL_G_13] of D461 on F.Cu
    @(26.9150 mm, 38.6850 mm): Pad 3 [COL_G_13] of D489 on F.Cu
[unconnected_items]: Missing connection between items
    Local override; error
    @(26.9150 mm, 38.6850 mm): Pad 3 [COL_G_13] of D489 on F.Cu
    @(26.9150 mm, 40.8850 mm): Pad 3 [COL_G_13] of D517 on F.Cu
[unconnected_items]: Missing connection between items
    Local override; error
    @(26.9150 mm, 40.8850 mm): Pad 3 [COL_G_13] of D517 on F.Cu
    @(26.9150 mm, 43.0850 mm): Pad 3 [COL_G_13] of D545 on F.Cu
[unconnected_items]: Missing connection between items
    Local override; error
    @(26.9150 mm, 43.0850 mm): Pad 3 [COL_G_13] of D545 on F.Cu
    @(26.9150 mm, 45.2850 mm): Pad 3 [COL_G_13] of D573 on F.Cu
[unconnected_items]: Missing connection between items
    Local override; error
    @(26.9150 mm, 45.2850 mm): Pad 3 [COL_G_13] of D573 on F.Cu
    @(26.9150 mm, 47.4850 mm): Pad 3 [COL_G_13] of D601 on F.Cu
[unconnected_items]: Missing connection between items
    Local override; error
    @(26.9150 mm, 47.4850 mm): Pad 3 [COL_G_13] of D601 on F.Cu
    @(26.9150 mm, 49.6850 mm): Pad 3 [COL_G_13] of D629 on F.Cu
[unconnected_items]: Missing connection between items
    Local override; error
    @(26.9150 mm, 49.6850 mm): Pad 3 [COL_G_13] of D629 on F.Cu
    @(26.9150 mm, 51.8850 mm): Pad 3 [COL_G_13] of D657 on F.Cu
[unconnected_items]: Missing connection between items
    Local override; error
    @(26.9150 mm, 51.8850 mm): Pad 3 [COL_G_13] of D657 on F.Cu
    @(26.9150 mm, 54.0850 mm): Pad 3 [COL_G_13] of D685 on F.Cu
[unconnected_items]: Missing connection between items
    Local override; error
    @(26.9150 mm, 54.0850 mm): Pad 3 [COL_G_13] of D685 on F.Cu
    @(26.9150 mm, 56.2850 mm): Pad 3 [COL_G_13] of D713 on F.Cu
[unconnected_items]: Missing connection between items
    Local override; error
    @(26.9150 mm, 56.2850 mm): Pad 3 [COL_G_13] of D713 on F.Cu
    @(26.9150 mm, 58.4850 mm): Pad 3 [COL_G_13] of D741 on F.Cu
[unconnected_items]: Missing connection between items
    Local override; error
    @(26.9150 mm, 58.4850 mm): Pad 3 [COL_G_13] of D741 on F.Cu
    @(26.9150 mm, 60.6850 mm): Pad 3 [COL_G_13] of D769 on F.Cu
[unconnected_items]: Missing connection between items
    Local override; error
    @(26.9150 mm, 0.5150 mm): Pad 4 [COL_B_13] of D13 on F.Cu
    @(26.9150 mm, 2.7150 mm): Pad 4 [COL_B_13] of D41 on F.Cu
[unconnected_items]: Missing connection between items
    Local override; error
    @(26.9150 mm, 2.7150 mm): Pad 4 [COL_B_13] of D41 on F.Cu
    @(26.9150 mm, 4.9150 mm): Pad 4 [COL_B_13] of D69 on F.Cu
[unconnected_items]: Missing connection between items
    Local override; error
    @(26.9150 mm, 4.9150 mm): Pad 4 [COL_B_13] of D69 on F.Cu
    @(26.9150 mm, 7.1150 mm): Pad 4 [COL_B_13] of D97 on F.Cu
[unconnected_items]: Missing connection between items
    Local override; error
    @(26.9150 mm, 7.1150 mm): Pad 4 [COL_B_13] of D97 on F.Cu
    @(26.9150 mm, 9.3150 mm): Pad 4 [COL_B_13] of D125 on F.Cu
[unconnected_items]: Missing connection between items
    Local override; error
    @(26.9150 mm, 9.3150 mm): Pad 4 [COL_B_13] of D125 on F.Cu
    @(26.9150 mm, 11.5150 mm): Pad 4 [COL_B_13] of D153 on F.Cu
[unconnected_items]: Missing connection between items
    Local override; error
    @(26.9150 mm, 11.5150 mm): Pad 4 [COL_B_13] of D153 on F.Cu
    @(26.9150 mm, 13.7150 mm): Pad 4 [COL_B_13] of D181 on F.Cu
[unconnected_items]: Missing connection between items
    Local override; error
    @(26.9150 mm, 13.7150 mm): Pad 4 [COL_B_13] of D181 on F.Cu
    @(26.9150 mm, 15.9150 mm): Pad 4 [COL_B_13] of D209 on F.Cu
[unconnected_items]: Missing connection between items
    Local override; error
    @(26.9150 mm, 15.9150 mm): Pad 4 [COL_B_13] of D209 on F.Cu
    @(26.9150 mm, 18.1150 mm): Pad 4 [COL_B_13] of D237 on F.Cu
[unconnected_items]: Missing connection between items
    Local override; error
    @(26.9150 mm, 18.1150 mm): Pad 4 [COL_B_13] of D237 on F.Cu
    @(26.9150 mm, 20.3150 mm): Pad 4 [COL_B_13] of D265 on F.Cu
[unconnected_items]: Missing connection between items
    Local override; error
    @(26.9150 mm, 20.3150 mm): Pad 4 [COL_B_13] of D265 on F.Cu
    @(26.9150 mm, 22.5150 mm): Pad 4 [COL_B_13] of D293 on F.Cu
[unconnected_items]: Missing connection between items
    Local override; error
    @(26.9150 mm, 22.5150 mm): Pad 4 [COL_B_13] of D293 on F.Cu
    @(26.9150 mm, 24.7150 mm): Pad 4 [COL_B_13] of D321 on F.Cu
[unconnected_items]: Missing connection between items
    Local override; error
    @(26.9150 mm, 24.7150 mm): Pad 4 [COL_B_13] of D321 on F.Cu
    @(26.9150 mm, 26.9150 mm): Pad 4 [COL_B_13] of D349 on F.Cu
[unconnected_items]: Missing connection between items
    Local override; error
    @(26.9150 mm, 26.9150 mm): Pad 4 [COL_B_13] of D349 on F.Cu
    @(26.9150 mm, 29.1150 mm): Pad 4 [COL_B_13] of D377 on F.Cu
[unconnected_items]: Missing connection between items
    Local override; error
    @(26.9150 mm, 29.1150 mm): Pad 4 [COL_B_13] of D377 on F.Cu
    @(26.9150 mm, 31.3150 mm): Pad 4 [COL_B_13] of D405 on F.Cu
[unconnected_items]: Missing connection between items
    Local override; error
    @(26.9150 mm, 31.3150 mm): Pad 4 [COL_B_13] of D405 on F.Cu
    @(26.9150 mm, 33.5150 mm): Pad 4 [COL_B_13] of D433 on F.Cu
[unconnected_items]: Missing connection between items
    Local override; error
    @(26.9150 mm, 33.5150 mm): Pad 4 [COL_B_13] of D433 on F.Cu
    @(26.9150 mm, 35.7150 mm): Pad 4 [COL_B_13] of D461 on F.Cu
[unconnected_items]: Missing connection between items
    Local override; error
    @(26.9150 mm, 35.7150 mm): Pad 4 [COL_B_13] of D461 on F.Cu
    @(26.9150 mm, 37.9150 mm): Pad 4 [COL_B_13] of D489 on F.Cu
[unconnected_items]: Missing connection between items
    Local override; error
    @(26.9150 mm, 37.9150 mm): Pad 4 [COL_B_13] of D489 on F.Cu
    @(26.9150 mm, 40.1150 mm): Pad 4 [COL_B_13] of D517 on F.Cu
[unconnected_items]: Missing connection between items
    Local override; error
    @(26.9150 mm, 40.1150 mm): Pad 4 [COL_B_13] of D517 on F.Cu
    @(26.9150 mm, 42.3150 mm): Pad 4 [COL_B_13] of D545 on F.Cu
[unconnected_items]: Missing connection between items
    Local override; error
    @(26.9150 mm, 42.3150 mm): Pad 4 [COL_B_13] of D545 on F.Cu
    @(26.9150 mm, 44.5150 mm): Pad 4 [COL_B_13] of D573 on F.Cu
[unconnected_items]: Missing connection between items
    Local override; error
    @(26.9150 mm, 44.5150 mm): Pad 4 [COL_B_13] of D573 on F.Cu
    @(26.9150 mm, 46.7150 mm): Pad 4 [COL_B_13] of D601 on F.Cu
[unconnected_items]: Missing connection between items
    Local override; error
    @(26.9150 mm, 46.7150 mm): Pad 4 [COL_B_13] of D601 on F.Cu
    @(26.9150 mm, 48.9150 mm): Pad 4 [COL_B_13] of D629 on F.Cu
[unconnected_items]: Missing connection between items
    Local override; error
    @(26.9150 mm, 48.9150 mm): Pad 4 [COL_B_13] of D629 on F.Cu
    @(26.9150 mm, 51.1150 mm): Pad 4 [COL_B_13] of D657 on F.Cu
[unconnected_items]: Missing connection between items
    Local override; error
    @(26.9150 mm, 51.1150 mm): Pad 4 [COL_B_13] of D657 on F.Cu
    @(26.9150 mm, 53.3150 mm): Pad 4 [COL_B_13] of D685 on F.Cu
[unconnected_items]: Missing connection between items
    Local override; error
    @(26.9150 mm, 53.3150 mm): Pad 4 [COL_B_13] of D685 on F.Cu
    @(26.9150 mm, 55.5150 mm): Pad 4 [COL_B_13] of D713 on F.Cu
[unconnected_items]: Missing connection between items
    Local override; error
    @(26.9150 mm, 55.5150 mm): Pad 4 [COL_B_13] of D713 on F.Cu
    @(26.9150 mm, 57.7150 mm): Pad 4 [COL_B_13] of D741 on F.Cu
[unconnected_items]: Missing connection between items
    Local override; error
    @(26.9150 mm, 57.7150 mm): Pad 4 [COL_B_13] of D741 on F.Cu
    @(26.9150 mm, 59.9150 mm): Pad 4 [COL_B_13] of D769 on F.Cu
[unconnected_items]: Missing connection between items
    Local override; error
    @(1.2850 mm, 15.9150 mm): Pad 1 [ROW_08_ANODE] of D197 on F.Cu
    @(3.4850 mm, 15.9150 mm): Pad 1 [ROW_08_ANODE] of D198 on F.Cu
[unconnected_items]: Missing connection between items
    Local override; error
    @(3.4850 mm, 15.9150 mm): Pad 1 [ROW_08_ANODE] of D198 on F.Cu
    @(5.6850 mm, 15.9150 mm): Pad 1 [ROW_08_ANODE] of D199 on F.Cu
[unconnected_items]: Missing connection between items
    Local override; error
    @(5.6850 mm, 15.9150 mm): Pad 1 [ROW_08_ANODE] of D199 on F.Cu
    @(7.8850 mm, 15.9150 mm): Pad 1 [ROW_08_ANODE] of D200 on F.Cu
[unconnected_items]: Missing connection between items
    Local override; error
    @(7.8850 mm, 15.9150 mm): Pad 1 [ROW_08_ANODE] of D200 on F.Cu
    @(10.0850 mm, 15.9150 mm): Pad 1 [ROW_08_ANODE] of D201 on F.Cu
[unconnected_items]: Missing connection between items
    Local override; error
    @(10.0850 mm, 15.9150 mm): Pad 1 [ROW_08_ANODE] of D201 on F.Cu
    @(12.2850 mm, 15.9150 mm): Pad 1 [ROW_08_ANODE] of D202 on F.Cu
[unconnected_items]: Missing connection between items
    Local override; error
    @(12.2850 mm, 15.9150 mm): Pad 1 [ROW_08_ANODE] of D202 on F.Cu
    @(14.4850 mm, 15.9150 mm): Pad 1 [ROW_08_ANODE] of D203 on F.Cu
[unconnected_items]: Missing connection between items
    Local override; error
    @(14.4850 mm, 15.9150 mm): Pad 1 [ROW_08_ANODE] of D203 on F.Cu
    @(16.6850 mm, 15.9150 mm): Pad 1 [ROW_08_ANODE] of D204 on F.Cu
[unconnected_items]: Missing connection between items
    Local override; error
    @(16.6850 mm, 15.9150 mm): Pad 1 [ROW_08_ANODE] of D204 on F.Cu
    @(18.8850 mm, 15.9150 mm): Pad 1 [ROW_08_ANODE] of D205 on F.Cu
[unconnected_items]: Missing connection between items
    Local override; error
    @(18.8850 mm, 15.9150 mm): Pad 1 [ROW_08_ANODE] of D205 on F.Cu
    @(21.0850 mm, 15.9150 mm): Pad 1 [ROW_08_ANODE] of D206 on F.Cu
[unconnected_items]: Missing connection between items
    Local override; error
    @(21.0850 mm, 15.9150 mm): Pad 1 [ROW_08_ANODE] of D206 on F.Cu
    @(23.2850 mm, 15.9150 mm): Pad 1 [ROW_08_ANODE] of D207 on F.Cu
[unconnected_items]: Missing connection between items
    Local override; error
    @(23.2850 mm, 15.9150 mm): Pad 1 [ROW_08_ANODE] of D207 on F.Cu
    @(25.4850 mm, 15.9150 mm): Pad 1 [ROW_08_ANODE] of D208 on F.Cu
[unconnected_items]: Missing connection between items
    Local override; error
    @(25.4850 mm, 15.9150 mm): Pad 1 [ROW_08_ANODE] of D208 on F.Cu
    @(27.6850 mm, 15.9150 mm): Pad 1 [ROW_08_ANODE] of D209 on F.Cu
[unconnected_items]: Missing connection between items
    Local override; error
    @(27.6850 mm, 15.9150 mm): Pad 1 [ROW_08_ANODE] of D209 on F.Cu
    @(29.8850 mm, 15.9150 mm): Pad 1 [ROW_08_ANODE] of D210 on F.Cu
[unconnected_items]: Missing connection between items
    Local override; error
    @(29.8850 mm, 15.9150 mm): Pad 1 [ROW_08_ANODE] of D210 on F.Cu
    @(32.0850 mm, 15.9150 mm): Pad 1 [ROW_08_ANODE] of D211 on F.Cu
[unconnected_items]: Missing connection between items
    Local override; error
    @(32.0850 mm, 15.9150 mm): Pad 1 [ROW_08_ANODE] of D211 on F.Cu
    @(34.2850 mm, 15.9150 mm): Pad 1 [ROW_08_ANODE] of D212 on F.Cu
[unconnected_items]: Missing connection between items
    Local override; error
    @(34.2850 mm, 15.9150 mm): Pad 1 [ROW_08_ANODE] of D212 on F.Cu
    @(36.4850 mm, 15.9150 mm): Pad 1 [ROW_08_ANODE] of D213 on F.Cu
[unconnected_items]: Missing connection between items
    Local override; error
    @(36.4850 mm, 15.9150 mm): Pad 1 [ROW_08_ANODE] of D213 on F.Cu
    @(38.6850 mm, 15.9150 mm): Pad 1 [ROW_08_ANODE] of D214 on F.Cu
[unconnected_items]: Missing connection between items
    Local override; error
    @(38.6850 mm, 15.9150 mm): Pad 1 [ROW_08_ANODE] of D214 on F.Cu
    @(40.8850 mm, 15.9150 mm): Pad 1 [ROW_08_ANODE] of D215 on F.Cu
[unconnected_items]: Missing connection between items
    Local override; error
    @(40.8850 mm, 15.9150 mm): Pad 1 [ROW_08_ANODE] of D215 on F.Cu
    @(43.0850 mm, 15.9150 mm): Pad 1 [ROW_08_ANODE] of D216 on F.Cu
[unconnected_items]: Missing connection between items
    Local override; error
    @(43.0850 mm, 15.9150 mm): Pad 1 [ROW_08_ANODE] of D216 on F.Cu
    @(45.2850 mm, 15.9150 mm): Pad 1 [ROW_08_ANODE] of D217 on F.Cu
[unconnected_items]: Missing connection between items
    Local override; error
    @(45.2850 mm, 15.9150 mm): Pad 1 [ROW_08_ANODE] of D217 on F.Cu
    @(47.4850 mm, 15.9150 mm): Pad 1 [ROW_08_ANODE] of D218 on F.Cu
[unconnected_items]: Missing connection between items
    Local override; error
    @(47.4850 mm, 15.9150 mm): Pad 1 [ROW_08_ANODE] of D218 on F.Cu
    @(49.6850 mm, 15.9150 mm): Pad 1 [ROW_08_ANODE] of D219 on F.Cu
[unconnected_items]: Missing connection between items
    Local override; error
    @(49.6850 mm, 15.9150 mm): Pad 1 [ROW_08_ANODE] of D219 on F.Cu
    @(51.8850 mm, 15.9150 mm): Pad 1 [ROW_08_ANODE] of D220 on F.Cu
[unconnected_items]: Missing connection between items
    Local override; error
    @(51.8850 mm, 15.9150 mm): Pad 1 [ROW_08_ANODE] of D220 on F.Cu
    @(54.0850 mm, 15.9150 mm): Pad 1 [ROW_08_ANODE] of D221 on F.Cu
[unconnected_items]: Missing connection between items
    Local override; error
    @(54.0850 mm, 15.9150 mm): Pad 1 [ROW_08_ANODE] of D221 on F.Cu
    @(56.2850 mm, 15.9150 mm): Pad 1 [ROW_08_ANODE] of D222 on F.Cu
[unconnected_items]: Missing connection between items
    Local override; error
    @(56.2850 mm, 15.9150 mm): Pad 1 [ROW_08_ANODE] of D222 on F.Cu
    @(58.4850 mm, 15.9150 mm): Pad 1 [ROW_08_ANODE] of D223 on F.Cu
[unconnected_items]: Missing connection between items
    Local override; error
    @(58.4850 mm, 15.9150 mm): Pad 1 [ROW_08_ANODE] of D223 on F.Cu
    @(60.6850 mm, 15.9150 mm): Pad 1 [ROW_08_ANODE] of D224 on F.Cu
[unconnected_items]: Missing connection between items
    Local override; error
    @(54.0850 mm, 1.2850 mm): Pad 2 [COL_R_25] of D25 on F.Cu
    @(54.0850 mm, 3.4850 mm): Pad 2 [COL_R_25] of D53 on F.Cu
[unconnected_items]: Missing connection between items
    Local override; error
    @(54.0850 mm, 3.4850 mm): Pad 2 [COL_R_25] of D53 on F.Cu
    @(54.0850 mm, 5.6850 mm): Pad 2 [COL_R_25] of D81 on F.Cu
[unconnected_items]: Missing connection between items
    Local override; error
    @(54.0850 mm, 5.6850 mm): Pad 2 [COL_R_25] of D81 on F.Cu
    @(54.0850 mm, 7.8850 mm): Pad 2 [COL_R_25] of D109 on F.Cu
[unconnected_items]: Missing connection between items
    Local override; error
    @(54.0850 mm, 7.8850 mm): Pad 2 [COL_R_25] of D109 on F.Cu
    @(54.0850 mm, 10.0850 mm): Pad 2 [COL_R_25] of D137 on F.Cu
[unconnected_items]: Missing connection between items
    Local override; error
    @(54.0850 mm, 10.0850 mm): Pad 2 [COL_R_25] of D137 on F.Cu
    @(54.0850 mm, 12.2850 mm): Pad 2 [COL_R_25] of D165 on F.Cu
[unconnected_items]: Missing connection between items
    Local override; error
    @(54.0850 mm, 12.2850 mm): Pad 2 [COL_R_25] of D165 on F.Cu
    @(54.0850 mm, 14.4850 mm): Pad 2 [COL_R_25] of D193 on F.Cu
[unconnected_items]: Missing connection between items
    Local override; error
    @(54.0850 mm, 14.4850 mm): Pad 2 [COL_R_25] of D193 on F.Cu
    @(54.0850 mm, 16.6850 mm): Pad 2 [COL_R_25] of D221 on F.Cu
[unconnected_items]: Missing connection between items
    Local override; error
    @(54.0850 mm, 16.6850 mm): Pad 2 [COL_R_25] of D221 on F.Cu
    @(54.0850 mm, 18.8850 mm): Pad 2 [COL_R_25] of D249 on F.Cu
[unconnected_items]: Missing connection between items
    Local override; error
    @(54.0850 mm, 18.8850 mm): Pad 2 [COL_R_25] of D249 on F.Cu
    @(54.0850 mm, 21.0850 mm): Pad 2 [COL_R_25] of D277 on F.Cu
[unconnected_items]: Missing connection between items
    Local override; error
    @(54.0850 mm, 21.0850 mm): Pad 2 [COL_R_25] of D277 on F.Cu
    @(54.0850 mm, 23.2850 mm): Pad 2 [COL_R_25] of D305 on F.Cu
[unconnected_items]: Missing connection between items
    Local override; error
    @(54.0850 mm, 23.2850 mm): Pad 2 [COL_R_25] of D305 on F.Cu
    @(54.0850 mm, 25.4850 mm): Pad 2 [COL_R_25] of D333 on F.Cu
[unconnected_items]: Missing connection between items
    Local override; error
    @(54.0850 mm, 25.4850 mm): Pad 2 [COL_R_25] of D333 on F.Cu
    @(54.0850 mm, 27.6850 mm): Pad 2 [COL_R_25] of D361 on F.Cu
[unconnected_items]: Missing connection between items
    Local override; error
    @(54.0850 mm, 27.6850 mm): Pad 2 [COL_R_25] of D361 on F.Cu
    @(54.0850 mm, 29.8850 mm): Pad 2 [COL_R_25] of D389 on F.Cu
[unconnected_items]: Missing connection between items
    Local override; error
    @(54.0850 mm, 29.8850 mm): Pad 2 [COL_R_25] of D389 on F.Cu
    @(54.0850 mm, 32.0850 mm): Pad 2 [COL_R_25] of D417 on F.Cu
[unconnected_items]: Missing connection between items
    Local override; error
    @(54.0850 mm, 32.0850 mm): Pad 2 [COL_R_25] of D417 on F.Cu
    @(54.0850 mm, 34.2850 mm): Pad 2 [COL_R_25] of D445 on F.Cu
[unconnected_items]: Missing connection between items
    Local override; error
    @(54.0850 mm, 34.2850 mm): Pad 2 [COL_R_25] of D445 on F.Cu
    @(54.0850 mm, 36.4850 mm): Pad 2 [COL_R_25] of D473 on F.Cu
[unconnected_items]: Missing connection between items
    Local override; error
    @(54.0850 mm, 36.4850 mm): Pad 2 [COL_R_25] of D473 on F.Cu
    @(54.0850 mm, 38.6850 mm): Pad 2 [COL_R_25] of D501 on F.Cu
[unconnected_items]: Missing connection between items
    Local override; error
    @(54.0850 mm, 38.6850 mm): Pad 2 [COL_R_25] of D501 on F.Cu
    @(54.0850 mm, 40.8850 mm): Pad 2 [COL_R_25] of D529 on F.Cu
[unconnected_items]: Missing connection between items
    Local override; error
    @(54.0850 mm, 40.8850 mm): Pad 2 [COL_R_25] of D529 on F.Cu
    @(54.0850 mm, 43.0850 mm): Pad 2 [COL_R_25] of D557 on F.Cu
[unconnected_items]: Missing connection between items
    Local override; error
    @(54.0850 mm, 43.0850 mm): Pad 2 [COL_R_25] of D557 on F.Cu
    @(54.0850 mm, 45.2850 mm): Pad 2 [COL_R_25] of D585 on F.Cu
[unconnected_items]: Missing connection between items
    Local override; error
    @(54.0850 mm, 45.2850 mm): Pad 2 [COL_R_25] of D585 on F.Cu
    @(54.0850 mm, 47.4850 mm): Pad 2 [COL_R_25] of D613 on F.Cu
[unconnected_items]: Missing connection between items
    Local override; error
    @(54.0850 mm, 47.4850 mm): Pad 2 [COL_R_25] of D613 on F.Cu
    @(54.0850 mm, 49.6850 mm): Pad 2 [COL_R_25] of D641 on F.Cu
[unconnected_items]: Missing connection between items
    Local override; error
    @(54.0850 mm, 49.6850 mm): Pad 2 [COL_R_25] of D641 on F.Cu
    @(54.0850 mm, 51.8850 mm): Pad 2 [COL_R_25] of D669 on F.Cu
[unconnected_items]: Missing connection between items
    Local override; error
    @(54.0850 mm, 51.8850 mm): Pad 2 [COL_R_25] of D669 on F.Cu
    @(54.0850 mm, 54.0850 mm): Pad 2 [COL_R_25] of D697 on F.Cu
[unconnected_items]: Missing connection between items
    Local override; error
    @(54.0850 mm, 54.0850 mm): Pad 2 [COL_R_25] of D697 on F.Cu
    @(54.0850 mm, 56.2850 mm): Pad 2 [COL_R_25] of D725 on F.Cu
[unconnected_items]: Missing connection between items
    Local override; error
    @(54.0850 mm, 56.2850 mm): Pad 2 [COL_R_25] of D725 on F.Cu
    @(54.0850 mm, 58.4850 mm): Pad 2 [COL_R_25] of D753 on F.Cu
[unconnected_items]: Missing connection between items
    Local override; error
    @(54.0850 mm, 58.4850 mm): Pad 2 [COL_R_25] of D753 on F.Cu
    @(54.0850 mm, 60.6850 mm): Pad 2 [COL_R_25] of D781 on F.Cu
[unconnected_items]: Missing connection between items
    Local override; error
    @(53.3150 mm, 1.2850 mm): Pad 3 [COL_G_25] of D25 on F.Cu
    @(53.3150 mm, 3.4850 mm): Pad 3 [COL_G_25] of D53 on F.Cu
[unconnected_items]: Missing connection between items
    Local override; error
    @(53.3150 mm, 3.4850 mm): Pad 3 [COL_G_25] of D53 on F.Cu
    @(53.3150 mm, 5.6850 mm): Pad 3 [COL_G_25] of D81 on F.Cu
[unconnected_items]: Missing connection between items
    Local override; error
    @(53.3150 mm, 5.6850 mm): Pad 3 [COL_G_25] of D81 on F.Cu
    @(53.3150 mm, 7.8850 mm): Pad 3 [COL_G_25] of D109 on F.Cu
[unconnected_items]: Missing connection between items
    Local override; error
    @(53.3150 mm, 7.8850 mm): Pad 3 [COL_G_25] of D109 on F.Cu
    @(53.3150 mm, 10.0850 mm): Pad 3 [COL_G_25] of D137 on F.Cu
[unconnected_items]: Missing connection between items
    Local override; error
    @(53.3150 mm, 10.0850 mm): Pad 3 [COL_G_25] of D137 on F.Cu
    @(53.3150 mm, 12.2850 mm): Pad 3 [COL_G_25] of D165 on F.Cu
[unconnected_items]: Missing connection between items
    Local override; error
    @(53.3150 mm, 12.2850 mm): Pad 3 [COL_G_25] of D165 on F.Cu
    @(53.3150 mm, 14.4850 mm): Pad 3 [COL_G_25] of D193 on F.Cu
[unconnected_items]: Missing connection between items
    Local override; error
    @(53.3150 mm, 14.4850 mm): Pad 3 [COL_G_25] of D193 on F.Cu
    @(53.3150 mm, 16.6850 mm): Pad 3 [COL_G_25] of D221 on F.Cu
[unconnected_items]: Missing connection between items
    Local override; error
    @(53.3150 mm, 16.6850 mm): Pad 3 [COL_G_25] of D221 on F.Cu
    @(53.3150 mm, 18.8850 mm): Pad 3 [COL_G_25] of D249 on F.Cu
[unconnected_items]: Missing connection between items
    Local override; error
    @(53.3150 mm, 18.8850 mm): Pad 3 [COL_G_25] of D249 on F.Cu
    @(53.3150 mm, 21.0850 mm): Pad 3 [COL_G_25] of D277 on F.Cu
[unconnected_items]: Missing connection between items
    Local override; error
    @(53.3150 mm, 21.0850 mm): Pad 3 [COL_G_25] of D277 on F.Cu
    @(53.3150 mm, 23.2850 mm): Pad 3 [COL_G_25] of D305 on F.Cu
[unconnected_items]: Missing connection between items
    Local override; error
    @(53.3150 mm, 23.2850 mm): Pad 3 [COL_G_25] of D305 on F.Cu
    @(53.3150 mm, 25.4850 mm): Pad 3 [COL_G_25] of D333 on F.Cu
[unconnected_items]: Missing connection between items
    Local override; error
    @(53.3150 mm, 25.4850 mm): Pad 3 [COL_G_25] of D333 on F.Cu
    @(53.3150 mm, 27.6850 mm): Pad 3 [COL_G_25] of D361 on F.Cu
[unconnected_items]: Missing connection between items
    Local override; error
    @(53.3150 mm, 27.6850 mm): Pad 3 [COL_G_25] of D361 on F.Cu
    @(53.3150 mm, 29.8850 mm): Pad 3 [COL_G_25] of D389 on F.Cu
[unconnected_items]: Missing connection between items
    Local override; error
    @(53.3150 mm, 29.8850 mm): Pad 3 [COL_G_25] of D389 on F.Cu
    @(53.3150 mm, 32.0850 mm): Pad 3 [COL_G_25] of D417 on F.Cu
[unconnected_items]: Missing connection between items
    Local override; error
    @(53.3150 mm, 32.0850 mm): Pad 3 [COL_G_25] of D417 on F.Cu
    @(53.3150 mm, 34.2850 mm): Pad 3 [COL_G_25] of D445 on F.Cu
[unconnected_items]: Missing connection between items
    Local override; error
    @(53.3150 mm, 34.2850 mm): Pad 3 [COL_G_25] of D445 on F.Cu
    @(53.3150 mm, 36.4850 mm): Pad 3 [COL_G_25] of D473 on F.Cu
[unconnected_items]: Missing connection between items
    Local override; error
    @(53.3150 mm, 36.4850 mm): Pad 3 [COL_G_25] of D473 on F.Cu
    @(53.3150 mm, 38.6850 mm): Pad 3 [COL_G_25] of D501 on F.Cu
[unconnected_items]: Missing connection between items
    Local override; error
    @(53.3150 mm, 38.6850 mm): Pad 3 [COL_G_25] of D501 on F.Cu
    @(53.3150 mm, 40.8850 mm): Pad 3 [COL_G_25] of D529 on F.Cu
[unconnected_items]: Missing connection between items
    Local override; error
    @(53.3150 mm, 40.8850 mm): Pad 3 [COL_G_25] of D529 on F.Cu
    @(53.3150 mm, 43.0850 mm): Pad 3 [COL_G_25] of D557 on F.Cu
[unconnected_items]: Missing connection between items
    Local override; error
    @(53.3150 mm, 43.0850 mm): Pad 3 [COL_G_25] of D557 on F.Cu
    @(53.3150 mm, 45.2850 mm): Pad 3 [COL_G_25] of D585 on F.Cu
[unconnected_items]: Missing connection between items
    Local override; error
    @(53.3150 mm, 45.2850 mm): Pad 3 [COL_G_25] of D585 on F.Cu
    @(53.3150 mm, 47.4850 mm): Pad 3 [COL_G_25] of D613 on F.Cu
[unconnected_items]: Missing connection between items
    Local override; error
    @(53.3150 mm, 47.4850 mm): Pad 3 [COL_G_25] of D613 on F.Cu
    @(53.3150 mm, 49.6850 mm): Pad 3 [COL_G_25] of D641 on F.Cu
[unconnected_items]: Missing connection between items
    Local override; error
    @(53.3150 mm, 49.6850 mm): Pad 3 [COL_G_25] of D641 on F.Cu
    @(53.3150 mm, 51.8850 mm): Pad 3 [COL_G_25] of D669 on F.Cu
[unconnected_items]: Missing connection between items
    Local override; error
    @(53.3150 mm, 51.8850 mm): Pad 3 [COL_G_25] of D669 on F.Cu
    @(53.3150 mm, 54.0850 mm): Pad 3 [COL_G_25] of D697 on F.Cu
[unconnected_items]: Missing connection between items
    Local override; error
    @(53.3150 mm, 54.0850 mm): Pad 3 [COL_G_25] of D697 on F.Cu
    @(53.3150 mm, 56.2850 mm): Pad 3 [COL_G_25] of D725 on F.Cu
[unconnected_items]: Missing connection between items
    Local override; error
    @(53.3150 mm, 56.2850 mm): Pad 3 [COL_G_25] of D725 on F.Cu
    @(53.3150 mm, 58.4850 mm): Pad 3 [COL_G_25] of D753 on F.Cu
[unconnected_items]: Missing connection between items
    Local override; error
    @(53.3150 mm, 58.4850 mm): Pad 3 [COL_G_25] of D753 on F.Cu
    @(53.3150 mm, 60.6850 mm): Pad 3 [COL_G_25] of D781 on F.Cu
[unconnected_items]: Missing connection between items
    Local override; error
    @(53.3150 mm, 0.5150 mm): Pad 4 [COL_B_25] of D25 on F.Cu
    @(53.3150 mm, 2.7150 mm): Pad 4 [COL_B_25] of D53 on F.Cu
[unconnected_items]: Missing connection between items
    Local override; error
    @(53.3150 mm, 2.7150 mm): Pad 4 [COL_B_25] of D53 on F.Cu
    @(53.3150 mm, 4.9150 mm): Pad 4 [COL_B_25] of D81 on F.Cu
[unconnected_items]: Missing connection between items
    Local override; error
    @(53.3150 mm, 4.9150 mm): Pad 4 [COL_B_25] of D81 on F.Cu
    @(53.3150 mm, 7.1150 mm): Pad 4 [COL_B_25] of D109 on F.Cu
[unconnected_items]: Missing connection between items
    Local override; error
    @(53.3150 mm, 7.1150 mm): Pad 4 [COL_B_25] of D109 on F.Cu
    @(53.3150 mm, 9.3150 mm): Pad 4 [COL_B_25] of D137 on F.Cu
[unconnected_items]: Missing connection between items
    Local override; error
    @(53.3150 mm, 9.3150 mm): Pad 4 [COL_B_25] of D137 on F.Cu
    @(53.3150 mm, 11.5150 mm): Pad 4 [COL_B_25] of D165 on F.Cu
[unconnected_items]: Missing connection between items
    Local override; error
    @(53.3150 mm, 11.5150 mm): Pad 4 [COL_B_25] of D165 on F.Cu
    @(53.3150 mm, 13.7150 mm): Pad 4 [COL_B_25] of D193 on F.Cu
[unconnected_items]: Missing connection between items
    Local override; error
    @(53.3150 mm, 13.7150 mm): Pad 4 [COL_B_25] of D193 on F.Cu
    @(53.3150 mm, 15.9150 mm): Pad 4 [COL_B_25] of D221 on F.Cu
[unconnected_items]: Missing connection between items
    Local override; error
    @(53.3150 mm, 15.9150 mm): Pad 4 [COL_B_25] of D221 on F.Cu
    @(53.3150 mm, 18.1150 mm): Pad 4 [COL_B_25] of D249 on F.Cu
[unconnected_items]: Missing connection between items
    Local override; error
    @(53.3150 mm, 18.1150 mm): Pad 4 [COL_B_25] of D249 on F.Cu
    @(53.3150 mm, 20.3150 mm): Pad 4 [COL_B_25] of D277 on F.Cu
[unconnected_items]: Missing connection between items
    Local override; error
    @(53.3150 mm, 20.3150 mm): Pad 4 [COL_B_25] of D277 on F.Cu
    @(53.3150 mm, 22.5150 mm): Pad 4 [COL_B_25] of D305 on F.Cu
[unconnected_items]: Missing connection between items
    Local override; error
    @(53.3150 mm, 22.5150 mm): Pad 4 [COL_B_25] of D305 on F.Cu
    @(53.3150 mm, 24.7150 mm): Pad 4 [COL_B_25] of D333 on F.Cu
[unconnected_items]: Missing connection between items
    Local override; error
    @(53.3150 mm, 24.7150 mm): Pad 4 [COL_B_25] of D333 on F.Cu
    @(53.3150 mm, 26.9150 mm): Pad 4 [COL_B_25] of D361 on F.Cu
[unconnected_items]: Missing connection between items
    Local override; error
    @(53.3150 mm, 26.9150 mm): Pad 4 [COL_B_25] of D361 on F.Cu
    @(53.3150 mm, 29.1150 mm): Pad 4 [COL_B_25] of D389 on F.Cu
[unconnected_items]: Missing connection between items
    Local override; error
    @(53.3150 mm, 29.1150 mm): Pad 4 [COL_B_25] of D389 on F.Cu
    @(53.3150 mm, 31.3150 mm): Pad 4 [COL_B_25] of D417 on F.Cu
[unconnected_items]: Missing connection between items
    Local override; error
    @(53.3150 mm, 31.3150 mm): Pad 4 [COL_B_25] of D417 on F.Cu
    @(53.3150 mm, 33.5150 mm): Pad 4 [COL_B_25] of D445 on F.Cu
[unconnected_items]: Missing connection between items
    Local override; error
    @(53.3150 mm, 33.5150 mm): Pad 4 [COL_B_25] of D445 on F.Cu
    @(53.3150 mm, 35.7150 mm): Pad 4 [COL_B_25] of D473 on F.Cu
[unconnected_items]: Missing connection between items
    Local override; error
    @(53.3150 mm, 35.7150 mm): Pad 4 [COL_B_25] of D473 on F.Cu
    @(53.3150 mm, 37.9150 mm): Pad 4 [COL_B_25] of D501 on F.Cu
[unconnected_items]: Missing connection between items
    Local override; error
    @(53.3150 mm, 37.9150 mm): Pad 4 [COL_B_25] of D501 on F.Cu
    @(53.3150 mm, 40.1150 mm): Pad 4 [COL_B_25] of D529 on F.Cu
[unconnected_items]: Missing connection between items
    Local override; error
    @(53.3150 mm, 40.1150 mm): Pad 4 [COL_B_25] of D529 on F.Cu
    @(53.3150 mm, 42.3150 mm): Pad 4 [COL_B_25] of D557 on F.Cu
[unconnected_items]: Missing connection between items
    Local override; error
    @(53.3150 mm, 42.3150 mm): Pad 4 [COL_B_25] of D557 on F.Cu
    @(53.3150 mm, 44.5150 mm): Pad 4 [COL_B_25] of D585 on F.Cu
[unconnected_items]: Missing connection between items
    Local override; error
    @(53.3150 mm, 44.5150 mm): Pad 4 [COL_B_25] of D585 on F.Cu
    @(53.3150 mm, 46.7150 mm): Pad 4 [COL_B_25] of D613 on F.Cu
[unconnected_items]: Missing connection between items
    Local override; error
    @(53.3150 mm, 46.7150 mm): Pad 4 [COL_B_25] of D613 on F.Cu
    @(53.3150 mm, 48.9150 mm): Pad 4 [COL_B_25] of D641 on F.Cu
[unconnected_items]: Missing connection between items
    Local override; error
    @(53.3150 mm, 48.9150 mm): Pad 4 [COL_B_25] of D641 on F.Cu
    @(53.3150 mm, 51.1150 mm): Pad 4 [COL_B_25] of D669 on F.Cu
[unconnected_items]: Missing connection between items
    Local override; error
    @(53.3150 mm, 51.1150 mm): Pad 4 [COL_B_25] of D669 on F.Cu
    @(53.3150 mm, 53.3150 mm): Pad 4 [COL_B_25] of D697 on F.Cu
[unconnected_items]: Missing connection between items
    Local override; error
    @(53.3150 mm, 53.3150 mm): Pad 4 [COL_B_25] of D697 on F.Cu
    @(53.3150 mm, 55.5150 mm): Pad 4 [COL_B_25] of D725 on F.Cu
[unconnected_items]: Missing connection between items
    Local override; error
    @(53.3150 mm, 55.5150 mm): Pad 4 [COL_B_25] of D725 on F.Cu
    @(53.3150 mm, 57.7150 mm): Pad 4 [COL_B_25] of D753 on F.Cu
[unconnected_items]: Missing connection between items
    Local override; error
    @(53.3150 mm, 57.7150 mm): Pad 4 [COL_B_25] of D753 on F.Cu
    @(53.3150 mm, 59.9150 mm): Pad 4 [COL_B_25] of D781 on F.Cu
[unconnected_items]: Missing connection between items
    Local override; error
    @(1.2850 mm, 37.9150 mm): Pad 1 [ROW_18_ANODE] of D477 on F.Cu
    @(3.4850 mm, 37.9150 mm): Pad 1 [ROW_18_ANODE] of D478 on F.Cu
[unconnected_items]: Missing connection between items
    Local override; error
    @(3.4850 mm, 37.9150 mm): Pad 1 [ROW_18_ANODE] of D478 on F.Cu
    @(5.6850 mm, 37.9150 mm): Pad 1 [ROW_18_ANODE] of D479 on F.Cu
[unconnected_items]: Missing connection between items
    Local override; error
    @(5.6850 mm, 37.9150 mm): Pad 1 [ROW_18_ANODE] of D479 on F.Cu
    @(7.8850 mm, 37.9150 mm): Pad 1 [ROW_18_ANODE] of D480 on F.Cu
[unconnected_items]: Missing connection between items
    Local override; error
    @(7.8850 mm, 37.9150 mm): Pad 1 [ROW_18_ANODE] of D480 on F.Cu
    @(10.0850 mm, 37.9150 mm): Pad 1 [ROW_18_ANODE] of D481 on F.Cu
[unconnected_items]: Missing connection between items
    Local override; error
    @(10.0850 mm, 37.9150 mm): Pad 1 [ROW_18_ANODE] of D481 on F.Cu
    @(12.2850 mm, 37.9150 mm): Pad 1 [ROW_18_ANODE] of D482 on F.Cu
[unconnected_items]: Missing connection between items
    Local override; error
    @(12.2850 mm, 37.9150 mm): Pad 1 [ROW_18_ANODE] of D482 on F.Cu
    @(14.4850 mm, 37.9150 mm): Pad 1 [ROW_18_ANODE] of D483 on F.Cu
[unconnected_items]: Missing connection between items
    Local override; error
    @(14.4850 mm, 37.9150 mm): Pad 1 [ROW_18_ANODE] of D483 on F.Cu
    @(16.6850 mm, 37.9150 mm): Pad 1 [ROW_18_ANODE] of D484 on F.Cu
[unconnected_items]: Missing connection between items
    Local override; error
    @(16.6850 mm, 37.9150 mm): Pad 1 [ROW_18_ANODE] of D484 on F.Cu
    @(18.8850 mm, 37.9150 mm): Pad 1 [ROW_18_ANODE] of D485 on F.Cu
[unconnected_items]: Missing connection between items
    Local override; error
    @(18.8850 mm, 37.9150 mm): Pad 1 [ROW_18_ANODE] of D485 on F.Cu
    @(21.0850 mm, 37.9150 mm): Pad 1 [ROW_18_ANODE] of D486 on F.Cu
[unconnected_items]: Missing connection between items
    Local override; error
    @(21.0850 mm, 37.9150 mm): Pad 1 [ROW_18_ANODE] of D486 on F.Cu
    @(23.2850 mm, 37.9150 mm): Pad 1 [ROW_18_ANODE] of D487 on F.Cu
[unconnected_items]: Missing connection between items
    Local override; error
    @(23.2850 mm, 37.9150 mm): Pad 1 [ROW_18_ANODE] of D487 on F.Cu
    @(25.4850 mm, 37.9150 mm): Pad 1 [ROW_18_ANODE] of D488 on F.Cu
[unconnected_items]: Missing connection between items
    Local override; error
    @(25.4850 mm, 37.9150 mm): Pad 1 [ROW_18_ANODE] of D488 on F.Cu
    @(27.6850 mm, 37.9150 mm): Pad 1 [ROW_18_ANODE] of D489 on F.Cu
[unconnected_items]: Missing connection between items
    Local override; error
    @(27.6850 mm, 37.9150 mm): Pad 1 [ROW_18_ANODE] of D489 on F.Cu
    @(29.8850 mm, 37.9150 mm): Pad 1 [ROW_18_ANODE] of D490 on F.Cu
[unconnected_items]: Missing connection between items
    Local override; error
    @(29.8850 mm, 37.9150 mm): Pad 1 [ROW_18_ANODE] of D490 on F.Cu
    @(32.0850 mm, 37.9150 mm): Pad 1 [ROW_18_ANODE] of D491 on F.Cu
[unconnected_items]: Missing connection between items
    Local override; error
    @(32.0850 mm, 37.9150 mm): Pad 1 [ROW_18_ANODE] of D491 on F.Cu
    @(34.2850 mm, 37.9150 mm): Pad 1 [ROW_18_ANODE] of D492 on F.Cu
[unconnected_items]: Missing connection between items
    Local override; error
    @(34.2850 mm, 37.9150 mm): Pad 1 [ROW_18_ANODE] of D492 on F.Cu
    @(36.4850 mm, 37.9150 mm): Pad 1 [ROW_18_ANODE] of D493 on F.Cu
[unconnected_items]: Missing connection between items
    Local override; error
    @(36.4850 mm, 37.9150 mm): Pad 1 [ROW_18_ANODE] of D493 on F.Cu
    @(38.6850 mm, 37.9150 mm): Pad 1 [ROW_18_ANODE] of D494 on F.Cu
[unconnected_items]: Missing connection between items
    Local override; error
    @(38.6850 mm, 37.9150 mm): Pad 1 [ROW_18_ANODE] of D494 on F.Cu
    @(40.8850 mm, 37.9150 mm): Pad 1 [ROW_18_ANODE] of D495 on F.Cu
[unconnected_items]: Missing connection between items
    Local override; error
    @(40.8850 mm, 37.9150 mm): Pad 1 [ROW_18_ANODE] of D495 on F.Cu
    @(43.0850 mm, 37.9150 mm): Pad 1 [ROW_18_ANODE] of D496 on F.Cu
[unconnected_items]: Missing connection between items
    Local override; error
    @(43.0850 mm, 37.9150 mm): Pad 1 [ROW_18_ANODE] of D496 on F.Cu
    @(45.2850 mm, 37.9150 mm): Pad 1 [ROW_18_ANODE] of D497 on F.Cu
[unconnected_items]: Missing connection between items
    Local override; error
    @(45.2850 mm, 37.9150 mm): Pad 1 [ROW_18_ANODE] of D497 on F.Cu
    @(47.4850 mm, 37.9150 mm): Pad 1 [ROW_18_ANODE] of D498 on F.Cu
[unconnected_items]: Missing connection between items
    Local override; error
    @(47.4850 mm, 37.9150 mm): Pad 1 [ROW_18_ANODE] of D498 on F.Cu
    @(49.6850 mm, 37.9150 mm): Pad 1 [ROW_18_ANODE] of D499 on F.Cu
[unconnected_items]: Missing connection between items
    Local override; error
    @(49.6850 mm, 37.9150 mm): Pad 1 [ROW_18_ANODE] of D499 on F.Cu
    @(51.8850 mm, 37.9150 mm): Pad 1 [ROW_18_ANODE] of D500 on F.Cu
[unconnected_items]: Missing connection between items
    Local override; error
    @(51.8850 mm, 37.9150 mm): Pad 1 [ROW_18_ANODE] of D500 on F.Cu
    @(54.0850 mm, 37.9150 mm): Pad 1 [ROW_18_ANODE] of D501 on F.Cu
[unconnected_items]: Missing connection between items
    Local override; error
    @(54.0850 mm, 37.9150 mm): Pad 1 [ROW_18_ANODE] of D501 on F.Cu
    @(56.2850 mm, 37.9150 mm): Pad 1 [ROW_18_ANODE] of D502 on F.Cu
[unconnected_items]: Missing connection between items
    Local override; error
    @(56.2850 mm, 37.9150 mm): Pad 1 [ROW_18_ANODE] of D502 on F.Cu
    @(58.4850 mm, 37.9150 mm): Pad 1 [ROW_18_ANODE] of D503 on F.Cu
[unconnected_items]: Missing connection between items
    Local override; error
    @(58.4850 mm, 37.9150 mm): Pad 1 [ROW_18_ANODE] of D503 on F.Cu
    @(60.6850 mm, 37.9150 mm): Pad 1 [ROW_18_ANODE] of D504 on F.Cu
[unconnected_items]: Missing connection between items
    Local override; error
    @(23.2850 mm, 1.2850 mm): Pad 2 [COL_R_11] of D11 on F.Cu
    @(23.2850 mm, 3.4850 mm): Pad 2 [COL_R_11] of D39 on F.Cu
[unconnected_items]: Missing connection between items
    Local override; error
    @(23.2850 mm, 3.4850 mm): Pad 2 [COL_R_11] of D39 on F.Cu
    @(23.2850 mm, 5.6850 mm): Pad 2 [COL_R_11] of D67 on F.Cu
[unconnected_items]: Missing connection between items
    Local override; error
    @(23.2850 mm, 5.6850 mm): Pad 2 [COL_R_11] of D67 on F.Cu
    @(23.2850 mm, 7.8850 mm): Pad 2 [COL_R_11] of D95 on F.Cu
[unconnected_items]: Missing connection between items
    Local override; error
    @(23.2850 mm, 7.8850 mm): Pad 2 [COL_R_11] of D95 on F.Cu
    @(23.2850 mm, 10.0850 mm): Pad 2 [COL_R_11] of D123 on F.Cu
[unconnected_items]: Missing connection between items
    Local override; error
    @(23.2850 mm, 10.0850 mm): Pad 2 [COL_R_11] of D123 on F.Cu
    @(23.2850 mm, 12.2850 mm): Pad 2 [COL_R_11] of D151 on F.Cu
[unconnected_items]: Missing connection between items
    Local override; error
    @(23.2850 mm, 12.2850 mm): Pad 2 [COL_R_11] of D151 on F.Cu
    @(23.2850 mm, 14.4850 mm): Pad 2 [COL_R_11] of D179 on F.Cu
[unconnected_items]: Missing connection between items
    Local override; error
    @(23.2850 mm, 14.4850 mm): Pad 2 [COL_R_11] of D179 on F.Cu
    @(23.2850 mm, 16.6850 mm): Pad 2 [COL_R_11] of D207 on F.Cu
[unconnected_items]: Missing connection between items
    Local override; error
    @(23.2850 mm, 16.6850 mm): Pad 2 [COL_R_11] of D207 on F.Cu
    @(23.2850 mm, 18.8850 mm): Pad 2 [COL_R_11] of D235 on F.Cu
[unconnected_items]: Missing connection between items
    Local override; error
    @(23.2850 mm, 18.8850 mm): Pad 2 [COL_R_11] of D235 on F.Cu
    @(23.2850 mm, 21.0850 mm): Pad 2 [COL_R_11] of D263 on F.Cu
[unconnected_items]: Missing connection between items
    Local override; error
    @(23.2850 mm, 21.0850 mm): Pad 2 [COL_R_11] of D263 on F.Cu
    @(23.2850 mm, 23.2850 mm): Pad 2 [COL_R_11] of D291 on F.Cu
[unconnected_items]: Missing connection between items
    Local override; error
    @(23.2850 mm, 23.2850 mm): Pad 2 [COL_R_11] of D291 on F.Cu
    @(23.2850 mm, 25.4850 mm): Pad 2 [COL_R_11] of D319 on F.Cu
[unconnected_items]: Missing connection between items
    Local override; error
    @(23.2850 mm, 25.4850 mm): Pad 2 [COL_R_11] of D319 on F.Cu
    @(23.2850 mm, 27.6850 mm): Pad 2 [COL_R_11] of D347 on F.Cu
[unconnected_items]: Missing connection between items
    Local override; error
    @(23.2850 mm, 27.6850 mm): Pad 2 [COL_R_11] of D347 on F.Cu
    @(23.2850 mm, 29.8850 mm): Pad 2 [COL_R_11] of D375 on F.Cu
[unconnected_items]: Missing connection between items
    Local override; error
    @(23.2850 mm, 29.8850 mm): Pad 2 [COL_R_11] of D375 on F.Cu
    @(23.2850 mm, 32.0850 mm): Pad 2 [COL_R_11] of D403 on F.Cu
[unconnected_items]: Missing connection between items
    Local override; error
    @(23.2850 mm, 32.0850 mm): Pad 2 [COL_R_11] of D403 on F.Cu
    @(23.2850 mm, 34.2850 mm): Pad 2 [COL_R_11] of D431 on F.Cu
[unconnected_items]: Missing connection between items
    Local override; error
    @(23.2850 mm, 34.2850 mm): Pad 2 [COL_R_11] of D431 on F.Cu
    @(23.2850 mm, 36.4850 mm): Pad 2 [COL_R_11] of D459 on F.Cu
[unconnected_items]: Missing connection between items
    Local override; error
    @(23.2850 mm, 36.4850 mm): Pad 2 [COL_R_11] of D459 on F.Cu
    @(23.2850 mm, 38.6850 mm): Pad 2 [COL_R_11] of D487 on F.Cu
[unconnected_items]: Missing connection between items
    Local override; error
    @(23.2850 mm, 38.6850 mm): Pad 2 [COL_R_11] of D487 on F.Cu
    @(23.2850 mm, 40.8850 mm): Pad 2 [COL_R_11] of D515 on F.Cu
[unconnected_items]: Missing connection between items
    Local override; error
    @(23.2850 mm, 40.8850 mm): Pad 2 [COL_R_11] of D515 on F.Cu
    @(23.2850 mm, 43.0850 mm): Pad 2 [COL_R_11] of D543 on F.Cu
[unconnected_items]: Missing connection between items
    Local override; error
    @(23.2850 mm, 43.0850 mm): Pad 2 [COL_R_11] of D543 on F.Cu
    @(23.2850 mm, 45.2850 mm): Pad 2 [COL_R_11] of D571 on F.Cu
[unconnected_items]: Missing connection between items
    Local override; error
    @(23.2850 mm, 45.2850 mm): Pad 2 [COL_R_11] of D571 on F.Cu
    @(23.2850 mm, 47.4850 mm): Pad 2 [COL_R_11] of D599 on F.Cu
[unconnected_items]: Missing connection between items
    Local override; error
    @(23.2850 mm, 47.4850 mm): Pad 2 [COL_R_11] of D599 on F.Cu
    @(23.2850 mm, 49.6850 mm): Pad 2 [COL_R_11] of D627 on F.Cu
[unconnected_items]: Missing connection between items
    Local override; error
    @(23.2850 mm, 49.6850 mm): Pad 2 [COL_R_11] of D627 on F.Cu
    @(23.2850 mm, 51.8850 mm): Pad 2 [COL_R_11] of D655 on F.Cu
[unconnected_items]: Missing connection between items
    Local override; error
    @(23.2850 mm, 51.8850 mm): Pad 2 [COL_R_11] of D655 on F.Cu
    @(23.2850 mm, 54.0850 mm): Pad 2 [COL_R_11] of D683 on F.Cu
[unconnected_items]: Missing connection between items
    Local override; error
    @(23.2850 mm, 54.0850 mm): Pad 2 [COL_R_11] of D683 on F.Cu
    @(23.2850 mm, 56.2850 mm): Pad 2 [COL_R_11] of D711 on F.Cu
[unconnected_items]: Missing connection between items
    Local override; error
    @(23.2850 mm, 56.2850 mm): Pad 2 [COL_R_11] of D711 on F.Cu
    @(23.2850 mm, 58.4850 mm): Pad 2 [COL_R_11] of D739 on F.Cu
[unconnected_items]: Missing connection between items
    Local override; error
    @(23.2850 mm, 58.4850 mm): Pad 2 [COL_R_11] of D739 on F.Cu
    @(23.2850 mm, 60.6850 mm): Pad 2 [COL_R_11] of D767 on F.Cu
[unconnected_items]: Missing connection between items
    Local override; error
    @(22.5150 mm, 1.2850 mm): Pad 3 [COL_G_11] of D11 on F.Cu
    @(22.5150 mm, 3.4850 mm): Pad 3 [COL_G_11] of D39 on F.Cu
[unconnected_items]: Missing connection between items
    Local override; error
    @(22.5150 mm, 3.4850 mm): Pad 3 [COL_G_11] of D39 on F.Cu
    @(22.5150 mm, 5.6850 mm): Pad 3 [COL_G_11] of D67 on F.Cu
[unconnected_items]: Missing connection between items
    Local override; error
    @(22.5150 mm, 5.6850 mm): Pad 3 [COL_G_11] of D67 on F.Cu
    @(22.5150 mm, 7.8850 mm): Pad 3 [COL_G_11] of D95 on F.Cu
[unconnected_items]: Missing connection between items
    Local override; error
    @(22.5150 mm, 7.8850 mm): Pad 3 [COL_G_11] of D95 on F.Cu
    @(22.5150 mm, 10.0850 mm): Pad 3 [COL_G_11] of D123 on F.Cu
[unconnected_items]: Missing connection between items
    Local override; error
    @(22.5150 mm, 10.0850 mm): Pad 3 [COL_G_11] of D123 on F.Cu
    @(22.5150 mm, 12.2850 mm): Pad 3 [COL_G_11] of D151 on F.Cu
[unconnected_items]: Missing connection between items
    Local override; error
    @(22.5150 mm, 12.2850 mm): Pad 3 [COL_G_11] of D151 on F.Cu
    @(22.5150 mm, 14.4850 mm): Pad 3 [COL_G_11] of D179 on F.Cu
[unconnected_items]: Missing connection between items
    Local override; error
    @(22.5150 mm, 14.4850 mm): Pad 3 [COL_G_11] of D179 on F.Cu
    @(22.5150 mm, 16.6850 mm): Pad 3 [COL_G_11] of D207 on F.Cu
[unconnected_items]: Missing connection between items
    Local override; error
    @(22.5150 mm, 16.6850 mm): Pad 3 [COL_G_11] of D207 on F.Cu
    @(22.5150 mm, 18.8850 mm): Pad 3 [COL_G_11] of D235 on F.Cu
[unconnected_items]: Missing connection between items
    Local override; error
    @(22.5150 mm, 18.8850 mm): Pad 3 [COL_G_11] of D235 on F.Cu
    @(22.5150 mm, 21.0850 mm): Pad 3 [COL_G_11] of D263 on F.Cu
[unconnected_items]: Missing connection between items
    Local override; error
    @(22.5150 mm, 21.0850 mm): Pad 3 [COL_G_11] of D263 on F.Cu
    @(22.5150 mm, 23.2850 mm): Pad 3 [COL_G_11] of D291 on F.Cu
[unconnected_items]: Missing connection between items
    Local override; error
    @(22.5150 mm, 23.2850 mm): Pad 3 [COL_G_11] of D291 on F.Cu
    @(22.5150 mm, 25.4850 mm): Pad 3 [COL_G_11] of D319 on F.Cu
[unconnected_items]: Missing connection between items
    Local override; error
    @(22.5150 mm, 25.4850 mm): Pad 3 [COL_G_11] of D319 on F.Cu
    @(22.5150 mm, 27.6850 mm): Pad 3 [COL_G_11] of D347 on F.Cu
[unconnected_items]: Missing connection between items
    Local override; error
    @(22.5150 mm, 27.6850 mm): Pad 3 [COL_G_11] of D347 on F.Cu
    @(22.5150 mm, 29.8850 mm): Pad 3 [COL_G_11] of D375 on F.Cu

** Found 0 Footprint errors **

** Ignored checks **
    - Footprint has no courtyard defined
    - Track endpoint not centered on via
    - Tuning profile track geometries
    - Footprint doesn't match symbol's footprint filters
    - Footprint component type doesn't match footprint pads

** End of Report **
