** Drc report for wearable_20x20_bottom_right_routing_probe.kicad_pcb **
** Created on 2026-10-08T04:40:13 **
** Report includes: Errors, Warnings **

** Found 0 DRC violations **

** Found 499 unconnected pads **
[unconnected_items]: Missing connection between items
    Local override; error
    @(11.1350 mm, 20.3650 mm): Pad 1 [ROW_05_ANODE] of D81 on F.Cu
    @(13.6350 mm, 20.3650 mm): Pad 1 [ROW_05_ANODE] of D82 on F.Cu
[unconnected_items]: Missing connection between items
    Local override; error
    @(13.6350 mm, 20.3650 mm): Pad 1 [ROW_05_ANODE] of D82 on F.Cu
    @(16.1350 mm, 20.3650 mm): Pad 1 [ROW_05_ANODE] of D83 on F.Cu
[unconnected_items]: Missing connection between items
    Local override; error
    @(16.1350 mm, 20.3650 mm): Pad 1 [ROW_05_ANODE] of D83 on F.Cu
    @(18.6350 mm, 20.3650 mm): Pad 1 [ROW_05_ANODE] of D84 on F.Cu
[unconnected_items]: Missing connection between items
    Local override; error
    @(18.6350 mm, 20.3650 mm): Pad 1 [ROW_05_ANODE] of D84 on F.Cu
    @(21.1350 mm, 20.3650 mm): Pad 1 [ROW_05_ANODE] of D85 on F.Cu
[unconnected_items]: Missing connection between items
    Local override; error
    @(21.1350 mm, 20.3650 mm): Pad 1 [ROW_05_ANODE] of D85 on F.Cu
    @(23.6350 mm, 20.3650 mm): Pad 1 [ROW_05_ANODE] of D86 on F.Cu
[unconnected_items]: Missing connection between items
    Local override; error
    @(23.6350 mm, 20.3650 mm): Pad 1 [ROW_05_ANODE] of D86 on F.Cu
    @(26.1350 mm, 20.3650 mm): Pad 1 [ROW_05_ANODE] of D87 on F.Cu
[unconnected_items]: Missing connection between items
    Local override; error
    @(26.1350 mm, 20.3650 mm): Pad 1 [ROW_05_ANODE] of D87 on F.Cu
    @(28.6350 mm, 20.3650 mm): Pad 1 [ROW_05_ANODE] of D88 on F.Cu
[unconnected_items]: Missing connection between items
    Local override; error
    @(28.6350 mm, 20.3650 mm): Pad 1 [ROW_05_ANODE] of D88 on F.Cu
    @(31.1350 mm, 20.3650 mm): Pad 1 [ROW_05_ANODE] of D89 on F.Cu
[unconnected_items]: Missing connection between items
    Local override; error
    @(31.1350 mm, 20.3650 mm): Pad 1 [ROW_05_ANODE] of D89 on F.Cu
    @(33.6350 mm, 20.3650 mm): Pad 1 [ROW_05_ANODE] of D90 on F.Cu
[unconnected_items]: Missing connection between items
    Local override; error
    @(33.6350 mm, 20.3650 mm): Pad 1 [ROW_05_ANODE] of D90 on F.Cu
    @(36.1350 mm, 20.3650 mm): Pad 1 [ROW_05_ANODE] of D91 on F.Cu
[unconnected_items]: Missing connection between items
    Local override; error
    @(36.1350 mm, 20.3650 mm): Pad 1 [ROW_05_ANODE] of D91 on F.Cu
    @(38.6350 mm, 20.3650 mm): Pad 1 [ROW_05_ANODE] of D92 on F.Cu
[unconnected_items]: Missing connection between items
    Local override; error
    @(38.6350 mm, 20.3650 mm): Pad 1 [ROW_05_ANODE] of D92 on F.Cu
    @(41.1350 mm, 20.3650 mm): Pad 1 [ROW_05_ANODE] of D93 on F.Cu
[unconnected_items]: Missing connection between items
    Local override; error
    @(41.1350 mm, 20.3650 mm): Pad 1 [ROW_05_ANODE] of D93 on F.Cu
    @(43.6350 mm, 20.3650 mm): Pad 1 [ROW_05_ANODE] of D94 on F.Cu
[unconnected_items]: Missing connection between items
    Local override; error
    @(43.6350 mm, 20.3650 mm): Pad 1 [ROW_05_ANODE] of D94 on F.Cu
    @(46.1350 mm, 20.3650 mm): Pad 1 [ROW_05_ANODE] of D95 on F.Cu
[unconnected_items]: Missing connection between items
    Local override; error
    @(46.1350 mm, 20.3650 mm): Pad 1 [ROW_05_ANODE] of D95 on F.Cu
    @(48.6350 mm, 20.3650 mm): Pad 1 [ROW_05_ANODE] of D96 on F.Cu
[unconnected_items]: Missing connection between items
    Local override; error
    @(48.6350 mm, 20.3650 mm): Pad 1 [ROW_05_ANODE] of D96 on F.Cu
    @(51.1350 mm, 20.3650 mm): Pad 1 [ROW_05_ANODE] of D97 on F.Cu
[unconnected_items]: Missing connection between items
    Local override; error
    @(51.1350 mm, 20.3650 mm): Pad 1 [ROW_05_ANODE] of D97 on F.Cu
    @(53.6350 mm, 20.3650 mm): Pad 1 [ROW_05_ANODE] of D98 on F.Cu
[unconnected_items]: Missing connection between items
    Local override; error
    @(53.6350 mm, 20.3650 mm): Pad 1 [ROW_05_ANODE] of D98 on F.Cu
    @(56.1350 mm, 20.3650 mm): Pad 1 [ROW_05_ANODE] of D99 on F.Cu
[unconnected_items]: Missing connection between items
    Local override; error
    @(56.1350 mm, 20.3650 mm): Pad 1 [ROW_05_ANODE] of D99 on F.Cu
    @(58.6350 mm, 20.3650 mm): Pad 1 [ROW_05_ANODE] of D100 on F.Cu
[unconnected_items]: Missing connection between items
    Local override; error
    @(13.6350 mm, 11.1350 mm): Pad 2 [COL_R_02] of D2 on F.Cu
    @(13.6350 mm, 13.6350 mm): Pad 2 [COL_R_02] of D22 on F.Cu
[unconnected_items]: Missing connection between items
    Local override; error
    @(13.6350 mm, 13.6350 mm): Pad 2 [COL_R_02] of D22 on F.Cu
    @(13.6350 mm, 16.1350 mm): Pad 2 [COL_R_02] of D42 on F.Cu
[unconnected_items]: Missing connection between items
    Local override; error
    @(13.6350 mm, 16.1350 mm): Pad 2 [COL_R_02] of D42 on F.Cu
    @(13.6350 mm, 18.6350 mm): Pad 2 [COL_R_02] of D62 on F.Cu
[unconnected_items]: Missing connection between items
    Local override; error
    @(13.6350 mm, 18.6350 mm): Pad 2 [COL_R_02] of D62 on F.Cu
    @(13.6350 mm, 21.1350 mm): Pad 2 [COL_R_02] of D82 on F.Cu
[unconnected_items]: Missing connection between items
    Local override; error
    @(13.6350 mm, 21.1350 mm): Pad 2 [COL_R_02] of D82 on F.Cu
    @(13.6350 mm, 23.6350 mm): Pad 2 [COL_R_02] of D102 on F.Cu
[unconnected_items]: Missing connection between items
    Local override; error
    @(13.6350 mm, 23.6350 mm): Pad 2 [COL_R_02] of D102 on F.Cu
    @(13.6350 mm, 26.1350 mm): Pad 2 [COL_R_02] of D122 on F.Cu
[unconnected_items]: Missing connection between items
    Local override; error
    @(13.6350 mm, 26.1350 mm): Pad 2 [COL_R_02] of D122 on F.Cu
    @(13.6350 mm, 28.6350 mm): Pad 2 [COL_R_02] of D142 on F.Cu
[unconnected_items]: Missing connection between items
    Local override; error
    @(13.6350 mm, 28.6350 mm): Pad 2 [COL_R_02] of D142 on F.Cu
    @(13.6350 mm, 31.1350 mm): Pad 2 [COL_R_02] of D162 on F.Cu
[unconnected_items]: Missing connection between items
    Local override; error
    @(13.6350 mm, 31.1350 mm): Pad 2 [COL_R_02] of D162 on F.Cu
    @(13.6350 mm, 33.6350 mm): Pad 2 [COL_R_02] of D182 on F.Cu
[unconnected_items]: Missing connection between items
    Local override; error
    @(13.6350 mm, 33.6350 mm): Pad 2 [COL_R_02] of D182 on F.Cu
    @(13.6350 mm, 36.1350 mm): Pad 2 [COL_R_02] of D202 on F.Cu
[unconnected_items]: Missing connection between items
    Local override; error
    @(13.6350 mm, 36.1350 mm): Pad 2 [COL_R_02] of D202 on F.Cu
    @(13.6350 mm, 38.6350 mm): Pad 2 [COL_R_02] of D222 on F.Cu
[unconnected_items]: Missing connection between items
    Local override; error
    @(13.6350 mm, 38.6350 mm): Pad 2 [COL_R_02] of D222 on F.Cu
    @(13.6350 mm, 41.1350 mm): Pad 2 [COL_R_02] of D242 on F.Cu
[unconnected_items]: Missing connection between items
    Local override; error
    @(13.6350 mm, 41.1350 mm): Pad 2 [COL_R_02] of D242 on F.Cu
    @(13.6350 mm, 43.6350 mm): Pad 2 [COL_R_02] of D262 on F.Cu
[unconnected_items]: Missing connection between items
    Local override; error
    @(13.6350 mm, 43.6350 mm): Pad 2 [COL_R_02] of D262 on F.Cu
    @(13.6350 mm, 46.1350 mm): Pad 2 [COL_R_02] of D282 on F.Cu
[unconnected_items]: Missing connection between items
    Local override; error
    @(13.6350 mm, 46.1350 mm): Pad 2 [COL_R_02] of D282 on F.Cu
    @(13.6350 mm, 48.6350 mm): Pad 2 [COL_R_02] of D302 on F.Cu
[unconnected_items]: Missing connection between items
    Local override; error
    @(13.6350 mm, 48.6350 mm): Pad 2 [COL_R_02] of D302 on F.Cu
    @(13.6350 mm, 51.1350 mm): Pad 2 [COL_R_02] of D322 on F.Cu
[unconnected_items]: Missing connection between items
    Local override; error
    @(13.6350 mm, 51.1350 mm): Pad 2 [COL_R_02] of D322 on F.Cu
    @(13.6350 mm, 53.6350 mm): Pad 2 [COL_R_02] of D342 on F.Cu
[unconnected_items]: Missing connection between items
    Local override; error
    @(13.6350 mm, 53.6350 mm): Pad 2 [COL_R_02] of D342 on F.Cu
    @(13.6350 mm, 56.1350 mm): Pad 2 [COL_R_02] of D362 on F.Cu
[unconnected_items]: Missing connection between items
    Local override; error
    @(13.6350 mm, 56.1350 mm): Pad 2 [COL_R_02] of D362 on F.Cu
    @(13.6350 mm, 58.6350 mm): Pad 2 [COL_R_02] of D382 on F.Cu
[unconnected_items]: Missing connection between items
    Local override; error
    @(12.8650 mm, 11.1350 mm): Pad 3 [COL_G_02] of D2 on F.Cu
    @(12.8650 mm, 13.6350 mm): Pad 3 [COL_G_02] of D22 on F.Cu
[unconnected_items]: Missing connection between items
    Local override; error
    @(12.8650 mm, 13.6350 mm): Pad 3 [COL_G_02] of D22 on F.Cu
    @(12.8650 mm, 16.1350 mm): Pad 3 [COL_G_02] of D42 on F.Cu
[unconnected_items]: Missing connection between items
    Local override; error
    @(12.8650 mm, 16.1350 mm): Pad 3 [COL_G_02] of D42 on F.Cu
    @(12.8650 mm, 18.6350 mm): Pad 3 [COL_G_02] of D62 on F.Cu
[unconnected_items]: Missing connection between items
    Local override; error
    @(12.8650 mm, 18.6350 mm): Pad 3 [COL_G_02] of D62 on F.Cu
    @(12.8650 mm, 21.1350 mm): Pad 3 [COL_G_02] of D82 on F.Cu
[unconnected_items]: Missing connection between items
    Local override; error
    @(12.8650 mm, 21.1350 mm): Pad 3 [COL_G_02] of D82 on F.Cu
    @(12.8650 mm, 23.6350 mm): Pad 3 [COL_G_02] of D102 on F.Cu
[unconnected_items]: Missing connection between items
    Local override; error
    @(12.8650 mm, 23.6350 mm): Pad 3 [COL_G_02] of D102 on F.Cu
    @(12.8650 mm, 26.1350 mm): Pad 3 [COL_G_02] of D122 on F.Cu
[unconnected_items]: Missing connection between items
    Local override; error
    @(12.8650 mm, 26.1350 mm): Pad 3 [COL_G_02] of D122 on F.Cu
    @(12.8650 mm, 28.6350 mm): Pad 3 [COL_G_02] of D142 on F.Cu
[unconnected_items]: Missing connection between items
    Local override; error
    @(12.8650 mm, 28.6350 mm): Pad 3 [COL_G_02] of D142 on F.Cu
    @(12.8650 mm, 31.1350 mm): Pad 3 [COL_G_02] of D162 on F.Cu
[unconnected_items]: Missing connection between items
    Local override; error
    @(12.8650 mm, 31.1350 mm): Pad 3 [COL_G_02] of D162 on F.Cu
    @(12.8650 mm, 33.6350 mm): Pad 3 [COL_G_02] of D182 on F.Cu
[unconnected_items]: Missing connection between items
    Local override; error
    @(12.8650 mm, 33.6350 mm): Pad 3 [COL_G_02] of D182 on F.Cu
    @(12.8650 mm, 36.1350 mm): Pad 3 [COL_G_02] of D202 on F.Cu
[unconnected_items]: Missing connection between items
    Local override; error
    @(12.8650 mm, 36.1350 mm): Pad 3 [COL_G_02] of D202 on F.Cu
    @(12.8650 mm, 38.6350 mm): Pad 3 [COL_G_02] of D222 on F.Cu
[unconnected_items]: Missing connection between items
    Local override; error
    @(12.8650 mm, 38.6350 mm): Pad 3 [COL_G_02] of D222 on F.Cu
    @(12.8650 mm, 41.1350 mm): Pad 3 [COL_G_02] of D242 on F.Cu
[unconnected_items]: Missing connection between items
    Local override; error
    @(12.8650 mm, 41.1350 mm): Pad 3 [COL_G_02] of D242 on F.Cu
    @(12.8650 mm, 43.6350 mm): Pad 3 [COL_G_02] of D262 on F.Cu
[unconnected_items]: Missing connection between items
    Local override; error
    @(12.8650 mm, 43.6350 mm): Pad 3 [COL_G_02] of D262 on F.Cu
    @(12.8650 mm, 46.1350 mm): Pad 3 [COL_G_02] of D282 on F.Cu
[unconnected_items]: Missing connection between items
    Local override; error
    @(12.8650 mm, 46.1350 mm): Pad 3 [COL_G_02] of D282 on F.Cu
    @(12.8650 mm, 48.6350 mm): Pad 3 [COL_G_02] of D302 on F.Cu
[unconnected_items]: Missing connection between items
    Local override; error
    @(12.8650 mm, 48.6350 mm): Pad 3 [COL_G_02] of D302 on F.Cu
    @(12.8650 mm, 51.1350 mm): Pad 3 [COL_G_02] of D322 on F.Cu
[unconnected_items]: Missing connection between items
    Local override; error
    @(12.8650 mm, 51.1350 mm): Pad 3 [COL_G_02] of D322 on F.Cu
    @(12.8650 mm, 53.6350 mm): Pad 3 [COL_G_02] of D342 on F.Cu
[unconnected_items]: Missing connection between items
    Local override; error
    @(12.8650 mm, 53.6350 mm): Pad 3 [COL_G_02] of D342 on F.Cu
    @(12.8650 mm, 56.1350 mm): Pad 3 [COL_G_02] of D362 on F.Cu
[unconnected_items]: Missing connection between items
    Local override; error
    @(12.8650 mm, 56.1350 mm): Pad 3 [COL_G_02] of D362 on F.Cu
    @(12.8650 mm, 58.6350 mm): Pad 3 [COL_G_02] of D382 on F.Cu
[unconnected_items]: Missing connection between items
    Local override; error
    @(12.8650 mm, 10.3650 mm): Pad 4 [COL_B_02] of D2 on F.Cu
    @(12.8650 mm, 12.8650 mm): Pad 4 [COL_B_02] of D22 on F.Cu
[unconnected_items]: Missing connection between items
    Local override; error
    @(12.8650 mm, 12.8650 mm): Pad 4 [COL_B_02] of D22 on F.Cu
    @(12.8650 mm, 15.3650 mm): Pad 4 [COL_B_02] of D42 on F.Cu
[unconnected_items]: Missing connection between items
    Local override; error
    @(12.8650 mm, 15.3650 mm): Pad 4 [COL_B_02] of D42 on F.Cu
    @(12.8650 mm, 17.8650 mm): Pad 4 [COL_B_02] of D62 on F.Cu
[unconnected_items]: Missing connection between items
    Local override; error
    @(12.8650 mm, 17.8650 mm): Pad 4 [COL_B_02] of D62 on F.Cu
    @(12.8650 mm, 20.3650 mm): Pad 4 [COL_B_02] of D82 on F.Cu
[unconnected_items]: Missing connection between items
    Local override; error
    @(12.8650 mm, 20.3650 mm): Pad 4 [COL_B_02] of D82 on F.Cu
    @(12.8650 mm, 22.8650 mm): Pad 4 [COL_B_02] of D102 on F.Cu
[unconnected_items]: Missing connection between items
    Local override; error
    @(12.8650 mm, 22.8650 mm): Pad 4 [COL_B_02] of D102 on F.Cu
    @(12.8650 mm, 25.3650 mm): Pad 4 [COL_B_02] of D122 on F.Cu
[unconnected_items]: Missing connection between items
    Local override; error
    @(12.8650 mm, 25.3650 mm): Pad 4 [COL_B_02] of D122 on F.Cu
    @(12.8650 mm, 27.8650 mm): Pad 4 [COL_B_02] of D142 on F.Cu
[unconnected_items]: Missing connection between items
    Local override; error
    @(12.8650 mm, 27.8650 mm): Pad 4 [COL_B_02] of D142 on F.Cu
    @(12.8650 mm, 30.3650 mm): Pad 4 [COL_B_02] of D162 on F.Cu
[unconnected_items]: Missing connection between items
    Local override; error
    @(12.8650 mm, 30.3650 mm): Pad 4 [COL_B_02] of D162 on F.Cu
    @(12.8650 mm, 32.8650 mm): Pad 4 [COL_B_02] of D182 on F.Cu
[unconnected_items]: Missing connection between items
    Local override; error
    @(12.8650 mm, 32.8650 mm): Pad 4 [COL_B_02] of D182 on F.Cu
    @(12.8650 mm, 35.3650 mm): Pad 4 [COL_B_02] of D202 on F.Cu
[unconnected_items]: Missing connection between items
    Local override; error
    @(12.8650 mm, 35.3650 mm): Pad 4 [COL_B_02] of D202 on F.Cu
    @(12.8650 mm, 37.8650 mm): Pad 4 [COL_B_02] of D222 on F.Cu
[unconnected_items]: Missing connection between items
    Local override; error
    @(12.8650 mm, 37.8650 mm): Pad 4 [COL_B_02] of D222 on F.Cu
    @(12.8650 mm, 40.3650 mm): Pad 4 [COL_B_02] of D242 on F.Cu
[unconnected_items]: Missing connection between items
    Local override; error
    @(12.8650 mm, 40.3650 mm): Pad 4 [COL_B_02] of D242 on F.Cu
    @(12.8650 mm, 42.8650 mm): Pad 4 [COL_B_02] of D262 on F.Cu
[unconnected_items]: Missing connection between items
    Local override; error
    @(12.8650 mm, 42.8650 mm): Pad 4 [COL_B_02] of D262 on F.Cu
    @(12.8650 mm, 45.3650 mm): Pad 4 [COL_B_02] of D282 on F.Cu
[unconnected_items]: Missing connection between items
    Local override; error
    @(12.8650 mm, 45.3650 mm): Pad 4 [COL_B_02] of D282 on F.Cu
    @(12.8650 mm, 47.8650 mm): Pad 4 [COL_B_02] of D302 on F.Cu
[unconnected_items]: Missing connection between items
    Local override; error
    @(12.8650 mm, 47.8650 mm): Pad 4 [COL_B_02] of D302 on F.Cu
    @(12.8650 mm, 50.3650 mm): Pad 4 [COL_B_02] of D322 on F.Cu
[unconnected_items]: Missing connection between items
    Local override; error
    @(12.8650 mm, 50.3650 mm): Pad 4 [COL_B_02] of D322 on F.Cu
    @(12.8650 mm, 52.8650 mm): Pad 4 [COL_B_02] of D342 on F.Cu
[unconnected_items]: Missing connection between items
    Local override; error
    @(12.8650 mm, 52.8650 mm): Pad 4 [COL_B_02] of D342 on F.Cu
    @(12.8650 mm, 55.3650 mm): Pad 4 [COL_B_02] of D362 on F.Cu
[unconnected_items]: Missing connection between items
    Local override; error
    @(12.8650 mm, 55.3650 mm): Pad 4 [COL_B_02] of D362 on F.Cu
    @(12.8650 mm, 57.8650 mm): Pad 4 [COL_B_02] of D382 on F.Cu
[unconnected_items]: Missing connection between items
    Local override; error
    @(11.1350 mm, 25.3650 mm): Pad 1 [ROW_07_ANODE] of D121 on F.Cu
    @(13.6350 mm, 25.3650 mm): Pad 1 [ROW_07_ANODE] of D122 on F.Cu
[unconnected_items]: Missing connection between items
    Local override; error
    @(13.6350 mm, 25.3650 mm): Pad 1 [ROW_07_ANODE] of D122 on F.Cu
    @(16.1350 mm, 25.3650 mm): Pad 1 [ROW_07_ANODE] of D123 on F.Cu
[unconnected_items]: Missing connection between items
    Local override; error
    @(16.1350 mm, 25.3650 mm): Pad 1 [ROW_07_ANODE] of D123 on F.Cu
    @(18.6350 mm, 25.3650 mm): Pad 1 [ROW_07_ANODE] of D124 on F.Cu
[unconnected_items]: Missing connection between items
    Local override; error
    @(18.6350 mm, 25.3650 mm): Pad 1 [ROW_07_ANODE] of D124 on F.Cu
    @(21.1350 mm, 25.3650 mm): Pad 1 [ROW_07_ANODE] of D125 on F.Cu
[unconnected_items]: Missing connection between items
    Local override; error
    @(21.1350 mm, 25.3650 mm): Pad 1 [ROW_07_ANODE] of D125 on F.Cu
    @(23.6350 mm, 25.3650 mm): Pad 1 [ROW_07_ANODE] of D126 on F.Cu
[unconnected_items]: Missing connection between items
    Local override; error
    @(23.6350 mm, 25.3650 mm): Pad 1 [ROW_07_ANODE] of D126 on F.Cu
    @(26.1350 mm, 25.3650 mm): Pad 1 [ROW_07_ANODE] of D127 on F.Cu
[unconnected_items]: Missing connection between items
    Local override; error
    @(26.1350 mm, 25.3650 mm): Pad 1 [ROW_07_ANODE] of D127 on F.Cu
    @(28.6350 mm, 25.3650 mm): Pad 1 [ROW_07_ANODE] of D128 on F.Cu
[unconnected_items]: Missing connection between items
    Local override; error
    @(28.6350 mm, 25.3650 mm): Pad 1 [ROW_07_ANODE] of D128 on F.Cu
    @(31.1350 mm, 25.3650 mm): Pad 1 [ROW_07_ANODE] of D129 on F.Cu
[unconnected_items]: Missing connection between items
    Local override; error
    @(31.1350 mm, 25.3650 mm): Pad 1 [ROW_07_ANODE] of D129 on F.Cu
    @(33.6350 mm, 25.3650 mm): Pad 1 [ROW_07_ANODE] of D130 on F.Cu
[unconnected_items]: Missing connection between items
    Local override; error
    @(33.6350 mm, 25.3650 mm): Pad 1 [ROW_07_ANODE] of D130 on F.Cu
    @(36.1350 mm, 25.3650 mm): Pad 1 [ROW_07_ANODE] of D131 on F.Cu
[unconnected_items]: Missing connection between items
    Local override; error
    @(36.1350 mm, 25.3650 mm): Pad 1 [ROW_07_ANODE] of D131 on F.Cu
    @(38.6350 mm, 25.3650 mm): Pad 1 [ROW_07_ANODE] of D132 on F.Cu
[unconnected_items]: Missing connection between items
    Local override; error
    @(38.6350 mm, 25.3650 mm): Pad 1 [ROW_07_ANODE] of D132 on F.Cu
    @(41.1350 mm, 25.3650 mm): Pad 1 [ROW_07_ANODE] of D133 on F.Cu
[unconnected_items]: Missing connection between items
    Local override; error
    @(41.1350 mm, 25.3650 mm): Pad 1 [ROW_07_ANODE] of D133 on F.Cu
    @(43.6350 mm, 25.3650 mm): Pad 1 [ROW_07_ANODE] of D134 on F.Cu
[unconnected_items]: Missing connection between items
    Local override; error
    @(43.6350 mm, 25.3650 mm): Pad 1 [ROW_07_ANODE] of D134 on F.Cu
    @(46.1350 mm, 25.3650 mm): Pad 1 [ROW_07_ANODE] of D135 on F.Cu
[unconnected_items]: Missing connection between items
    Local override; error
    @(46.1350 mm, 25.3650 mm): Pad 1 [ROW_07_ANODE] of D135 on F.Cu
    @(48.6350 mm, 25.3650 mm): Pad 1 [ROW_07_ANODE] of D136 on F.Cu
[unconnected_items]: Missing connection between items
    Local override; error
    @(48.6350 mm, 25.3650 mm): Pad 1 [ROW_07_ANODE] of D136 on F.Cu
    @(51.1350 mm, 25.3650 mm): Pad 1 [ROW_07_ANODE] of D137 on F.Cu
[unconnected_items]: Missing connection between items
    Local override; error
    @(51.1350 mm, 25.3650 mm): Pad 1 [ROW_07_ANODE] of D137 on F.Cu
    @(53.6350 mm, 25.3650 mm): Pad 1 [ROW_07_ANODE] of D138 on F.Cu
[unconnected_items]: Missing connection between items
    Local override; error
    @(53.6350 mm, 25.3650 mm): Pad 1 [ROW_07_ANODE] of D138 on F.Cu
    @(56.1350 mm, 25.3650 mm): Pad 1 [ROW_07_ANODE] of D139 on F.Cu
[unconnected_items]: Missing connection between items
    Local override; error
    @(56.1350 mm, 25.3650 mm): Pad 1 [ROW_07_ANODE] of D139 on F.Cu
    @(58.6350 mm, 25.3650 mm): Pad 1 [ROW_07_ANODE] of D140 on F.Cu
[unconnected_items]: Missing connection between items
    Local override; error
    @(21.1350 mm, 11.1350 mm): Pad 2 [COL_R_05] of D5 on F.Cu
    @(21.1350 mm, 13.6350 mm): Pad 2 [COL_R_05] of D25 on F.Cu
[unconnected_items]: Missing connection between items
    Local override; error
    @(21.1350 mm, 13.6350 mm): Pad 2 [COL_R_05] of D25 on F.Cu
    @(21.1350 mm, 16.1350 mm): Pad 2 [COL_R_05] of D45 on F.Cu
[unconnected_items]: Missing connection between items
    Local override; error
    @(21.1350 mm, 16.1350 mm): Pad 2 [COL_R_05] of D45 on F.Cu
    @(21.1350 mm, 18.6350 mm): Pad 2 [COL_R_05] of D65 on F.Cu
[unconnected_items]: Missing connection between items
    Local override; error
    @(21.1350 mm, 18.6350 mm): Pad 2 [COL_R_05] of D65 on F.Cu
    @(21.1350 mm, 21.1350 mm): Pad 2 [COL_R_05] of D85 on F.Cu
[unconnected_items]: Missing connection between items
    Local override; error
    @(21.1350 mm, 21.1350 mm): Pad 2 [COL_R_05] of D85 on F.Cu
    @(21.1350 mm, 23.6350 mm): Pad 2 [COL_R_05] of D105 on F.Cu
[unconnected_items]: Missing connection between items
    Local override; error
    @(21.1350 mm, 23.6350 mm): Pad 2 [COL_R_05] of D105 on F.Cu
    @(21.1350 mm, 26.1350 mm): Pad 2 [COL_R_05] of D125 on F.Cu
[unconnected_items]: Missing connection between items
    Local override; error
    @(21.1350 mm, 26.1350 mm): Pad 2 [COL_R_05] of D125 on F.Cu
    @(21.1350 mm, 28.6350 mm): Pad 2 [COL_R_05] of D145 on F.Cu
[unconnected_items]: Missing connection between items
    Local override; error
    @(21.1350 mm, 28.6350 mm): Pad 2 [COL_R_05] of D145 on F.Cu
    @(21.1350 mm, 31.1350 mm): Pad 2 [COL_R_05] of D165 on F.Cu
[unconnected_items]: Missing connection between items
    Local override; error
    @(21.1350 mm, 31.1350 mm): Pad 2 [COL_R_05] of D165 on F.Cu
    @(21.1350 mm, 33.6350 mm): Pad 2 [COL_R_05] of D185 on F.Cu
[unconnected_items]: Missing connection between items
    Local override; error
    @(21.1350 mm, 33.6350 mm): Pad 2 [COL_R_05] of D185 on F.Cu
    @(21.1350 mm, 36.1350 mm): Pad 2 [COL_R_05] of D205 on F.Cu
[unconnected_items]: Missing connection between items
    Local override; error
    @(21.1350 mm, 36.1350 mm): Pad 2 [COL_R_05] of D205 on F.Cu
    @(21.1350 mm, 38.6350 mm): Pad 2 [COL_R_05] of D225 on F.Cu
[unconnected_items]: Missing connection between items
    Local override; error
    @(21.1350 mm, 38.6350 mm): Pad 2 [COL_R_05] of D225 on F.Cu
    @(21.1350 mm, 41.1350 mm): Pad 2 [COL_R_05] of D245 on F.Cu
[unconnected_items]: Missing connection between items
    Local override; error
    @(21.1350 mm, 41.1350 mm): Pad 2 [COL_R_05] of D245 on F.Cu
    @(21.1350 mm, 43.6350 mm): Pad 2 [COL_R_05] of D265 on F.Cu
[unconnected_items]: Missing connection between items
    Local override; error
    @(21.1350 mm, 43.6350 mm): Pad 2 [COL_R_05] of D265 on F.Cu
    @(21.1350 mm, 46.1350 mm): Pad 2 [COL_R_05] of D285 on F.Cu
[unconnected_items]: Missing connection between items
    Local override; error
    @(21.1350 mm, 46.1350 mm): Pad 2 [COL_R_05] of D285 on F.Cu
    @(21.1350 mm, 48.6350 mm): Pad 2 [COL_R_05] of D305 on F.Cu
[unconnected_items]: Missing connection between items
    Local override; error
    @(21.1350 mm, 48.6350 mm): Pad 2 [COL_R_05] of D305 on F.Cu
    @(21.1350 mm, 51.1350 mm): Pad 2 [COL_R_05] of D325 on F.Cu
[unconnected_items]: Missing connection between items
    Local override; error
    @(21.1350 mm, 51.1350 mm): Pad 2 [COL_R_05] of D325 on F.Cu
    @(21.1350 mm, 53.6350 mm): Pad 2 [COL_R_05] of D345 on F.Cu
[unconnected_items]: Missing connection between items
    Local override; error
    @(21.1350 mm, 53.6350 mm): Pad 2 [COL_R_05] of D345 on F.Cu
    @(21.1350 mm, 56.1350 mm): Pad 2 [COL_R_05] of D365 on F.Cu
[unconnected_items]: Missing connection between items
    Local override; error
    @(21.1350 mm, 56.1350 mm): Pad 2 [COL_R_05] of D365 on F.Cu
    @(21.1350 mm, 58.6350 mm): Pad 2 [COL_R_05] of D385 on F.Cu
[unconnected_items]: Missing connection between items
    Local override; error
    @(20.3650 mm, 11.1350 mm): Pad 3 [COL_G_05] of D5 on F.Cu
    @(20.3650 mm, 13.6350 mm): Pad 3 [COL_G_05] of D25 on F.Cu
[unconnected_items]: Missing connection between items
    Local override; error
    @(20.3650 mm, 13.6350 mm): Pad 3 [COL_G_05] of D25 on F.Cu
    @(20.3650 mm, 16.1350 mm): Pad 3 [COL_G_05] of D45 on F.Cu
[unconnected_items]: Missing connection between items
    Local override; error
    @(20.3650 mm, 16.1350 mm): Pad 3 [COL_G_05] of D45 on F.Cu
    @(20.3650 mm, 18.6350 mm): Pad 3 [COL_G_05] of D65 on F.Cu
[unconnected_items]: Missing connection between items
    Local override; error
    @(20.3650 mm, 18.6350 mm): Pad 3 [COL_G_05] of D65 on F.Cu
    @(20.3650 mm, 21.1350 mm): Pad 3 [COL_G_05] of D85 on F.Cu
[unconnected_items]: Missing connection between items
    Local override; error
    @(20.3650 mm, 21.1350 mm): Pad 3 [COL_G_05] of D85 on F.Cu
    @(20.3650 mm, 23.6350 mm): Pad 3 [COL_G_05] of D105 on F.Cu
[unconnected_items]: Missing connection between items
    Local override; error
    @(20.3650 mm, 23.6350 mm): Pad 3 [COL_G_05] of D105 on F.Cu
    @(20.3650 mm, 26.1350 mm): Pad 3 [COL_G_05] of D125 on F.Cu
[unconnected_items]: Missing connection between items
    Local override; error
    @(20.3650 mm, 26.1350 mm): Pad 3 [COL_G_05] of D125 on F.Cu
    @(20.3650 mm, 28.6350 mm): Pad 3 [COL_G_05] of D145 on F.Cu
[unconnected_items]: Missing connection between items
    Local override; error
    @(20.3650 mm, 28.6350 mm): Pad 3 [COL_G_05] of D145 on F.Cu
    @(20.3650 mm, 31.1350 mm): Pad 3 [COL_G_05] of D165 on F.Cu
[unconnected_items]: Missing connection between items
    Local override; error
    @(20.3650 mm, 31.1350 mm): Pad 3 [COL_G_05] of D165 on F.Cu
    @(20.3650 mm, 33.6350 mm): Pad 3 [COL_G_05] of D185 on F.Cu
[unconnected_items]: Missing connection between items
    Local override; error
    @(20.3650 mm, 33.6350 mm): Pad 3 [COL_G_05] of D185 on F.Cu
    @(20.3650 mm, 36.1350 mm): Pad 3 [COL_G_05] of D205 on F.Cu
[unconnected_items]: Missing connection between items
    Local override; error
    @(20.3650 mm, 36.1350 mm): Pad 3 [COL_G_05] of D205 on F.Cu
    @(20.3650 mm, 38.6350 mm): Pad 3 [COL_G_05] of D225 on F.Cu
[unconnected_items]: Missing connection between items
    Local override; error
    @(20.3650 mm, 38.6350 mm): Pad 3 [COL_G_05] of D225 on F.Cu
    @(20.3650 mm, 41.1350 mm): Pad 3 [COL_G_05] of D245 on F.Cu
[unconnected_items]: Missing connection between items
    Local override; error
    @(20.3650 mm, 41.1350 mm): Pad 3 [COL_G_05] of D245 on F.Cu
    @(20.3650 mm, 43.6350 mm): Pad 3 [COL_G_05] of D265 on F.Cu
[unconnected_items]: Missing connection between items
    Local override; error
    @(20.3650 mm, 43.6350 mm): Pad 3 [COL_G_05] of D265 on F.Cu
    @(20.3650 mm, 46.1350 mm): Pad 3 [COL_G_05] of D285 on F.Cu
[unconnected_items]: Missing connection between items
    Local override; error
    @(20.3650 mm, 46.1350 mm): Pad 3 [COL_G_05] of D285 on F.Cu
    @(20.3650 mm, 48.6350 mm): Pad 3 [COL_G_05] of D305 on F.Cu
[unconnected_items]: Missing connection between items
    Local override; error
    @(20.3650 mm, 48.6350 mm): Pad 3 [COL_G_05] of D305 on F.Cu
    @(20.3650 mm, 51.1350 mm): Pad 3 [COL_G_05] of D325 on F.Cu
[unconnected_items]: Missing connection between items
    Local override; error
    @(20.3650 mm, 51.1350 mm): Pad 3 [COL_G_05] of D325 on F.Cu
    @(20.3650 mm, 53.6350 mm): Pad 3 [COL_G_05] of D345 on F.Cu
[unconnected_items]: Missing connection between items
    Local override; error
    @(20.3650 mm, 53.6350 mm): Pad 3 [COL_G_05] of D345 on F.Cu
    @(20.3650 mm, 56.1350 mm): Pad 3 [COL_G_05] of D365 on F.Cu
[unconnected_items]: Missing connection between items
    Local override; error
    @(20.3650 mm, 56.1350 mm): Pad 3 [COL_G_05] of D365 on F.Cu
    @(20.3650 mm, 58.6350 mm): Pad 3 [COL_G_05] of D385 on F.Cu
[unconnected_items]: Missing connection between items
    Local override; error
    @(20.3650 mm, 10.3650 mm): Pad 4 [COL_B_05] of D5 on F.Cu
    @(20.3650 mm, 12.8650 mm): Pad 4 [COL_B_05] of D25 on F.Cu
[unconnected_items]: Missing connection between items
    Local override; error
    @(20.3650 mm, 12.8650 mm): Pad 4 [COL_B_05] of D25 on F.Cu
    @(20.3650 mm, 15.3650 mm): Pad 4 [COL_B_05] of D45 on F.Cu
[unconnected_items]: Missing connection between items
    Local override; error
    @(20.3650 mm, 15.3650 mm): Pad 4 [COL_B_05] of D45 on F.Cu
    @(20.3650 mm, 17.8650 mm): Pad 4 [COL_B_05] of D65 on F.Cu
[unconnected_items]: Missing connection between items
    Local override; error
    @(20.3650 mm, 17.8650 mm): Pad 4 [COL_B_05] of D65 on F.Cu
    @(20.3650 mm, 20.3650 mm): Pad 4 [COL_B_05] of D85 on F.Cu
[unconnected_items]: Missing connection between items
    Local override; error
    @(20.3650 mm, 20.3650 mm): Pad 4 [COL_B_05] of D85 on F.Cu
    @(20.3650 mm, 22.8650 mm): Pad 4 [COL_B_05] of D105 on F.Cu
[unconnected_items]: Missing connection between items
    Local override; error
    @(20.3650 mm, 22.8650 mm): Pad 4 [COL_B_05] of D105 on F.Cu
    @(20.3650 mm, 25.3650 mm): Pad 4 [COL_B_05] of D125 on F.Cu
[unconnected_items]: Missing connection between items
    Local override; error
    @(20.3650 mm, 25.3650 mm): Pad 4 [COL_B_05] of D125 on F.Cu
    @(20.3650 mm, 27.8650 mm): Pad 4 [COL_B_05] of D145 on F.Cu
[unconnected_items]: Missing connection between items
    Local override; error
    @(20.3650 mm, 27.8650 mm): Pad 4 [COL_B_05] of D145 on F.Cu
    @(20.3650 mm, 30.3650 mm): Pad 4 [COL_B_05] of D165 on F.Cu
[unconnected_items]: Missing connection between items
    Local override; error
    @(20.3650 mm, 30.3650 mm): Pad 4 [COL_B_05] of D165 on F.Cu
    @(20.3650 mm, 32.8650 mm): Pad 4 [COL_B_05] of D185 on F.Cu
[unconnected_items]: Missing connection between items
    Local override; error
    @(20.3650 mm, 32.8650 mm): Pad 4 [COL_B_05] of D185 on F.Cu
    @(20.3650 mm, 35.3650 mm): Pad 4 [COL_B_05] of D205 on F.Cu
[unconnected_items]: Missing connection between items
    Local override; error
    @(20.3650 mm, 35.3650 mm): Pad 4 [COL_B_05] of D205 on F.Cu
    @(20.3650 mm, 37.8650 mm): Pad 4 [COL_B_05] of D225 on F.Cu
[unconnected_items]: Missing connection between items
    Local override; error
    @(20.3650 mm, 37.8650 mm): Pad 4 [COL_B_05] of D225 on F.Cu
    @(20.3650 mm, 40.3650 mm): Pad 4 [COL_B_05] of D245 on F.Cu
[unconnected_items]: Missing connection between items
    Local override; error
    @(20.3650 mm, 40.3650 mm): Pad 4 [COL_B_05] of D245 on F.Cu
    @(20.3650 mm, 42.8650 mm): Pad 4 [COL_B_05] of D265 on F.Cu
[unconnected_items]: Missing connection between items
    Local override; error
    @(20.3650 mm, 42.8650 mm): Pad 4 [COL_B_05] of D265 on F.Cu
    @(20.3650 mm, 45.3650 mm): Pad 4 [COL_B_05] of D285 on F.Cu
[unconnected_items]: Missing connection between items
    Local override; error
    @(20.3650 mm, 45.3650 mm): Pad 4 [COL_B_05] of D285 on F.Cu
    @(20.3650 mm, 47.8650 mm): Pad 4 [COL_B_05] of D305 on F.Cu
[unconnected_items]: Missing connection between items
    Local override; error
    @(20.3650 mm, 47.8650 mm): Pad 4 [COL_B_05] of D305 on F.Cu
    @(20.3650 mm, 50.3650 mm): Pad 4 [COL_B_05] of D325 on F.Cu
[unconnected_items]: Missing connection between items
    Local override; error
    @(20.3650 mm, 50.3650 mm): Pad 4 [COL_B_05] of D325 on F.Cu
    @(20.3650 mm, 52.8650 mm): Pad 4 [COL_B_05] of D345 on F.Cu
[unconnected_items]: Missing connection between items
    Local override; error
    @(20.3650 mm, 52.8650 mm): Pad 4 [COL_B_05] of D345 on F.Cu
    @(20.3650 mm, 55.3650 mm): Pad 4 [COL_B_05] of D365 on F.Cu
[unconnected_items]: Missing connection between items
    Local override; error
    @(20.3650 mm, 55.3650 mm): Pad 4 [COL_B_05] of D365 on F.Cu
    @(20.3650 mm, 57.8650 mm): Pad 4 [COL_B_05] of D385 on F.Cu
[unconnected_items]: Missing connection between items
    Local override; error
    @(11.1350 mm, 10.3650 mm): Pad 1 [ROW_01_ANODE] of D1 on F.Cu
    @(13.6350 mm, 10.3650 mm): Pad 1 [ROW_01_ANODE] of D2 on F.Cu
[unconnected_items]: Missing connection between items
    Local override; error
    @(13.6350 mm, 10.3650 mm): Pad 1 [ROW_01_ANODE] of D2 on F.Cu
    @(16.1350 mm, 10.3650 mm): Pad 1 [ROW_01_ANODE] of D3 on F.Cu
[unconnected_items]: Missing connection between items
    Local override; error
    @(16.1350 mm, 10.3650 mm): Pad 1 [ROW_01_ANODE] of D3 on F.Cu
    @(18.6350 mm, 10.3650 mm): Pad 1 [ROW_01_ANODE] of D4 on F.Cu
[unconnected_items]: Missing connection between items
    Local override; error
    @(18.6350 mm, 10.3650 mm): Pad 1 [ROW_01_ANODE] of D4 on F.Cu
    @(21.1350 mm, 10.3650 mm): Pad 1 [ROW_01_ANODE] of D5 on F.Cu
[unconnected_items]: Missing connection between items
    Local override; error
    @(21.1350 mm, 10.3650 mm): Pad 1 [ROW_01_ANODE] of D5 on F.Cu
    @(23.6350 mm, 10.3650 mm): Pad 1 [ROW_01_ANODE] of D6 on F.Cu
[unconnected_items]: Missing connection between items
    Local override; error
    @(23.6350 mm, 10.3650 mm): Pad 1 [ROW_01_ANODE] of D6 on F.Cu
    @(26.1350 mm, 10.3650 mm): Pad 1 [ROW_01_ANODE] of D7 on F.Cu
[unconnected_items]: Missing connection between items
    Local override; error
    @(26.1350 mm, 10.3650 mm): Pad 1 [ROW_01_ANODE] of D7 on F.Cu
    @(28.6350 mm, 10.3650 mm): Pad 1 [ROW_01_ANODE] of D8 on F.Cu
[unconnected_items]: Missing connection between items
    Local override; error
    @(28.6350 mm, 10.3650 mm): Pad 1 [ROW_01_ANODE] of D8 on F.Cu
    @(31.1350 mm, 10.3650 mm): Pad 1 [ROW_01_ANODE] of D9 on F.Cu
[unconnected_items]: Missing connection between items
    Local override; error
    @(31.1350 mm, 10.3650 mm): Pad 1 [ROW_01_ANODE] of D9 on F.Cu
    @(33.6350 mm, 10.3650 mm): Pad 1 [ROW_01_ANODE] of D10 on F.Cu
[unconnected_items]: Missing connection between items
    Local override; error
    @(33.6350 mm, 10.3650 mm): Pad 1 [ROW_01_ANODE] of D10 on F.Cu
    @(36.1350 mm, 10.3650 mm): Pad 1 [ROW_01_ANODE] of D11 on F.Cu
[unconnected_items]: Missing connection between items
    Local override; error
    @(36.1350 mm, 10.3650 mm): Pad 1 [ROW_01_ANODE] of D11 on F.Cu
    @(38.6350 mm, 10.3650 mm): Pad 1 [ROW_01_ANODE] of D12 on F.Cu
[unconnected_items]: Missing connection between items
    Local override; error
    @(38.6350 mm, 10.3650 mm): Pad 1 [ROW_01_ANODE] of D12 on F.Cu
    @(41.1350 mm, 10.3650 mm): Pad 1 [ROW_01_ANODE] of D13 on F.Cu
[unconnected_items]: Missing connection between items
    Local override; error
    @(41.1350 mm, 10.3650 mm): Pad 1 [ROW_01_ANODE] of D13 on F.Cu
    @(43.6350 mm, 10.3650 mm): Pad 1 [ROW_01_ANODE] of D14 on F.Cu
[unconnected_items]: Missing connection between items
    Local override; error
    @(43.6350 mm, 10.3650 mm): Pad 1 [ROW_01_ANODE] of D14 on F.Cu
    @(46.1350 mm, 10.3650 mm): Pad 1 [ROW_01_ANODE] of D15 on F.Cu
[unconnected_items]: Missing connection between items
    Local override; error
    @(46.1350 mm, 10.3650 mm): Pad 1 [ROW_01_ANODE] of D15 on F.Cu
    @(48.6350 mm, 10.3650 mm): Pad 1 [ROW_01_ANODE] of D16 on F.Cu
[unconnected_items]: Missing connection between items
    Local override; error
    @(48.6350 mm, 10.3650 mm): Pad 1 [ROW_01_ANODE] of D16 on F.Cu
    @(51.1350 mm, 10.3650 mm): Pad 1 [ROW_01_ANODE] of D17 on F.Cu
[unconnected_items]: Missing connection between items
    Local override; error
    @(51.1350 mm, 10.3650 mm): Pad 1 [ROW_01_ANODE] of D17 on F.Cu
    @(53.6350 mm, 10.3650 mm): Pad 1 [ROW_01_ANODE] of D18 on F.Cu
[unconnected_items]: Missing connection between items
    Local override; error
    @(53.6350 mm, 10.3650 mm): Pad 1 [ROW_01_ANODE] of D18 on F.Cu
    @(56.1350 mm, 10.3650 mm): Pad 1 [ROW_01_ANODE] of D19 on F.Cu
[unconnected_items]: Missing connection between items
    Local override; error
    @(56.1350 mm, 10.3650 mm): Pad 1 [ROW_01_ANODE] of D19 on F.Cu
    @(58.6350 mm, 10.3650 mm): Pad 1 [ROW_01_ANODE] of D20 on F.Cu
[unconnected_items]: Missing connection between items
    Local override; error
    @(23.6350 mm, 11.1350 mm): Pad 2 [COL_R_06] of D6 on F.Cu
    @(23.6350 mm, 13.6350 mm): Pad 2 [COL_R_06] of D26 on F.Cu
[unconnected_items]: Missing connection between items
    Local override; error
    @(23.6350 mm, 13.6350 mm): Pad 2 [COL_R_06] of D26 on F.Cu
    @(23.6350 mm, 16.1350 mm): Pad 2 [COL_R_06] of D46 on F.Cu
[unconnected_items]: Missing connection between items
    Local override; error
    @(23.6350 mm, 16.1350 mm): Pad 2 [COL_R_06] of D46 on F.Cu
    @(23.6350 mm, 18.6350 mm): Pad 2 [COL_R_06] of D66 on F.Cu
[unconnected_items]: Missing connection between items
    Local override; error
    @(23.6350 mm, 18.6350 mm): Pad 2 [COL_R_06] of D66 on F.Cu
    @(23.6350 mm, 21.1350 mm): Pad 2 [COL_R_06] of D86 on F.Cu
[unconnected_items]: Missing connection between items
    Local override; error
    @(23.6350 mm, 21.1350 mm): Pad 2 [COL_R_06] of D86 on F.Cu
    @(23.6350 mm, 23.6350 mm): Pad 2 [COL_R_06] of D106 on F.Cu
[unconnected_items]: Missing connection between items
    Local override; error
    @(23.6350 mm, 23.6350 mm): Pad 2 [COL_R_06] of D106 on F.Cu
    @(23.6350 mm, 26.1350 mm): Pad 2 [COL_R_06] of D126 on F.Cu
[unconnected_items]: Missing connection between items
    Local override; error
    @(23.6350 mm, 26.1350 mm): Pad 2 [COL_R_06] of D126 on F.Cu
    @(23.6350 mm, 28.6350 mm): Pad 2 [COL_R_06] of D146 on F.Cu
[unconnected_items]: Missing connection between items
    Local override; error
    @(23.6350 mm, 28.6350 mm): Pad 2 [COL_R_06] of D146 on F.Cu
    @(23.6350 mm, 31.1350 mm): Pad 2 [COL_R_06] of D166 on F.Cu
[unconnected_items]: Missing connection between items
    Local override; error
    @(23.6350 mm, 31.1350 mm): Pad 2 [COL_R_06] of D166 on F.Cu
    @(23.6350 mm, 33.6350 mm): Pad 2 [COL_R_06] of D186 on F.Cu
[unconnected_items]: Missing connection between items
    Local override; error
    @(23.6350 mm, 33.6350 mm): Pad 2 [COL_R_06] of D186 on F.Cu
    @(23.6350 mm, 36.1350 mm): Pad 2 [COL_R_06] of D206 on F.Cu
[unconnected_items]: Missing connection between items
    Local override; error
    @(23.6350 mm, 36.1350 mm): Pad 2 [COL_R_06] of D206 on F.Cu
    @(23.6350 mm, 38.6350 mm): Pad 2 [COL_R_06] of D226 on F.Cu
[unconnected_items]: Missing connection between items
    Local override; error
    @(23.6350 mm, 38.6350 mm): Pad 2 [COL_R_06] of D226 on F.Cu
    @(23.6350 mm, 41.1350 mm): Pad 2 [COL_R_06] of D246 on F.Cu
[unconnected_items]: Missing connection between items
    Local override; error
    @(23.6350 mm, 41.1350 mm): Pad 2 [COL_R_06] of D246 on F.Cu
    @(23.6350 mm, 43.6350 mm): Pad 2 [COL_R_06] of D266 on F.Cu
[unconnected_items]: Missing connection between items
    Local override; error
    @(23.6350 mm, 43.6350 mm): Pad 2 [COL_R_06] of D266 on F.Cu
    @(23.6350 mm, 46.1350 mm): Pad 2 [COL_R_06] of D286 on F.Cu
[unconnected_items]: Missing connection between items
    Local override; error
    @(23.6350 mm, 46.1350 mm): Pad 2 [COL_R_06] of D286 on F.Cu
    @(23.6350 mm, 48.6350 mm): Pad 2 [COL_R_06] of D306 on F.Cu
[unconnected_items]: Missing connection between items
    Local override; error
    @(23.6350 mm, 48.6350 mm): Pad 2 [COL_R_06] of D306 on F.Cu
    @(23.6350 mm, 51.1350 mm): Pad 2 [COL_R_06] of D326 on F.Cu
[unconnected_items]: Missing connection between items
    Local override; error
    @(23.6350 mm, 51.1350 mm): Pad 2 [COL_R_06] of D326 on F.Cu
    @(23.6350 mm, 53.6350 mm): Pad 2 [COL_R_06] of D346 on F.Cu
[unconnected_items]: Missing connection between items
    Local override; error
    @(23.6350 mm, 53.6350 mm): Pad 2 [COL_R_06] of D346 on F.Cu
    @(23.6350 mm, 56.1350 mm): Pad 2 [COL_R_06] of D366 on F.Cu
[unconnected_items]: Missing connection between items
    Local override; error
    @(23.6350 mm, 56.1350 mm): Pad 2 [COL_R_06] of D366 on F.Cu
    @(23.6350 mm, 58.6350 mm): Pad 2 [COL_R_06] of D386 on F.Cu
[unconnected_items]: Missing connection between items
    Local override; error
    @(22.8650 mm, 11.1350 mm): Pad 3 [COL_G_06] of D6 on F.Cu
    @(22.8650 mm, 13.6350 mm): Pad 3 [COL_G_06] of D26 on F.Cu
[unconnected_items]: Missing connection between items
    Local override; error
    @(22.8650 mm, 13.6350 mm): Pad 3 [COL_G_06] of D26 on F.Cu
    @(22.8650 mm, 16.1350 mm): Pad 3 [COL_G_06] of D46 on F.Cu
[unconnected_items]: Missing connection between items
    Local override; error
    @(22.8650 mm, 16.1350 mm): Pad 3 [COL_G_06] of D46 on F.Cu
    @(22.8650 mm, 18.6350 mm): Pad 3 [COL_G_06] of D66 on F.Cu
[unconnected_items]: Missing connection between items
    Local override; error
    @(22.8650 mm, 18.6350 mm): Pad 3 [COL_G_06] of D66 on F.Cu
    @(22.8650 mm, 21.1350 mm): Pad 3 [COL_G_06] of D86 on F.Cu
[unconnected_items]: Missing connection between items
    Local override; error
    @(22.8650 mm, 21.1350 mm): Pad 3 [COL_G_06] of D86 on F.Cu
    @(22.8650 mm, 23.6350 mm): Pad 3 [COL_G_06] of D106 on F.Cu
[unconnected_items]: Missing connection between items
    Local override; error
    @(22.8650 mm, 23.6350 mm): Pad 3 [COL_G_06] of D106 on F.Cu
    @(22.8650 mm, 26.1350 mm): Pad 3 [COL_G_06] of D126 on F.Cu
[unconnected_items]: Missing connection between items
    Local override; error
    @(22.8650 mm, 26.1350 mm): Pad 3 [COL_G_06] of D126 on F.Cu
    @(22.8650 mm, 28.6350 mm): Pad 3 [COL_G_06] of D146 on F.Cu
[unconnected_items]: Missing connection between items
    Local override; error
    @(22.8650 mm, 28.6350 mm): Pad 3 [COL_G_06] of D146 on F.Cu
    @(22.8650 mm, 31.1350 mm): Pad 3 [COL_G_06] of D166 on F.Cu
[unconnected_items]: Missing connection between items
    Local override; error
    @(22.8650 mm, 31.1350 mm): Pad 3 [COL_G_06] of D166 on F.Cu
    @(22.8650 mm, 33.6350 mm): Pad 3 [COL_G_06] of D186 on F.Cu
[unconnected_items]: Missing connection between items
    Local override; error
    @(22.8650 mm, 33.6350 mm): Pad 3 [COL_G_06] of D186 on F.Cu
    @(22.8650 mm, 36.1350 mm): Pad 3 [COL_G_06] of D206 on F.Cu
[unconnected_items]: Missing connection between items
    Local override; error
    @(22.8650 mm, 36.1350 mm): Pad 3 [COL_G_06] of D206 on F.Cu
    @(22.8650 mm, 38.6350 mm): Pad 3 [COL_G_06] of D226 on F.Cu
[unconnected_items]: Missing connection between items
    Local override; error
    @(22.8650 mm, 38.6350 mm): Pad 3 [COL_G_06] of D226 on F.Cu
    @(22.8650 mm, 41.1350 mm): Pad 3 [COL_G_06] of D246 on F.Cu
[unconnected_items]: Missing connection between items
    Local override; error
    @(22.8650 mm, 41.1350 mm): Pad 3 [COL_G_06] of D246 on F.Cu
    @(22.8650 mm, 43.6350 mm): Pad 3 [COL_G_06] of D266 on F.Cu
[unconnected_items]: Missing connection between items
    Local override; error
    @(22.8650 mm, 43.6350 mm): Pad 3 [COL_G_06] of D266 on F.Cu
    @(22.8650 mm, 46.1350 mm): Pad 3 [COL_G_06] of D286 on F.Cu
[unconnected_items]: Missing connection between items
    Local override; error
    @(22.8650 mm, 46.1350 mm): Pad 3 [COL_G_06] of D286 on F.Cu
    @(22.8650 mm, 48.6350 mm): Pad 3 [COL_G_06] of D306 on F.Cu
[unconnected_items]: Missing connection between items
    Local override; error
    @(22.8650 mm, 48.6350 mm): Pad 3 [COL_G_06] of D306 on F.Cu
    @(22.8650 mm, 51.1350 mm): Pad 3 [COL_G_06] of D326 on F.Cu
[unconnected_items]: Missing connection between items
    Local override; error
    @(22.8650 mm, 51.1350 mm): Pad 3 [COL_G_06] of D326 on F.Cu
    @(22.8650 mm, 53.6350 mm): Pad 3 [COL_G_06] of D346 on F.Cu
[unconnected_items]: Missing connection between items
    Local override; error
    @(22.8650 mm, 53.6350 mm): Pad 3 [COL_G_06] of D346 on F.Cu
    @(22.8650 mm, 56.1350 mm): Pad 3 [COL_G_06] of D366 on F.Cu
[unconnected_items]: Missing connection between items
    Local override; error
    @(22.8650 mm, 56.1350 mm): Pad 3 [COL_G_06] of D366 on F.Cu
    @(22.8650 mm, 58.6350 mm): Pad 3 [COL_G_06] of D386 on F.Cu
[unconnected_items]: Missing connection between items
    Local override; error
    @(22.8650 mm, 10.3650 mm): Pad 4 [COL_B_06] of D6 on F.Cu
    @(22.8650 mm, 12.8650 mm): Pad 4 [COL_B_06] of D26 on F.Cu
[unconnected_items]: Missing connection between items
    Local override; error
    @(22.8650 mm, 12.8650 mm): Pad 4 [COL_B_06] of D26 on F.Cu
    @(22.8650 mm, 15.3650 mm): Pad 4 [COL_B_06] of D46 on F.Cu
[unconnected_items]: Missing connection between items
    Local override; error
    @(22.8650 mm, 15.3650 mm): Pad 4 [COL_B_06] of D46 on F.Cu
    @(22.8650 mm, 17.8650 mm): Pad 4 [COL_B_06] of D66 on F.Cu
[unconnected_items]: Missing connection between items
    Local override; error
    @(22.8650 mm, 17.8650 mm): Pad 4 [COL_B_06] of D66 on F.Cu
    @(22.8650 mm, 20.3650 mm): Pad 4 [COL_B_06] of D86 on F.Cu
[unconnected_items]: Missing connection between items
    Local override; error
    @(22.8650 mm, 20.3650 mm): Pad 4 [COL_B_06] of D86 on F.Cu
    @(22.8650 mm, 22.8650 mm): Pad 4 [COL_B_06] of D106 on F.Cu
[unconnected_items]: Missing connection between items
    Local override; error
    @(22.8650 mm, 22.8650 mm): Pad 4 [COL_B_06] of D106 on F.Cu
    @(22.8650 mm, 25.3650 mm): Pad 4 [COL_B_06] of D126 on F.Cu
[unconnected_items]: Missing connection between items
    Local override; error
    @(22.8650 mm, 25.3650 mm): Pad 4 [COL_B_06] of D126 on F.Cu
    @(22.8650 mm, 27.8650 mm): Pad 4 [COL_B_06] of D146 on F.Cu
[unconnected_items]: Missing connection between items
    Local override; error
    @(22.8650 mm, 27.8650 mm): Pad 4 [COL_B_06] of D146 on F.Cu
    @(22.8650 mm, 30.3650 mm): Pad 4 [COL_B_06] of D166 on F.Cu
[unconnected_items]: Missing connection between items
    Local override; error
    @(22.8650 mm, 30.3650 mm): Pad 4 [COL_B_06] of D166 on F.Cu
    @(22.8650 mm, 32.8650 mm): Pad 4 [COL_B_06] of D186 on F.Cu
[unconnected_items]: Missing connection between items
    Local override; error
    @(22.8650 mm, 32.8650 mm): Pad 4 [COL_B_06] of D186 on F.Cu
    @(22.8650 mm, 35.3650 mm): Pad 4 [COL_B_06] of D206 on F.Cu
[unconnected_items]: Missing connection between items
    Local override; error
    @(22.8650 mm, 35.3650 mm): Pad 4 [COL_B_06] of D206 on F.Cu
    @(22.8650 mm, 37.8650 mm): Pad 4 [COL_B_06] of D226 on F.Cu
[unconnected_items]: Missing connection between items
    Local override; error
    @(22.8650 mm, 37.8650 mm): Pad 4 [COL_B_06] of D226 on F.Cu
    @(22.8650 mm, 40.3650 mm): Pad 4 [COL_B_06] of D246 on F.Cu
[unconnected_items]: Missing connection between items
    Local override; error
    @(22.8650 mm, 40.3650 mm): Pad 4 [COL_B_06] of D246 on F.Cu
    @(22.8650 mm, 42.8650 mm): Pad 4 [COL_B_06] of D266 on F.Cu
[unconnected_items]: Missing connection between items
    Local override; error
    @(22.8650 mm, 42.8650 mm): Pad 4 [COL_B_06] of D266 on F.Cu
    @(22.8650 mm, 45.3650 mm): Pad 4 [COL_B_06] of D286 on F.Cu
[unconnected_items]: Missing connection between items
    Local override; error
    @(22.8650 mm, 45.3650 mm): Pad 4 [COL_B_06] of D286 on F.Cu
    @(22.8650 mm, 47.8650 mm): Pad 4 [COL_B_06] of D306 on F.Cu
[unconnected_items]: Missing connection between items
    Local override; error
    @(22.8650 mm, 47.8650 mm): Pad 4 [COL_B_06] of D306 on F.Cu
    @(22.8650 mm, 50.3650 mm): Pad 4 [COL_B_06] of D326 on F.Cu
[unconnected_items]: Missing connection between items
    Local override; error
    @(22.8650 mm, 50.3650 mm): Pad 4 [COL_B_06] of D326 on F.Cu
    @(22.8650 mm, 52.8650 mm): Pad 4 [COL_B_06] of D346 on F.Cu
[unconnected_items]: Missing connection between items
    Local override; error
    @(22.8650 mm, 52.8650 mm): Pad 4 [COL_B_06] of D346 on F.Cu
    @(22.8650 mm, 55.3650 mm): Pad 4 [COL_B_06] of D366 on F.Cu
[unconnected_items]: Missing connection between items
    Local override; error
    @(22.8650 mm, 55.3650 mm): Pad 4 [COL_B_06] of D366 on F.Cu
    @(22.8650 mm, 57.8650 mm): Pad 4 [COL_B_06] of D386 on F.Cu
[unconnected_items]: Missing connection between items
    Local override; error
    @(11.1350 mm, 30.3650 mm): Pad 1 [ROW_09_ANODE] of D161 on F.Cu
    @(13.6350 mm, 30.3650 mm): Pad 1 [ROW_09_ANODE] of D162 on F.Cu
[unconnected_items]: Missing connection between items
    Local override; error
    @(13.6350 mm, 30.3650 mm): Pad 1 [ROW_09_ANODE] of D162 on F.Cu
    @(16.1350 mm, 30.3650 mm): Pad 1 [ROW_09_ANODE] of D163 on F.Cu
[unconnected_items]: Missing connection between items
    Local override; error
    @(16.1350 mm, 30.3650 mm): Pad 1 [ROW_09_ANODE] of D163 on F.Cu
    @(18.6350 mm, 30.3650 mm): Pad 1 [ROW_09_ANODE] of D164 on F.Cu
[unconnected_items]: Missing connection between items
    Local override; error
    @(18.6350 mm, 30.3650 mm): Pad 1 [ROW_09_ANODE] of D164 on F.Cu
    @(21.1350 mm, 30.3650 mm): Pad 1 [ROW_09_ANODE] of D165 on F.Cu
[unconnected_items]: Missing connection between items
    Local override; error
    @(21.1350 mm, 30.3650 mm): Pad 1 [ROW_09_ANODE] of D165 on F.Cu
    @(23.6350 mm, 30.3650 mm): Pad 1 [ROW_09_ANODE] of D166 on F.Cu
[unconnected_items]: Missing connection between items
    Local override; error
    @(23.6350 mm, 30.3650 mm): Pad 1 [ROW_09_ANODE] of D166 on F.Cu
    @(26.1350 mm, 30.3650 mm): Pad 1 [ROW_09_ANODE] of D167 on F.Cu
[unconnected_items]: Missing connection between items
    Local override; error
    @(26.1350 mm, 30.3650 mm): Pad 1 [ROW_09_ANODE] of D167 on F.Cu
    @(28.6350 mm, 30.3650 mm): Pad 1 [ROW_09_ANODE] of D168 on F.Cu
[unconnected_items]: Missing connection between items
    Local override; error
    @(28.6350 mm, 30.3650 mm): Pad 1 [ROW_09_ANODE] of D168 on F.Cu
    @(31.1350 mm, 30.3650 mm): Pad 1 [ROW_09_ANODE] of D169 on F.Cu
[unconnected_items]: Missing connection between items
    Local override; error
    @(31.1350 mm, 30.3650 mm): Pad 1 [ROW_09_ANODE] of D169 on F.Cu
    @(33.6350 mm, 30.3650 mm): Pad 1 [ROW_09_ANODE] of D170 on F.Cu
[unconnected_items]: Missing connection between items
    Local override; error
    @(33.6350 mm, 30.3650 mm): Pad 1 [ROW_09_ANODE] of D170 on F.Cu
    @(36.1350 mm, 30.3650 mm): Pad 1 [ROW_09_ANODE] of D171 on F.Cu
[unconnected_items]: Missing connection between items
    Local override; error
    @(36.1350 mm, 30.3650 mm): Pad 1 [ROW_09_ANODE] of D171 on F.Cu
    @(38.6350 mm, 30.3650 mm): Pad 1 [ROW_09_ANODE] of D172 on F.Cu
[unconnected_items]: Missing connection between items
    Local override; error
    @(38.6350 mm, 30.3650 mm): Pad 1 [ROW_09_ANODE] of D172 on F.Cu
    @(41.1350 mm, 30.3650 mm): Pad 1 [ROW_09_ANODE] of D173 on F.Cu
[unconnected_items]: Missing connection between items
    Local override; error
    @(41.1350 mm, 30.3650 mm): Pad 1 [ROW_09_ANODE] of D173 on F.Cu
    @(43.6350 mm, 30.3650 mm): Pad 1 [ROW_09_ANODE] of D174 on F.Cu
[unconnected_items]: Missing connection between items
    Local override; error
    @(43.6350 mm, 30.3650 mm): Pad 1 [ROW_09_ANODE] of D174 on F.Cu
    @(46.1350 mm, 30.3650 mm): Pad 1 [ROW_09_ANODE] of D175 on F.Cu
[unconnected_items]: Missing connection between items
    Local override; error
    @(46.1350 mm, 30.3650 mm): Pad 1 [ROW_09_ANODE] of D175 on F.Cu
    @(48.6350 mm, 30.3650 mm): Pad 1 [ROW_09_ANODE] of D176 on F.Cu
[unconnected_items]: Missing connection between items
    Local override; error
    @(48.6350 mm, 30.3650 mm): Pad 1 [ROW_09_ANODE] of D176 on F.Cu
    @(51.1350 mm, 30.3650 mm): Pad 1 [ROW_09_ANODE] of D177 on F.Cu
[unconnected_items]: Missing connection between items
    Local override; error
    @(51.1350 mm, 30.3650 mm): Pad 1 [ROW_09_ANODE] of D177 on F.Cu
    @(53.6350 mm, 30.3650 mm): Pad 1 [ROW_09_ANODE] of D178 on F.Cu
[unconnected_items]: Missing connection between items
    Local override; error
    @(53.6350 mm, 30.3650 mm): Pad 1 [ROW_09_ANODE] of D178 on F.Cu
    @(56.1350 mm, 30.3650 mm): Pad 1 [ROW_09_ANODE] of D179 on F.Cu
[unconnected_items]: Missing connection between items
    Local override; error
    @(56.1350 mm, 30.3650 mm): Pad 1 [ROW_09_ANODE] of D179 on F.Cu
    @(58.6350 mm, 30.3650 mm): Pad 1 [ROW_09_ANODE] of D180 on F.Cu
[unconnected_items]: Missing connection between items
    Local override; error
    @(36.1350 mm, 11.1350 mm): Pad 2 [COL_R_11] of D11 on F.Cu
    @(36.1350 mm, 13.6350 mm): Pad 2 [COL_R_11] of D31 on F.Cu
[unconnected_items]: Missing connection between items
    Local override; error
    @(36.1350 mm, 13.6350 mm): Pad 2 [COL_R_11] of D31 on F.Cu
    @(36.1350 mm, 16.1350 mm): Pad 2 [COL_R_11] of D51 on F.Cu
[unconnected_items]: Missing connection between items
    Local override; error
    @(36.1350 mm, 16.1350 mm): Pad 2 [COL_R_11] of D51 on F.Cu
    @(36.1350 mm, 18.6350 mm): Pad 2 [COL_R_11] of D71 on F.Cu
[unconnected_items]: Missing connection between items
    Local override; error
    @(36.1350 mm, 18.6350 mm): Pad 2 [COL_R_11] of D71 on F.Cu
    @(36.1350 mm, 21.1350 mm): Pad 2 [COL_R_11] of D91 on F.Cu
[unconnected_items]: Missing connection between items
    Local override; error
    @(36.1350 mm, 21.1350 mm): Pad 2 [COL_R_11] of D91 on F.Cu
    @(36.1350 mm, 23.6350 mm): Pad 2 [COL_R_11] of D111 on F.Cu
[unconnected_items]: Missing connection between items
    Local override; error
    @(36.1350 mm, 23.6350 mm): Pad 2 [COL_R_11] of D111 on F.Cu
    @(36.1350 mm, 26.1350 mm): Pad 2 [COL_R_11] of D131 on F.Cu
[unconnected_items]: Missing connection between items
    Local override; error
    @(36.1350 mm, 26.1350 mm): Pad 2 [COL_R_11] of D131 on F.Cu
    @(36.1350 mm, 28.6350 mm): Pad 2 [COL_R_11] of D151 on F.Cu
[unconnected_items]: Missing connection between items
    Local override; error
    @(36.1350 mm, 28.6350 mm): Pad 2 [COL_R_11] of D151 on F.Cu
    @(36.1350 mm, 31.1350 mm): Pad 2 [COL_R_11] of D171 on F.Cu
[unconnected_items]: Missing connection between items
    Local override; error
    @(36.1350 mm, 31.1350 mm): Pad 2 [COL_R_11] of D171 on F.Cu
    @(36.1350 mm, 33.6350 mm): Pad 2 [COL_R_11] of D191 on F.Cu
[unconnected_items]: Missing connection between items
    Local override; error
    @(36.1350 mm, 33.6350 mm): Pad 2 [COL_R_11] of D191 on F.Cu
    @(36.1350 mm, 36.1350 mm): Pad 2 [COL_R_11] of D211 on F.Cu
[unconnected_items]: Missing connection between items
    Local override; error
    @(36.1350 mm, 36.1350 mm): Pad 2 [COL_R_11] of D211 on F.Cu
    @(36.1350 mm, 38.6350 mm): Pad 2 [COL_R_11] of D231 on F.Cu
[unconnected_items]: Missing connection between items
    Local override; error
    @(36.1350 mm, 38.6350 mm): Pad 2 [COL_R_11] of D231 on F.Cu
    @(36.1350 mm, 41.1350 mm): Pad 2 [COL_R_11] of D251 on F.Cu
[unconnected_items]: Missing connection between items
    Local override; error
    @(36.1350 mm, 41.1350 mm): Pad 2 [COL_R_11] of D251 on F.Cu
    @(36.1350 mm, 43.6350 mm): Pad 2 [COL_R_11] of D271 on F.Cu
[unconnected_items]: Missing connection between items
    Local override; error
    @(36.1350 mm, 43.6350 mm): Pad 2 [COL_R_11] of D271 on F.Cu
    @(36.1350 mm, 46.1350 mm): Pad 2 [COL_R_11] of D291 on F.Cu
[unconnected_items]: Missing connection between items
    Local override; error
    @(36.1350 mm, 46.1350 mm): Pad 2 [COL_R_11] of D291 on F.Cu
    @(36.1350 mm, 48.6350 mm): Pad 2 [COL_R_11] of D311 on F.Cu
[unconnected_items]: Missing connection between items
    Local override; error
    @(36.1350 mm, 48.6350 mm): Pad 2 [COL_R_11] of D311 on F.Cu
    @(36.1350 mm, 51.1350 mm): Pad 2 [COL_R_11] of D331 on F.Cu
[unconnected_items]: Missing connection between items
    Local override; error
    @(36.1350 mm, 51.1350 mm): Pad 2 [COL_R_11] of D331 on F.Cu
    @(36.1350 mm, 53.6350 mm): Pad 2 [COL_R_11] of D351 on F.Cu
[unconnected_items]: Missing connection between items
    Local override; error
    @(36.1350 mm, 53.6350 mm): Pad 2 [COL_R_11] of D351 on F.Cu
    @(36.1350 mm, 56.1350 mm): Pad 2 [COL_R_11] of D371 on F.Cu
[unconnected_items]: Missing connection between items
    Local override; error
    @(36.1350 mm, 56.1350 mm): Pad 2 [COL_R_11] of D371 on F.Cu
    @(36.1350 mm, 58.6350 mm): Pad 2 [COL_R_11] of D391 on F.Cu
[unconnected_items]: Missing connection between items
    Local override; error
    @(35.3650 mm, 11.1350 mm): Pad 3 [COL_G_11] of D11 on F.Cu
    @(35.3650 mm, 13.6350 mm): Pad 3 [COL_G_11] of D31 on F.Cu
[unconnected_items]: Missing connection between items
    Local override; error
    @(35.3650 mm, 13.6350 mm): Pad 3 [COL_G_11] of D31 on F.Cu
    @(35.3650 mm, 16.1350 mm): Pad 3 [COL_G_11] of D51 on F.Cu
[unconnected_items]: Missing connection between items
    Local override; error
    @(35.3650 mm, 16.1350 mm): Pad 3 [COL_G_11] of D51 on F.Cu
    @(35.3650 mm, 18.6350 mm): Pad 3 [COL_G_11] of D71 on F.Cu
[unconnected_items]: Missing connection between items
    Local override; error
    @(35.3650 mm, 18.6350 mm): Pad 3 [COL_G_11] of D71 on F.Cu
    @(35.3650 mm, 21.1350 mm): Pad 3 [COL_G_11] of D91 on F.Cu
[unconnected_items]: Missing connection between items
    Local override; error
    @(35.3650 mm, 21.1350 mm): Pad 3 [COL_G_11] of D91 on F.Cu
    @(35.3650 mm, 23.6350 mm): Pad 3 [COL_G_11] of D111 on F.Cu
[unconnected_items]: Missing connection between items
    Local override; error
    @(35.3650 mm, 23.6350 mm): Pad 3 [COL_G_11] of D111 on F.Cu
    @(35.3650 mm, 26.1350 mm): Pad 3 [COL_G_11] of D131 on F.Cu
[unconnected_items]: Missing connection between items
    Local override; error
    @(35.3650 mm, 26.1350 mm): Pad 3 [COL_G_11] of D131 on F.Cu
    @(35.3650 mm, 28.6350 mm): Pad 3 [COL_G_11] of D151 on F.Cu
[unconnected_items]: Missing connection between items
    Local override; error
    @(35.3650 mm, 28.6350 mm): Pad 3 [COL_G_11] of D151 on F.Cu
    @(35.3650 mm, 31.1350 mm): Pad 3 [COL_G_11] of D171 on F.Cu
[unconnected_items]: Missing connection between items
    Local override; error
    @(35.3650 mm, 31.1350 mm): Pad 3 [COL_G_11] of D171 on F.Cu
    @(35.3650 mm, 33.6350 mm): Pad 3 [COL_G_11] of D191 on F.Cu
[unconnected_items]: Missing connection between items
    Local override; error
    @(35.3650 mm, 33.6350 mm): Pad 3 [COL_G_11] of D191 on F.Cu
    @(35.3650 mm, 36.1350 mm): Pad 3 [COL_G_11] of D211 on F.Cu
[unconnected_items]: Missing connection between items
    Local override; error
    @(35.3650 mm, 36.1350 mm): Pad 3 [COL_G_11] of D211 on F.Cu
    @(35.3650 mm, 38.6350 mm): Pad 3 [COL_G_11] of D231 on F.Cu
[unconnected_items]: Missing connection between items
    Local override; error
    @(35.3650 mm, 38.6350 mm): Pad 3 [COL_G_11] of D231 on F.Cu
    @(35.3650 mm, 41.1350 mm): Pad 3 [COL_G_11] of D251 on F.Cu
[unconnected_items]: Missing connection between items
    Local override; error
    @(35.3650 mm, 41.1350 mm): Pad 3 [COL_G_11] of D251 on F.Cu
    @(35.3650 mm, 43.6350 mm): Pad 3 [COL_G_11] of D271 on F.Cu
[unconnected_items]: Missing connection between items
    Local override; error
    @(35.3650 mm, 43.6350 mm): Pad 3 [COL_G_11] of D271 on F.Cu
    @(35.3650 mm, 46.1350 mm): Pad 3 [COL_G_11] of D291 on F.Cu
[unconnected_items]: Missing connection between items
    Local override; error
    @(35.3650 mm, 46.1350 mm): Pad 3 [COL_G_11] of D291 on F.Cu
    @(35.3650 mm, 48.6350 mm): Pad 3 [COL_G_11] of D311 on F.Cu
[unconnected_items]: Missing connection between items
    Local override; error
    @(35.3650 mm, 48.6350 mm): Pad 3 [COL_G_11] of D311 on F.Cu
    @(35.3650 mm, 51.1350 mm): Pad 3 [COL_G_11] of D331 on F.Cu
[unconnected_items]: Missing connection between items
    Local override; error
    @(35.3650 mm, 51.1350 mm): Pad 3 [COL_G_11] of D331 on F.Cu
    @(35.3650 mm, 53.6350 mm): Pad 3 [COL_G_11] of D351 on F.Cu
[unconnected_items]: Missing connection between items
    Local override; error
    @(35.3650 mm, 53.6350 mm): Pad 3 [COL_G_11] of D351 on F.Cu
    @(35.3650 mm, 56.1350 mm): Pad 3 [COL_G_11] of D371 on F.Cu
[unconnected_items]: Missing connection between items
    Local override; error
    @(35.3650 mm, 56.1350 mm): Pad 3 [COL_G_11] of D371 on F.Cu
    @(35.3650 mm, 58.6350 mm): Pad 3 [COL_G_11] of D391 on F.Cu
[unconnected_items]: Missing connection between items
    Local override; error
    @(35.3650 mm, 10.3650 mm): Pad 4 [COL_B_11] of D11 on F.Cu
    @(35.3650 mm, 12.8650 mm): Pad 4 [COL_B_11] of D31 on F.Cu
[unconnected_items]: Missing connection between items
    Local override; error
    @(35.3650 mm, 12.8650 mm): Pad 4 [COL_B_11] of D31 on F.Cu
    @(35.3650 mm, 15.3650 mm): Pad 4 [COL_B_11] of D51 on F.Cu
[unconnected_items]: Missing connection between items
    Local override; error
    @(35.3650 mm, 15.3650 mm): Pad 4 [COL_B_11] of D51 on F.Cu
    @(35.3650 mm, 17.8650 mm): Pad 4 [COL_B_11] of D71 on F.Cu
[unconnected_items]: Missing connection between items
    Local override; error
    @(35.3650 mm, 17.8650 mm): Pad 4 [COL_B_11] of D71 on F.Cu
    @(35.3650 mm, 20.3650 mm): Pad 4 [COL_B_11] of D91 on F.Cu
[unconnected_items]: Missing connection between items
    Local override; error
    @(35.3650 mm, 20.3650 mm): Pad 4 [COL_B_11] of D91 on F.Cu
    @(35.3650 mm, 22.8650 mm): Pad 4 [COL_B_11] of D111 on F.Cu
[unconnected_items]: Missing connection between items
    Local override; error
    @(35.3650 mm, 22.8650 mm): Pad 4 [COL_B_11] of D111 on F.Cu
    @(35.3650 mm, 25.3650 mm): Pad 4 [COL_B_11] of D131 on F.Cu
[unconnected_items]: Missing connection between items
    Local override; error
    @(35.3650 mm, 25.3650 mm): Pad 4 [COL_B_11] of D131 on F.Cu
    @(35.3650 mm, 27.8650 mm): Pad 4 [COL_B_11] of D151 on F.Cu
[unconnected_items]: Missing connection between items
    Local override; error
    @(35.3650 mm, 27.8650 mm): Pad 4 [COL_B_11] of D151 on F.Cu
    @(35.3650 mm, 30.3650 mm): Pad 4 [COL_B_11] of D171 on F.Cu
[unconnected_items]: Missing connection between items
    Local override; error
    @(35.3650 mm, 30.3650 mm): Pad 4 [COL_B_11] of D171 on F.Cu
    @(35.3650 mm, 32.8650 mm): Pad 4 [COL_B_11] of D191 on F.Cu
[unconnected_items]: Missing connection between items
    Local override; error
    @(35.3650 mm, 32.8650 mm): Pad 4 [COL_B_11] of D191 on F.Cu
    @(35.3650 mm, 35.3650 mm): Pad 4 [COL_B_11] of D211 on F.Cu
[unconnected_items]: Missing connection between items
    Local override; error
    @(35.3650 mm, 35.3650 mm): Pad 4 [COL_B_11] of D211 on F.Cu
    @(35.3650 mm, 37.8650 mm): Pad 4 [COL_B_11] of D231 on F.Cu
[unconnected_items]: Missing connection between items
    Local override; error
    @(35.3650 mm, 37.8650 mm): Pad 4 [COL_B_11] of D231 on F.Cu
    @(35.3650 mm, 40.3650 mm): Pad 4 [COL_B_11] of D251 on F.Cu
[unconnected_items]: Missing connection between items
    Local override; error
    @(35.3650 mm, 40.3650 mm): Pad 4 [COL_B_11] of D251 on F.Cu
    @(35.3650 mm, 42.8650 mm): Pad 4 [COL_B_11] of D271 on F.Cu
[unconnected_items]: Missing connection between items
    Local override; error
    @(35.3650 mm, 42.8650 mm): Pad 4 [COL_B_11] of D271 on F.Cu
    @(35.3650 mm, 45.3650 mm): Pad 4 [COL_B_11] of D291 on F.Cu
[unconnected_items]: Missing connection between items
    Local override; error
    @(35.3650 mm, 45.3650 mm): Pad 4 [COL_B_11] of D291 on F.Cu
    @(35.3650 mm, 47.8650 mm): Pad 4 [COL_B_11] of D311 on F.Cu
[unconnected_items]: Missing connection between items
    Local override; error
    @(35.3650 mm, 47.8650 mm): Pad 4 [COL_B_11] of D311 on F.Cu
    @(35.3650 mm, 50.3650 mm): Pad 4 [COL_B_11] of D331 on F.Cu
[unconnected_items]: Missing connection between items
    Local override; error
    @(35.3650 mm, 50.3650 mm): Pad 4 [COL_B_11] of D331 on F.Cu
    @(35.3650 mm, 52.8650 mm): Pad 4 [COL_B_11] of D351 on F.Cu
[unconnected_items]: Missing connection between items
    Local override; error
    @(35.3650 mm, 52.8650 mm): Pad 4 [COL_B_11] of D351 on F.Cu
    @(35.3650 mm, 55.3650 mm): Pad 4 [COL_B_11] of D371 on F.Cu
[unconnected_items]: Missing connection between items
    Local override; error
    @(35.3650 mm, 55.3650 mm): Pad 4 [COL_B_11] of D371 on F.Cu
    @(35.3650 mm, 57.8650 mm): Pad 4 [COL_B_11] of D391 on F.Cu
[unconnected_items]: Missing connection between items
    Local override; error
    @(11.1350 mm, 47.8650 mm): Pad 1 [ROW_16_ANODE] of D301 on F.Cu
    @(13.6350 mm, 47.8650 mm): Pad 1 [ROW_16_ANODE] of D302 on F.Cu
[unconnected_items]: Missing connection between items
    Local override; error
    @(13.6350 mm, 47.8650 mm): Pad 1 [ROW_16_ANODE] of D302 on F.Cu
    @(16.1350 mm, 47.8650 mm): Pad 1 [ROW_16_ANODE] of D303 on F.Cu
[unconnected_items]: Missing connection between items
    Local override; error
    @(16.1350 mm, 47.8650 mm): Pad 1 [ROW_16_ANODE] of D303 on F.Cu
    @(18.6350 mm, 47.8650 mm): Pad 1 [ROW_16_ANODE] of D304 on F.Cu
[unconnected_items]: Missing connection between items
    Local override; error
    @(18.6350 mm, 47.8650 mm): Pad 1 [ROW_16_ANODE] of D304 on F.Cu
    @(21.1350 mm, 47.8650 mm): Pad 1 [ROW_16_ANODE] of D305 on F.Cu
[unconnected_items]: Missing connection between items
    Local override; error
    @(21.1350 mm, 47.8650 mm): Pad 1 [ROW_16_ANODE] of D305 on F.Cu
    @(23.6350 mm, 47.8650 mm): Pad 1 [ROW_16_ANODE] of D306 on F.Cu
[unconnected_items]: Missing connection between items
    Local override; error
    @(23.6350 mm, 47.8650 mm): Pad 1 [ROW_16_ANODE] of D306 on F.Cu
    @(26.1350 mm, 47.8650 mm): Pad 1 [ROW_16_ANODE] of D307 on F.Cu
[unconnected_items]: Missing connection between items
    Local override; error
    @(26.1350 mm, 47.8650 mm): Pad 1 [ROW_16_ANODE] of D307 on F.Cu
    @(28.6350 mm, 47.8650 mm): Pad 1 [ROW_16_ANODE] of D308 on F.Cu
[unconnected_items]: Missing connection between items
    Local override; error
    @(28.6350 mm, 47.8650 mm): Pad 1 [ROW_16_ANODE] of D308 on F.Cu
    @(31.1350 mm, 47.8650 mm): Pad 1 [ROW_16_ANODE] of D309 on F.Cu
[unconnected_items]: Missing connection between items
    Local override; error
    @(31.1350 mm, 47.8650 mm): Pad 1 [ROW_16_ANODE] of D309 on F.Cu
    @(33.6350 mm, 47.8650 mm): Pad 1 [ROW_16_ANODE] of D310 on F.Cu
[unconnected_items]: Missing connection between items
    Local override; error
    @(33.6350 mm, 47.8650 mm): Pad 1 [ROW_16_ANODE] of D310 on F.Cu
    @(36.1350 mm, 47.8650 mm): Pad 1 [ROW_16_ANODE] of D311 on F.Cu
[unconnected_items]: Missing connection between items
    Local override; error
    @(36.1350 mm, 47.8650 mm): Pad 1 [ROW_16_ANODE] of D311 on F.Cu
    @(38.6350 mm, 47.8650 mm): Pad 1 [ROW_16_ANODE] of D312 on F.Cu
[unconnected_items]: Missing connection between items
    Local override; error
    @(38.6350 mm, 47.8650 mm): Pad 1 [ROW_16_ANODE] of D312 on F.Cu
    @(41.1350 mm, 47.8650 mm): Pad 1 [ROW_16_ANODE] of D313 on F.Cu
[unconnected_items]: Missing connection between items
    Local override; error
    @(41.1350 mm, 47.8650 mm): Pad 1 [ROW_16_ANODE] of D313 on F.Cu
    @(43.6350 mm, 47.8650 mm): Pad 1 [ROW_16_ANODE] of D314 on F.Cu
[unconnected_items]: Missing connection between items
    Local override; error
    @(43.6350 mm, 47.8650 mm): Pad 1 [ROW_16_ANODE] of D314 on F.Cu
    @(46.1350 mm, 47.8650 mm): Pad 1 [ROW_16_ANODE] of D315 on F.Cu
[unconnected_items]: Missing connection between items
    Local override; error
    @(46.1350 mm, 47.8650 mm): Pad 1 [ROW_16_ANODE] of D315 on F.Cu
    @(48.6350 mm, 47.8650 mm): Pad 1 [ROW_16_ANODE] of D316 on F.Cu
[unconnected_items]: Missing connection between items
    Local override; error
    @(48.6350 mm, 47.8650 mm): Pad 1 [ROW_16_ANODE] of D316 on F.Cu
    @(51.1350 mm, 47.8650 mm): Pad 1 [ROW_16_ANODE] of D317 on F.Cu
[unconnected_items]: Missing connection between items
    Local override; error
    @(51.1350 mm, 47.8650 mm): Pad 1 [ROW_16_ANODE] of D317 on F.Cu
    @(53.6350 mm, 47.8650 mm): Pad 1 [ROW_16_ANODE] of D318 on F.Cu
[unconnected_items]: Missing connection between items
    Local override; error
    @(53.6350 mm, 47.8650 mm): Pad 1 [ROW_16_ANODE] of D318 on F.Cu
    @(56.1350 mm, 47.8650 mm): Pad 1 [ROW_16_ANODE] of D319 on F.Cu
[unconnected_items]: Missing connection between items
    Local override; error
    @(56.1350 mm, 47.8650 mm): Pad 1 [ROW_16_ANODE] of D319 on F.Cu
    @(58.6350 mm, 47.8650 mm): Pad 1 [ROW_16_ANODE] of D320 on F.Cu
[unconnected_items]: Missing connection between items
    Local override; error
    @(53.6350 mm, 11.1350 mm): Pad 2 [COL_R_18] of D18 on F.Cu
    @(53.6350 mm, 13.6350 mm): Pad 2 [COL_R_18] of D38 on F.Cu
[unconnected_items]: Missing connection between items
    Local override; error
    @(53.6350 mm, 13.6350 mm): Pad 2 [COL_R_18] of D38 on F.Cu
    @(53.6350 mm, 16.1350 mm): Pad 2 [COL_R_18] of D58 on F.Cu
[unconnected_items]: Missing connection between items
    Local override; error
    @(53.6350 mm, 16.1350 mm): Pad 2 [COL_R_18] of D58 on F.Cu
    @(53.6350 mm, 18.6350 mm): Pad 2 [COL_R_18] of D78 on F.Cu
[unconnected_items]: Missing connection between items
    Local override; error
    @(53.6350 mm, 18.6350 mm): Pad 2 [COL_R_18] of D78 on F.Cu
    @(53.6350 mm, 21.1350 mm): Pad 2 [COL_R_18] of D98 on F.Cu
[unconnected_items]: Missing connection between items
    Local override; error
    @(53.6350 mm, 21.1350 mm): Pad 2 [COL_R_18] of D98 on F.Cu
    @(53.6350 mm, 23.6350 mm): Pad 2 [COL_R_18] of D118 on F.Cu
[unconnected_items]: Missing connection between items
    Local override; error
    @(53.6350 mm, 23.6350 mm): Pad 2 [COL_R_18] of D118 on F.Cu
    @(53.6350 mm, 26.1350 mm): Pad 2 [COL_R_18] of D138 on F.Cu
[unconnected_items]: Missing connection between items
    Local override; error
    @(53.6350 mm, 26.1350 mm): Pad 2 [COL_R_18] of D138 on F.Cu
    @(53.6350 mm, 28.6350 mm): Pad 2 [COL_R_18] of D158 on F.Cu
[unconnected_items]: Missing connection between items
    Local override; error
    @(53.6350 mm, 28.6350 mm): Pad 2 [COL_R_18] of D158 on F.Cu
    @(53.6350 mm, 31.1350 mm): Pad 2 [COL_R_18] of D178 on F.Cu
[unconnected_items]: Missing connection between items
    Local override; error
    @(53.6350 mm, 31.1350 mm): Pad 2 [COL_R_18] of D178 on F.Cu
    @(53.6350 mm, 33.6350 mm): Pad 2 [COL_R_18] of D198 on F.Cu
[unconnected_items]: Missing connection between items
    Local override; error
    @(53.6350 mm, 33.6350 mm): Pad 2 [COL_R_18] of D198 on F.Cu
    @(53.6350 mm, 36.1350 mm): Pad 2 [COL_R_18] of D218 on F.Cu
[unconnected_items]: Missing connection between items
    Local override; error
    @(53.6350 mm, 36.1350 mm): Pad 2 [COL_R_18] of D218 on F.Cu
    @(53.6350 mm, 38.6350 mm): Pad 2 [COL_R_18] of D238 on F.Cu
[unconnected_items]: Missing connection between items
    Local override; error
    @(53.6350 mm, 38.6350 mm): Pad 2 [COL_R_18] of D238 on F.Cu
    @(53.6350 mm, 41.1350 mm): Pad 2 [COL_R_18] of D258 on F.Cu
[unconnected_items]: Missing connection between items
    Local override; error
    @(53.6350 mm, 41.1350 mm): Pad 2 [COL_R_18] of D258 on F.Cu
    @(53.6350 mm, 43.6350 mm): Pad 2 [COL_R_18] of D278 on F.Cu
[unconnected_items]: Missing connection between items
    Local override; error
    @(53.6350 mm, 43.6350 mm): Pad 2 [COL_R_18] of D278 on F.Cu
    @(53.6350 mm, 46.1350 mm): Pad 2 [COL_R_18] of D298 on F.Cu
[unconnected_items]: Missing connection between items
    Local override; error
    @(53.6350 mm, 46.1350 mm): Pad 2 [COL_R_18] of D298 on F.Cu
    @(53.6350 mm, 48.6350 mm): Pad 2 [COL_R_18] of D318 on F.Cu
[unconnected_items]: Missing connection between items
    Local override; error
    @(53.6350 mm, 48.6350 mm): Pad 2 [COL_R_18] of D318 on F.Cu
    @(53.6350 mm, 51.1350 mm): Pad 2 [COL_R_18] of D338 on F.Cu
[unconnected_items]: Missing connection between items
    Local override; error
    @(53.6350 mm, 51.1350 mm): Pad 2 [COL_R_18] of D338 on F.Cu
    @(53.6350 mm, 53.6350 mm): Pad 2 [COL_R_18] of D358 on F.Cu
[unconnected_items]: Missing connection between items
    Local override; error
    @(53.6350 mm, 53.6350 mm): Pad 2 [COL_R_18] of D358 on F.Cu
    @(53.6350 mm, 56.1350 mm): Pad 2 [COL_R_18] of D378 on F.Cu
[unconnected_items]: Missing connection between items
    Local override; error
    @(53.6350 mm, 56.1350 mm): Pad 2 [COL_R_18] of D378 on F.Cu
    @(53.6350 mm, 58.6350 mm): Pad 2 [COL_R_18] of D398 on F.Cu
[unconnected_items]: Missing connection between items
    Local override; error
    @(52.8650 mm, 11.1350 mm): Pad 3 [COL_G_18] of D18 on F.Cu
    @(52.8650 mm, 13.6350 mm): Pad 3 [COL_G_18] of D38 on F.Cu
[unconnected_items]: Missing connection between items
    Local override; error
    @(52.8650 mm, 13.6350 mm): Pad 3 [COL_G_18] of D38 on F.Cu
    @(52.8650 mm, 16.1350 mm): Pad 3 [COL_G_18] of D58 on F.Cu
[unconnected_items]: Missing connection between items
    Local override; error
    @(52.8650 mm, 16.1350 mm): Pad 3 [COL_G_18] of D58 on F.Cu
    @(52.8650 mm, 18.6350 mm): Pad 3 [COL_G_18] of D78 on F.Cu
[unconnected_items]: Missing connection between items
    Local override; error
    @(52.8650 mm, 18.6350 mm): Pad 3 [COL_G_18] of D78 on F.Cu
    @(52.8650 mm, 21.1350 mm): Pad 3 [COL_G_18] of D98 on F.Cu
[unconnected_items]: Missing connection between items
    Local override; error
    @(52.8650 mm, 21.1350 mm): Pad 3 [COL_G_18] of D98 on F.Cu
    @(52.8650 mm, 23.6350 mm): Pad 3 [COL_G_18] of D118 on F.Cu
[unconnected_items]: Missing connection between items
    Local override; error
    @(52.8650 mm, 23.6350 mm): Pad 3 [COL_G_18] of D118 on F.Cu
    @(52.8650 mm, 26.1350 mm): Pad 3 [COL_G_18] of D138 on F.Cu
[unconnected_items]: Missing connection between items
    Local override; error
    @(52.8650 mm, 26.1350 mm): Pad 3 [COL_G_18] of D138 on F.Cu
    @(52.8650 mm, 28.6350 mm): Pad 3 [COL_G_18] of D158 on F.Cu
[unconnected_items]: Missing connection between items
    Local override; error
    @(52.8650 mm, 28.6350 mm): Pad 3 [COL_G_18] of D158 on F.Cu
    @(52.8650 mm, 31.1350 mm): Pad 3 [COL_G_18] of D178 on F.Cu
[unconnected_items]: Missing connection between items
    Local override; error
    @(52.8650 mm, 31.1350 mm): Pad 3 [COL_G_18] of D178 on F.Cu
    @(52.8650 mm, 33.6350 mm): Pad 3 [COL_G_18] of D198 on F.Cu
[unconnected_items]: Missing connection between items
    Local override; error
    @(52.8650 mm, 33.6350 mm): Pad 3 [COL_G_18] of D198 on F.Cu
    @(52.8650 mm, 36.1350 mm): Pad 3 [COL_G_18] of D218 on F.Cu
[unconnected_items]: Missing connection between items
    Local override; error
    @(52.8650 mm, 36.1350 mm): Pad 3 [COL_G_18] of D218 on F.Cu
    @(52.8650 mm, 38.6350 mm): Pad 3 [COL_G_18] of D238 on F.Cu
[unconnected_items]: Missing connection between items
    Local override; error
    @(52.8650 mm, 38.6350 mm): Pad 3 [COL_G_18] of D238 on F.Cu
    @(52.8650 mm, 41.1350 mm): Pad 3 [COL_G_18] of D258 on F.Cu
[unconnected_items]: Missing connection between items
    Local override; error
    @(52.8650 mm, 41.1350 mm): Pad 3 [COL_G_18] of D258 on F.Cu
    @(52.8650 mm, 43.6350 mm): Pad 3 [COL_G_18] of D278 on F.Cu
[unconnected_items]: Missing connection between items
    Local override; error
    @(52.8650 mm, 43.6350 mm): Pad 3 [COL_G_18] of D278 on F.Cu
    @(52.8650 mm, 46.1350 mm): Pad 3 [COL_G_18] of D298 on F.Cu
[unconnected_items]: Missing connection between items
    Local override; error
    @(52.8650 mm, 46.1350 mm): Pad 3 [COL_G_18] of D298 on F.Cu
    @(52.8650 mm, 48.6350 mm): Pad 3 [COL_G_18] of D318 on F.Cu
[unconnected_items]: Missing connection between items
    Local override; error
    @(52.8650 mm, 48.6350 mm): Pad 3 [COL_G_18] of D318 on F.Cu
    @(52.8650 mm, 51.1350 mm): Pad 3 [COL_G_18] of D338 on F.Cu
[unconnected_items]: Missing connection between items
    Local override; error
    @(52.8650 mm, 51.1350 mm): Pad 3 [COL_G_18] of D338 on F.Cu
    @(52.8650 mm, 53.6350 mm): Pad 3 [COL_G_18] of D358 on F.Cu
[unconnected_items]: Missing connection between items
    Local override; error
    @(52.8650 mm, 53.6350 mm): Pad 3 [COL_G_18] of D358 on F.Cu
    @(52.8650 mm, 56.1350 mm): Pad 3 [COL_G_18] of D378 on F.Cu
[unconnected_items]: Missing connection between items
    Local override; error
    @(52.8650 mm, 56.1350 mm): Pad 3 [COL_G_18] of D378 on F.Cu
    @(52.8650 mm, 58.6350 mm): Pad 3 [COL_G_18] of D398 on F.Cu
[unconnected_items]: Missing connection between items
    Local override; error
    @(52.8650 mm, 10.3650 mm): Pad 4 [COL_B_18] of D18 on F.Cu
    @(52.8650 mm, 12.8650 mm): Pad 4 [COL_B_18] of D38 on F.Cu
[unconnected_items]: Missing connection between items
    Local override; error
    @(52.8650 mm, 12.8650 mm): Pad 4 [COL_B_18] of D38 on F.Cu
    @(52.8650 mm, 15.3650 mm): Pad 4 [COL_B_18] of D58 on F.Cu
[unconnected_items]: Missing connection between items
    Local override; error
    @(52.8650 mm, 15.3650 mm): Pad 4 [COL_B_18] of D58 on F.Cu
    @(52.8650 mm, 17.8650 mm): Pad 4 [COL_B_18] of D78 on F.Cu
[unconnected_items]: Missing connection between items
    Local override; error
    @(52.8650 mm, 17.8650 mm): Pad 4 [COL_B_18] of D78 on F.Cu
    @(52.8650 mm, 20.3650 mm): Pad 4 [COL_B_18] of D98 on F.Cu
[unconnected_items]: Missing connection between items
    Local override; error
    @(52.8650 mm, 20.3650 mm): Pad 4 [COL_B_18] of D98 on F.Cu
    @(52.8650 mm, 22.8650 mm): Pad 4 [COL_B_18] of D118 on F.Cu
[unconnected_items]: Missing connection between items
    Local override; error
    @(52.8650 mm, 22.8650 mm): Pad 4 [COL_B_18] of D118 on F.Cu
    @(52.8650 mm, 25.3650 mm): Pad 4 [COL_B_18] of D138 on F.Cu
[unconnected_items]: Missing connection between items
    Local override; error
    @(52.8650 mm, 25.3650 mm): Pad 4 [COL_B_18] of D138 on F.Cu
    @(52.8650 mm, 27.8650 mm): Pad 4 [COL_B_18] of D158 on F.Cu
[unconnected_items]: Missing connection between items
    Local override; error
    @(52.8650 mm, 27.8650 mm): Pad 4 [COL_B_18] of D158 on F.Cu
    @(52.8650 mm, 30.3650 mm): Pad 4 [COL_B_18] of D178 on F.Cu
[unconnected_items]: Missing connection between items
    Local override; error
    @(52.8650 mm, 30.3650 mm): Pad 4 [COL_B_18] of D178 on F.Cu
    @(52.8650 mm, 32.8650 mm): Pad 4 [COL_B_18] of D198 on F.Cu
[unconnected_items]: Missing connection between items
    Local override; error
    @(52.8650 mm, 32.8650 mm): Pad 4 [COL_B_18] of D198 on F.Cu
    @(52.8650 mm, 35.3650 mm): Pad 4 [COL_B_18] of D218 on F.Cu
[unconnected_items]: Missing connection between items
    Local override; error
    @(52.8650 mm, 35.3650 mm): Pad 4 [COL_B_18] of D218 on F.Cu
    @(52.8650 mm, 37.8650 mm): Pad 4 [COL_B_18] of D238 on F.Cu
[unconnected_items]: Missing connection between items
    Local override; error
    @(52.8650 mm, 37.8650 mm): Pad 4 [COL_B_18] of D238 on F.Cu
    @(52.8650 mm, 40.3650 mm): Pad 4 [COL_B_18] of D258 on F.Cu
[unconnected_items]: Missing connection between items
    Local override; error
    @(52.8650 mm, 40.3650 mm): Pad 4 [COL_B_18] of D258 on F.Cu
    @(52.8650 mm, 42.8650 mm): Pad 4 [COL_B_18] of D278 on F.Cu
[unconnected_items]: Missing connection between items
    Local override; error
    @(52.8650 mm, 42.8650 mm): Pad 4 [COL_B_18] of D278 on F.Cu
    @(52.8650 mm, 45.3650 mm): Pad 4 [COL_B_18] of D298 on F.Cu
[unconnected_items]: Missing connection between items
    Local override; error
    @(52.8650 mm, 45.3650 mm): Pad 4 [COL_B_18] of D298 on F.Cu
    @(52.8650 mm, 47.8650 mm): Pad 4 [COL_B_18] of D318 on F.Cu
[unconnected_items]: Missing connection between items
    Local override; error
    @(52.8650 mm, 47.8650 mm): Pad 4 [COL_B_18] of D318 on F.Cu
    @(52.8650 mm, 50.3650 mm): Pad 4 [COL_B_18] of D338 on F.Cu
[unconnected_items]: Missing connection between items
    Local override; error
    @(52.8650 mm, 50.3650 mm): Pad 4 [COL_B_18] of D338 on F.Cu
    @(52.8650 mm, 52.8650 mm): Pad 4 [COL_B_18] of D358 on F.Cu
[unconnected_items]: Missing connection between items
    Local override; error
    @(52.8650 mm, 52.8650 mm): Pad 4 [COL_B_18] of D358 on F.Cu
    @(52.8650 mm, 55.3650 mm): Pad 4 [COL_B_18] of D378 on F.Cu
[unconnected_items]: Missing connection between items
    Local override; error
    @(52.8650 mm, 55.3650 mm): Pad 4 [COL_B_18] of D378 on F.Cu
    @(52.8650 mm, 57.8650 mm): Pad 4 [COL_B_18] of D398 on F.Cu
[unconnected_items]: Missing connection between items
    Local override; error
    @(11.1350 mm, 22.8650 mm): Pad 1 [ROW_06_ANODE] of D101 on F.Cu
    @(13.6350 mm, 22.8650 mm): Pad 1 [ROW_06_ANODE] of D102 on F.Cu
[unconnected_items]: Missing connection between items
    Local override; error
    @(13.6350 mm, 22.8650 mm): Pad 1 [ROW_06_ANODE] of D102 on F.Cu
    @(16.1350 mm, 22.8650 mm): Pad 1 [ROW_06_ANODE] of D103 on F.Cu
[unconnected_items]: Missing connection between items
    Local override; error
    @(16.1350 mm, 22.8650 mm): Pad 1 [ROW_06_ANODE] of D103 on F.Cu
    @(18.6350 mm, 22.8650 mm): Pad 1 [ROW_06_ANODE] of D104 on F.Cu
[unconnected_items]: Missing connection between items
    Local override; error
    @(18.6350 mm, 22.8650 mm): Pad 1 [ROW_06_ANODE] of D104 on F.Cu
    @(21.1350 mm, 22.8650 mm): Pad 1 [ROW_06_ANODE] of D105 on F.Cu
[unconnected_items]: Missing connection between items
    Local override; error
    @(21.1350 mm, 22.8650 mm): Pad 1 [ROW_06_ANODE] of D105 on F.Cu
    @(23.6350 mm, 22.8650 mm): Pad 1 [ROW_06_ANODE] of D106 on F.Cu
[unconnected_items]: Missing connection between items
    Local override; error
    @(23.6350 mm, 22.8650 mm): Pad 1 [ROW_06_ANODE] of D106 on F.Cu
    @(26.1350 mm, 22.8650 mm): Pad 1 [ROW_06_ANODE] of D107 on F.Cu
[unconnected_items]: Missing connection between items
    Local override; error
    @(26.1350 mm, 22.8650 mm): Pad 1 [ROW_06_ANODE] of D107 on F.Cu
    @(28.6350 mm, 22.8650 mm): Pad 1 [ROW_06_ANODE] of D108 on F.Cu
[unconnected_items]: Missing connection between items
    Local override; error
    @(28.6350 mm, 22.8650 mm): Pad 1 [ROW_06_ANODE] of D108 on F.Cu
    @(31.1350 mm, 22.8650 mm): Pad 1 [ROW_06_ANODE] of D109 on F.Cu
[unconnected_items]: Missing connection between items
    Local override; error
    @(31.1350 mm, 22.8650 mm): Pad 1 [ROW_06_ANODE] of D109 on F.Cu
    @(33.6350 mm, 22.8650 mm): Pad 1 [ROW_06_ANODE] of D110 on F.Cu
[unconnected_items]: Missing connection between items
    Local override; error
    @(33.6350 mm, 22.8650 mm): Pad 1 [ROW_06_ANODE] of D110 on F.Cu
    @(36.1350 mm, 22.8650 mm): Pad 1 [ROW_06_ANODE] of D111 on F.Cu
[unconnected_items]: Missing connection between items
    Local override; error
    @(36.1350 mm, 22.8650 mm): Pad 1 [ROW_06_ANODE] of D111 on F.Cu
    @(38.6350 mm, 22.8650 mm): Pad 1 [ROW_06_ANODE] of D112 on F.Cu
[unconnected_items]: Missing connection between items
    Local override; error
    @(38.6350 mm, 22.8650 mm): Pad 1 [ROW_06_ANODE] of D112 on F.Cu
    @(41.1350 mm, 22.8650 mm): Pad 1 [ROW_06_ANODE] of D113 on F.Cu
[unconnected_items]: Missing connection between items
    Local override; error
    @(41.1350 mm, 22.8650 mm): Pad 1 [ROW_06_ANODE] of D113 on F.Cu
    @(43.6350 mm, 22.8650 mm): Pad 1 [ROW_06_ANODE] of D114 on F.Cu
[unconnected_items]: Missing connection between items
    Local override; error
    @(43.6350 mm, 22.8650 mm): Pad 1 [ROW_06_ANODE] of D114 on F.Cu
    @(46.1350 mm, 22.8650 mm): Pad 1 [ROW_06_ANODE] of D115 on F.Cu
[unconnected_items]: Missing connection between items
    Local override; error
    @(46.1350 mm, 22.8650 mm): Pad 1 [ROW_06_ANODE] of D115 on F.Cu
    @(48.6350 mm, 22.8650 mm): Pad 1 [ROW_06_ANODE] of D116 on F.Cu
[unconnected_items]: Missing connection between items
    Local override; error
    @(48.6350 mm, 22.8650 mm): Pad 1 [ROW_06_ANODE] of D116 on F.Cu
    @(51.1350 mm, 22.8650 mm): Pad 1 [ROW_06_ANODE] of D117 on F.Cu
[unconnected_items]: Missing connection between items
    Local override; error
    @(51.1350 mm, 22.8650 mm): Pad 1 [ROW_06_ANODE] of D117 on F.Cu
    @(53.6350 mm, 22.8650 mm): Pad 1 [ROW_06_ANODE] of D118 on F.Cu
[unconnected_items]: Missing connection between items
    Local override; error
    @(53.6350 mm, 22.8650 mm): Pad 1 [ROW_06_ANODE] of D118 on F.Cu
    @(56.1350 mm, 22.8650 mm): Pad 1 [ROW_06_ANODE] of D119 on F.Cu
[unconnected_items]: Missing connection between items
    Local override; error
    @(56.1350 mm, 22.8650 mm): Pad 1 [ROW_06_ANODE] of D119 on F.Cu
    @(58.6350 mm, 22.8650 mm): Pad 1 [ROW_06_ANODE] of D120 on F.Cu
[unconnected_items]: Missing connection between items
    Local override; error
    @(33.6350 mm, 11.1350 mm): Pad 2 [COL_R_10] of D10 on F.Cu
    @(33.6350 mm, 13.6350 mm): Pad 2 [COL_R_10] of D30 on F.Cu
[unconnected_items]: Missing connection between items
    Local override; error
    @(33.6350 mm, 13.6350 mm): Pad 2 [COL_R_10] of D30 on F.Cu
    @(33.6350 mm, 16.1350 mm): Pad 2 [COL_R_10] of D50 on F.Cu
[unconnected_items]: Missing connection between items
    Local override; error
    @(33.6350 mm, 16.1350 mm): Pad 2 [COL_R_10] of D50 on F.Cu
    @(33.6350 mm, 18.6350 mm): Pad 2 [COL_R_10] of D70 on F.Cu
[unconnected_items]: Missing connection between items
    Local override; error
    @(33.6350 mm, 18.6350 mm): Pad 2 [COL_R_10] of D70 on F.Cu
    @(33.6350 mm, 21.1350 mm): Pad 2 [COL_R_10] of D90 on F.Cu
[unconnected_items]: Missing connection between items
    Local override; error
    @(33.6350 mm, 21.1350 mm): Pad 2 [COL_R_10] of D90 on F.Cu
    @(33.6350 mm, 23.6350 mm): Pad 2 [COL_R_10] of D110 on F.Cu
[unconnected_items]: Missing connection between items
    Local override; error
    @(33.6350 mm, 23.6350 mm): Pad 2 [COL_R_10] of D110 on F.Cu
    @(33.6350 mm, 26.1350 mm): Pad 2 [COL_R_10] of D130 on F.Cu
[unconnected_items]: Missing connection between items
    Local override; error
    @(33.6350 mm, 26.1350 mm): Pad 2 [COL_R_10] of D130 on F.Cu
    @(33.6350 mm, 28.6350 mm): Pad 2 [COL_R_10] of D150 on F.Cu
[unconnected_items]: Missing connection between items
    Local override; error
    @(33.6350 mm, 28.6350 mm): Pad 2 [COL_R_10] of D150 on F.Cu
    @(33.6350 mm, 31.1350 mm): Pad 2 [COL_R_10] of D170 on F.Cu
[unconnected_items]: Missing connection between items
    Local override; error
    @(33.6350 mm, 31.1350 mm): Pad 2 [COL_R_10] of D170 on F.Cu
    @(33.6350 mm, 33.6350 mm): Pad 2 [COL_R_10] of D190 on F.Cu
[unconnected_items]: Missing connection between items
    Local override; error
    @(33.6350 mm, 33.6350 mm): Pad 2 [COL_R_10] of D190 on F.Cu
    @(33.6350 mm, 36.1350 mm): Pad 2 [COL_R_10] of D210 on F.Cu
[unconnected_items]: Missing connection between items
    Local override; error
    @(33.6350 mm, 36.1350 mm): Pad 2 [COL_R_10] of D210 on F.Cu
    @(33.6350 mm, 38.6350 mm): Pad 2 [COL_R_10] of D230 on F.Cu
[unconnected_items]: Missing connection between items
    Local override; error
    @(33.6350 mm, 38.6350 mm): Pad 2 [COL_R_10] of D230 on F.Cu
    @(33.6350 mm, 41.1350 mm): Pad 2 [COL_R_10] of D250 on F.Cu
[unconnected_items]: Missing connection between items
    Local override; error
    @(33.6350 mm, 41.1350 mm): Pad 2 [COL_R_10] of D250 on F.Cu
    @(33.6350 mm, 43.6350 mm): Pad 2 [COL_R_10] of D270 on F.Cu
[unconnected_items]: Missing connection between items
    Local override; error
    @(33.6350 mm, 43.6350 mm): Pad 2 [COL_R_10] of D270 on F.Cu
    @(33.6350 mm, 46.1350 mm): Pad 2 [COL_R_10] of D290 on F.Cu
[unconnected_items]: Missing connection between items
    Local override; error
    @(33.6350 mm, 46.1350 mm): Pad 2 [COL_R_10] of D290 on F.Cu
    @(33.6350 mm, 48.6350 mm): Pad 2 [COL_R_10] of D310 on F.Cu
[unconnected_items]: Missing connection between items
    Local override; error
    @(33.6350 mm, 48.6350 mm): Pad 2 [COL_R_10] of D310 on F.Cu
    @(33.6350 mm, 51.1350 mm): Pad 2 [COL_R_10] of D330 on F.Cu
[unconnected_items]: Missing connection between items
    Local override; error
    @(33.6350 mm, 51.1350 mm): Pad 2 [COL_R_10] of D330 on F.Cu
    @(33.6350 mm, 53.6350 mm): Pad 2 [COL_R_10] of D350 on F.Cu
[unconnected_items]: Missing connection between items
    Local override; error
    @(33.6350 mm, 53.6350 mm): Pad 2 [COL_R_10] of D350 on F.Cu
    @(33.6350 mm, 56.1350 mm): Pad 2 [COL_R_10] of D370 on F.Cu
[unconnected_items]: Missing connection between items
    Local override; error
    @(33.6350 mm, 56.1350 mm): Pad 2 [COL_R_10] of D370 on F.Cu
    @(33.6350 mm, 58.6350 mm): Pad 2 [COL_R_10] of D390 on F.Cu
[unconnected_items]: Missing connection between items
    Local override; error
    @(32.8650 mm, 11.1350 mm): Pad 3 [COL_G_10] of D10 on F.Cu
    @(32.8650 mm, 13.6350 mm): Pad 3 [COL_G_10] of D30 on F.Cu
[unconnected_items]: Missing connection between items
    Local override; error
    @(32.8650 mm, 13.6350 mm): Pad 3 [COL_G_10] of D30 on F.Cu
    @(32.8650 mm, 16.1350 mm): Pad 3 [COL_G_10] of D50 on F.Cu
[unconnected_items]: Missing connection between items
    Local override; error
    @(32.8650 mm, 16.1350 mm): Pad 3 [COL_G_10] of D50 on F.Cu
    @(32.8650 mm, 18.6350 mm): Pad 3 [COL_G_10] of D70 on F.Cu
[unconnected_items]: Missing connection between items
    Local override; error
    @(32.8650 mm, 18.6350 mm): Pad 3 [COL_G_10] of D70 on F.Cu
    @(32.8650 mm, 21.1350 mm): Pad 3 [COL_G_10] of D90 on F.Cu
[unconnected_items]: Missing connection between items
    Local override; error
    @(32.8650 mm, 21.1350 mm): Pad 3 [COL_G_10] of D90 on F.Cu
    @(32.8650 mm, 23.6350 mm): Pad 3 [COL_G_10] of D110 on F.Cu
[unconnected_items]: Missing connection between items
    Local override; error
    @(32.8650 mm, 23.6350 mm): Pad 3 [COL_G_10] of D110 on F.Cu
    @(32.8650 mm, 26.1350 mm): Pad 3 [COL_G_10] of D130 on F.Cu
[unconnected_items]: Missing connection between items
    Local override; error
    @(32.8650 mm, 26.1350 mm): Pad 3 [COL_G_10] of D130 on F.Cu
    @(32.8650 mm, 28.6350 mm): Pad 3 [COL_G_10] of D150 on F.Cu
[unconnected_items]: Missing connection between items
    Local override; error
    @(32.8650 mm, 28.6350 mm): Pad 3 [COL_G_10] of D150 on F.Cu
    @(32.8650 mm, 31.1350 mm): Pad 3 [COL_G_10] of D170 on F.Cu
[unconnected_items]: Missing connection between items
    Local override; error
    @(32.8650 mm, 31.1350 mm): Pad 3 [COL_G_10] of D170 on F.Cu
    @(32.8650 mm, 33.6350 mm): Pad 3 [COL_G_10] of D190 on F.Cu
[unconnected_items]: Missing connection between items
    Local override; error
    @(32.8650 mm, 33.6350 mm): Pad 3 [COL_G_10] of D190 on F.Cu
    @(32.8650 mm, 36.1350 mm): Pad 3 [COL_G_10] of D210 on F.Cu
[unconnected_items]: Missing connection between items
    Local override; error
    @(32.8650 mm, 36.1350 mm): Pad 3 [COL_G_10] of D210 on F.Cu
    @(32.8650 mm, 38.6350 mm): Pad 3 [COL_G_10] of D230 on F.Cu
[unconnected_items]: Missing connection between items
    Local override; error
    @(32.8650 mm, 38.6350 mm): Pad 3 [COL_G_10] of D230 on F.Cu
    @(32.8650 mm, 41.1350 mm): Pad 3 [COL_G_10] of D250 on F.Cu
[unconnected_items]: Missing connection between items
    Local override; error
    @(32.8650 mm, 41.1350 mm): Pad 3 [COL_G_10] of D250 on F.Cu
    @(32.8650 mm, 43.6350 mm): Pad 3 [COL_G_10] of D270 on F.Cu
[unconnected_items]: Missing connection between items
    Local override; error
    @(32.8650 mm, 43.6350 mm): Pad 3 [COL_G_10] of D270 on F.Cu
    @(32.8650 mm, 46.1350 mm): Pad 3 [COL_G_10] of D290 on F.Cu
[unconnected_items]: Missing connection between items
    Local override; error
    @(32.8650 mm, 46.1350 mm): Pad 3 [COL_G_10] of D290 on F.Cu
    @(32.8650 mm, 48.6350 mm): Pad 3 [COL_G_10] of D310 on F.Cu
[unconnected_items]: Missing connection between items
    Local override; error
    @(32.8650 mm, 48.6350 mm): Pad 3 [COL_G_10] of D310 on F.Cu
    @(32.8650 mm, 51.1350 mm): Pad 3 [COL_G_10] of D330 on F.Cu
[unconnected_items]: Missing connection between items
    Local override; error
    @(32.8650 mm, 51.1350 mm): Pad 3 [COL_G_10] of D330 on F.Cu
    @(32.8650 mm, 53.6350 mm): Pad 3 [COL_G_10] of D350 on F.Cu
[unconnected_items]: Missing connection between items
    Local override; error
    @(32.8650 mm, 53.6350 mm): Pad 3 [COL_G_10] of D350 on F.Cu
    @(32.8650 mm, 56.1350 mm): Pad 3 [COL_G_10] of D370 on F.Cu
[unconnected_items]: Missing connection between items
    Local override; error
    @(32.8650 mm, 56.1350 mm): Pad 3 [COL_G_10] of D370 on F.Cu
    @(32.8650 mm, 58.6350 mm): Pad 3 [COL_G_10] of D390 on F.Cu
[unconnected_items]: Missing connection between items
    Local override; error
    @(32.8650 mm, 10.3650 mm): Pad 4 [COL_B_10] of D10 on F.Cu
    @(32.8650 mm, 12.8650 mm): Pad 4 [COL_B_10] of D30 on F.Cu
[unconnected_items]: Missing connection between items
    Local override; error
    @(32.8650 mm, 12.8650 mm): Pad 4 [COL_B_10] of D30 on F.Cu
    @(32.8650 mm, 15.3650 mm): Pad 4 [COL_B_10] of D50 on F.Cu
[unconnected_items]: Missing connection between items
    Local override; error
    @(32.8650 mm, 15.3650 mm): Pad 4 [COL_B_10] of D50 on F.Cu
    @(32.8650 mm, 17.8650 mm): Pad 4 [COL_B_10] of D70 on F.Cu
[unconnected_items]: Missing connection between items
    Local override; error
    @(32.8650 mm, 17.8650 mm): Pad 4 [COL_B_10] of D70 on F.Cu
    @(32.8650 mm, 20.3650 mm): Pad 4 [COL_B_10] of D90 on F.Cu
[unconnected_items]: Missing connection between items
    Local override; error
    @(32.8650 mm, 20.3650 mm): Pad 4 [COL_B_10] of D90 on F.Cu
    @(32.8650 mm, 22.8650 mm): Pad 4 [COL_B_10] of D110 on F.Cu
[unconnected_items]: Missing connection between items
    Local override; error
    @(32.8650 mm, 22.8650 mm): Pad 4 [COL_B_10] of D110 on F.Cu
    @(32.8650 mm, 25.3650 mm): Pad 4 [COL_B_10] of D130 on F.Cu
[unconnected_items]: Missing connection between items
    Local override; error
    @(32.8650 mm, 25.3650 mm): Pad 4 [COL_B_10] of D130 on F.Cu
    @(32.8650 mm, 27.8650 mm): Pad 4 [COL_B_10] of D150 on F.Cu
[unconnected_items]: Missing connection between items
    Local override; error
    @(32.8650 mm, 27.8650 mm): Pad 4 [COL_B_10] of D150 on F.Cu
    @(32.8650 mm, 30.3650 mm): Pad 4 [COL_B_10] of D170 on F.Cu
[unconnected_items]: Missing connection between items
    Local override; error
    @(32.8650 mm, 30.3650 mm): Pad 4 [COL_B_10] of D170 on F.Cu
    @(32.8650 mm, 32.8650 mm): Pad 4 [COL_B_10] of D190 on F.Cu
[unconnected_items]: Missing connection between items
    Local override; error
    @(32.8650 mm, 32.8650 mm): Pad 4 [COL_B_10] of D190 on F.Cu
    @(32.8650 mm, 35.3650 mm): Pad 4 [COL_B_10] of D210 on F.Cu
[unconnected_items]: Missing connection between items
    Local override; error
    @(32.8650 mm, 35.3650 mm): Pad 4 [COL_B_10] of D210 on F.Cu
    @(32.8650 mm, 37.8650 mm): Pad 4 [COL_B_10] of D230 on F.Cu
[unconnected_items]: Missing connection between items
    Local override; error
    @(32.8650 mm, 37.8650 mm): Pad 4 [COL_B_10] of D230 on F.Cu
    @(32.8650 mm, 40.3650 mm): Pad 4 [COL_B_10] of D250 on F.Cu
[unconnected_items]: Missing connection between items
    Local override; error
    @(32.8650 mm, 40.3650 mm): Pad 4 [COL_B_10] of D250 on F.Cu
    @(32.8650 mm, 42.8650 mm): Pad 4 [COL_B_10] of D270 on F.Cu
[unconnected_items]: Missing connection between items
    Local override; error
    @(32.8650 mm, 42.8650 mm): Pad 4 [COL_B_10] of D270 on F.Cu
    @(32.8650 mm, 45.3650 mm): Pad 4 [COL_B_10] of D290 on F.Cu
[unconnected_items]: Missing connection between items
    Local override; error
    @(32.8650 mm, 45.3650 mm): Pad 4 [COL_B_10] of D290 on F.Cu
    @(32.8650 mm, 47.8650 mm): Pad 4 [COL_B_10] of D310 on F.Cu
[unconnected_items]: Missing connection between items
    Local override; error
    @(32.8650 mm, 47.8650 mm): Pad 4 [COL_B_10] of D310 on F.Cu
    @(32.8650 mm, 50.3650 mm): Pad 4 [COL_B_10] of D330 on F.Cu
[unconnected_items]: Missing connection between items
    Local override; error
    @(32.8650 mm, 50.3650 mm): Pad 4 [COL_B_10] of D330 on F.Cu
    @(32.8650 mm, 52.8650 mm): Pad 4 [COL_B_10] of D350 on F.Cu
[unconnected_items]: Missing connection between items
    Local override; error
    @(32.8650 mm, 52.8650 mm): Pad 4 [COL_B_10] of D350 on F.Cu
    @(32.8650 mm, 55.3650 mm): Pad 4 [COL_B_10] of D370 on F.Cu
[unconnected_items]: Missing connection between items
    Local override; error
    @(32.8650 mm, 55.3650 mm): Pad 4 [COL_B_10] of D370 on F.Cu
    @(32.8650 mm, 57.8650 mm): Pad 4 [COL_B_10] of D390 on F.Cu
[unconnected_items]: Missing connection between items
    Local override; error
    @(11.1350 mm, 52.8650 mm): Pad 1 [ROW_18_ANODE] of D341 on F.Cu
    @(13.6350 mm, 52.8650 mm): Pad 1 [ROW_18_ANODE] of D342 on F.Cu
[unconnected_items]: Missing connection between items
    Local override; error
    @(13.6350 mm, 52.8650 mm): Pad 1 [ROW_18_ANODE] of D342 on F.Cu
    @(16.1350 mm, 52.8650 mm): Pad 1 [ROW_18_ANODE] of D343 on F.Cu
[unconnected_items]: Missing connection between items
    Local override; error
    @(16.1350 mm, 52.8650 mm): Pad 1 [ROW_18_ANODE] of D343 on F.Cu
    @(18.6350 mm, 52.8650 mm): Pad 1 [ROW_18_ANODE] of D344 on F.Cu
[unconnected_items]: Missing connection between items
    Local override; error
    @(18.6350 mm, 52.8650 mm): Pad 1 [ROW_18_ANODE] of D344 on F.Cu
    @(21.1350 mm, 52.8650 mm): Pad 1 [ROW_18_ANODE] of D345 on F.Cu
[unconnected_items]: Missing connection between items
    Local override; error
    @(21.1350 mm, 52.8650 mm): Pad 1 [ROW_18_ANODE] of D345 on F.Cu
    @(23.6350 mm, 52.8650 mm): Pad 1 [ROW_18_ANODE] of D346 on F.Cu
[unconnected_items]: Missing connection between items
    Local override; error
    @(23.6350 mm, 52.8650 mm): Pad 1 [ROW_18_ANODE] of D346 on F.Cu
    @(26.1350 mm, 52.8650 mm): Pad 1 [ROW_18_ANODE] of D347 on F.Cu
[unconnected_items]: Missing connection between items
    Local override; error
    @(26.1350 mm, 52.8650 mm): Pad 1 [ROW_18_ANODE] of D347 on F.Cu
    @(28.6350 mm, 52.8650 mm): Pad 1 [ROW_18_ANODE] of D348 on F.Cu
[unconnected_items]: Missing connection between items
    Local override; error
    @(28.6350 mm, 52.8650 mm): Pad 1 [ROW_18_ANODE] of D348 on F.Cu
    @(31.1350 mm, 52.8650 mm): Pad 1 [ROW_18_ANODE] of D349 on F.Cu
[unconnected_items]: Missing connection between items
    Local override; error
    @(31.1350 mm, 52.8650 mm): Pad 1 [ROW_18_ANODE] of D349 on F.Cu
    @(33.6350 mm, 52.8650 mm): Pad 1 [ROW_18_ANODE] of D350 on F.Cu
[unconnected_items]: Missing connection between items
    Local override; error
    @(33.6350 mm, 52.8650 mm): Pad 1 [ROW_18_ANODE] of D350 on F.Cu
    @(36.1350 mm, 52.8650 mm): Pad 1 [ROW_18_ANODE] of D351 on F.Cu
[unconnected_items]: Missing connection between items
    Local override; error
    @(36.1350 mm, 52.8650 mm): Pad 1 [ROW_18_ANODE] of D351 on F.Cu
    @(38.6350 mm, 52.8650 mm): Pad 1 [ROW_18_ANODE] of D352 on F.Cu
[unconnected_items]: Missing connection between items
    Local override; error
    @(38.6350 mm, 52.8650 mm): Pad 1 [ROW_18_ANODE] of D352 on F.Cu
    @(41.1350 mm, 52.8650 mm): Pad 1 [ROW_18_ANODE] of D353 on F.Cu
[unconnected_items]: Missing connection between items
    Local override; error
    @(41.1350 mm, 52.8650 mm): Pad 1 [ROW_18_ANODE] of D353 on F.Cu
    @(43.6350 mm, 52.8650 mm): Pad 1 [ROW_18_ANODE] of D354 on F.Cu
[unconnected_items]: Missing connection between items
    Local override; error
    @(43.6350 mm, 52.8650 mm): Pad 1 [ROW_18_ANODE] of D354 on F.Cu
    @(46.1350 mm, 52.8650 mm): Pad 1 [ROW_18_ANODE] of D355 on F.Cu
[unconnected_items]: Missing connection between items
    Local override; error
    @(46.1350 mm, 52.8650 mm): Pad 1 [ROW_18_ANODE] of D355 on F.Cu
    @(48.6350 mm, 52.8650 mm): Pad 1 [ROW_18_ANODE] of D356 on F.Cu
[unconnected_items]: Missing connection between items
    Local override; error
    @(48.6350 mm, 52.8650 mm): Pad 1 [ROW_18_ANODE] of D356 on F.Cu
    @(51.1350 mm, 52.8650 mm): Pad 1 [ROW_18_ANODE] of D357 on F.Cu
[unconnected_items]: Missing connection between items
    Local override; error
    @(51.1350 mm, 52.8650 mm): Pad 1 [ROW_18_ANODE] of D357 on F.Cu
    @(53.6350 mm, 52.8650 mm): Pad 1 [ROW_18_ANODE] of D358 on F.Cu
[unconnected_items]: Missing connection between items
    Local override; error
    @(53.6350 mm, 52.8650 mm): Pad 1 [ROW_18_ANODE] of D358 on F.Cu
    @(56.1350 mm, 52.8650 mm): Pad 1 [ROW_18_ANODE] of D359 on F.Cu
[unconnected_items]: Missing connection between items
    Local override; error
    @(56.1350 mm, 52.8650 mm): Pad 1 [ROW_18_ANODE] of D359 on F.Cu
    @(58.6350 mm, 52.8650 mm): Pad 1 [ROW_18_ANODE] of D360 on F.Cu
[unconnected_items]: Missing connection between items
    Local override; error
    @(58.6350 mm, 13.6350 mm): Pad 2 [COL_R_20] of D40 on F.Cu
    @(58.6350 mm, 11.1350 mm): Pad 2 [COL_R_20] of D20 on F.Cu
[unconnected_items]: Missing connection between items
    Local override; error
    @(58.6350 mm, 16.1350 mm): Pad 2 [COL_R_20] of D60 on F.Cu
    @(58.6350 mm, 13.6350 mm): Pad 2 [COL_R_20] of D40 on F.Cu
[unconnected_items]: Missing connection between items
    Local override; error
    @(58.6350 mm, 18.6350 mm): Pad 2 [COL_R_20] of D80 on F.Cu
    @(58.6350 mm, 16.1350 mm): Pad 2 [COL_R_20] of D60 on F.Cu
[unconnected_items]: Missing connection between items
    Local override; error
    @(58.6350 mm, 21.1350 mm): Pad 2 [COL_R_20] of D100 on F.Cu
    @(58.6350 mm, 18.6350 mm): Pad 2 [COL_R_20] of D80 on F.Cu
[unconnected_items]: Missing connection between items
    Local override; error
    @(58.6350 mm, 23.6350 mm): Pad 2 [COL_R_20] of D120 on F.Cu
    @(58.6350 mm, 21.1350 mm): Pad 2 [COL_R_20] of D100 on F.Cu
[unconnected_items]: Missing connection between items
    Local override; error
    @(58.6350 mm, 26.1350 mm): Pad 2 [COL_R_20] of D140 on F.Cu
    @(58.6350 mm, 23.6350 mm): Pad 2 [COL_R_20] of D120 on F.Cu
[unconnected_items]: Missing connection between items
    Local override; error
    @(58.6350 mm, 28.6350 mm): Pad 2 [COL_R_20] of D160 on F.Cu
    @(58.6350 mm, 26.1350 mm): Pad 2 [COL_R_20] of D140 on F.Cu
[unconnected_items]: Missing connection between items
    Local override; error
    @(58.6350 mm, 31.1350 mm): Pad 2 [COL_R_20] of D180 on F.Cu
    @(58.6350 mm, 28.6350 mm): Pad 2 [COL_R_20] of D160 on F.Cu
[unconnected_items]: Missing connection between items
    Local override; error
    @(58.6350 mm, 33.6350 mm): Pad 2 [COL_R_20] of D200 on F.Cu
    @(58.6350 mm, 31.1350 mm): Pad 2 [COL_R_20] of D180 on F.Cu
[unconnected_items]: Missing connection between items
    Local override; error
    @(58.6350 mm, 36.1350 mm): Pad 2 [COL_R_20] of D220 on F.Cu
    @(58.6350 mm, 33.6350 mm): Pad 2 [COL_R_20] of D200 on F.Cu
[unconnected_items]: Missing connection between items
    Local override; error
    @(58.6350 mm, 38.6350 mm): Pad 2 [COL_R_20] of D240 on F.Cu
    @(58.6350 mm, 36.1350 mm): Pad 2 [COL_R_20] of D220 on F.Cu
[unconnected_items]: Missing connection between items
    Local override; error
    @(58.6350 mm, 41.1350 mm): Pad 2 [COL_R_20] of D260 on F.Cu
    @(58.6350 mm, 38.6350 mm): Pad 2 [COL_R_20] of D240 on F.Cu
[unconnected_items]: Missing connection between items
    Local override; error
    @(58.6350 mm, 43.6350 mm): Pad 2 [COL_R_20] of D280 on F.Cu
    @(58.6350 mm, 41.1350 mm): Pad 2 [COL_R_20] of D260 on F.Cu
[unconnected_items]: Missing connection between items
    Local override; error
    @(58.6350 mm, 46.1350 mm): Pad 2 [COL_R_20] of D300 on F.Cu
    @(58.6350 mm, 43.6350 mm): Pad 2 [COL_R_20] of D280 on F.Cu
[unconnected_items]: Missing connection between items
    Local override; error
    @(58.6350 mm, 48.6350 mm): Pad 2 [COL_R_20] of D320 on F.Cu
    @(58.6350 mm, 46.1350 mm): Pad 2 [COL_R_20] of D300 on F.Cu
[unconnected_items]: Missing connection between items
    Local override; error
    @(58.6350 mm, 51.1350 mm): Pad 2 [COL_R_20] of D340 on F.Cu
    @(58.6350 mm, 48.6350 mm): Pad 2 [COL_R_20] of D320 on F.Cu
[unconnected_items]: Missing connection between items
    Local override; error
    @(58.6350 mm, 53.6350 mm): Pad 2 [COL_R_20] of D360 on F.Cu
    @(57.8750 mm, 54.8250 mm): Track [COL_R_20] on B.Cu, length 2.5000 mm
[unconnected_items]: Missing connection between items
    Local override; error
    @(58.6350 mm, 53.6350 mm): Pad 2 [COL_R_20] of D360 on F.Cu
    @(58.6350 mm, 51.1350 mm): Pad 2 [COL_R_20] of D340 on F.Cu
[unconnected_items]: Missing connection between items
    Local override; error
    @(57.8650 mm, 11.1350 mm): Pad 3 [COL_G_20] of D20 on F.Cu
    @(57.8650 mm, 13.6350 mm): Pad 3 [COL_G_20] of D40 on F.Cu
[unconnected_items]: Missing connection between items
    Local override; error
    @(57.8650 mm, 13.6350 mm): Pad 3 [COL_G_20] of D40 on F.Cu
    @(57.8650 mm, 16.1350 mm): Pad 3 [COL_G_20] of D60 on F.Cu
[unconnected_items]: Missing connection between items
    Local override; error
    @(57.8650 mm, 16.1350 mm): Pad 3 [COL_G_20] of D60 on F.Cu
    @(57.8650 mm, 18.6350 mm): Pad 3 [COL_G_20] of D80 on F.Cu
[unconnected_items]: Missing connection between items
    Local override; error
    @(57.8650 mm, 18.6350 mm): Pad 3 [COL_G_20] of D80 on F.Cu
    @(57.8650 mm, 21.1350 mm): Pad 3 [COL_G_20] of D100 on F.Cu
[unconnected_items]: Missing connection between items
    Local override; error
    @(57.8650 mm, 21.1350 mm): Pad 3 [COL_G_20] of D100 on F.Cu
    @(57.8650 mm, 23.6350 mm): Pad 3 [COL_G_20] of D120 on F.Cu
[unconnected_items]: Missing connection between items
    Local override; error
    @(57.8650 mm, 23.6350 mm): Pad 3 [COL_G_20] of D120 on F.Cu
    @(57.8650 mm, 26.1350 mm): Pad 3 [COL_G_20] of D140 on F.Cu

** Found 0 Footprint errors **

** Ignored checks **
    - Footprint has no courtyard defined
    - Track endpoint not centered on via
    - Tuning profile track geometries
    - Footprint doesn't match symbol's footprint filters
    - Footprint component type doesn't match footprint pads

** End of Report **
