** Drc report for wearable_28x28_top_right_column_boundary_routing_probe.kicad_pcb **
** Created on 2026-10-08T04:40:30 **
** Report includes: Errors, Warnings **

** Found 0 DRC violations **

** Found 499 unconnected pads **
[unconnected_items]: Missing connection between items
    Local override; error
    @(1.2850 mm, 40.1150 mm): Pad 1 [ROW_19_ANODE] of D505 on F.Cu
    @(3.4850 mm, 40.1150 mm): Pad 1 [ROW_19_ANODE] of D506 on F.Cu
[unconnected_items]: Missing connection between items
    Local override; error
    @(3.4850 mm, 40.1150 mm): Pad 1 [ROW_19_ANODE] of D506 on F.Cu
    @(5.6850 mm, 40.1150 mm): Pad 1 [ROW_19_ANODE] of D507 on F.Cu
[unconnected_items]: Missing connection between items
    Local override; error
    @(5.6850 mm, 40.1150 mm): Pad 1 [ROW_19_ANODE] of D507 on F.Cu
    @(7.8850 mm, 40.1150 mm): Pad 1 [ROW_19_ANODE] of D508 on F.Cu
[unconnected_items]: Missing connection between items
    Local override; error
    @(7.8850 mm, 40.1150 mm): Pad 1 [ROW_19_ANODE] of D508 on F.Cu
    @(10.0850 mm, 40.1150 mm): Pad 1 [ROW_19_ANODE] of D509 on F.Cu
[unconnected_items]: Missing connection between items
    Local override; error
    @(10.0850 mm, 40.1150 mm): Pad 1 [ROW_19_ANODE] of D509 on F.Cu
    @(12.2850 mm, 40.1150 mm): Pad 1 [ROW_19_ANODE] of D510 on F.Cu
[unconnected_items]: Missing connection between items
    Local override; error
    @(12.2850 mm, 40.1150 mm): Pad 1 [ROW_19_ANODE] of D510 on F.Cu
    @(14.4850 mm, 40.1150 mm): Pad 1 [ROW_19_ANODE] of D511 on F.Cu
[unconnected_items]: Missing connection between items
    Local override; error
    @(14.4850 mm, 40.1150 mm): Pad 1 [ROW_19_ANODE] of D511 on F.Cu
    @(16.6850 mm, 40.1150 mm): Pad 1 [ROW_19_ANODE] of D512 on F.Cu
[unconnected_items]: Missing connection between items
    Local override; error
    @(16.6850 mm, 40.1150 mm): Pad 1 [ROW_19_ANODE] of D512 on F.Cu
    @(18.8850 mm, 40.1150 mm): Pad 1 [ROW_19_ANODE] of D513 on F.Cu
[unconnected_items]: Missing connection between items
    Local override; error
    @(18.8850 mm, 40.1150 mm): Pad 1 [ROW_19_ANODE] of D513 on F.Cu
    @(21.0850 mm, 40.1150 mm): Pad 1 [ROW_19_ANODE] of D514 on F.Cu
[unconnected_items]: Missing connection between items
    Local override; error
    @(21.0850 mm, 40.1150 mm): Pad 1 [ROW_19_ANODE] of D514 on F.Cu
    @(23.2850 mm, 40.1150 mm): Pad 1 [ROW_19_ANODE] of D515 on F.Cu
[unconnected_items]: Missing connection between items
    Local override; error
    @(23.2850 mm, 40.1150 mm): Pad 1 [ROW_19_ANODE] of D515 on F.Cu
    @(25.4850 mm, 40.1150 mm): Pad 1 [ROW_19_ANODE] of D516 on F.Cu
[unconnected_items]: Missing connection between items
    Local override; error
    @(25.4850 mm, 40.1150 mm): Pad 1 [ROW_19_ANODE] of D516 on F.Cu
    @(27.6850 mm, 40.1150 mm): Pad 1 [ROW_19_ANODE] of D517 on F.Cu
[unconnected_items]: Missing connection between items
    Local override; error
    @(27.6850 mm, 40.1150 mm): Pad 1 [ROW_19_ANODE] of D517 on F.Cu
    @(29.8850 mm, 40.1150 mm): Pad 1 [ROW_19_ANODE] of D518 on F.Cu
[unconnected_items]: Missing connection between items
    Local override; error
    @(29.8850 mm, 40.1150 mm): Pad 1 [ROW_19_ANODE] of D518 on F.Cu
    @(32.0850 mm, 40.1150 mm): Pad 1 [ROW_19_ANODE] of D519 on F.Cu
[unconnected_items]: Missing connection between items
    Local override; error
    @(32.0850 mm, 40.1150 mm): Pad 1 [ROW_19_ANODE] of D519 on F.Cu
    @(34.2850 mm, 40.1150 mm): Pad 1 [ROW_19_ANODE] of D520 on F.Cu
[unconnected_items]: Missing connection between items
    Local override; error
    @(34.2850 mm, 40.1150 mm): Pad 1 [ROW_19_ANODE] of D520 on F.Cu
    @(36.4850 mm, 40.1150 mm): Pad 1 [ROW_19_ANODE] of D521 on F.Cu
[unconnected_items]: Missing connection between items
    Local override; error
    @(36.4850 mm, 40.1150 mm): Pad 1 [ROW_19_ANODE] of D521 on F.Cu
    @(38.6850 mm, 40.1150 mm): Pad 1 [ROW_19_ANODE] of D522 on F.Cu
[unconnected_items]: Missing connection between items
    Local override; error
    @(38.6850 mm, 40.1150 mm): Pad 1 [ROW_19_ANODE] of D522 on F.Cu
    @(40.8850 mm, 40.1150 mm): Pad 1 [ROW_19_ANODE] of D523 on F.Cu
[unconnected_items]: Missing connection between items
    Local override; error
    @(40.8850 mm, 40.1150 mm): Pad 1 [ROW_19_ANODE] of D523 on F.Cu
    @(43.0850 mm, 40.1150 mm): Pad 1 [ROW_19_ANODE] of D524 on F.Cu
[unconnected_items]: Missing connection between items
    Local override; error
    @(43.0850 mm, 40.1150 mm): Pad 1 [ROW_19_ANODE] of D524 on F.Cu
    @(45.2850 mm, 40.1150 mm): Pad 1 [ROW_19_ANODE] of D525 on F.Cu
[unconnected_items]: Missing connection between items
    Local override; error
    @(45.2850 mm, 40.1150 mm): Pad 1 [ROW_19_ANODE] of D525 on F.Cu
    @(47.4850 mm, 40.1150 mm): Pad 1 [ROW_19_ANODE] of D526 on F.Cu
[unconnected_items]: Missing connection between items
    Local override; error
    @(47.4850 mm, 40.1150 mm): Pad 1 [ROW_19_ANODE] of D526 on F.Cu
    @(49.6850 mm, 40.1150 mm): Pad 1 [ROW_19_ANODE] of D527 on F.Cu
[unconnected_items]: Missing connection between items
    Local override; error
    @(49.6850 mm, 40.1150 mm): Pad 1 [ROW_19_ANODE] of D527 on F.Cu
    @(51.8850 mm, 40.1150 mm): Pad 1 [ROW_19_ANODE] of D528 on F.Cu
[unconnected_items]: Missing connection between items
    Local override; error
    @(51.8850 mm, 40.1150 mm): Pad 1 [ROW_19_ANODE] of D528 on F.Cu
    @(54.0850 mm, 40.1150 mm): Pad 1 [ROW_19_ANODE] of D529 on F.Cu
[unconnected_items]: Missing connection between items
    Local override; error
    @(54.0850 mm, 40.1150 mm): Pad 1 [ROW_19_ANODE] of D529 on F.Cu
    @(56.2850 mm, 40.1150 mm): Pad 1 [ROW_19_ANODE] of D530 on F.Cu
[unconnected_items]: Missing connection between items
    Local override; error
    @(56.2850 mm, 40.1150 mm): Pad 1 [ROW_19_ANODE] of D530 on F.Cu
    @(58.4850 mm, 40.1150 mm): Pad 1 [ROW_19_ANODE] of D531 on F.Cu
[unconnected_items]: Missing connection between items
    Local override; error
    @(58.4850 mm, 40.1150 mm): Pad 1 [ROW_19_ANODE] of D531 on F.Cu
    @(60.6850 mm, 40.1150 mm): Pad 1 [ROW_19_ANODE] of D532 on F.Cu
[unconnected_items]: Missing connection between items
    Local override; error
    @(27.6850 mm, 1.2850 mm): Pad 2 [COL_R_13] of D13 on F.Cu
    @(27.6850 mm, 3.4850 mm): Pad 2 [COL_R_13] of D41 on F.Cu
[unconnected_items]: Missing connection between items
    Local override; error
    @(27.6850 mm, 3.4850 mm): Pad 2 [COL_R_13] of D41 on F.Cu
    @(27.6850 mm, 5.6850 mm): Pad 2 [COL_R_13] of D69 on F.Cu
[unconnected_items]: Missing connection between items
    Local override; error
    @(27.6850 mm, 5.6850 mm): Pad 2 [COL_R_13] of D69 on F.Cu
    @(27.6850 mm, 7.8850 mm): Pad 2 [COL_R_13] of D97 on F.Cu
[unconnected_items]: Missing connection between items
    Local override; error
    @(27.6850 mm, 7.8850 mm): Pad 2 [COL_R_13] of D97 on F.Cu
    @(27.6850 mm, 10.0850 mm): Pad 2 [COL_R_13] of D125 on F.Cu
[unconnected_items]: Missing connection between items
    Local override; error
    @(27.6850 mm, 10.0850 mm): Pad 2 [COL_R_13] of D125 on F.Cu
    @(27.6850 mm, 12.2850 mm): Pad 2 [COL_R_13] of D153 on F.Cu
[unconnected_items]: Missing connection between items
    Local override; error
    @(27.6850 mm, 12.2850 mm): Pad 2 [COL_R_13] of D153 on F.Cu
    @(27.6850 mm, 14.4850 mm): Pad 2 [COL_R_13] of D181 on F.Cu
[unconnected_items]: Missing connection between items
    Local override; error
    @(27.6850 mm, 14.4850 mm): Pad 2 [COL_R_13] of D181 on F.Cu
    @(27.6850 mm, 16.6850 mm): Pad 2 [COL_R_13] of D209 on F.Cu
[unconnected_items]: Missing connection between items
    Local override; error
    @(27.6850 mm, 16.6850 mm): Pad 2 [COL_R_13] of D209 on F.Cu
    @(27.6850 mm, 18.8850 mm): Pad 2 [COL_R_13] of D237 on F.Cu
[unconnected_items]: Missing connection between items
    Local override; error
    @(27.6850 mm, 18.8850 mm): Pad 2 [COL_R_13] of D237 on F.Cu
    @(27.6850 mm, 21.0850 mm): Pad 2 [COL_R_13] of D265 on F.Cu
[unconnected_items]: Missing connection between items
    Local override; error
    @(27.6850 mm, 21.0850 mm): Pad 2 [COL_R_13] of D265 on F.Cu
    @(27.6850 mm, 23.2850 mm): Pad 2 [COL_R_13] of D293 on F.Cu
[unconnected_items]: Missing connection between items
    Local override; error
    @(27.6850 mm, 23.2850 mm): Pad 2 [COL_R_13] of D293 on F.Cu
    @(27.6850 mm, 25.4850 mm): Pad 2 [COL_R_13] of D321 on F.Cu
[unconnected_items]: Missing connection between items
    Local override; error
    @(27.6850 mm, 25.4850 mm): Pad 2 [COL_R_13] of D321 on F.Cu
    @(27.6850 mm, 27.6850 mm): Pad 2 [COL_R_13] of D349 on F.Cu
[unconnected_items]: Missing connection between items
    Local override; error
    @(27.6850 mm, 27.6850 mm): Pad 2 [COL_R_13] of D349 on F.Cu
    @(27.6850 mm, 29.8850 mm): Pad 2 [COL_R_13] of D377 on F.Cu
[unconnected_items]: Missing connection between items
    Local override; error
    @(27.6850 mm, 29.8850 mm): Pad 2 [COL_R_13] of D377 on F.Cu
    @(27.6850 mm, 32.0850 mm): Pad 2 [COL_R_13] of D405 on F.Cu
[unconnected_items]: Missing connection between items
    Local override; error
    @(27.6850 mm, 32.0850 mm): Pad 2 [COL_R_13] of D405 on F.Cu
    @(27.6850 mm, 34.2850 mm): Pad 2 [COL_R_13] of D433 on F.Cu
[unconnected_items]: Missing connection between items
    Local override; error
    @(27.6850 mm, 34.2850 mm): Pad 2 [COL_R_13] of D433 on F.Cu
    @(27.6850 mm, 36.4850 mm): Pad 2 [COL_R_13] of D461 on F.Cu
[unconnected_items]: Missing connection between items
    Local override; error
    @(27.6850 mm, 36.4850 mm): Pad 2 [COL_R_13] of D461 on F.Cu
    @(27.6850 mm, 38.6850 mm): Pad 2 [COL_R_13] of D489 on F.Cu
[unconnected_items]: Missing connection between items
    Local override; error
    @(27.6850 mm, 38.6850 mm): Pad 2 [COL_R_13] of D489 on F.Cu
    @(27.6850 mm, 40.8850 mm): Pad 2 [COL_R_13] of D517 on F.Cu
[unconnected_items]: Missing connection between items
    Local override; error
    @(27.6850 mm, 40.8850 mm): Pad 2 [COL_R_13] of D517 on F.Cu
    @(27.6850 mm, 43.0850 mm): Pad 2 [COL_R_13] of D545 on F.Cu
[unconnected_items]: Missing connection between items
    Local override; error
    @(27.6850 mm, 43.0850 mm): Pad 2 [COL_R_13] of D545 on F.Cu
    @(27.6850 mm, 45.2850 mm): Pad 2 [COL_R_13] of D573 on F.Cu
[unconnected_items]: Missing connection between items
    Local override; error
    @(27.6850 mm, 45.2850 mm): Pad 2 [COL_R_13] of D573 on F.Cu
    @(27.6850 mm, 47.4850 mm): Pad 2 [COL_R_13] of D601 on F.Cu
[unconnected_items]: Missing connection between items
    Local override; error
    @(27.6850 mm, 47.4850 mm): Pad 2 [COL_R_13] of D601 on F.Cu
    @(27.6850 mm, 49.6850 mm): Pad 2 [COL_R_13] of D629 on F.Cu
[unconnected_items]: Missing connection between items
    Local override; error
    @(27.6850 mm, 49.6850 mm): Pad 2 [COL_R_13] of D629 on F.Cu
    @(27.6850 mm, 51.8850 mm): Pad 2 [COL_R_13] of D657 on F.Cu
[unconnected_items]: Missing connection between items
    Local override; error
    @(27.6850 mm, 51.8850 mm): Pad 2 [COL_R_13] of D657 on F.Cu
    @(27.6850 mm, 54.0850 mm): Pad 2 [COL_R_13] of D685 on F.Cu
[unconnected_items]: Missing connection between items
    Local override; error
    @(27.6850 mm, 54.0850 mm): Pad 2 [COL_R_13] of D685 on F.Cu
    @(27.6850 mm, 56.2850 mm): Pad 2 [COL_R_13] of D713 on F.Cu
[unconnected_items]: Missing connection between items
    Local override; error
    @(27.6850 mm, 56.2850 mm): Pad 2 [COL_R_13] of D713 on F.Cu
    @(27.6850 mm, 58.4850 mm): Pad 2 [COL_R_13] of D741 on F.Cu
[unconnected_items]: Missing connection between items
    Local override; error
    @(27.6850 mm, 58.4850 mm): Pad 2 [COL_R_13] of D741 on F.Cu
    @(27.6850 mm, 60.6850 mm): Pad 2 [COL_R_13] of D769 on F.Cu
[unconnected_items]: Missing connection between items
    Local override; error
    @(26.9150 mm, 1.2850 mm): Pad 3 [COL_G_13] of D13 on F.Cu
    @(26.9150 mm, 3.4850 mm): Pad 3 [COL_G_13] of D41 on F.Cu
[unconnected_items]: Missing connection between items
    Local override; error
    @(26.9150 mm, 3.4850 mm): Pad 3 [COL_G_13] of D41 on F.Cu
    @(26.9150 mm, 5.6850 mm): Pad 3 [COL_G_13] of D69 on F.Cu
[unconnected_items]: Missing connection between items
    Local override; error
    @(26.9150 mm, 5.6850 mm): Pad 3 [COL_G_13] of D69 on F.Cu
    @(26.9150 mm, 7.8850 mm): Pad 3 [COL_G_13] of D97 on F.Cu
[unconnected_items]: Missing connection between items
    Local override; error
    @(26.9150 mm, 7.8850 mm): Pad 3 [COL_G_13] of D97 on F.Cu
    @(26.9150 mm, 10.0850 mm): Pad 3 [COL_G_13] of D125 on F.Cu
[unconnected_items]: Missing connection between items
    Local override; error
    @(26.9150 mm, 10.0850 mm): Pad 3 [COL_G_13] of D125 on F.Cu
    @(26.9150 mm, 12.2850 mm): Pad 3 [COL_G_13] of D153 on F.Cu
[unconnected_items]: Missing connection between items
    Local override; error
    @(26.9150 mm, 12.2850 mm): Pad 3 [COL_G_13] of D153 on F.Cu
    @(26.9150 mm, 14.4850 mm): Pad 3 [COL_G_13] of D181 on F.Cu
[unconnected_items]: Missing connection between items
    Local override; error
    @(26.9150 mm, 14.4850 mm): Pad 3 [COL_G_13] of D181 on F.Cu
    @(26.9150 mm, 16.6850 mm): Pad 3 [COL_G_13] of D209 on F.Cu
[unconnected_items]: Missing connection between items
    Local override; error
    @(26.9150 mm, 16.6850 mm): Pad 3 [COL_G_13] of D209 on F.Cu
    @(26.9150 mm, 18.8850 mm): Pad 3 [COL_G_13] of D237 on F.Cu
[unconnected_items]: Missing connection between items
    Local override; error
    @(26.9150 mm, 18.8850 mm): Pad 3 [COL_G_13] of D237 on F.Cu
    @(26.9150 mm, 21.0850 mm): Pad 3 [COL_G_13] of D265 on F.Cu
[unconnected_items]: Missing connection between items
    Local override; error
    @(26.9150 mm, 21.0850 mm): Pad 3 [COL_G_13] of D265 on F.Cu
    @(26.9150 mm, 23.2850 mm): Pad 3 [COL_G_13] of D293 on F.Cu
[unconnected_items]: Missing connection between items
    Local override; error
    @(26.9150 mm, 23.2850 mm): Pad 3 [COL_G_13] of D293 on F.Cu
    @(26.9150 mm, 25.4850 mm): Pad 3 [COL_G_13] of D321 on F.Cu
[unconnected_items]: Missing connection between items
    Local override; error
    @(26.9150 mm, 25.4850 mm): Pad 3 [COL_G_13] of D321 on F.Cu
    @(26.9150 mm, 27.6850 mm): Pad 3 [COL_G_13] of D349 on F.Cu
[unconnected_items]: Missing connection between items
    Local override; error
    @(26.9150 mm, 27.6850 mm): Pad 3 [COL_G_13] of D349 on F.Cu
    @(26.9150 mm, 29.8850 mm): Pad 3 [COL_G_13] of D377 on F.Cu
[unconnected_items]: Missing connection between items
    Local override; error
    @(26.9150 mm, 29.8850 mm): Pad 3 [COL_G_13] of D377 on F.Cu
    @(26.9150 mm, 32.0850 mm): Pad 3 [COL_G_13] of D405 on F.Cu
[unconnected_items]: Missing connection between items
    Local override; error
    @(26.9150 mm, 32.0850 mm): Pad 3 [COL_G_13] of D405 on F.Cu
    @(26.9150 mm, 34.2850 mm): Pad 3 [COL_G_13] of D433 on F.Cu
[unconnected_items]: Missing connection between items
    Local override; error
    @(26.9150 mm, 34.2850 mm): Pad 3 [COL_G_13] of D433 on F.Cu
    @(26.9150 mm, 36.4850 mm): Pad 3 [COL_G_13] of D461 on F.Cu
[unconnected_items]: Missing connection between items
    Local override; error
    @(26.9150 mm, 36.4850 mm): Pad 3 [COL_G_13] of D461 on F.Cu
    @(26.9150 mm, 38.6850 mm): Pad 3 [COL_G_13] of D489 on F.Cu
[unconnected_items]: Missing connection between items
    Local override; error
    @(26.9150 mm, 38.6850 mm): Pad 3 [COL_G_13] of D489 on F.Cu
    @(26.9150 mm, 40.8850 mm): Pad 3 [COL_G_13] of D517 on F.Cu
[unconnected_items]: Missing connection between items
    Local override; error
    @(26.9150 mm, 40.8850 mm): Pad 3 [COL_G_13] of D517 on F.Cu
    @(26.9150 mm, 43.0850 mm): Pad 3 [COL_G_13] of D545 on F.Cu
[unconnected_items]: Missing connection between items
    Local override; error
    @(26.9150 mm, 43.0850 mm): Pad 3 [COL_G_13] of D545 on F.Cu
    @(26.9150 mm, 45.2850 mm): Pad 3 [COL_G_13] of D573 on F.Cu
[unconnected_items]: Missing connection between items
    Local override; error
    @(26.9150 mm, 45.2850 mm): Pad 3 [COL_G_13] of D573 on F.Cu
    @(26.9150 mm, 47.4850 mm): Pad 3 [COL_G_13] of D601 on F.Cu
[unconnected_items]: Missing connection between items
    Local override; error
    @(26.9150 mm, 47.4850 mm): Pad 3 [COL_G_13] of D601 on F.Cu
    @(26.9150 mm, 49.6850 mm): Pad 3 [COL_G_13] of D629 on F.Cu
[unconnected_items]: Missing connection between items
    Local override; error
    @(26.9150 mm, 49.6850 mm): Pad 3 [COL_G_13] of D629 on F.Cu
    @(26.9150 mm, 51.8850 mm): Pad 3 [COL_G_13] of D657 on F.Cu
[unconnected_items]: Missing connection between items
    Local override; error
    @(26.9150 mm, 51.8850 mm): Pad 3 [COL_G_13] of D657 on F.Cu
    @(26.9150 mm, 54.0850 mm): Pad 3 [COL_G_13] of D685 on F.Cu
[unconnected_items]: Missing connection between items
    Local override; error
    @(26.9150 mm, 54.0850 mm): Pad 3 [COL_G_13] of D685 on F.Cu
    @(26.9150 mm, 56.2850 mm): Pad 3 [COL_G_13] of D713 on F.Cu
[unconnected_items]: Missing connection between items
    Local override; error
    @(26.9150 mm, 56.2850 mm): Pad 3 [COL_G_13] of D713 on F.Cu
    @(26.9150 mm, 58.4850 mm): Pad 3 [COL_G_13] of D741 on F.Cu
[unconnected_items]: Missing connection between items
    Local override; error
    @(26.9150 mm, 58.4850 mm): Pad 3 [COL_G_13] of D741 on F.Cu
    @(26.9150 mm, 60.6850 mm): Pad 3 [COL_G_13] of D769 on F.Cu
[unconnected_items]: Missing connection between items
    Local override; error
    @(26.9150 mm, 0.5150 mm): Pad 4 [COL_B_13] of D13 on F.Cu
    @(26.9150 mm, 2.7150 mm): Pad 4 [COL_B_13] of D41 on F.Cu
[unconnected_items]: Missing connection between items
    Local override; error
    @(26.9150 mm, 2.7150 mm): Pad 4 [COL_B_13] of D41 on F.Cu
    @(26.9150 mm, 4.9150 mm): Pad 4 [COL_B_13] of D69 on F.Cu
[unconnected_items]: Missing connection between items
    Local override; error
    @(26.9150 mm, 4.9150 mm): Pad 4 [COL_B_13] of D69 on F.Cu
    @(26.9150 mm, 7.1150 mm): Pad 4 [COL_B_13] of D97 on F.Cu
[unconnected_items]: Missing connection between items
    Local override; error
    @(26.9150 mm, 7.1150 mm): Pad 4 [COL_B_13] of D97 on F.Cu
    @(26.9150 mm, 9.3150 mm): Pad 4 [COL_B_13] of D125 on F.Cu
[unconnected_items]: Missing connection between items
    Local override; error
    @(26.9150 mm, 9.3150 mm): Pad 4 [COL_B_13] of D125 on F.Cu
    @(26.9150 mm, 11.5150 mm): Pad 4 [COL_B_13] of D153 on F.Cu
[unconnected_items]: Missing connection between items
    Local override; error
    @(26.9150 mm, 11.5150 mm): Pad 4 [COL_B_13] of D153 on F.Cu
    @(26.9150 mm, 13.7150 mm): Pad 4 [COL_B_13] of D181 on F.Cu
[unconnected_items]: Missing connection between items
    Local override; error
    @(26.9150 mm, 13.7150 mm): Pad 4 [COL_B_13] of D181 on F.Cu
    @(26.9150 mm, 15.9150 mm): Pad 4 [COL_B_13] of D209 on F.Cu
[unconnected_items]: Missing connection between items
    Local override; error
    @(26.9150 mm, 15.9150 mm): Pad 4 [COL_B_13] of D209 on F.Cu
    @(26.9150 mm, 18.1150 mm): Pad 4 [COL_B_13] of D237 on F.Cu
[unconnected_items]: Missing connection between items
    Local override; error
    @(26.9150 mm, 18.1150 mm): Pad 4 [COL_B_13] of D237 on F.Cu
    @(26.9150 mm, 20.3150 mm): Pad 4 [COL_B_13] of D265 on F.Cu
[unconnected_items]: Missing connection between items
    Local override; error
    @(26.9150 mm, 20.3150 mm): Pad 4 [COL_B_13] of D265 on F.Cu
    @(26.9150 mm, 22.5150 mm): Pad 4 [COL_B_13] of D293 on F.Cu
[unconnected_items]: Missing connection between items
    Local override; error
    @(26.9150 mm, 22.5150 mm): Pad 4 [COL_B_13] of D293 on F.Cu
    @(26.9150 mm, 24.7150 mm): Pad 4 [COL_B_13] of D321 on F.Cu
[unconnected_items]: Missing connection between items
    Local override; error
    @(26.9150 mm, 24.7150 mm): Pad 4 [COL_B_13] of D321 on F.Cu
    @(26.9150 mm, 26.9150 mm): Pad 4 [COL_B_13] of D349 on F.Cu
[unconnected_items]: Missing connection between items
    Local override; error
    @(26.9150 mm, 26.9150 mm): Pad 4 [COL_B_13] of D349 on F.Cu
    @(26.9150 mm, 29.1150 mm): Pad 4 [COL_B_13] of D377 on F.Cu
[unconnected_items]: Missing connection between items
    Local override; error
    @(26.9150 mm, 29.1150 mm): Pad 4 [COL_B_13] of D377 on F.Cu
    @(26.9150 mm, 31.3150 mm): Pad 4 [COL_B_13] of D405 on F.Cu
[unconnected_items]: Missing connection between items
    Local override; error
    @(26.9150 mm, 31.3150 mm): Pad 4 [COL_B_13] of D405 on F.Cu
    @(26.9150 mm, 33.5150 mm): Pad 4 [COL_B_13] of D433 on F.Cu
[unconnected_items]: Missing connection between items
    Local override; error
    @(26.9150 mm, 33.5150 mm): Pad 4 [COL_B_13] of D433 on F.Cu
    @(26.9150 mm, 35.7150 mm): Pad 4 [COL_B_13] of D461 on F.Cu
[unconnected_items]: Missing connection between items
    Local override; error
    @(26.9150 mm, 35.7150 mm): Pad 4 [COL_B_13] of D461 on F.Cu
    @(26.9150 mm, 37.9150 mm): Pad 4 [COL_B_13] of D489 on F.Cu
[unconnected_items]: Missing connection between items
    Local override; error
    @(26.9150 mm, 37.9150 mm): Pad 4 [COL_B_13] of D489 on F.Cu
    @(26.9150 mm, 40.1150 mm): Pad 4 [COL_B_13] of D517 on F.Cu
[unconnected_items]: Missing connection between items
    Local override; error
    @(26.9150 mm, 40.1150 mm): Pad 4 [COL_B_13] of D517 on F.Cu
    @(26.9150 mm, 42.3150 mm): Pad 4 [COL_B_13] of D545 on F.Cu
[unconnected_items]: Missing connection between items
    Local override; error
    @(26.9150 mm, 42.3150 mm): Pad 4 [COL_B_13] of D545 on F.Cu
    @(26.9150 mm, 44.5150 mm): Pad 4 [COL_B_13] of D573 on F.Cu
[unconnected_items]: Missing connection between items
    Local override; error
    @(26.9150 mm, 44.5150 mm): Pad 4 [COL_B_13] of D573 on F.Cu
    @(26.9150 mm, 46.7150 mm): Pad 4 [COL_B_13] of D601 on F.Cu
[unconnected_items]: Missing connection between items
    Local override; error
    @(26.9150 mm, 46.7150 mm): Pad 4 [COL_B_13] of D601 on F.Cu
    @(26.9150 mm, 48.9150 mm): Pad 4 [COL_B_13] of D629 on F.Cu
[unconnected_items]: Missing connection between items
    Local override; error
    @(26.9150 mm, 48.9150 mm): Pad 4 [COL_B_13] of D629 on F.Cu
    @(26.9150 mm, 51.1150 mm): Pad 4 [COL_B_13] of D657 on F.Cu
[unconnected_items]: Missing connection between items
    Local override; error
    @(26.9150 mm, 51.1150 mm): Pad 4 [COL_B_13] of D657 on F.Cu
    @(26.9150 mm, 53.3150 mm): Pad 4 [COL_B_13] of D685 on F.Cu
[unconnected_items]: Missing connection between items
    Local override; error
    @(26.9150 mm, 53.3150 mm): Pad 4 [COL_B_13] of D685 on F.Cu
    @(26.9150 mm, 55.5150 mm): Pad 4 [COL_B_13] of D713 on F.Cu
[unconnected_items]: Missing connection between items
    Local override; error
    @(26.9150 mm, 55.5150 mm): Pad 4 [COL_B_13] of D713 on F.Cu
    @(26.9150 mm, 57.7150 mm): Pad 4 [COL_B_13] of D741 on F.Cu
[unconnected_items]: Missing connection between items
    Local override; error
    @(26.9150 mm, 57.7150 mm): Pad 4 [COL_B_13] of D741 on F.Cu
    @(26.9150 mm, 59.9150 mm): Pad 4 [COL_B_13] of D769 on F.Cu
[unconnected_items]: Missing connection between items
    Local override; error
    @(1.2850 mm, 13.7150 mm): Pad 1 [ROW_07_ANODE] of D169 on F.Cu
    @(3.4850 mm, 13.7150 mm): Pad 1 [ROW_07_ANODE] of D170 on F.Cu
[unconnected_items]: Missing connection between items
    Local override; error
    @(3.4850 mm, 13.7150 mm): Pad 1 [ROW_07_ANODE] of D170 on F.Cu
    @(5.6850 mm, 13.7150 mm): Pad 1 [ROW_07_ANODE] of D171 on F.Cu
[unconnected_items]: Missing connection between items
    Local override; error
    @(5.6850 mm, 13.7150 mm): Pad 1 [ROW_07_ANODE] of D171 on F.Cu
    @(7.8850 mm, 13.7150 mm): Pad 1 [ROW_07_ANODE] of D172 on F.Cu
[unconnected_items]: Missing connection between items
    Local override; error
    @(7.8850 mm, 13.7150 mm): Pad 1 [ROW_07_ANODE] of D172 on F.Cu
    @(10.0850 mm, 13.7150 mm): Pad 1 [ROW_07_ANODE] of D173 on F.Cu
[unconnected_items]: Missing connection between items
    Local override; error
    @(10.0850 mm, 13.7150 mm): Pad 1 [ROW_07_ANODE] of D173 on F.Cu
    @(12.2850 mm, 13.7150 mm): Pad 1 [ROW_07_ANODE] of D174 on F.Cu
[unconnected_items]: Missing connection between items
    Local override; error
    @(12.2850 mm, 13.7150 mm): Pad 1 [ROW_07_ANODE] of D174 on F.Cu
    @(14.4850 mm, 13.7150 mm): Pad 1 [ROW_07_ANODE] of D175 on F.Cu
[unconnected_items]: Missing connection between items
    Local override; error
    @(14.4850 mm, 13.7150 mm): Pad 1 [ROW_07_ANODE] of D175 on F.Cu
    @(16.6850 mm, 13.7150 mm): Pad 1 [ROW_07_ANODE] of D176 on F.Cu
[unconnected_items]: Missing connection between items
    Local override; error
    @(16.6850 mm, 13.7150 mm): Pad 1 [ROW_07_ANODE] of D176 on F.Cu
    @(18.8850 mm, 13.7150 mm): Pad 1 [ROW_07_ANODE] of D177 on F.Cu
[unconnected_items]: Missing connection between items
    Local override; error
    @(18.8850 mm, 13.7150 mm): Pad 1 [ROW_07_ANODE] of D177 on F.Cu
    @(21.0850 mm, 13.7150 mm): Pad 1 [ROW_07_ANODE] of D178 on F.Cu
[unconnected_items]: Missing connection between items
    Local override; error
    @(21.0850 mm, 13.7150 mm): Pad 1 [ROW_07_ANODE] of D178 on F.Cu
    @(23.2850 mm, 13.7150 mm): Pad 1 [ROW_07_ANODE] of D179 on F.Cu
[unconnected_items]: Missing connection between items
    Local override; error
    @(23.2850 mm, 13.7150 mm): Pad 1 [ROW_07_ANODE] of D179 on F.Cu
    @(25.4850 mm, 13.7150 mm): Pad 1 [ROW_07_ANODE] of D180 on F.Cu
[unconnected_items]: Missing connection between items
    Local override; error
    @(25.4850 mm, 13.7150 mm): Pad 1 [ROW_07_ANODE] of D180 on F.Cu
    @(27.6850 mm, 13.7150 mm): Pad 1 [ROW_07_ANODE] of D181 on F.Cu
[unconnected_items]: Missing connection between items
    Local override; error
    @(27.6850 mm, 13.7150 mm): Pad 1 [ROW_07_ANODE] of D181 on F.Cu
    @(29.8850 mm, 13.7150 mm): Pad 1 [ROW_07_ANODE] of D182 on F.Cu
[unconnected_items]: Missing connection between items
    Local override; error
    @(29.8850 mm, 13.7150 mm): Pad 1 [ROW_07_ANODE] of D182 on F.Cu
    @(32.0850 mm, 13.7150 mm): Pad 1 [ROW_07_ANODE] of D183 on F.Cu
[unconnected_items]: Missing connection between items
    Local override; error
    @(32.0850 mm, 13.7150 mm): Pad 1 [ROW_07_ANODE] of D183 on F.Cu
    @(34.2850 mm, 13.7150 mm): Pad 1 [ROW_07_ANODE] of D184 on F.Cu
[unconnected_items]: Missing connection between items
    Local override; error
    @(34.2850 mm, 13.7150 mm): Pad 1 [ROW_07_ANODE] of D184 on F.Cu
    @(36.4850 mm, 13.7150 mm): Pad 1 [ROW_07_ANODE] of D185 on F.Cu
[unconnected_items]: Missing connection between items
    Local override; error
    @(36.4850 mm, 13.7150 mm): Pad 1 [ROW_07_ANODE] of D185 on F.Cu
    @(38.6850 mm, 13.7150 mm): Pad 1 [ROW_07_ANODE] of D186 on F.Cu
[unconnected_items]: Missing connection between items
    Local override; error
    @(38.6850 mm, 13.7150 mm): Pad 1 [ROW_07_ANODE] of D186 on F.Cu
    @(40.8850 mm, 13.7150 mm): Pad 1 [ROW_07_ANODE] of D187 on F.Cu
[unconnected_items]: Missing connection between items
    Local override; error
    @(40.8850 mm, 13.7150 mm): Pad 1 [ROW_07_ANODE] of D187 on F.Cu
    @(43.0850 mm, 13.7150 mm): Pad 1 [ROW_07_ANODE] of D188 on F.Cu
[unconnected_items]: Missing connection between items
    Local override; error
    @(43.0850 mm, 13.7150 mm): Pad 1 [ROW_07_ANODE] of D188 on F.Cu
    @(45.2850 mm, 13.7150 mm): Pad 1 [ROW_07_ANODE] of D189 on F.Cu
[unconnected_items]: Missing connection between items
    Local override; error
    @(45.2850 mm, 13.7150 mm): Pad 1 [ROW_07_ANODE] of D189 on F.Cu
    @(47.4850 mm, 13.7150 mm): Pad 1 [ROW_07_ANODE] of D190 on F.Cu
[unconnected_items]: Missing connection between items
    Local override; error
    @(47.4850 mm, 13.7150 mm): Pad 1 [ROW_07_ANODE] of D190 on F.Cu
    @(49.6850 mm, 13.7150 mm): Pad 1 [ROW_07_ANODE] of D191 on F.Cu
[unconnected_items]: Missing connection between items
    Local override; error
    @(49.6850 mm, 13.7150 mm): Pad 1 [ROW_07_ANODE] of D191 on F.Cu
    @(51.8850 mm, 13.7150 mm): Pad 1 [ROW_07_ANODE] of D192 on F.Cu
[unconnected_items]: Missing connection between items
    Local override; error
    @(51.8850 mm, 13.7150 mm): Pad 1 [ROW_07_ANODE] of D192 on F.Cu
    @(54.0850 mm, 13.7150 mm): Pad 1 [ROW_07_ANODE] of D193 on F.Cu
[unconnected_items]: Missing connection between items
    Local override; error
    @(54.0850 mm, 13.7150 mm): Pad 1 [ROW_07_ANODE] of D193 on F.Cu
    @(56.2850 mm, 13.7150 mm): Pad 1 [ROW_07_ANODE] of D194 on F.Cu
[unconnected_items]: Missing connection between items
    Local override; error
    @(56.2850 mm, 13.7150 mm): Pad 1 [ROW_07_ANODE] of D194 on F.Cu
    @(58.4850 mm, 13.7150 mm): Pad 1 [ROW_07_ANODE] of D195 on F.Cu
[unconnected_items]: Missing connection between items
    Local override; error
    @(58.4850 mm, 13.7150 mm): Pad 1 [ROW_07_ANODE] of D195 on F.Cu
    @(60.6850 mm, 13.7150 mm): Pad 1 [ROW_07_ANODE] of D196 on F.Cu
[unconnected_items]: Missing connection between items
    Local override; error
    @(21.0850 mm, 1.2850 mm): Pad 2 [COL_R_10] of D10 on F.Cu
    @(21.0850 mm, 3.4850 mm): Pad 2 [COL_R_10] of D38 on F.Cu
[unconnected_items]: Missing connection between items
    Local override; error
    @(21.0850 mm, 3.4850 mm): Pad 2 [COL_R_10] of D38 on F.Cu
    @(21.0850 mm, 5.6850 mm): Pad 2 [COL_R_10] of D66 on F.Cu
[unconnected_items]: Missing connection between items
    Local override; error
    @(21.0850 mm, 5.6850 mm): Pad 2 [COL_R_10] of D66 on F.Cu
    @(21.0850 mm, 7.8850 mm): Pad 2 [COL_R_10] of D94 on F.Cu
[unconnected_items]: Missing connection between items
    Local override; error
    @(21.0850 mm, 7.8850 mm): Pad 2 [COL_R_10] of D94 on F.Cu
    @(21.0850 mm, 10.0850 mm): Pad 2 [COL_R_10] of D122 on F.Cu
[unconnected_items]: Missing connection between items
    Local override; error
    @(21.0850 mm, 10.0850 mm): Pad 2 [COL_R_10] of D122 on F.Cu
    @(21.0850 mm, 12.2850 mm): Pad 2 [COL_R_10] of D150 on F.Cu
[unconnected_items]: Missing connection between items
    Local override; error
    @(21.0850 mm, 12.2850 mm): Pad 2 [COL_R_10] of D150 on F.Cu
    @(21.0850 mm, 14.4850 mm): Pad 2 [COL_R_10] of D178 on F.Cu
[unconnected_items]: Missing connection between items
    Local override; error
    @(21.0850 mm, 14.4850 mm): Pad 2 [COL_R_10] of D178 on F.Cu
    @(21.0850 mm, 16.6850 mm): Pad 2 [COL_R_10] of D206 on F.Cu
[unconnected_items]: Missing connection between items
    Local override; error
    @(21.0850 mm, 16.6850 mm): Pad 2 [COL_R_10] of D206 on F.Cu
    @(21.0850 mm, 18.8850 mm): Pad 2 [COL_R_10] of D234 on F.Cu
[unconnected_items]: Missing connection between items
    Local override; error
    @(21.0850 mm, 18.8850 mm): Pad 2 [COL_R_10] of D234 on F.Cu
    @(21.0850 mm, 21.0850 mm): Pad 2 [COL_R_10] of D262 on F.Cu
[unconnected_items]: Missing connection between items
    Local override; error
    @(21.0850 mm, 21.0850 mm): Pad 2 [COL_R_10] of D262 on F.Cu
    @(21.0850 mm, 23.2850 mm): Pad 2 [COL_R_10] of D290 on F.Cu
[unconnected_items]: Missing connection between items
    Local override; error
    @(21.0850 mm, 23.2850 mm): Pad 2 [COL_R_10] of D290 on F.Cu
    @(21.0850 mm, 25.4850 mm): Pad 2 [COL_R_10] of D318 on F.Cu
[unconnected_items]: Missing connection between items
    Local override; error
    @(21.0850 mm, 25.4850 mm): Pad 2 [COL_R_10] of D318 on F.Cu
    @(21.0850 mm, 27.6850 mm): Pad 2 [COL_R_10] of D346 on F.Cu
[unconnected_items]: Missing connection between items
    Local override; error
    @(21.0850 mm, 27.6850 mm): Pad 2 [COL_R_10] of D346 on F.Cu
    @(21.0850 mm, 29.8850 mm): Pad 2 [COL_R_10] of D374 on F.Cu
[unconnected_items]: Missing connection between items
    Local override; error
    @(21.0850 mm, 29.8850 mm): Pad 2 [COL_R_10] of D374 on F.Cu
    @(21.0850 mm, 32.0850 mm): Pad 2 [COL_R_10] of D402 on F.Cu
[unconnected_items]: Missing connection between items
    Local override; error
    @(21.0850 mm, 32.0850 mm): Pad 2 [COL_R_10] of D402 on F.Cu
    @(21.0850 mm, 34.2850 mm): Pad 2 [COL_R_10] of D430 on F.Cu
[unconnected_items]: Missing connection between items
    Local override; error
    @(21.0850 mm, 34.2850 mm): Pad 2 [COL_R_10] of D430 on F.Cu
    @(21.0850 mm, 36.4850 mm): Pad 2 [COL_R_10] of D458 on F.Cu
[unconnected_items]: Missing connection between items
    Local override; error
    @(21.0850 mm, 36.4850 mm): Pad 2 [COL_R_10] of D458 on F.Cu
    @(21.0850 mm, 38.6850 mm): Pad 2 [COL_R_10] of D486 on F.Cu
[unconnected_items]: Missing connection between items
    Local override; error
    @(21.0850 mm, 38.6850 mm): Pad 2 [COL_R_10] of D486 on F.Cu
    @(21.0850 mm, 40.8850 mm): Pad 2 [COL_R_10] of D514 on F.Cu
[unconnected_items]: Missing connection between items
    Local override; error
    @(21.0850 mm, 40.8850 mm): Pad 2 [COL_R_10] of D514 on F.Cu
    @(21.0850 mm, 43.0850 mm): Pad 2 [COL_R_10] of D542 on F.Cu
[unconnected_items]: Missing connection between items
    Local override; error
    @(21.0850 mm, 43.0850 mm): Pad 2 [COL_R_10] of D542 on F.Cu
    @(21.0850 mm, 45.2850 mm): Pad 2 [COL_R_10] of D570 on F.Cu
[unconnected_items]: Missing connection between items
    Local override; error
    @(21.0850 mm, 45.2850 mm): Pad 2 [COL_R_10] of D570 on F.Cu
    @(21.0850 mm, 47.4850 mm): Pad 2 [COL_R_10] of D598 on F.Cu
[unconnected_items]: Missing connection between items
    Local override; error
    @(21.0850 mm, 47.4850 mm): Pad 2 [COL_R_10] of D598 on F.Cu
    @(21.0850 mm, 49.6850 mm): Pad 2 [COL_R_10] of D626 on F.Cu
[unconnected_items]: Missing connection between items
    Local override; error
    @(21.0850 mm, 49.6850 mm): Pad 2 [COL_R_10] of D626 on F.Cu
    @(21.0850 mm, 51.8850 mm): Pad 2 [COL_R_10] of D654 on F.Cu
[unconnected_items]: Missing connection between items
    Local override; error
    @(21.0850 mm, 51.8850 mm): Pad 2 [COL_R_10] of D654 on F.Cu
    @(21.0850 mm, 54.0850 mm): Pad 2 [COL_R_10] of D682 on F.Cu
[unconnected_items]: Missing connection between items
    Local override; error
    @(21.0850 mm, 54.0850 mm): Pad 2 [COL_R_10] of D682 on F.Cu
    @(21.0850 mm, 56.2850 mm): Pad 2 [COL_R_10] of D710 on F.Cu
[unconnected_items]: Missing connection between items
    Local override; error
    @(21.0850 mm, 56.2850 mm): Pad 2 [COL_R_10] of D710 on F.Cu
    @(21.0850 mm, 58.4850 mm): Pad 2 [COL_R_10] of D738 on F.Cu
[unconnected_items]: Missing connection between items
    Local override; error
    @(21.0850 mm, 58.4850 mm): Pad 2 [COL_R_10] of D738 on F.Cu
    @(21.0850 mm, 60.6850 mm): Pad 2 [COL_R_10] of D766 on F.Cu
[unconnected_items]: Missing connection between items
    Local override; error
    @(20.3150 mm, 1.2850 mm): Pad 3 [COL_G_10] of D10 on F.Cu
    @(20.3150 mm, 3.4850 mm): Pad 3 [COL_G_10] of D38 on F.Cu
[unconnected_items]: Missing connection between items
    Local override; error
    @(20.3150 mm, 3.4850 mm): Pad 3 [COL_G_10] of D38 on F.Cu
    @(20.3150 mm, 5.6850 mm): Pad 3 [COL_G_10] of D66 on F.Cu
[unconnected_items]: Missing connection between items
    Local override; error
    @(20.3150 mm, 5.6850 mm): Pad 3 [COL_G_10] of D66 on F.Cu
    @(20.3150 mm, 7.8850 mm): Pad 3 [COL_G_10] of D94 on F.Cu
[unconnected_items]: Missing connection between items
    Local override; error
    @(20.3150 mm, 7.8850 mm): Pad 3 [COL_G_10] of D94 on F.Cu
    @(20.3150 mm, 10.0850 mm): Pad 3 [COL_G_10] of D122 on F.Cu
[unconnected_items]: Missing connection between items
    Local override; error
    @(20.3150 mm, 10.0850 mm): Pad 3 [COL_G_10] of D122 on F.Cu
    @(20.3150 mm, 12.2850 mm): Pad 3 [COL_G_10] of D150 on F.Cu
[unconnected_items]: Missing connection between items
    Local override; error
    @(20.3150 mm, 12.2850 mm): Pad 3 [COL_G_10] of D150 on F.Cu
    @(20.3150 mm, 14.4850 mm): Pad 3 [COL_G_10] of D178 on F.Cu
[unconnected_items]: Missing connection between items
    Local override; error
    @(20.3150 mm, 14.4850 mm): Pad 3 [COL_G_10] of D178 on F.Cu
    @(20.3150 mm, 16.6850 mm): Pad 3 [COL_G_10] of D206 on F.Cu
[unconnected_items]: Missing connection between items
    Local override; error
    @(20.3150 mm, 16.6850 mm): Pad 3 [COL_G_10] of D206 on F.Cu
    @(20.3150 mm, 18.8850 mm): Pad 3 [COL_G_10] of D234 on F.Cu
[unconnected_items]: Missing connection between items
    Local override; error
    @(20.3150 mm, 18.8850 mm): Pad 3 [COL_G_10] of D234 on F.Cu
    @(20.3150 mm, 21.0850 mm): Pad 3 [COL_G_10] of D262 on F.Cu
[unconnected_items]: Missing connection between items
    Local override; error
    @(20.3150 mm, 21.0850 mm): Pad 3 [COL_G_10] of D262 on F.Cu
    @(20.3150 mm, 23.2850 mm): Pad 3 [COL_G_10] of D290 on F.Cu
[unconnected_items]: Missing connection between items
    Local override; error
    @(20.3150 mm, 23.2850 mm): Pad 3 [COL_G_10] of D290 on F.Cu
    @(20.3150 mm, 25.4850 mm): Pad 3 [COL_G_10] of D318 on F.Cu
[unconnected_items]: Missing connection between items
    Local override; error
    @(20.3150 mm, 25.4850 mm): Pad 3 [COL_G_10] of D318 on F.Cu
    @(20.3150 mm, 27.6850 mm): Pad 3 [COL_G_10] of D346 on F.Cu
[unconnected_items]: Missing connection between items
    Local override; error
    @(20.3150 mm, 27.6850 mm): Pad 3 [COL_G_10] of D346 on F.Cu
    @(20.3150 mm, 29.8850 mm): Pad 3 [COL_G_10] of D374 on F.Cu
[unconnected_items]: Missing connection between items
    Local override; error
    @(20.3150 mm, 29.8850 mm): Pad 3 [COL_G_10] of D374 on F.Cu
    @(20.3150 mm, 32.0850 mm): Pad 3 [COL_G_10] of D402 on F.Cu
[unconnected_items]: Missing connection between items
    Local override; error
    @(20.3150 mm, 32.0850 mm): Pad 3 [COL_G_10] of D402 on F.Cu
    @(20.3150 mm, 34.2850 mm): Pad 3 [COL_G_10] of D430 on F.Cu
[unconnected_items]: Missing connection between items
    Local override; error
    @(20.3150 mm, 34.2850 mm): Pad 3 [COL_G_10] of D430 on F.Cu
    @(20.3150 mm, 36.4850 mm): Pad 3 [COL_G_10] of D458 on F.Cu
[unconnected_items]: Missing connection between items
    Local override; error
    @(20.3150 mm, 36.4850 mm): Pad 3 [COL_G_10] of D458 on F.Cu
    @(20.3150 mm, 38.6850 mm): Pad 3 [COL_G_10] of D486 on F.Cu
[unconnected_items]: Missing connection between items
    Local override; error
    @(20.3150 mm, 38.6850 mm): Pad 3 [COL_G_10] of D486 on F.Cu
    @(20.3150 mm, 40.8850 mm): Pad 3 [COL_G_10] of D514 on F.Cu
[unconnected_items]: Missing connection between items
    Local override; error
    @(20.3150 mm, 40.8850 mm): Pad 3 [COL_G_10] of D514 on F.Cu
    @(20.3150 mm, 43.0850 mm): Pad 3 [COL_G_10] of D542 on F.Cu
[unconnected_items]: Missing connection between items
    Local override; error
    @(20.3150 mm, 43.0850 mm): Pad 3 [COL_G_10] of D542 on F.Cu
    @(20.3150 mm, 45.2850 mm): Pad 3 [COL_G_10] of D570 on F.Cu
[unconnected_items]: Missing connection between items
    Local override; error
    @(20.3150 mm, 45.2850 mm): Pad 3 [COL_G_10] of D570 on F.Cu
    @(20.3150 mm, 47.4850 mm): Pad 3 [COL_G_10] of D598 on F.Cu
[unconnected_items]: Missing connection between items
    Local override; error
    @(20.3150 mm, 47.4850 mm): Pad 3 [COL_G_10] of D598 on F.Cu
    @(20.3150 mm, 49.6850 mm): Pad 3 [COL_G_10] of D626 on F.Cu
[unconnected_items]: Missing connection between items
    Local override; error
    @(20.3150 mm, 49.6850 mm): Pad 3 [COL_G_10] of D626 on F.Cu
    @(20.3150 mm, 51.8850 mm): Pad 3 [COL_G_10] of D654 on F.Cu
[unconnected_items]: Missing connection between items
    Local override; error
    @(20.3150 mm, 51.8850 mm): Pad 3 [COL_G_10] of D654 on F.Cu
    @(20.3150 mm, 54.0850 mm): Pad 3 [COL_G_10] of D682 on F.Cu
[unconnected_items]: Missing connection between items
    Local override; error
    @(20.3150 mm, 54.0850 mm): Pad 3 [COL_G_10] of D682 on F.Cu
    @(20.3150 mm, 56.2850 mm): Pad 3 [COL_G_10] of D710 on F.Cu
[unconnected_items]: Missing connection between items
    Local override; error
    @(20.3150 mm, 56.2850 mm): Pad 3 [COL_G_10] of D710 on F.Cu
    @(20.3150 mm, 58.4850 mm): Pad 3 [COL_G_10] of D738 on F.Cu
[unconnected_items]: Missing connection between items
    Local override; error
    @(20.3150 mm, 58.4850 mm): Pad 3 [COL_G_10] of D738 on F.Cu
    @(20.3150 mm, 60.6850 mm): Pad 3 [COL_G_10] of D766 on F.Cu
[unconnected_items]: Missing connection between items
    Local override; error
    @(20.3150 mm, 0.5150 mm): Pad 4 [COL_B_10] of D10 on F.Cu
    @(20.3150 mm, 2.7150 mm): Pad 4 [COL_B_10] of D38 on F.Cu
[unconnected_items]: Missing connection between items
    Local override; error
    @(20.3150 mm, 2.7150 mm): Pad 4 [COL_B_10] of D38 on F.Cu
    @(20.3150 mm, 4.9150 mm): Pad 4 [COL_B_10] of D66 on F.Cu
[unconnected_items]: Missing connection between items
    Local override; error
    @(20.3150 mm, 4.9150 mm): Pad 4 [COL_B_10] of D66 on F.Cu
    @(20.3150 mm, 7.1150 mm): Pad 4 [COL_B_10] of D94 on F.Cu
[unconnected_items]: Missing connection between items
    Local override; error
    @(20.3150 mm, 7.1150 mm): Pad 4 [COL_B_10] of D94 on F.Cu
    @(20.3150 mm, 9.3150 mm): Pad 4 [COL_B_10] of D122 on F.Cu
[unconnected_items]: Missing connection between items
    Local override; error
    @(20.3150 mm, 9.3150 mm): Pad 4 [COL_B_10] of D122 on F.Cu
    @(20.3150 mm, 11.5150 mm): Pad 4 [COL_B_10] of D150 on F.Cu
[unconnected_items]: Missing connection between items
    Local override; error
    @(20.3150 mm, 11.5150 mm): Pad 4 [COL_B_10] of D150 on F.Cu
    @(20.3150 mm, 13.7150 mm): Pad 4 [COL_B_10] of D178 on F.Cu
[unconnected_items]: Missing connection between items
    Local override; error
    @(20.3150 mm, 13.7150 mm): Pad 4 [COL_B_10] of D178 on F.Cu
    @(20.3150 mm, 15.9150 mm): Pad 4 [COL_B_10] of D206 on F.Cu
[unconnected_items]: Missing connection between items
    Local override; error
    @(20.3150 mm, 15.9150 mm): Pad 4 [COL_B_10] of D206 on F.Cu
    @(20.3150 mm, 18.1150 mm): Pad 4 [COL_B_10] of D234 on F.Cu
[unconnected_items]: Missing connection between items
    Local override; error
    @(20.3150 mm, 18.1150 mm): Pad 4 [COL_B_10] of D234 on F.Cu
    @(20.3150 mm, 20.3150 mm): Pad 4 [COL_B_10] of D262 on F.Cu
[unconnected_items]: Missing connection between items
    Local override; error
    @(20.3150 mm, 20.3150 mm): Pad 4 [COL_B_10] of D262 on F.Cu
    @(20.3150 mm, 22.5150 mm): Pad 4 [COL_B_10] of D290 on F.Cu
[unconnected_items]: Missing connection between items
    Local override; error
    @(20.3150 mm, 22.5150 mm): Pad 4 [COL_B_10] of D290 on F.Cu
    @(20.3150 mm, 24.7150 mm): Pad 4 [COL_B_10] of D318 on F.Cu
[unconnected_items]: Missing connection between items
    Local override; error
    @(20.3150 mm, 24.7150 mm): Pad 4 [COL_B_10] of D318 on F.Cu
    @(20.3150 mm, 26.9150 mm): Pad 4 [COL_B_10] of D346 on F.Cu
[unconnected_items]: Missing connection between items
    Local override; error
    @(20.3150 mm, 26.9150 mm): Pad 4 [COL_B_10] of D346 on F.Cu
    @(20.3150 mm, 29.1150 mm): Pad 4 [COL_B_10] of D374 on F.Cu
[unconnected_items]: Missing connection between items
    Local override; error
    @(20.3150 mm, 29.1150 mm): Pad 4 [COL_B_10] of D374 on F.Cu
    @(20.3150 mm, 31.3150 mm): Pad 4 [COL_B_10] of D402 on F.Cu
[unconnected_items]: Missing connection between items
    Local override; error
    @(20.3150 mm, 31.3150 mm): Pad 4 [COL_B_10] of D402 on F.Cu
    @(20.3150 mm, 33.5150 mm): Pad 4 [COL_B_10] of D430 on F.Cu
[unconnected_items]: Missing connection between items
    Local override; error
    @(20.3150 mm, 33.5150 mm): Pad 4 [COL_B_10] of D430 on F.Cu
    @(20.3150 mm, 35.7150 mm): Pad 4 [COL_B_10] of D458 on F.Cu
[unconnected_items]: Missing connection between items
    Local override; error
    @(20.3150 mm, 35.7150 mm): Pad 4 [COL_B_10] of D458 on F.Cu
    @(20.3150 mm, 37.9150 mm): Pad 4 [COL_B_10] of D486 on F.Cu
[unconnected_items]: Missing connection between items
    Local override; error
    @(20.3150 mm, 37.9150 mm): Pad 4 [COL_B_10] of D486 on F.Cu
    @(20.3150 mm, 40.1150 mm): Pad 4 [COL_B_10] of D514 on F.Cu
[unconnected_items]: Missing connection between items
    Local override; error
    @(20.3150 mm, 40.1150 mm): Pad 4 [COL_B_10] of D514 on F.Cu
    @(20.3150 mm, 42.3150 mm): Pad 4 [COL_B_10] of D542 on F.Cu
[unconnected_items]: Missing connection between items
    Local override; error
    @(20.3150 mm, 42.3150 mm): Pad 4 [COL_B_10] of D542 on F.Cu
    @(20.3150 mm, 44.5150 mm): Pad 4 [COL_B_10] of D570 on F.Cu
[unconnected_items]: Missing connection between items
    Local override; error
    @(20.3150 mm, 44.5150 mm): Pad 4 [COL_B_10] of D570 on F.Cu
    @(20.3150 mm, 46.7150 mm): Pad 4 [COL_B_10] of D598 on F.Cu
[unconnected_items]: Missing connection between items
    Local override; error
    @(20.3150 mm, 46.7150 mm): Pad 4 [COL_B_10] of D598 on F.Cu
    @(20.3150 mm, 48.9150 mm): Pad 4 [COL_B_10] of D626 on F.Cu
[unconnected_items]: Missing connection between items
    Local override; error
    @(20.3150 mm, 48.9150 mm): Pad 4 [COL_B_10] of D626 on F.Cu
    @(20.3150 mm, 51.1150 mm): Pad 4 [COL_B_10] of D654 on F.Cu
[unconnected_items]: Missing connection between items
    Local override; error
    @(20.3150 mm, 51.1150 mm): Pad 4 [COL_B_10] of D654 on F.Cu
    @(20.3150 mm, 53.3150 mm): Pad 4 [COL_B_10] of D682 on F.Cu
[unconnected_items]: Missing connection between items
    Local override; error
    @(20.3150 mm, 53.3150 mm): Pad 4 [COL_B_10] of D682 on F.Cu
    @(20.3150 mm, 55.5150 mm): Pad 4 [COL_B_10] of D710 on F.Cu
[unconnected_items]: Missing connection between items
    Local override; error
    @(20.3150 mm, 55.5150 mm): Pad 4 [COL_B_10] of D710 on F.Cu
    @(20.3150 mm, 57.7150 mm): Pad 4 [COL_B_10] of D738 on F.Cu
[unconnected_items]: Missing connection between items
    Local override; error
    @(20.3150 mm, 57.7150 mm): Pad 4 [COL_B_10] of D738 on F.Cu
    @(20.3150 mm, 59.9150 mm): Pad 4 [COL_B_10] of D766 on F.Cu
[unconnected_items]: Missing connection between items
    Local override; error
    @(56.2750 mm, 4.0250 mm): Via [COL_R_26] on F.Cu - B.Cu
    @(56.2850 mm, 5.6850 mm): Pad 2 [COL_R_26] of D82 on F.Cu
[unconnected_items]: Missing connection between items
    Local override; error
    @(56.2850 mm, 7.8850 mm): Pad 2 [COL_R_26] of D110 on F.Cu
    @(56.2850 mm, 5.6850 mm): Pad 2 [COL_R_26] of D82 on F.Cu
[unconnected_items]: Missing connection between items
    Local override; error
    @(56.2850 mm, 10.0850 mm): Pad 2 [COL_R_26] of D138 on F.Cu
    @(56.2850 mm, 7.8850 mm): Pad 2 [COL_R_26] of D110 on F.Cu
[unconnected_items]: Missing connection between items
    Local override; error
    @(56.2850 mm, 12.2850 mm): Pad 2 [COL_R_26] of D166 on F.Cu
    @(56.2850 mm, 10.0850 mm): Pad 2 [COL_R_26] of D138 on F.Cu
[unconnected_items]: Missing connection between items
    Local override; error
    @(56.2850 mm, 14.4850 mm): Pad 2 [COL_R_26] of D194 on F.Cu
    @(56.2850 mm, 12.2850 mm): Pad 2 [COL_R_26] of D166 on F.Cu
[unconnected_items]: Missing connection between items
    Local override; error
    @(56.2850 mm, 16.6850 mm): Pad 2 [COL_R_26] of D222 on F.Cu
    @(56.2850 mm, 14.4850 mm): Pad 2 [COL_R_26] of D194 on F.Cu
[unconnected_items]: Missing connection between items
    Local override; error
    @(56.2850 mm, 18.8850 mm): Pad 2 [COL_R_26] of D250 on F.Cu
    @(56.2850 mm, 16.6850 mm): Pad 2 [COL_R_26] of D222 on F.Cu
[unconnected_items]: Missing connection between items
    Local override; error
    @(56.2850 mm, 21.0850 mm): Pad 2 [COL_R_26] of D278 on F.Cu
    @(56.2850 mm, 18.8850 mm): Pad 2 [COL_R_26] of D250 on F.Cu
[unconnected_items]: Missing connection between items
    Local override; error
    @(56.2850 mm, 23.2850 mm): Pad 2 [COL_R_26] of D306 on F.Cu
    @(56.2850 mm, 21.0850 mm): Pad 2 [COL_R_26] of D278 on F.Cu
[unconnected_items]: Missing connection between items
    Local override; error
    @(56.2850 mm, 25.4850 mm): Pad 2 [COL_R_26] of D334 on F.Cu
    @(56.2850 mm, 23.2850 mm): Pad 2 [COL_R_26] of D306 on F.Cu
[unconnected_items]: Missing connection between items
    Local override; error
    @(56.2850 mm, 27.6850 mm): Pad 2 [COL_R_26] of D362 on F.Cu
    @(56.2850 mm, 25.4850 mm): Pad 2 [COL_R_26] of D334 on F.Cu
[unconnected_items]: Missing connection between items
    Local override; error
    @(56.2850 mm, 29.8850 mm): Pad 2 [COL_R_26] of D390 on F.Cu
    @(56.2850 mm, 27.6850 mm): Pad 2 [COL_R_26] of D362 on F.Cu
[unconnected_items]: Missing connection between items
    Local override; error
    @(56.2850 mm, 32.0850 mm): Pad 2 [COL_R_26] of D418 on F.Cu
    @(56.2850 mm, 29.8850 mm): Pad 2 [COL_R_26] of D390 on F.Cu
[unconnected_items]: Missing connection between items
    Local override; error
    @(56.2850 mm, 34.2850 mm): Pad 2 [COL_R_26] of D446 on F.Cu
    @(56.2850 mm, 32.0850 mm): Pad 2 [COL_R_26] of D418 on F.Cu
[unconnected_items]: Missing connection between items
    Local override; error
    @(56.2850 mm, 36.4850 mm): Pad 2 [COL_R_26] of D474 on F.Cu
    @(56.2850 mm, 34.2850 mm): Pad 2 [COL_R_26] of D446 on F.Cu
[unconnected_items]: Missing connection between items
    Local override; error
    @(56.2850 mm, 38.6850 mm): Pad 2 [COL_R_26] of D502 on F.Cu
    @(56.2850 mm, 36.4850 mm): Pad 2 [COL_R_26] of D474 on F.Cu
[unconnected_items]: Missing connection between items
    Local override; error
    @(56.2850 mm, 40.8850 mm): Pad 2 [COL_R_26] of D530 on F.Cu
    @(56.2850 mm, 38.6850 mm): Pad 2 [COL_R_26] of D502 on F.Cu
[unconnected_items]: Missing connection between items
    Local override; error
    @(56.2850 mm, 43.0850 mm): Pad 2 [COL_R_26] of D558 on F.Cu
    @(56.2850 mm, 40.8850 mm): Pad 2 [COL_R_26] of D530 on F.Cu
[unconnected_items]: Missing connection between items
    Local override; error
    @(56.2850 mm, 45.2850 mm): Pad 2 [COL_R_26] of D586 on F.Cu
    @(56.2850 mm, 43.0850 mm): Pad 2 [COL_R_26] of D558 on F.Cu
[unconnected_items]: Missing connection between items
    Local override; error
    @(56.2850 mm, 47.4850 mm): Pad 2 [COL_R_26] of D614 on F.Cu
    @(56.2850 mm, 45.2850 mm): Pad 2 [COL_R_26] of D586 on F.Cu
[unconnected_items]: Missing connection between items
    Local override; error
    @(56.2850 mm, 49.6850 mm): Pad 2 [COL_R_26] of D642 on F.Cu
    @(56.2850 mm, 47.4850 mm): Pad 2 [COL_R_26] of D614 on F.Cu
[unconnected_items]: Missing connection between items
    Local override; error
    @(56.2850 mm, 51.8850 mm): Pad 2 [COL_R_26] of D670 on F.Cu
    @(56.2850 mm, 49.6850 mm): Pad 2 [COL_R_26] of D642 on F.Cu
[unconnected_items]: Missing connection between items
    Local override; error
    @(56.2850 mm, 54.0850 mm): Pad 2 [COL_R_26] of D698 on F.Cu
    @(56.2850 mm, 51.8850 mm): Pad 2 [COL_R_26] of D670 on F.Cu
[unconnected_items]: Missing connection between items
    Local override; error
    @(56.2850 mm, 56.2850 mm): Pad 2 [COL_R_26] of D726 on F.Cu
    @(56.2850 mm, 54.0850 mm): Pad 2 [COL_R_26] of D698 on F.Cu
[unconnected_items]: Missing connection between items
    Local override; error
    @(56.2850 mm, 58.4850 mm): Pad 2 [COL_R_26] of D754 on F.Cu
    @(56.2850 mm, 56.2850 mm): Pad 2 [COL_R_26] of D726 on F.Cu
[unconnected_items]: Missing connection between items
    Local override; error
    @(56.2850 mm, 60.6850 mm): Pad 2 [COL_R_26] of D782 on F.Cu
    @(56.2850 mm, 58.4850 mm): Pad 2 [COL_R_26] of D754 on F.Cu
[unconnected_items]: Missing connection between items
    Local override; error
    @(55.5150 mm, 5.6850 mm): Pad 3 [COL_G_26] of D82 on F.Cu
    @(55.5250 mm, 1.8250 mm): Track [COL_G_26] on B.Cu, length 2.2000 mm
[unconnected_items]: Missing connection between items
    Local override; error
    @(55.5150 mm, 5.6850 mm): Pad 3 [COL_G_26] of D82 on F.Cu
    @(55.5150 mm, 7.8850 mm): Pad 3 [COL_G_26] of D110 on F.Cu
[unconnected_items]: Missing connection between items
    Local override; error
    @(55.5150 mm, 7.8850 mm): Pad 3 [COL_G_26] of D110 on F.Cu
    @(55.5150 mm, 10.0850 mm): Pad 3 [COL_G_26] of D138 on F.Cu
[unconnected_items]: Missing connection between items
    Local override; error
    @(55.5150 mm, 10.0850 mm): Pad 3 [COL_G_26] of D138 on F.Cu
    @(55.5150 mm, 12.2850 mm): Pad 3 [COL_G_26] of D166 on F.Cu
[unconnected_items]: Missing connection between items
    Local override; error
    @(55.5150 mm, 12.2850 mm): Pad 3 [COL_G_26] of D166 on F.Cu
    @(55.5150 mm, 14.4850 mm): Pad 3 [COL_G_26] of D194 on F.Cu
[unconnected_items]: Missing connection between items
    Local override; error
    @(55.5150 mm, 14.4850 mm): Pad 3 [COL_G_26] of D194 on F.Cu
    @(55.5150 mm, 16.6850 mm): Pad 3 [COL_G_26] of D222 on F.Cu
[unconnected_items]: Missing connection between items
    Local override; error
    @(55.5150 mm, 16.6850 mm): Pad 3 [COL_G_26] of D222 on F.Cu
    @(55.5150 mm, 18.8850 mm): Pad 3 [COL_G_26] of D250 on F.Cu
[unconnected_items]: Missing connection between items
    Local override; error
    @(55.5150 mm, 18.8850 mm): Pad 3 [COL_G_26] of D250 on F.Cu
    @(55.5150 mm, 21.0850 mm): Pad 3 [COL_G_26] of D278 on F.Cu
[unconnected_items]: Missing connection between items
    Local override; error
    @(55.5150 mm, 21.0850 mm): Pad 3 [COL_G_26] of D278 on F.Cu
    @(55.5150 mm, 23.2850 mm): Pad 3 [COL_G_26] of D306 on F.Cu
[unconnected_items]: Missing connection between items
    Local override; error
    @(55.5150 mm, 23.2850 mm): Pad 3 [COL_G_26] of D306 on F.Cu
    @(55.5150 mm, 25.4850 mm): Pad 3 [COL_G_26] of D334 on F.Cu
[unconnected_items]: Missing connection between items
    Local override; error
    @(55.5150 mm, 25.4850 mm): Pad 3 [COL_G_26] of D334 on F.Cu
    @(55.5150 mm, 27.6850 mm): Pad 3 [COL_G_26] of D362 on F.Cu
[unconnected_items]: Missing connection between items
    Local override; error
    @(55.5150 mm, 27.6850 mm): Pad 3 [COL_G_26] of D362 on F.Cu
    @(55.5150 mm, 29.8850 mm): Pad 3 [COL_G_26] of D390 on F.Cu
[unconnected_items]: Missing connection between items
    Local override; error
    @(55.5150 mm, 29.8850 mm): Pad 3 [COL_G_26] of D390 on F.Cu
    @(55.5150 mm, 32.0850 mm): Pad 3 [COL_G_26] of D418 on F.Cu
[unconnected_items]: Missing connection between items
    Local override; error
    @(55.5150 mm, 32.0850 mm): Pad 3 [COL_G_26] of D418 on F.Cu
    @(55.5150 mm, 34.2850 mm): Pad 3 [COL_G_26] of D446 on F.Cu
[unconnected_items]: Missing connection between items
    Local override; error
    @(55.5150 mm, 34.2850 mm): Pad 3 [COL_G_26] of D446 on F.Cu
    @(55.5150 mm, 36.4850 mm): Pad 3 [COL_G_26] of D474 on F.Cu
[unconnected_items]: Missing connection between items
    Local override; error
    @(55.5150 mm, 36.4850 mm): Pad 3 [COL_G_26] of D474 on F.Cu
    @(55.5150 mm, 38.6850 mm): Pad 3 [COL_G_26] of D502 on F.Cu
[unconnected_items]: Missing connection between items
    Local override; error
    @(55.5150 mm, 38.6850 mm): Pad 3 [COL_G_26] of D502 on F.Cu
    @(55.5150 mm, 40.8850 mm): Pad 3 [COL_G_26] of D530 on F.Cu
[unconnected_items]: Missing connection between items
    Local override; error
    @(55.5150 mm, 40.8850 mm): Pad 3 [COL_G_26] of D530 on F.Cu
    @(55.5150 mm, 43.0850 mm): Pad 3 [COL_G_26] of D558 on F.Cu
[unconnected_items]: Missing connection between items
    Local override; error
    @(55.5150 mm, 43.0850 mm): Pad 3 [COL_G_26] of D558 on F.Cu
    @(55.5150 mm, 45.2850 mm): Pad 3 [COL_G_26] of D586 on F.Cu
[unconnected_items]: Missing connection between items
    Local override; error
    @(55.5150 mm, 45.2850 mm): Pad 3 [COL_G_26] of D586 on F.Cu
    @(55.5150 mm, 47.4850 mm): Pad 3 [COL_G_26] of D614 on F.Cu
[unconnected_items]: Missing connection between items
    Local override; error
    @(55.5150 mm, 47.4850 mm): Pad 3 [COL_G_26] of D614 on F.Cu
    @(55.5150 mm, 49.6850 mm): Pad 3 [COL_G_26] of D642 on F.Cu
[unconnected_items]: Missing connection between items
    Local override; error
    @(55.5150 mm, 49.6850 mm): Pad 3 [COL_G_26] of D642 on F.Cu
    @(55.5150 mm, 51.8850 mm): Pad 3 [COL_G_26] of D670 on F.Cu
[unconnected_items]: Missing connection between items
    Local override; error
    @(55.5150 mm, 51.8850 mm): Pad 3 [COL_G_26] of D670 on F.Cu
    @(55.5150 mm, 54.0850 mm): Pad 3 [COL_G_26] of D698 on F.Cu
[unconnected_items]: Missing connection between items
    Local override; error
    @(55.5150 mm, 54.0850 mm): Pad 3 [COL_G_26] of D698 on F.Cu
    @(55.5150 mm, 56.2850 mm): Pad 3 [COL_G_26] of D726 on F.Cu
[unconnected_items]: Missing connection between items
    Local override; error
    @(55.5150 mm, 56.2850 mm): Pad 3 [COL_G_26] of D726 on F.Cu
    @(55.5150 mm, 58.4850 mm): Pad 3 [COL_G_26] of D754 on F.Cu
[unconnected_items]: Missing connection between items
    Local override; error
    @(55.5150 mm, 58.4850 mm): Pad 3 [COL_G_26] of D754 on F.Cu
    @(55.5150 mm, 60.6850 mm): Pad 3 [COL_G_26] of D782 on F.Cu
[unconnected_items]: Missing connection between items
    Local override; error
    @(55.5150 mm, 4.9150 mm): Pad 4 [COL_B_26] of D82 on F.Cu
    @(55.5150 mm, 7.1150 mm): Pad 4 [COL_B_26] of D110 on F.Cu
[unconnected_items]: Missing connection between items
    Local override; error
    @(55.5150 mm, 7.1150 mm): Pad 4 [COL_B_26] of D110 on F.Cu
    @(55.5150 mm, 9.3150 mm): Pad 4 [COL_B_26] of D138 on F.Cu
[unconnected_items]: Missing connection between items
    Local override; error
    @(55.5150 mm, 9.3150 mm): Pad 4 [COL_B_26] of D138 on F.Cu
    @(55.5150 mm, 11.5150 mm): Pad 4 [COL_B_26] of D166 on F.Cu
[unconnected_items]: Missing connection between items
    Local override; error
    @(55.5150 mm, 11.5150 mm): Pad 4 [COL_B_26] of D166 on F.Cu
    @(55.5150 mm, 13.7150 mm): Pad 4 [COL_B_26] of D194 on F.Cu
[unconnected_items]: Missing connection between items
    Local override; error
    @(55.5150 mm, 13.7150 mm): Pad 4 [COL_B_26] of D194 on F.Cu
    @(55.5150 mm, 15.9150 mm): Pad 4 [COL_B_26] of D222 on F.Cu
[unconnected_items]: Missing connection between items
    Local override; error
    @(55.5150 mm, 15.9150 mm): Pad 4 [COL_B_26] of D222 on F.Cu
    @(55.5150 mm, 18.1150 mm): Pad 4 [COL_B_26] of D250 on F.Cu
[unconnected_items]: Missing connection between items
    Local override; error
    @(55.5150 mm, 18.1150 mm): Pad 4 [COL_B_26] of D250 on F.Cu
    @(55.5150 mm, 20.3150 mm): Pad 4 [COL_B_26] of D278 on F.Cu
[unconnected_items]: Missing connection between items
    Local override; error
    @(55.5150 mm, 20.3150 mm): Pad 4 [COL_B_26] of D278 on F.Cu
    @(55.5150 mm, 22.5150 mm): Pad 4 [COL_B_26] of D306 on F.Cu
[unconnected_items]: Missing connection between items
    Local override; error
    @(55.5150 mm, 22.5150 mm): Pad 4 [COL_B_26] of D306 on F.Cu
    @(55.5150 mm, 24.7150 mm): Pad 4 [COL_B_26] of D334 on F.Cu
[unconnected_items]: Missing connection between items
    Local override; error
    @(55.5150 mm, 24.7150 mm): Pad 4 [COL_B_26] of D334 on F.Cu
    @(55.5150 mm, 26.9150 mm): Pad 4 [COL_B_26] of D362 on F.Cu
[unconnected_items]: Missing connection between items
    Local override; error
    @(55.5150 mm, 26.9150 mm): Pad 4 [COL_B_26] of D362 on F.Cu
    @(55.5150 mm, 29.1150 mm): Pad 4 [COL_B_26] of D390 on F.Cu
[unconnected_items]: Missing connection between items
    Local override; error
    @(55.5150 mm, 29.1150 mm): Pad 4 [COL_B_26] of D390 on F.Cu
    @(55.5150 mm, 31.3150 mm): Pad 4 [COL_B_26] of D418 on F.Cu
[unconnected_items]: Missing connection between items
    Local override; error
    @(55.5150 mm, 31.3150 mm): Pad 4 [COL_B_26] of D418 on F.Cu
    @(55.5150 mm, 33.5150 mm): Pad 4 [COL_B_26] of D446 on F.Cu
[unconnected_items]: Missing connection between items
    Local override; error
    @(55.5150 mm, 33.5150 mm): Pad 4 [COL_B_26] of D446 on F.Cu
    @(55.5150 mm, 35.7150 mm): Pad 4 [COL_B_26] of D474 on F.Cu
[unconnected_items]: Missing connection between items
    Local override; error
    @(55.5150 mm, 35.7150 mm): Pad 4 [COL_B_26] of D474 on F.Cu
    @(55.5150 mm, 37.9150 mm): Pad 4 [COL_B_26] of D502 on F.Cu
[unconnected_items]: Missing connection between items
    Local override; error
    @(55.5150 mm, 37.9150 mm): Pad 4 [COL_B_26] of D502 on F.Cu
    @(55.5150 mm, 40.1150 mm): Pad 4 [COL_B_26] of D530 on F.Cu
[unconnected_items]: Missing connection between items
    Local override; error
    @(55.5150 mm, 40.1150 mm): Pad 4 [COL_B_26] of D530 on F.Cu
    @(55.5150 mm, 42.3150 mm): Pad 4 [COL_B_26] of D558 on F.Cu
[unconnected_items]: Missing connection between items
    Local override; error
    @(55.5150 mm, 42.3150 mm): Pad 4 [COL_B_26] of D558 on F.Cu
    @(55.5150 mm, 44.5150 mm): Pad 4 [COL_B_26] of D586 on F.Cu
[unconnected_items]: Missing connection between items
    Local override; error
    @(55.5150 mm, 44.5150 mm): Pad 4 [COL_B_26] of D586 on F.Cu
    @(55.5150 mm, 46.7150 mm): Pad 4 [COL_B_26] of D614 on F.Cu
[unconnected_items]: Missing connection between items
    Local override; error
    @(55.5150 mm, 46.7150 mm): Pad 4 [COL_B_26] of D614 on F.Cu
    @(55.5150 mm, 48.9150 mm): Pad 4 [COL_B_26] of D642 on F.Cu
[unconnected_items]: Missing connection between items
    Local override; error
    @(55.5150 mm, 48.9150 mm): Pad 4 [COL_B_26] of D642 on F.Cu
    @(55.5150 mm, 51.1150 mm): Pad 4 [COL_B_26] of D670 on F.Cu
[unconnected_items]: Missing connection between items
    Local override; error
    @(55.5150 mm, 51.1150 mm): Pad 4 [COL_B_26] of D670 on F.Cu
    @(55.5150 mm, 53.3150 mm): Pad 4 [COL_B_26] of D698 on F.Cu
[unconnected_items]: Missing connection between items
    Local override; error
    @(55.5150 mm, 53.3150 mm): Pad 4 [COL_B_26] of D698 on F.Cu
    @(55.5150 mm, 55.5150 mm): Pad 4 [COL_B_26] of D726 on F.Cu
[unconnected_items]: Missing connection between items
    Local override; error
    @(55.5150 mm, 55.5150 mm): Pad 4 [COL_B_26] of D726 on F.Cu
    @(55.5150 mm, 57.7150 mm): Pad 4 [COL_B_26] of D754 on F.Cu
[unconnected_items]: Missing connection between items
    Local override; error
    @(55.5150 mm, 57.7150 mm): Pad 4 [COL_B_26] of D754 on F.Cu
    @(55.5150 mm, 59.9150 mm): Pad 4 [COL_B_26] of D782 on F.Cu
[unconnected_items]: Missing connection between items
    Local override; error
    @(55.9000 mm, 4.3750 mm): Via [COL_B_26] on F.Cu - B.Cu
    @(55.5150 mm, 4.9150 mm): Pad 4 [COL_B_26] of D82 on F.Cu
[unconnected_items]: Missing connection between items
    Local override; error
    @(1.2850 mm, 48.9150 mm): Pad 1 [ROW_23_ANODE] of D617 on F.Cu
    @(3.4850 mm, 48.9150 mm): Pad 1 [ROW_23_ANODE] of D618 on F.Cu
[unconnected_items]: Missing connection between items
    Local override; error
    @(3.4850 mm, 48.9150 mm): Pad 1 [ROW_23_ANODE] of D618 on F.Cu
    @(5.6850 mm, 48.9150 mm): Pad 1 [ROW_23_ANODE] of D619 on F.Cu
[unconnected_items]: Missing connection between items
    Local override; error
    @(5.6850 mm, 48.9150 mm): Pad 1 [ROW_23_ANODE] of D619 on F.Cu
    @(7.8850 mm, 48.9150 mm): Pad 1 [ROW_23_ANODE] of D620 on F.Cu
[unconnected_items]: Missing connection between items
    Local override; error
    @(7.8850 mm, 48.9150 mm): Pad 1 [ROW_23_ANODE] of D620 on F.Cu
    @(10.0850 mm, 48.9150 mm): Pad 1 [ROW_23_ANODE] of D621 on F.Cu
[unconnected_items]: Missing connection between items
    Local override; error
    @(10.0850 mm, 48.9150 mm): Pad 1 [ROW_23_ANODE] of D621 on F.Cu
    @(12.2850 mm, 48.9150 mm): Pad 1 [ROW_23_ANODE] of D622 on F.Cu
[unconnected_items]: Missing connection between items
    Local override; error
    @(12.2850 mm, 48.9150 mm): Pad 1 [ROW_23_ANODE] of D622 on F.Cu
    @(14.4850 mm, 48.9150 mm): Pad 1 [ROW_23_ANODE] of D623 on F.Cu
[unconnected_items]: Missing connection between items
    Local override; error
    @(14.4850 mm, 48.9150 mm): Pad 1 [ROW_23_ANODE] of D623 on F.Cu
    @(16.6850 mm, 48.9150 mm): Pad 1 [ROW_23_ANODE] of D624 on F.Cu
[unconnected_items]: Missing connection between items
    Local override; error
    @(16.6850 mm, 48.9150 mm): Pad 1 [ROW_23_ANODE] of D624 on F.Cu
    @(18.8850 mm, 48.9150 mm): Pad 1 [ROW_23_ANODE] of D625 on F.Cu
[unconnected_items]: Missing connection between items
    Local override; error
    @(18.8850 mm, 48.9150 mm): Pad 1 [ROW_23_ANODE] of D625 on F.Cu
    @(21.0850 mm, 48.9150 mm): Pad 1 [ROW_23_ANODE] of D626 on F.Cu
[unconnected_items]: Missing connection between items
    Local override; error
    @(21.0850 mm, 48.9150 mm): Pad 1 [ROW_23_ANODE] of D626 on F.Cu
    @(23.2850 mm, 48.9150 mm): Pad 1 [ROW_23_ANODE] of D627 on F.Cu
[unconnected_items]: Missing connection between items
    Local override; error
    @(23.2850 mm, 48.9150 mm): Pad 1 [ROW_23_ANODE] of D627 on F.Cu
    @(25.4850 mm, 48.9150 mm): Pad 1 [ROW_23_ANODE] of D628 on F.Cu
[unconnected_items]: Missing connection between items
    Local override; error
    @(25.4850 mm, 48.9150 mm): Pad 1 [ROW_23_ANODE] of D628 on F.Cu
    @(27.6850 mm, 48.9150 mm): Pad 1 [ROW_23_ANODE] of D629 on F.Cu
[unconnected_items]: Missing connection between items
    Local override; error
    @(27.6850 mm, 48.9150 mm): Pad 1 [ROW_23_ANODE] of D629 on F.Cu
    @(29.8850 mm, 48.9150 mm): Pad 1 [ROW_23_ANODE] of D630 on F.Cu
[unconnected_items]: Missing connection between items
    Local override; error
    @(29.8850 mm, 48.9150 mm): Pad 1 [ROW_23_ANODE] of D630 on F.Cu
    @(32.0850 mm, 48.9150 mm): Pad 1 [ROW_23_ANODE] of D631 on F.Cu
[unconnected_items]: Missing connection between items
    Local override; error
    @(32.0850 mm, 48.9150 mm): Pad 1 [ROW_23_ANODE] of D631 on F.Cu
    @(34.2850 mm, 48.9150 mm): Pad 1 [ROW_23_ANODE] of D632 on F.Cu
[unconnected_items]: Missing connection between items
    Local override; error
    @(34.2850 mm, 48.9150 mm): Pad 1 [ROW_23_ANODE] of D632 on F.Cu
    @(36.4850 mm, 48.9150 mm): Pad 1 [ROW_23_ANODE] of D633 on F.Cu
[unconnected_items]: Missing connection between items
    Local override; error
    @(36.4850 mm, 48.9150 mm): Pad 1 [ROW_23_ANODE] of D633 on F.Cu
    @(38.6850 mm, 48.9150 mm): Pad 1 [ROW_23_ANODE] of D634 on F.Cu
[unconnected_items]: Missing connection between items
    Local override; error
    @(38.6850 mm, 48.9150 mm): Pad 1 [ROW_23_ANODE] of D634 on F.Cu
    @(40.8850 mm, 48.9150 mm): Pad 1 [ROW_23_ANODE] of D635 on F.Cu
[unconnected_items]: Missing connection between items
    Local override; error
    @(40.8850 mm, 48.9150 mm): Pad 1 [ROW_23_ANODE] of D635 on F.Cu
    @(43.0850 mm, 48.9150 mm): Pad 1 [ROW_23_ANODE] of D636 on F.Cu
[unconnected_items]: Missing connection between items
    Local override; error
    @(43.0850 mm, 48.9150 mm): Pad 1 [ROW_23_ANODE] of D636 on F.Cu
    @(45.2850 mm, 48.9150 mm): Pad 1 [ROW_23_ANODE] of D637 on F.Cu
[unconnected_items]: Missing connection between items
    Local override; error
    @(45.2850 mm, 48.9150 mm): Pad 1 [ROW_23_ANODE] of D637 on F.Cu
    @(47.4850 mm, 48.9150 mm): Pad 1 [ROW_23_ANODE] of D638 on F.Cu
[unconnected_items]: Missing connection between items
    Local override; error
    @(47.4850 mm, 48.9150 mm): Pad 1 [ROW_23_ANODE] of D638 on F.Cu
    @(49.6850 mm, 48.9150 mm): Pad 1 [ROW_23_ANODE] of D639 on F.Cu
[unconnected_items]: Missing connection between items
    Local override; error
    @(49.6850 mm, 48.9150 mm): Pad 1 [ROW_23_ANODE] of D639 on F.Cu
    @(51.8850 mm, 48.9150 mm): Pad 1 [ROW_23_ANODE] of D640 on F.Cu
[unconnected_items]: Missing connection between items
    Local override; error
    @(51.8850 mm, 48.9150 mm): Pad 1 [ROW_23_ANODE] of D640 on F.Cu
    @(54.0850 mm, 48.9150 mm): Pad 1 [ROW_23_ANODE] of D641 on F.Cu
[unconnected_items]: Missing connection between items
    Local override; error
    @(54.0850 mm, 48.9150 mm): Pad 1 [ROW_23_ANODE] of D641 on F.Cu
    @(56.2850 mm, 48.9150 mm): Pad 1 [ROW_23_ANODE] of D642 on F.Cu
[unconnected_items]: Missing connection between items
    Local override; error
    @(56.2850 mm, 48.9150 mm): Pad 1 [ROW_23_ANODE] of D642 on F.Cu
    @(58.4850 mm, 48.9150 mm): Pad 1 [ROW_23_ANODE] of D643 on F.Cu
[unconnected_items]: Missing connection between items
    Local override; error
    @(58.4850 mm, 48.9150 mm): Pad 1 [ROW_23_ANODE] of D643 on F.Cu
    @(60.6850 mm, 48.9150 mm): Pad 1 [ROW_23_ANODE] of D644 on F.Cu
[unconnected_items]: Missing connection between items
    Local override; error
    @(18.8850 mm, 1.2850 mm): Pad 2 [COL_R_09] of D9 on F.Cu
    @(18.8850 mm, 3.4850 mm): Pad 2 [COL_R_09] of D37 on F.Cu
[unconnected_items]: Missing connection between items
    Local override; error
    @(18.8850 mm, 3.4850 mm): Pad 2 [COL_R_09] of D37 on F.Cu
    @(18.8850 mm, 5.6850 mm): Pad 2 [COL_R_09] of D65 on F.Cu
[unconnected_items]: Missing connection between items
    Local override; error
    @(18.8850 mm, 5.6850 mm): Pad 2 [COL_R_09] of D65 on F.Cu
    @(18.8850 mm, 7.8850 mm): Pad 2 [COL_R_09] of D93 on F.Cu
[unconnected_items]: Missing connection between items
    Local override; error
    @(18.8850 mm, 7.8850 mm): Pad 2 [COL_R_09] of D93 on F.Cu
    @(18.8850 mm, 10.0850 mm): Pad 2 [COL_R_09] of D121 on F.Cu
[unconnected_items]: Missing connection between items
    Local override; error
    @(18.8850 mm, 10.0850 mm): Pad 2 [COL_R_09] of D121 on F.Cu
    @(18.8850 mm, 12.2850 mm): Pad 2 [COL_R_09] of D149 on F.Cu
[unconnected_items]: Missing connection between items
    Local override; error
    @(18.8850 mm, 12.2850 mm): Pad 2 [COL_R_09] of D149 on F.Cu
    @(18.8850 mm, 14.4850 mm): Pad 2 [COL_R_09] of D177 on F.Cu
[unconnected_items]: Missing connection between items
    Local override; error
    @(18.8850 mm, 14.4850 mm): Pad 2 [COL_R_09] of D177 on F.Cu
    @(18.8850 mm, 16.6850 mm): Pad 2 [COL_R_09] of D205 on F.Cu
[unconnected_items]: Missing connection between items
    Local override; error
    @(18.8850 mm, 16.6850 mm): Pad 2 [COL_R_09] of D205 on F.Cu
    @(18.8850 mm, 18.8850 mm): Pad 2 [COL_R_09] of D233 on F.Cu
[unconnected_items]: Missing connection between items
    Local override; error
    @(18.8850 mm, 18.8850 mm): Pad 2 [COL_R_09] of D233 on F.Cu
    @(18.8850 mm, 21.0850 mm): Pad 2 [COL_R_09] of D261 on F.Cu
[unconnected_items]: Missing connection between items
    Local override; error
    @(18.8850 mm, 21.0850 mm): Pad 2 [COL_R_09] of D261 on F.Cu
    @(18.8850 mm, 23.2850 mm): Pad 2 [COL_R_09] of D289 on F.Cu
[unconnected_items]: Missing connection between items
    Local override; error
    @(18.8850 mm, 23.2850 mm): Pad 2 [COL_R_09] of D289 on F.Cu
    @(18.8850 mm, 25.4850 mm): Pad 2 [COL_R_09] of D317 on F.Cu
[unconnected_items]: Missing connection between items
    Local override; error
    @(18.8850 mm, 25.4850 mm): Pad 2 [COL_R_09] of D317 on F.Cu
    @(18.8850 mm, 27.6850 mm): Pad 2 [COL_R_09] of D345 on F.Cu
[unconnected_items]: Missing connection between items
    Local override; error
    @(18.8850 mm, 27.6850 mm): Pad 2 [COL_R_09] of D345 on F.Cu
    @(18.8850 mm, 29.8850 mm): Pad 2 [COL_R_09] of D373 on F.Cu
[unconnected_items]: Missing connection between items
    Local override; error
    @(18.8850 mm, 29.8850 mm): Pad 2 [COL_R_09] of D373 on F.Cu
    @(18.8850 mm, 32.0850 mm): Pad 2 [COL_R_09] of D401 on F.Cu
[unconnected_items]: Missing connection between items
    Local override; error
    @(18.8850 mm, 32.0850 mm): Pad 2 [COL_R_09] of D401 on F.Cu
    @(18.8850 mm, 34.2850 mm): Pad 2 [COL_R_09] of D429 on F.Cu
[unconnected_items]: Missing connection between items
    Local override; error
    @(18.8850 mm, 34.2850 mm): Pad 2 [COL_R_09] of D429 on F.Cu
    @(18.8850 mm, 36.4850 mm): Pad 2 [COL_R_09] of D457 on F.Cu
[unconnected_items]: Missing connection between items
    Local override; error
    @(18.8850 mm, 36.4850 mm): Pad 2 [COL_R_09] of D457 on F.Cu
    @(18.8850 mm, 38.6850 mm): Pad 2 [COL_R_09] of D485 on F.Cu
[unconnected_items]: Missing connection between items
    Local override; error
    @(18.8850 mm, 38.6850 mm): Pad 2 [COL_R_09] of D485 on F.Cu
    @(18.8850 mm, 40.8850 mm): Pad 2 [COL_R_09] of D513 on F.Cu
[unconnected_items]: Missing connection between items
    Local override; error
    @(18.8850 mm, 40.8850 mm): Pad 2 [COL_R_09] of D513 on F.Cu
    @(18.8850 mm, 43.0850 mm): Pad 2 [COL_R_09] of D541 on F.Cu
[unconnected_items]: Missing connection between items
    Local override; error
    @(18.8850 mm, 43.0850 mm): Pad 2 [COL_R_09] of D541 on F.Cu
    @(18.8850 mm, 45.2850 mm): Pad 2 [COL_R_09] of D569 on F.Cu
[unconnected_items]: Missing connection between items
    Local override; error
    @(18.8850 mm, 45.2850 mm): Pad 2 [COL_R_09] of D569 on F.Cu
    @(18.8850 mm, 47.4850 mm): Pad 2 [COL_R_09] of D597 on F.Cu
[unconnected_items]: Missing connection between items
    Local override; error
    @(18.8850 mm, 47.4850 mm): Pad 2 [COL_R_09] of D597 on F.Cu
    @(18.8850 mm, 49.6850 mm): Pad 2 [COL_R_09] of D625 on F.Cu
[unconnected_items]: Missing connection between items
    Local override; error
    @(18.8850 mm, 49.6850 mm): Pad 2 [COL_R_09] of D625 on F.Cu
    @(18.8850 mm, 51.8850 mm): Pad 2 [COL_R_09] of D653 on F.Cu
[unconnected_items]: Missing connection between items
    Local override; error
    @(18.8850 mm, 51.8850 mm): Pad 2 [COL_R_09] of D653 on F.Cu
    @(18.8850 mm, 54.0850 mm): Pad 2 [COL_R_09] of D681 on F.Cu
[unconnected_items]: Missing connection between items
    Local override; error
    @(18.8850 mm, 54.0850 mm): Pad 2 [COL_R_09] of D681 on F.Cu
    @(18.8850 mm, 56.2850 mm): Pad 2 [COL_R_09] of D709 on F.Cu
[unconnected_items]: Missing connection between items
    Local override; error
    @(18.8850 mm, 56.2850 mm): Pad 2 [COL_R_09] of D709 on F.Cu
    @(18.8850 mm, 58.4850 mm): Pad 2 [COL_R_09] of D737 on F.Cu
[unconnected_items]: Missing connection between items
    Local override; error
    @(18.8850 mm, 58.4850 mm): Pad 2 [COL_R_09] of D737 on F.Cu
    @(18.8850 mm, 60.6850 mm): Pad 2 [COL_R_09] of D765 on F.Cu
[unconnected_items]: Missing connection between items
    Local override; error
    @(18.1150 mm, 1.2850 mm): Pad 3 [COL_G_09] of D9 on F.Cu
    @(18.1150 mm, 3.4850 mm): Pad 3 [COL_G_09] of D37 on F.Cu
[unconnected_items]: Missing connection between items
    Local override; error
    @(18.1150 mm, 3.4850 mm): Pad 3 [COL_G_09] of D37 on F.Cu
    @(18.1150 mm, 5.6850 mm): Pad 3 [COL_G_09] of D65 on F.Cu
[unconnected_items]: Missing connection between items
    Local override; error
    @(18.1150 mm, 5.6850 mm): Pad 3 [COL_G_09] of D65 on F.Cu
    @(18.1150 mm, 7.8850 mm): Pad 3 [COL_G_09] of D93 on F.Cu
[unconnected_items]: Missing connection between items
    Local override; error
    @(18.1150 mm, 7.8850 mm): Pad 3 [COL_G_09] of D93 on F.Cu
    @(18.1150 mm, 10.0850 mm): Pad 3 [COL_G_09] of D121 on F.Cu
[unconnected_items]: Missing connection between items
    Local override; error
    @(18.1150 mm, 10.0850 mm): Pad 3 [COL_G_09] of D121 on F.Cu
    @(18.1150 mm, 12.2850 mm): Pad 3 [COL_G_09] of D149 on F.Cu
[unconnected_items]: Missing connection between items
    Local override; error
    @(18.1150 mm, 12.2850 mm): Pad 3 [COL_G_09] of D149 on F.Cu
    @(18.1150 mm, 14.4850 mm): Pad 3 [COL_G_09] of D177 on F.Cu
[unconnected_items]: Missing connection between items
    Local override; error
    @(18.1150 mm, 14.4850 mm): Pad 3 [COL_G_09] of D177 on F.Cu
    @(18.1150 mm, 16.6850 mm): Pad 3 [COL_G_09] of D205 on F.Cu
[unconnected_items]: Missing connection between items
    Local override; error
    @(18.1150 mm, 16.6850 mm): Pad 3 [COL_G_09] of D205 on F.Cu
    @(18.1150 mm, 18.8850 mm): Pad 3 [COL_G_09] of D233 on F.Cu
[unconnected_items]: Missing connection between items
    Local override; error
    @(18.1150 mm, 18.8850 mm): Pad 3 [COL_G_09] of D233 on F.Cu
    @(18.1150 mm, 21.0850 mm): Pad 3 [COL_G_09] of D261 on F.Cu
[unconnected_items]: Missing connection between items
    Local override; error
    @(18.1150 mm, 21.0850 mm): Pad 3 [COL_G_09] of D261 on F.Cu
    @(18.1150 mm, 23.2850 mm): Pad 3 [COL_G_09] of D289 on F.Cu
[unconnected_items]: Missing connection between items
    Local override; error
    @(18.1150 mm, 23.2850 mm): Pad 3 [COL_G_09] of D289 on F.Cu
    @(18.1150 mm, 25.4850 mm): Pad 3 [COL_G_09] of D317 on F.Cu
[unconnected_items]: Missing connection between items
    Local override; error
    @(18.1150 mm, 25.4850 mm): Pad 3 [COL_G_09] of D317 on F.Cu
    @(18.1150 mm, 27.6850 mm): Pad 3 [COL_G_09] of D345 on F.Cu
[unconnected_items]: Missing connection between items
    Local override; error
    @(18.1150 mm, 27.6850 mm): Pad 3 [COL_G_09] of D345 on F.Cu
    @(18.1150 mm, 29.8850 mm): Pad 3 [COL_G_09] of D373 on F.Cu
[unconnected_items]: Missing connection between items
    Local override; error
    @(18.1150 mm, 29.8850 mm): Pad 3 [COL_G_09] of D373 on F.Cu
    @(18.1150 mm, 32.0850 mm): Pad 3 [COL_G_09] of D401 on F.Cu
[unconnected_items]: Missing connection between items
    Local override; error
    @(18.1150 mm, 32.0850 mm): Pad 3 [COL_G_09] of D401 on F.Cu
    @(18.1150 mm, 34.2850 mm): Pad 3 [COL_G_09] of D429 on F.Cu
[unconnected_items]: Missing connection between items
    Local override; error
    @(18.1150 mm, 34.2850 mm): Pad 3 [COL_G_09] of D429 on F.Cu
    @(18.1150 mm, 36.4850 mm): Pad 3 [COL_G_09] of D457 on F.Cu
[unconnected_items]: Missing connection between items
    Local override; error
    @(18.1150 mm, 36.4850 mm): Pad 3 [COL_G_09] of D457 on F.Cu
    @(18.1150 mm, 38.6850 mm): Pad 3 [COL_G_09] of D485 on F.Cu
[unconnected_items]: Missing connection between items
    Local override; error
    @(18.1150 mm, 38.6850 mm): Pad 3 [COL_G_09] of D485 on F.Cu
    @(18.1150 mm, 40.8850 mm): Pad 3 [COL_G_09] of D513 on F.Cu
[unconnected_items]: Missing connection between items
    Local override; error
    @(18.1150 mm, 40.8850 mm): Pad 3 [COL_G_09] of D513 on F.Cu
    @(18.1150 mm, 43.0850 mm): Pad 3 [COL_G_09] of D541 on F.Cu
[unconnected_items]: Missing connection between items
    Local override; error
    @(18.1150 mm, 43.0850 mm): Pad 3 [COL_G_09] of D541 on F.Cu
    @(18.1150 mm, 45.2850 mm): Pad 3 [COL_G_09] of D569 on F.Cu
[unconnected_items]: Missing connection between items
    Local override; error
    @(18.1150 mm, 45.2850 mm): Pad 3 [COL_G_09] of D569 on F.Cu
    @(18.1150 mm, 47.4850 mm): Pad 3 [COL_G_09] of D597 on F.Cu
[unconnected_items]: Missing connection between items
    Local override; error
    @(18.1150 mm, 47.4850 mm): Pad 3 [COL_G_09] of D597 on F.Cu
    @(18.1150 mm, 49.6850 mm): Pad 3 [COL_G_09] of D625 on F.Cu
[unconnected_items]: Missing connection between items
    Local override; error
    @(18.1150 mm, 49.6850 mm): Pad 3 [COL_G_09] of D625 on F.Cu
    @(18.1150 mm, 51.8850 mm): Pad 3 [COL_G_09] of D653 on F.Cu
[unconnected_items]: Missing connection between items
    Local override; error
    @(18.1150 mm, 51.8850 mm): Pad 3 [COL_G_09] of D653 on F.Cu
    @(18.1150 mm, 54.0850 mm): Pad 3 [COL_G_09] of D681 on F.Cu
[unconnected_items]: Missing connection between items
    Local override; error
    @(18.1150 mm, 54.0850 mm): Pad 3 [COL_G_09] of D681 on F.Cu
    @(18.1150 mm, 56.2850 mm): Pad 3 [COL_G_09] of D709 on F.Cu
[unconnected_items]: Missing connection between items
    Local override; error
    @(18.1150 mm, 56.2850 mm): Pad 3 [COL_G_09] of D709 on F.Cu
    @(18.1150 mm, 58.4850 mm): Pad 3 [COL_G_09] of D737 on F.Cu
[unconnected_items]: Missing connection between items
    Local override; error
    @(18.1150 mm, 58.4850 mm): Pad 3 [COL_G_09] of D737 on F.Cu
    @(18.1150 mm, 60.6850 mm): Pad 3 [COL_G_09] of D765 on F.Cu
[unconnected_items]: Missing connection between items
    Local override; error
    @(18.1150 mm, 0.5150 mm): Pad 4 [COL_B_09] of D9 on F.Cu
    @(18.1150 mm, 2.7150 mm): Pad 4 [COL_B_09] of D37 on F.Cu
[unconnected_items]: Missing connection between items
    Local override; error
    @(18.1150 mm, 2.7150 mm): Pad 4 [COL_B_09] of D37 on F.Cu
    @(18.1150 mm, 4.9150 mm): Pad 4 [COL_B_09] of D65 on F.Cu
[unconnected_items]: Missing connection between items
    Local override; error
    @(18.1150 mm, 4.9150 mm): Pad 4 [COL_B_09] of D65 on F.Cu
    @(18.1150 mm, 7.1150 mm): Pad 4 [COL_B_09] of D93 on F.Cu
[unconnected_items]: Missing connection between items
    Local override; error
    @(18.1150 mm, 7.1150 mm): Pad 4 [COL_B_09] of D93 on F.Cu
    @(18.1150 mm, 9.3150 mm): Pad 4 [COL_B_09] of D121 on F.Cu
[unconnected_items]: Missing connection between items
    Local override; error
    @(18.1150 mm, 9.3150 mm): Pad 4 [COL_B_09] of D121 on F.Cu
    @(18.1150 mm, 11.5150 mm): Pad 4 [COL_B_09] of D149 on F.Cu
[unconnected_items]: Missing connection between items
    Local override; error
    @(18.1150 mm, 11.5150 mm): Pad 4 [COL_B_09] of D149 on F.Cu
    @(18.1150 mm, 13.7150 mm): Pad 4 [COL_B_09] of D177 on F.Cu
[unconnected_items]: Missing connection between items
    Local override; error
    @(18.1150 mm, 13.7150 mm): Pad 4 [COL_B_09] of D177 on F.Cu
    @(18.1150 mm, 15.9150 mm): Pad 4 [COL_B_09] of D205 on F.Cu
[unconnected_items]: Missing connection between items
    Local override; error
    @(18.1150 mm, 15.9150 mm): Pad 4 [COL_B_09] of D205 on F.Cu
    @(18.1150 mm, 18.1150 mm): Pad 4 [COL_B_09] of D233 on F.Cu
[unconnected_items]: Missing connection between items
    Local override; error
    @(18.1150 mm, 18.1150 mm): Pad 4 [COL_B_09] of D233 on F.Cu
    @(18.1150 mm, 20.3150 mm): Pad 4 [COL_B_09] of D261 on F.Cu
[unconnected_items]: Missing connection between items
    Local override; error
    @(18.1150 mm, 20.3150 mm): Pad 4 [COL_B_09] of D261 on F.Cu
    @(18.1150 mm, 22.5150 mm): Pad 4 [COL_B_09] of D289 on F.Cu
[unconnected_items]: Missing connection between items
    Local override; error
    @(18.1150 mm, 22.5150 mm): Pad 4 [COL_B_09] of D289 on F.Cu
    @(18.1150 mm, 24.7150 mm): Pad 4 [COL_B_09] of D317 on F.Cu
[unconnected_items]: Missing connection between items
    Local override; error
    @(18.1150 mm, 24.7150 mm): Pad 4 [COL_B_09] of D317 on F.Cu
    @(18.1150 mm, 26.9150 mm): Pad 4 [COL_B_09] of D345 on F.Cu
[unconnected_items]: Missing connection between items
    Local override; error
    @(18.1150 mm, 26.9150 mm): Pad 4 [COL_B_09] of D345 on F.Cu
    @(18.1150 mm, 29.1150 mm): Pad 4 [COL_B_09] of D373 on F.Cu
[unconnected_items]: Missing connection between items
    Local override; error
    @(18.1150 mm, 29.1150 mm): Pad 4 [COL_B_09] of D373 on F.Cu
    @(18.1150 mm, 31.3150 mm): Pad 4 [COL_B_09] of D401 on F.Cu
[unconnected_items]: Missing connection between items
    Local override; error
    @(18.1150 mm, 31.3150 mm): Pad 4 [COL_B_09] of D401 on F.Cu
    @(18.1150 mm, 33.5150 mm): Pad 4 [COL_B_09] of D429 on F.Cu
[unconnected_items]: Missing connection between items
    Local override; error
    @(18.1150 mm, 33.5150 mm): Pad 4 [COL_B_09] of D429 on F.Cu
    @(18.1150 mm, 35.7150 mm): Pad 4 [COL_B_09] of D457 on F.Cu
[unconnected_items]: Missing connection between items
    Local override; error
    @(18.1150 mm, 35.7150 mm): Pad 4 [COL_B_09] of D457 on F.Cu
    @(18.1150 mm, 37.9150 mm): Pad 4 [COL_B_09] of D485 on F.Cu
[unconnected_items]: Missing connection between items
    Local override; error
    @(18.1150 mm, 37.9150 mm): Pad 4 [COL_B_09] of D485 on F.Cu
    @(18.1150 mm, 40.1150 mm): Pad 4 [COL_B_09] of D513 on F.Cu
[unconnected_items]: Missing connection between items
    Local override; error
    @(18.1150 mm, 40.1150 mm): Pad 4 [COL_B_09] of D513 on F.Cu
    @(18.1150 mm, 42.3150 mm): Pad 4 [COL_B_09] of D541 on F.Cu
[unconnected_items]: Missing connection between items
    Local override; error
    @(18.1150 mm, 42.3150 mm): Pad 4 [COL_B_09] of D541 on F.Cu
    @(18.1150 mm, 44.5150 mm): Pad 4 [COL_B_09] of D569 on F.Cu
[unconnected_items]: Missing connection between items
    Local override; error
    @(18.1150 mm, 44.5150 mm): Pad 4 [COL_B_09] of D569 on F.Cu
    @(18.1150 mm, 46.7150 mm): Pad 4 [COL_B_09] of D597 on F.Cu
[unconnected_items]: Missing connection between items
    Local override; error
    @(18.1150 mm, 46.7150 mm): Pad 4 [COL_B_09] of D597 on F.Cu
    @(18.1150 mm, 48.9150 mm): Pad 4 [COL_B_09] of D625 on F.Cu
[unconnected_items]: Missing connection between items
    Local override; error
    @(18.1150 mm, 48.9150 mm): Pad 4 [COL_B_09] of D625 on F.Cu
    @(18.1150 mm, 51.1150 mm): Pad 4 [COL_B_09] of D653 on F.Cu
[unconnected_items]: Missing connection between items
    Local override; error
    @(18.1150 mm, 51.1150 mm): Pad 4 [COL_B_09] of D653 on F.Cu
    @(18.1150 mm, 53.3150 mm): Pad 4 [COL_B_09] of D681 on F.Cu
[unconnected_items]: Missing connection between items
    Local override; error
    @(18.1150 mm, 53.3150 mm): Pad 4 [COL_B_09] of D681 on F.Cu
    @(18.1150 mm, 55.5150 mm): Pad 4 [COL_B_09] of D709 on F.Cu
[unconnected_items]: Missing connection between items
    Local override; error
    @(18.1150 mm, 55.5150 mm): Pad 4 [COL_B_09] of D709 on F.Cu
    @(18.1150 mm, 57.7150 mm): Pad 4 [COL_B_09] of D737 on F.Cu
[unconnected_items]: Missing connection between items
    Local override; error
    @(18.1150 mm, 57.7150 mm): Pad 4 [COL_B_09] of D737 on F.Cu
    @(18.1150 mm, 59.9150 mm): Pad 4 [COL_B_09] of D765 on F.Cu
[unconnected_items]: Missing connection between items
    Local override; error
    @(1.2850 mm, 53.3150 mm): Pad 1 [ROW_25_ANODE] of D673 on F.Cu
    @(3.4850 mm, 53.3150 mm): Pad 1 [ROW_25_ANODE] of D674 on F.Cu
[unconnected_items]: Missing connection between items
    Local override; error
    @(3.4850 mm, 53.3150 mm): Pad 1 [ROW_25_ANODE] of D674 on F.Cu
    @(5.6850 mm, 53.3150 mm): Pad 1 [ROW_25_ANODE] of D675 on F.Cu
[unconnected_items]: Missing connection between items
    Local override; error
    @(5.6850 mm, 53.3150 mm): Pad 1 [ROW_25_ANODE] of D675 on F.Cu
    @(7.8850 mm, 53.3150 mm): Pad 1 [ROW_25_ANODE] of D676 on F.Cu
[unconnected_items]: Missing connection between items
    Local override; error
    @(7.8850 mm, 53.3150 mm): Pad 1 [ROW_25_ANODE] of D676 on F.Cu
    @(10.0850 mm, 53.3150 mm): Pad 1 [ROW_25_ANODE] of D677 on F.Cu
[unconnected_items]: Missing connection between items
    Local override; error
    @(10.0850 mm, 53.3150 mm): Pad 1 [ROW_25_ANODE] of D677 on F.Cu
    @(12.2850 mm, 53.3150 mm): Pad 1 [ROW_25_ANODE] of D678 on F.Cu
[unconnected_items]: Missing connection between items
    Local override; error
    @(12.2850 mm, 53.3150 mm): Pad 1 [ROW_25_ANODE] of D678 on F.Cu
    @(14.4850 mm, 53.3150 mm): Pad 1 [ROW_25_ANODE] of D679 on F.Cu
[unconnected_items]: Missing connection between items
    Local override; error
    @(14.4850 mm, 53.3150 mm): Pad 1 [ROW_25_ANODE] of D679 on F.Cu
    @(16.6850 mm, 53.3150 mm): Pad 1 [ROW_25_ANODE] of D680 on F.Cu
[unconnected_items]: Missing connection between items
    Local override; error
    @(16.6850 mm, 53.3150 mm): Pad 1 [ROW_25_ANODE] of D680 on F.Cu
    @(18.8850 mm, 53.3150 mm): Pad 1 [ROW_25_ANODE] of D681 on F.Cu
[unconnected_items]: Missing connection between items
    Local override; error
    @(18.8850 mm, 53.3150 mm): Pad 1 [ROW_25_ANODE] of D681 on F.Cu
    @(21.0850 mm, 53.3150 mm): Pad 1 [ROW_25_ANODE] of D682 on F.Cu
[unconnected_items]: Missing connection between items
    Local override; error
    @(21.0850 mm, 53.3150 mm): Pad 1 [ROW_25_ANODE] of D682 on F.Cu
    @(23.2850 mm, 53.3150 mm): Pad 1 [ROW_25_ANODE] of D683 on F.Cu
[unconnected_items]: Missing connection between items
    Local override; error
    @(23.2850 mm, 53.3150 mm): Pad 1 [ROW_25_ANODE] of D683 on F.Cu
    @(25.4850 mm, 53.3150 mm): Pad 1 [ROW_25_ANODE] of D684 on F.Cu
[unconnected_items]: Missing connection between items
    Local override; error
    @(25.4850 mm, 53.3150 mm): Pad 1 [ROW_25_ANODE] of D684 on F.Cu
    @(27.6850 mm, 53.3150 mm): Pad 1 [ROW_25_ANODE] of D685 on F.Cu
[unconnected_items]: Missing connection between items
    Local override; error
    @(27.6850 mm, 53.3150 mm): Pad 1 [ROW_25_ANODE] of D685 on F.Cu
    @(29.8850 mm, 53.3150 mm): Pad 1 [ROW_25_ANODE] of D686 on F.Cu
[unconnected_items]: Missing connection between items
    Local override; error
    @(29.8850 mm, 53.3150 mm): Pad 1 [ROW_25_ANODE] of D686 on F.Cu
    @(32.0850 mm, 53.3150 mm): Pad 1 [ROW_25_ANODE] of D687 on F.Cu
[unconnected_items]: Missing connection between items
    Local override; error
    @(32.0850 mm, 53.3150 mm): Pad 1 [ROW_25_ANODE] of D687 on F.Cu
    @(34.2850 mm, 53.3150 mm): Pad 1 [ROW_25_ANODE] of D688 on F.Cu
[unconnected_items]: Missing connection between items
    Local override; error
    @(34.2850 mm, 53.3150 mm): Pad 1 [ROW_25_ANODE] of D688 on F.Cu
    @(36.4850 mm, 53.3150 mm): Pad 1 [ROW_25_ANODE] of D689 on F.Cu
[unconnected_items]: Missing connection between items
    Local override; error
    @(36.4850 mm, 53.3150 mm): Pad 1 [ROW_25_ANODE] of D689 on F.Cu
    @(38.6850 mm, 53.3150 mm): Pad 1 [ROW_25_ANODE] of D690 on F.Cu
[unconnected_items]: Missing connection between items
    Local override; error
    @(38.6850 mm, 53.3150 mm): Pad 1 [ROW_25_ANODE] of D690 on F.Cu
    @(40.8850 mm, 53.3150 mm): Pad 1 [ROW_25_ANODE] of D691 on F.Cu
[unconnected_items]: Missing connection between items
    Local override; error
    @(40.8850 mm, 53.3150 mm): Pad 1 [ROW_25_ANODE] of D691 on F.Cu
    @(43.0850 mm, 53.3150 mm): Pad 1 [ROW_25_ANODE] of D692 on F.Cu
[unconnected_items]: Missing connection between items
    Local override; error
    @(43.0850 mm, 53.3150 mm): Pad 1 [ROW_25_ANODE] of D692 on F.Cu
    @(45.2850 mm, 53.3150 mm): Pad 1 [ROW_25_ANODE] of D693 on F.Cu
[unconnected_items]: Missing connection between items
    Local override; error
    @(45.2850 mm, 53.3150 mm): Pad 1 [ROW_25_ANODE] of D693 on F.Cu
    @(47.4850 mm, 53.3150 mm): Pad 1 [ROW_25_ANODE] of D694 on F.Cu
[unconnected_items]: Missing connection between items
    Local override; error
    @(47.4850 mm, 53.3150 mm): Pad 1 [ROW_25_ANODE] of D694 on F.Cu
    @(49.6850 mm, 53.3150 mm): Pad 1 [ROW_25_ANODE] of D695 on F.Cu
[unconnected_items]: Missing connection between items
    Local override; error
    @(49.6850 mm, 53.3150 mm): Pad 1 [ROW_25_ANODE] of D695 on F.Cu
    @(51.8850 mm, 53.3150 mm): Pad 1 [ROW_25_ANODE] of D696 on F.Cu
[unconnected_items]: Missing connection between items
    Local override; error
    @(51.8850 mm, 53.3150 mm): Pad 1 [ROW_25_ANODE] of D696 on F.Cu
    @(54.0850 mm, 53.3150 mm): Pad 1 [ROW_25_ANODE] of D697 on F.Cu
[unconnected_items]: Missing connection between items
    Local override; error
    @(54.0850 mm, 53.3150 mm): Pad 1 [ROW_25_ANODE] of D697 on F.Cu
    @(56.2850 mm, 53.3150 mm): Pad 1 [ROW_25_ANODE] of D698 on F.Cu
[unconnected_items]: Missing connection between items
    Local override; error
    @(56.2850 mm, 53.3150 mm): Pad 1 [ROW_25_ANODE] of D698 on F.Cu
    @(58.4850 mm, 53.3150 mm): Pad 1 [ROW_25_ANODE] of D699 on F.Cu
[unconnected_items]: Missing connection between items
    Local override; error
    @(58.4850 mm, 53.3150 mm): Pad 1 [ROW_25_ANODE] of D699 on F.Cu
    @(60.6850 mm, 53.3150 mm): Pad 1 [ROW_25_ANODE] of D700 on F.Cu
[unconnected_items]: Missing connection between items
    Local override; error
    @(47.4850 mm, 1.2850 mm): Pad 2 [COL_R_22] of D22 on F.Cu
    @(47.4850 mm, 3.4850 mm): Pad 2 [COL_R_22] of D50 on F.Cu
[unconnected_items]: Missing connection between items
    Local override; error
    @(47.4850 mm, 3.4850 mm): Pad 2 [COL_R_22] of D50 on F.Cu
    @(47.4850 mm, 5.6850 mm): Pad 2 [COL_R_22] of D78 on F.Cu
[unconnected_items]: Missing connection between items
    Local override; error
    @(47.4850 mm, 5.6850 mm): Pad 2 [COL_R_22] of D78 on F.Cu
    @(47.4850 mm, 7.8850 mm): Pad 2 [COL_R_22] of D106 on F.Cu
[unconnected_items]: Missing connection between items
    Local override; error
    @(47.4850 mm, 7.8850 mm): Pad 2 [COL_R_22] of D106 on F.Cu
    @(47.4850 mm, 10.0850 mm): Pad 2 [COL_R_22] of D134 on F.Cu
[unconnected_items]: Missing connection between items
    Local override; error
    @(47.4850 mm, 10.0850 mm): Pad 2 [COL_R_22] of D134 on F.Cu
    @(47.4850 mm, 12.2850 mm): Pad 2 [COL_R_22] of D162 on F.Cu
[unconnected_items]: Missing connection between items
    Local override; error
    @(47.4850 mm, 12.2850 mm): Pad 2 [COL_R_22] of D162 on F.Cu
    @(47.4850 mm, 14.4850 mm): Pad 2 [COL_R_22] of D190 on F.Cu
[unconnected_items]: Missing connection between items
    Local override; error
    @(47.4850 mm, 14.4850 mm): Pad 2 [COL_R_22] of D190 on F.Cu
    @(47.4850 mm, 16.6850 mm): Pad 2 [COL_R_22] of D218 on F.Cu
[unconnected_items]: Missing connection between items
    Local override; error
    @(47.4850 mm, 16.6850 mm): Pad 2 [COL_R_22] of D218 on F.Cu
    @(47.4850 mm, 18.8850 mm): Pad 2 [COL_R_22] of D246 on F.Cu
[unconnected_items]: Missing connection between items
    Local override; error
    @(47.4850 mm, 18.8850 mm): Pad 2 [COL_R_22] of D246 on F.Cu
    @(47.4850 mm, 21.0850 mm): Pad 2 [COL_R_22] of D274 on F.Cu
[unconnected_items]: Missing connection between items
    Local override; error
    @(47.4850 mm, 21.0850 mm): Pad 2 [COL_R_22] of D274 on F.Cu
    @(47.4850 mm, 23.2850 mm): Pad 2 [COL_R_22] of D302 on F.Cu
[unconnected_items]: Missing connection between items
    Local override; error
    @(47.4850 mm, 23.2850 mm): Pad 2 [COL_R_22] of D302 on F.Cu
    @(47.4850 mm, 25.4850 mm): Pad 2 [COL_R_22] of D330 on F.Cu
[unconnected_items]: Missing connection between items
    Local override; error
    @(47.4850 mm, 25.4850 mm): Pad 2 [COL_R_22] of D330 on F.Cu
    @(47.4850 mm, 27.6850 mm): Pad 2 [COL_R_22] of D358 on F.Cu
[unconnected_items]: Missing connection between items
    Local override; error
    @(47.4850 mm, 27.6850 mm): Pad 2 [COL_R_22] of D358 on F.Cu
    @(47.4850 mm, 29.8850 mm): Pad 2 [COL_R_22] of D386 on F.Cu
[unconnected_items]: Missing connection between items
    Local override; error
    @(47.4850 mm, 29.8850 mm): Pad 2 [COL_R_22] of D386 on F.Cu
    @(47.4850 mm, 32.0850 mm): Pad 2 [COL_R_22] of D414 on F.Cu
[unconnected_items]: Missing connection between items
    Local override; error
    @(47.4850 mm, 32.0850 mm): Pad 2 [COL_R_22] of D414 on F.Cu
    @(47.4850 mm, 34.2850 mm): Pad 2 [COL_R_22] of D442 on F.Cu
[unconnected_items]: Missing connection between items
    Local override; error
    @(47.4850 mm, 34.2850 mm): Pad 2 [COL_R_22] of D442 on F.Cu
    @(47.4850 mm, 36.4850 mm): Pad 2 [COL_R_22] of D470 on F.Cu
[unconnected_items]: Missing connection between items
    Local override; error
    @(47.4850 mm, 36.4850 mm): Pad 2 [COL_R_22] of D470 on F.Cu
    @(47.4850 mm, 38.6850 mm): Pad 2 [COL_R_22] of D498 on F.Cu
[unconnected_items]: Missing connection between items
    Local override; error
    @(47.4850 mm, 38.6850 mm): Pad 2 [COL_R_22] of D498 on F.Cu
    @(47.4850 mm, 40.8850 mm): Pad 2 [COL_R_22] of D526 on F.Cu
[unconnected_items]: Missing connection between items
    Local override; error
    @(47.4850 mm, 40.8850 mm): Pad 2 [COL_R_22] of D526 on F.Cu
    @(47.4850 mm, 43.0850 mm): Pad 2 [COL_R_22] of D554 on F.Cu
[unconnected_items]: Missing connection between items
    Local override; error
    @(47.4850 mm, 43.0850 mm): Pad 2 [COL_R_22] of D554 on F.Cu
    @(47.4850 mm, 45.2850 mm): Pad 2 [COL_R_22] of D582 on F.Cu
[unconnected_items]: Missing connection between items
    Local override; error
    @(47.4850 mm, 45.2850 mm): Pad 2 [COL_R_22] of D582 on F.Cu
    @(47.4850 mm, 47.4850 mm): Pad 2 [COL_R_22] of D610 on F.Cu
[unconnected_items]: Missing connection between items
    Local override; error
    @(47.4850 mm, 47.4850 mm): Pad 2 [COL_R_22] of D610 on F.Cu
    @(47.4850 mm, 49.6850 mm): Pad 2 [COL_R_22] of D638 on F.Cu
[unconnected_items]: Missing connection between items
    Local override; error
    @(47.4850 mm, 49.6850 mm): Pad 2 [COL_R_22] of D638 on F.Cu
    @(47.4850 mm, 51.8850 mm): Pad 2 [COL_R_22] of D666 on F.Cu
[unconnected_items]: Missing connection between items
    Local override; error
    @(47.4850 mm, 51.8850 mm): Pad 2 [COL_R_22] of D666 on F.Cu
    @(47.4850 mm, 54.0850 mm): Pad 2 [COL_R_22] of D694 on F.Cu
[unconnected_items]: Missing connection between items
    Local override; error
    @(47.4850 mm, 54.0850 mm): Pad 2 [COL_R_22] of D694 on F.Cu
    @(47.4850 mm, 56.2850 mm): Pad 2 [COL_R_22] of D722 on F.Cu
[unconnected_items]: Missing connection between items
    Local override; error
    @(47.4850 mm, 56.2850 mm): Pad 2 [COL_R_22] of D722 on F.Cu
    @(47.4850 mm, 58.4850 mm): Pad 2 [COL_R_22] of D750 on F.Cu
[unconnected_items]: Missing connection between items
    Local override; error
    @(47.4850 mm, 58.4850 mm): Pad 2 [COL_R_22] of D750 on F.Cu
    @(47.4850 mm, 60.6850 mm): Pad 2 [COL_R_22] of D778 on F.Cu
[unconnected_items]: Missing connection between items
    Local override; error
    @(46.7150 mm, 1.2850 mm): Pad 3 [COL_G_22] of D22 on F.Cu
    @(46.7150 mm, 3.4850 mm): Pad 3 [COL_G_22] of D50 on F.Cu
[unconnected_items]: Missing connection between items
    Local override; error
    @(46.7150 mm, 3.4850 mm): Pad 3 [COL_G_22] of D50 on F.Cu
    @(46.7150 mm, 5.6850 mm): Pad 3 [COL_G_22] of D78 on F.Cu
[unconnected_items]: Missing connection between items
    Local override; error
    @(46.7150 mm, 5.6850 mm): Pad 3 [COL_G_22] of D78 on F.Cu
    @(46.7150 mm, 7.8850 mm): Pad 3 [COL_G_22] of D106 on F.Cu
[unconnected_items]: Missing connection between items
    Local override; error
    @(46.7150 mm, 7.8850 mm): Pad 3 [COL_G_22] of D106 on F.Cu
    @(46.7150 mm, 10.0850 mm): Pad 3 [COL_G_22] of D134 on F.Cu
[unconnected_items]: Missing connection between items
    Local override; error
    @(46.7150 mm, 10.0850 mm): Pad 3 [COL_G_22] of D134 on F.Cu
    @(46.7150 mm, 12.2850 mm): Pad 3 [COL_G_22] of D162 on F.Cu
[unconnected_items]: Missing connection between items
    Local override; error
    @(46.7150 mm, 12.2850 mm): Pad 3 [COL_G_22] of D162 on F.Cu
    @(46.7150 mm, 14.4850 mm): Pad 3 [COL_G_22] of D190 on F.Cu
[unconnected_items]: Missing connection between items
    Local override; error
    @(46.7150 mm, 14.4850 mm): Pad 3 [COL_G_22] of D190 on F.Cu
    @(46.7150 mm, 16.6850 mm): Pad 3 [COL_G_22] of D218 on F.Cu
[unconnected_items]: Missing connection between items
    Local override; error
    @(46.7150 mm, 16.6850 mm): Pad 3 [COL_G_22] of D218 on F.Cu
    @(46.7150 mm, 18.8850 mm): Pad 3 [COL_G_22] of D246 on F.Cu
[unconnected_items]: Missing connection between items
    Local override; error
    @(46.7150 mm, 18.8850 mm): Pad 3 [COL_G_22] of D246 on F.Cu
    @(46.7150 mm, 21.0850 mm): Pad 3 [COL_G_22] of D274 on F.Cu
[unconnected_items]: Missing connection between items
    Local override; error
    @(46.7150 mm, 21.0850 mm): Pad 3 [COL_G_22] of D274 on F.Cu
    @(46.7150 mm, 23.2850 mm): Pad 3 [COL_G_22] of D302 on F.Cu
[unconnected_items]: Missing connection between items
    Local override; error
    @(46.7150 mm, 23.2850 mm): Pad 3 [COL_G_22] of D302 on F.Cu
    @(46.7150 mm, 25.4850 mm): Pad 3 [COL_G_22] of D330 on F.Cu
[unconnected_items]: Missing connection between items
    Local override; error
    @(46.7150 mm, 25.4850 mm): Pad 3 [COL_G_22] of D330 on F.Cu
    @(46.7150 mm, 27.6850 mm): Pad 3 [COL_G_22] of D358 on F.Cu
[unconnected_items]: Missing connection between items
    Local override; error
    @(46.7150 mm, 27.6850 mm): Pad 3 [COL_G_22] of D358 on F.Cu
    @(46.7150 mm, 29.8850 mm): Pad 3 [COL_G_22] of D386 on F.Cu
[unconnected_items]: Missing connection between items
    Local override; error
    @(46.7150 mm, 29.8850 mm): Pad 3 [COL_G_22] of D386 on F.Cu
    @(46.7150 mm, 32.0850 mm): Pad 3 [COL_G_22] of D414 on F.Cu
[unconnected_items]: Missing connection between items
    Local override; error
    @(46.7150 mm, 32.0850 mm): Pad 3 [COL_G_22] of D414 on F.Cu
    @(46.7150 mm, 34.2850 mm): Pad 3 [COL_G_22] of D442 on F.Cu
[unconnected_items]: Missing connection between items
    Local override; error
    @(46.7150 mm, 34.2850 mm): Pad 3 [COL_G_22] of D442 on F.Cu
    @(46.7150 mm, 36.4850 mm): Pad 3 [COL_G_22] of D470 on F.Cu
[unconnected_items]: Missing connection between items
    Local override; error
    @(46.7150 mm, 36.4850 mm): Pad 3 [COL_G_22] of D470 on F.Cu
    @(46.7150 mm, 38.6850 mm): Pad 3 [COL_G_22] of D498 on F.Cu
[unconnected_items]: Missing connection between items
    Local override; error
    @(46.7150 mm, 38.6850 mm): Pad 3 [COL_G_22] of D498 on F.Cu
    @(46.7150 mm, 40.8850 mm): Pad 3 [COL_G_22] of D526 on F.Cu
[unconnected_items]: Missing connection between items
    Local override; error
    @(46.7150 mm, 40.8850 mm): Pad 3 [COL_G_22] of D526 on F.Cu
    @(46.7150 mm, 43.0850 mm): Pad 3 [COL_G_22] of D554 on F.Cu
[unconnected_items]: Missing connection between items
    Local override; error
    @(46.7150 mm, 43.0850 mm): Pad 3 [COL_G_22] of D554 on F.Cu
    @(46.7150 mm, 45.2850 mm): Pad 3 [COL_G_22] of D582 on F.Cu
[unconnected_items]: Missing connection between items
    Local override; error
    @(46.7150 mm, 45.2850 mm): Pad 3 [COL_G_22] of D582 on F.Cu
    @(46.7150 mm, 47.4850 mm): Pad 3 [COL_G_22] of D610 on F.Cu
[unconnected_items]: Missing connection between items
    Local override; error
    @(46.7150 mm, 47.4850 mm): Pad 3 [COL_G_22] of D610 on F.Cu
    @(46.7150 mm, 49.6850 mm): Pad 3 [COL_G_22] of D638 on F.Cu
[unconnected_items]: Missing connection between items
    Local override; error
    @(46.7150 mm, 49.6850 mm): Pad 3 [COL_G_22] of D638 on F.Cu
    @(46.7150 mm, 51.8850 mm): Pad 3 [COL_G_22] of D666 on F.Cu
[unconnected_items]: Missing connection between items
    Local override; error
    @(46.7150 mm, 51.8850 mm): Pad 3 [COL_G_22] of D666 on F.Cu
    @(46.7150 mm, 54.0850 mm): Pad 3 [COL_G_22] of D694 on F.Cu
[unconnected_items]: Missing connection between items
    Local override; error
    @(46.7150 mm, 54.0850 mm): Pad 3 [COL_G_22] of D694 on F.Cu
    @(46.7150 mm, 56.2850 mm): Pad 3 [COL_G_22] of D722 on F.Cu
[unconnected_items]: Missing connection between items
    Local override; error
    @(46.7150 mm, 56.2850 mm): Pad 3 [COL_G_22] of D722 on F.Cu
    @(46.7150 mm, 58.4850 mm): Pad 3 [COL_G_22] of D750 on F.Cu
[unconnected_items]: Missing connection between items
    Local override; error
    @(46.7150 mm, 58.4850 mm): Pad 3 [COL_G_22] of D750 on F.Cu
    @(46.7150 mm, 60.6850 mm): Pad 3 [COL_G_22] of D778 on F.Cu
[unconnected_items]: Missing connection between items
    Local override; error
    @(46.7150 mm, 0.5150 mm): Pad 4 [COL_B_22] of D22 on F.Cu
    @(46.7150 mm, 2.7150 mm): Pad 4 [COL_B_22] of D50 on F.Cu
[unconnected_items]: Missing connection between items
    Local override; error
    @(46.7150 mm, 2.7150 mm): Pad 4 [COL_B_22] of D50 on F.Cu
    @(46.7150 mm, 4.9150 mm): Pad 4 [COL_B_22] of D78 on F.Cu
[unconnected_items]: Missing connection between items
    Local override; error
    @(46.7150 mm, 4.9150 mm): Pad 4 [COL_B_22] of D78 on F.Cu
    @(46.7150 mm, 7.1150 mm): Pad 4 [COL_B_22] of D106 on F.Cu
[unconnected_items]: Missing connection between items
    Local override; error
    @(46.7150 mm, 7.1150 mm): Pad 4 [COL_B_22] of D106 on F.Cu
    @(46.7150 mm, 9.3150 mm): Pad 4 [COL_B_22] of D134 on F.Cu
[unconnected_items]: Missing connection between items
    Local override; error
    @(46.7150 mm, 9.3150 mm): Pad 4 [COL_B_22] of D134 on F.Cu
    @(46.7150 mm, 11.5150 mm): Pad 4 [COL_B_22] of D162 on F.Cu
[unconnected_items]: Missing connection between items
    Local override; error
    @(46.7150 mm, 11.5150 mm): Pad 4 [COL_B_22] of D162 on F.Cu
    @(46.7150 mm, 13.7150 mm): Pad 4 [COL_B_22] of D190 on F.Cu
[unconnected_items]: Missing connection between items
    Local override; error
    @(46.7150 mm, 13.7150 mm): Pad 4 [COL_B_22] of D190 on F.Cu
    @(46.7150 mm, 15.9150 mm): Pad 4 [COL_B_22] of D218 on F.Cu
[unconnected_items]: Missing connection between items
    Local override; error
    @(46.7150 mm, 15.9150 mm): Pad 4 [COL_B_22] of D218 on F.Cu
    @(46.7150 mm, 18.1150 mm): Pad 4 [COL_B_22] of D246 on F.Cu
[unconnected_items]: Missing connection between items
    Local override; error
    @(46.7150 mm, 18.1150 mm): Pad 4 [COL_B_22] of D246 on F.Cu
    @(46.7150 mm, 20.3150 mm): Pad 4 [COL_B_22] of D274 on F.Cu
[unconnected_items]: Missing connection between items
    Local override; error
    @(46.7150 mm, 20.3150 mm): Pad 4 [COL_B_22] of D274 on F.Cu
    @(46.7150 mm, 22.5150 mm): Pad 4 [COL_B_22] of D302 on F.Cu
[unconnected_items]: Missing connection between items
    Local override; error
    @(46.7150 mm, 22.5150 mm): Pad 4 [COL_B_22] of D302 on F.Cu
    @(46.7150 mm, 24.7150 mm): Pad 4 [COL_B_22] of D330 on F.Cu
[unconnected_items]: Missing connection between items
    Local override; error
    @(46.7150 mm, 24.7150 mm): Pad 4 [COL_B_22] of D330 on F.Cu
    @(46.7150 mm, 26.9150 mm): Pad 4 [COL_B_22] of D358 on F.Cu
[unconnected_items]: Missing connection between items
    Local override; error
    @(46.7150 mm, 26.9150 mm): Pad 4 [COL_B_22] of D358 on F.Cu
    @(46.7150 mm, 29.1150 mm): Pad 4 [COL_B_22] of D386 on F.Cu
[unconnected_items]: Missing connection between items
    Local override; error
    @(46.7150 mm, 29.1150 mm): Pad 4 [COL_B_22] of D386 on F.Cu
    @(46.7150 mm, 31.3150 mm): Pad 4 [COL_B_22] of D414 on F.Cu
[unconnected_items]: Missing connection between items
    Local override; error
    @(46.7150 mm, 31.3150 mm): Pad 4 [COL_B_22] of D414 on F.Cu
    @(46.7150 mm, 33.5150 mm): Pad 4 [COL_B_22] of D442 on F.Cu
[unconnected_items]: Missing connection between items
    Local override; error
    @(46.7150 mm, 33.5150 mm): Pad 4 [COL_B_22] of D442 on F.Cu
    @(46.7150 mm, 35.7150 mm): Pad 4 [COL_B_22] of D470 on F.Cu

** Found 0 Footprint errors **

** Ignored checks **
    - Footprint has no courtyard defined
    - Track endpoint not centered on via
    - Tuning profile track geometries
    - Footprint doesn't match symbol's footprint filters
    - Footprint component type doesn't match footprint pads

** End of Report **
