** Drc report for wearable_20x20_top_right_routing_probe.kicad_pcb **
** Created on 2026-10-08T04:40:17 **
** Report includes: Errors, Warnings **

** Found 0 DRC violations **

** Found 499 unconnected pads **
[unconnected_items]: Missing connection between items
    Local override; error
    @(11.1350 mm, 50.3650 mm): Pad 1 [ROW_17_ANODE] of D321 on F.Cu
    @(13.6350 mm, 50.3650 mm): Pad 1 [ROW_17_ANODE] of D322 on F.Cu
[unconnected_items]: Missing connection between items
    Local override; error
    @(13.6350 mm, 50.3650 mm): Pad 1 [ROW_17_ANODE] of D322 on F.Cu
    @(16.1350 mm, 50.3650 mm): Pad 1 [ROW_17_ANODE] of D323 on F.Cu
[unconnected_items]: Missing connection between items
    Local override; error
    @(16.1350 mm, 50.3650 mm): Pad 1 [ROW_17_ANODE] of D323 on F.Cu
    @(18.6350 mm, 50.3650 mm): Pad 1 [ROW_17_ANODE] of D324 on F.Cu
[unconnected_items]: Missing connection between items
    Local override; error
    @(18.6350 mm, 50.3650 mm): Pad 1 [ROW_17_ANODE] of D324 on F.Cu
    @(21.1350 mm, 50.3650 mm): Pad 1 [ROW_17_ANODE] of D325 on F.Cu
[unconnected_items]: Missing connection between items
    Local override; error
    @(21.1350 mm, 50.3650 mm): Pad 1 [ROW_17_ANODE] of D325 on F.Cu
    @(23.6350 mm, 50.3650 mm): Pad 1 [ROW_17_ANODE] of D326 on F.Cu
[unconnected_items]: Missing connection between items
    Local override; error
    @(23.6350 mm, 50.3650 mm): Pad 1 [ROW_17_ANODE] of D326 on F.Cu
    @(26.1350 mm, 50.3650 mm): Pad 1 [ROW_17_ANODE] of D327 on F.Cu
[unconnected_items]: Missing connection between items
    Local override; error
    @(26.1350 mm, 50.3650 mm): Pad 1 [ROW_17_ANODE] of D327 on F.Cu
    @(28.6350 mm, 50.3650 mm): Pad 1 [ROW_17_ANODE] of D328 on F.Cu
[unconnected_items]: Missing connection between items
    Local override; error
    @(28.6350 mm, 50.3650 mm): Pad 1 [ROW_17_ANODE] of D328 on F.Cu
    @(31.1350 mm, 50.3650 mm): Pad 1 [ROW_17_ANODE] of D329 on F.Cu
[unconnected_items]: Missing connection between items
    Local override; error
    @(31.1350 mm, 50.3650 mm): Pad 1 [ROW_17_ANODE] of D329 on F.Cu
    @(33.6350 mm, 50.3650 mm): Pad 1 [ROW_17_ANODE] of D330 on F.Cu
[unconnected_items]: Missing connection between items
    Local override; error
    @(33.6350 mm, 50.3650 mm): Pad 1 [ROW_17_ANODE] of D330 on F.Cu
    @(36.1350 mm, 50.3650 mm): Pad 1 [ROW_17_ANODE] of D331 on F.Cu
[unconnected_items]: Missing connection between items
    Local override; error
    @(36.1350 mm, 50.3650 mm): Pad 1 [ROW_17_ANODE] of D331 on F.Cu
    @(38.6350 mm, 50.3650 mm): Pad 1 [ROW_17_ANODE] of D332 on F.Cu
[unconnected_items]: Missing connection between items
    Local override; error
    @(38.6350 mm, 50.3650 mm): Pad 1 [ROW_17_ANODE] of D332 on F.Cu
    @(41.1350 mm, 50.3650 mm): Pad 1 [ROW_17_ANODE] of D333 on F.Cu
[unconnected_items]: Missing connection between items
    Local override; error
    @(41.1350 mm, 50.3650 mm): Pad 1 [ROW_17_ANODE] of D333 on F.Cu
    @(43.6350 mm, 50.3650 mm): Pad 1 [ROW_17_ANODE] of D334 on F.Cu
[unconnected_items]: Missing connection between items
    Local override; error
    @(43.6350 mm, 50.3650 mm): Pad 1 [ROW_17_ANODE] of D334 on F.Cu
    @(46.1350 mm, 50.3650 mm): Pad 1 [ROW_17_ANODE] of D335 on F.Cu
[unconnected_items]: Missing connection between items
    Local override; error
    @(46.1350 mm, 50.3650 mm): Pad 1 [ROW_17_ANODE] of D335 on F.Cu
    @(48.6350 mm, 50.3650 mm): Pad 1 [ROW_17_ANODE] of D336 on F.Cu
[unconnected_items]: Missing connection between items
    Local override; error
    @(48.6350 mm, 50.3650 mm): Pad 1 [ROW_17_ANODE] of D336 on F.Cu
    @(51.1350 mm, 50.3650 mm): Pad 1 [ROW_17_ANODE] of D337 on F.Cu
[unconnected_items]: Missing connection between items
    Local override; error
    @(51.1350 mm, 50.3650 mm): Pad 1 [ROW_17_ANODE] of D337 on F.Cu
    @(53.6350 mm, 50.3650 mm): Pad 1 [ROW_17_ANODE] of D338 on F.Cu
[unconnected_items]: Missing connection between items
    Local override; error
    @(53.6350 mm, 50.3650 mm): Pad 1 [ROW_17_ANODE] of D338 on F.Cu
    @(56.1350 mm, 50.3650 mm): Pad 1 [ROW_17_ANODE] of D339 on F.Cu
[unconnected_items]: Missing connection between items
    Local override; error
    @(56.1350 mm, 50.3650 mm): Pad 1 [ROW_17_ANODE] of D339 on F.Cu
    @(58.6350 mm, 50.3650 mm): Pad 1 [ROW_17_ANODE] of D340 on F.Cu
[unconnected_items]: Missing connection between items
    Local override; error
    @(36.1350 mm, 11.1350 mm): Pad 2 [COL_R_11] of D11 on F.Cu
    @(36.1350 mm, 13.6350 mm): Pad 2 [COL_R_11] of D31 on F.Cu
[unconnected_items]: Missing connection between items
    Local override; error
    @(36.1350 mm, 13.6350 mm): Pad 2 [COL_R_11] of D31 on F.Cu
    @(36.1350 mm, 16.1350 mm): Pad 2 [COL_R_11] of D51 on F.Cu
[unconnected_items]: Missing connection between items
    Local override; error
    @(36.1350 mm, 16.1350 mm): Pad 2 [COL_R_11] of D51 on F.Cu
    @(36.1350 mm, 18.6350 mm): Pad 2 [COL_R_11] of D71 on F.Cu
[unconnected_items]: Missing connection between items
    Local override; error
    @(36.1350 mm, 18.6350 mm): Pad 2 [COL_R_11] of D71 on F.Cu
    @(36.1350 mm, 21.1350 mm): Pad 2 [COL_R_11] of D91 on F.Cu
[unconnected_items]: Missing connection between items
    Local override; error
    @(36.1350 mm, 21.1350 mm): Pad 2 [COL_R_11] of D91 on F.Cu
    @(36.1350 mm, 23.6350 mm): Pad 2 [COL_R_11] of D111 on F.Cu
[unconnected_items]: Missing connection between items
    Local override; error
    @(36.1350 mm, 23.6350 mm): Pad 2 [COL_R_11] of D111 on F.Cu
    @(36.1350 mm, 26.1350 mm): Pad 2 [COL_R_11] of D131 on F.Cu
[unconnected_items]: Missing connection between items
    Local override; error
    @(36.1350 mm, 26.1350 mm): Pad 2 [COL_R_11] of D131 on F.Cu
    @(36.1350 mm, 28.6350 mm): Pad 2 [COL_R_11] of D151 on F.Cu
[unconnected_items]: Missing connection between items
    Local override; error
    @(36.1350 mm, 28.6350 mm): Pad 2 [COL_R_11] of D151 on F.Cu
    @(36.1350 mm, 31.1350 mm): Pad 2 [COL_R_11] of D171 on F.Cu
[unconnected_items]: Missing connection between items
    Local override; error
    @(36.1350 mm, 31.1350 mm): Pad 2 [COL_R_11] of D171 on F.Cu
    @(36.1350 mm, 33.6350 mm): Pad 2 [COL_R_11] of D191 on F.Cu
[unconnected_items]: Missing connection between items
    Local override; error
    @(36.1350 mm, 33.6350 mm): Pad 2 [COL_R_11] of D191 on F.Cu
    @(36.1350 mm, 36.1350 mm): Pad 2 [COL_R_11] of D211 on F.Cu
[unconnected_items]: Missing connection between items
    Local override; error
    @(36.1350 mm, 36.1350 mm): Pad 2 [COL_R_11] of D211 on F.Cu
    @(36.1350 mm, 38.6350 mm): Pad 2 [COL_R_11] of D231 on F.Cu
[unconnected_items]: Missing connection between items
    Local override; error
    @(36.1350 mm, 38.6350 mm): Pad 2 [COL_R_11] of D231 on F.Cu
    @(36.1350 mm, 41.1350 mm): Pad 2 [COL_R_11] of D251 on F.Cu
[unconnected_items]: Missing connection between items
    Local override; error
    @(36.1350 mm, 41.1350 mm): Pad 2 [COL_R_11] of D251 on F.Cu
    @(36.1350 mm, 43.6350 mm): Pad 2 [COL_R_11] of D271 on F.Cu
[unconnected_items]: Missing connection between items
    Local override; error
    @(36.1350 mm, 43.6350 mm): Pad 2 [COL_R_11] of D271 on F.Cu
    @(36.1350 mm, 46.1350 mm): Pad 2 [COL_R_11] of D291 on F.Cu
[unconnected_items]: Missing connection between items
    Local override; error
    @(36.1350 mm, 46.1350 mm): Pad 2 [COL_R_11] of D291 on F.Cu
    @(36.1350 mm, 48.6350 mm): Pad 2 [COL_R_11] of D311 on F.Cu
[unconnected_items]: Missing connection between items
    Local override; error
    @(36.1350 mm, 48.6350 mm): Pad 2 [COL_R_11] of D311 on F.Cu
    @(36.1350 mm, 51.1350 mm): Pad 2 [COL_R_11] of D331 on F.Cu
[unconnected_items]: Missing connection between items
    Local override; error
    @(36.1350 mm, 51.1350 mm): Pad 2 [COL_R_11] of D331 on F.Cu
    @(36.1350 mm, 53.6350 mm): Pad 2 [COL_R_11] of D351 on F.Cu
[unconnected_items]: Missing connection between items
    Local override; error
    @(36.1350 mm, 53.6350 mm): Pad 2 [COL_R_11] of D351 on F.Cu
    @(36.1350 mm, 56.1350 mm): Pad 2 [COL_R_11] of D371 on F.Cu
[unconnected_items]: Missing connection between items
    Local override; error
    @(36.1350 mm, 56.1350 mm): Pad 2 [COL_R_11] of D371 on F.Cu
    @(36.1350 mm, 58.6350 mm): Pad 2 [COL_R_11] of D391 on F.Cu
[unconnected_items]: Missing connection between items
    Local override; error
    @(35.3650 mm, 11.1350 mm): Pad 3 [COL_G_11] of D11 on F.Cu
    @(35.3650 mm, 13.6350 mm): Pad 3 [COL_G_11] of D31 on F.Cu
[unconnected_items]: Missing connection between items
    Local override; error
    @(35.3650 mm, 13.6350 mm): Pad 3 [COL_G_11] of D31 on F.Cu
    @(35.3650 mm, 16.1350 mm): Pad 3 [COL_G_11] of D51 on F.Cu
[unconnected_items]: Missing connection between items
    Local override; error
    @(35.3650 mm, 16.1350 mm): Pad 3 [COL_G_11] of D51 on F.Cu
    @(35.3650 mm, 18.6350 mm): Pad 3 [COL_G_11] of D71 on F.Cu
[unconnected_items]: Missing connection between items
    Local override; error
    @(35.3650 mm, 18.6350 mm): Pad 3 [COL_G_11] of D71 on F.Cu
    @(35.3650 mm, 21.1350 mm): Pad 3 [COL_G_11] of D91 on F.Cu
[unconnected_items]: Missing connection between items
    Local override; error
    @(35.3650 mm, 21.1350 mm): Pad 3 [COL_G_11] of D91 on F.Cu
    @(35.3650 mm, 23.6350 mm): Pad 3 [COL_G_11] of D111 on F.Cu
[unconnected_items]: Missing connection between items
    Local override; error
    @(35.3650 mm, 23.6350 mm): Pad 3 [COL_G_11] of D111 on F.Cu
    @(35.3650 mm, 26.1350 mm): Pad 3 [COL_G_11] of D131 on F.Cu
[unconnected_items]: Missing connection between items
    Local override; error
    @(35.3650 mm, 26.1350 mm): Pad 3 [COL_G_11] of D131 on F.Cu
    @(35.3650 mm, 28.6350 mm): Pad 3 [COL_G_11] of D151 on F.Cu
[unconnected_items]: Missing connection between items
    Local override; error
    @(35.3650 mm, 28.6350 mm): Pad 3 [COL_G_11] of D151 on F.Cu
    @(35.3650 mm, 31.1350 mm): Pad 3 [COL_G_11] of D171 on F.Cu
[unconnected_items]: Missing connection between items
    Local override; error
    @(35.3650 mm, 31.1350 mm): Pad 3 [COL_G_11] of D171 on F.Cu
    @(35.3650 mm, 33.6350 mm): Pad 3 [COL_G_11] of D191 on F.Cu
[unconnected_items]: Missing connection between items
    Local override; error
    @(35.3650 mm, 33.6350 mm): Pad 3 [COL_G_11] of D191 on F.Cu
    @(35.3650 mm, 36.1350 mm): Pad 3 [COL_G_11] of D211 on F.Cu
[unconnected_items]: Missing connection between items
    Local override; error
    @(35.3650 mm, 36.1350 mm): Pad 3 [COL_G_11] of D211 on F.Cu
    @(35.3650 mm, 38.6350 mm): Pad 3 [COL_G_11] of D231 on F.Cu
[unconnected_items]: Missing connection between items
    Local override; error
    @(35.3650 mm, 38.6350 mm): Pad 3 [COL_G_11] of D231 on F.Cu
    @(35.3650 mm, 41.1350 mm): Pad 3 [COL_G_11] of D251 on F.Cu
[unconnected_items]: Missing connection between items
    Local override; error
    @(35.3650 mm, 41.1350 mm): Pad 3 [COL_G_11] of D251 on F.Cu
    @(35.3650 mm, 43.6350 mm): Pad 3 [COL_G_11] of D271 on F.Cu
[unconnected_items]: Missing connection between items
    Local override; error
    @(35.3650 mm, 43.6350 mm): Pad 3 [COL_G_11] of D271 on F.Cu
    @(35.3650 mm, 46.1350 mm): Pad 3 [COL_G_11] of D291 on F.Cu
[unconnected_items]: Missing connection between items
    Local override; error
    @(35.3650 mm, 46.1350 mm): Pad 3 [COL_G_11] of D291 on F.Cu
    @(35.3650 mm, 48.6350 mm): Pad 3 [COL_G_11] of D311 on F.Cu
[unconnected_items]: Missing connection between items
    Local override; error
    @(35.3650 mm, 48.6350 mm): Pad 3 [COL_G_11] of D311 on F.Cu
    @(35.3650 mm, 51.1350 mm): Pad 3 [COL_G_11] of D331 on F.Cu
[unconnected_items]: Missing connection between items
    Local override; error
    @(35.3650 mm, 51.1350 mm): Pad 3 [COL_G_11] of D331 on F.Cu
    @(35.3650 mm, 53.6350 mm): Pad 3 [COL_G_11] of D351 on F.Cu
[unconnected_items]: Missing connection between items
    Local override; error
    @(35.3650 mm, 53.6350 mm): Pad 3 [COL_G_11] of D351 on F.Cu
    @(35.3650 mm, 56.1350 mm): Pad 3 [COL_G_11] of D371 on F.Cu
[unconnected_items]: Missing connection between items
    Local override; error
    @(35.3650 mm, 56.1350 mm): Pad 3 [COL_G_11] of D371 on F.Cu
    @(35.3650 mm, 58.6350 mm): Pad 3 [COL_G_11] of D391 on F.Cu
[unconnected_items]: Missing connection between items
    Local override; error
    @(35.3650 mm, 10.3650 mm): Pad 4 [COL_B_11] of D11 on F.Cu
    @(35.3650 mm, 12.8650 mm): Pad 4 [COL_B_11] of D31 on F.Cu
[unconnected_items]: Missing connection between items
    Local override; error
    @(35.3650 mm, 12.8650 mm): Pad 4 [COL_B_11] of D31 on F.Cu
    @(35.3650 mm, 15.3650 mm): Pad 4 [COL_B_11] of D51 on F.Cu
[unconnected_items]: Missing connection between items
    Local override; error
    @(35.3650 mm, 15.3650 mm): Pad 4 [COL_B_11] of D51 on F.Cu
    @(35.3650 mm, 17.8650 mm): Pad 4 [COL_B_11] of D71 on F.Cu
[unconnected_items]: Missing connection between items
    Local override; error
    @(35.3650 mm, 17.8650 mm): Pad 4 [COL_B_11] of D71 on F.Cu
    @(35.3650 mm, 20.3650 mm): Pad 4 [COL_B_11] of D91 on F.Cu
[unconnected_items]: Missing connection between items
    Local override; error
    @(35.3650 mm, 20.3650 mm): Pad 4 [COL_B_11] of D91 on F.Cu
    @(35.3650 mm, 22.8650 mm): Pad 4 [COL_B_11] of D111 on F.Cu
[unconnected_items]: Missing connection between items
    Local override; error
    @(35.3650 mm, 22.8650 mm): Pad 4 [COL_B_11] of D111 on F.Cu
    @(35.3650 mm, 25.3650 mm): Pad 4 [COL_B_11] of D131 on F.Cu
[unconnected_items]: Missing connection between items
    Local override; error
    @(35.3650 mm, 25.3650 mm): Pad 4 [COL_B_11] of D131 on F.Cu
    @(35.3650 mm, 27.8650 mm): Pad 4 [COL_B_11] of D151 on F.Cu
[unconnected_items]: Missing connection between items
    Local override; error
    @(35.3650 mm, 27.8650 mm): Pad 4 [COL_B_11] of D151 on F.Cu
    @(35.3650 mm, 30.3650 mm): Pad 4 [COL_B_11] of D171 on F.Cu
[unconnected_items]: Missing connection between items
    Local override; error
    @(35.3650 mm, 30.3650 mm): Pad 4 [COL_B_11] of D171 on F.Cu
    @(35.3650 mm, 32.8650 mm): Pad 4 [COL_B_11] of D191 on F.Cu
[unconnected_items]: Missing connection between items
    Local override; error
    @(35.3650 mm, 32.8650 mm): Pad 4 [COL_B_11] of D191 on F.Cu
    @(35.3650 mm, 35.3650 mm): Pad 4 [COL_B_11] of D211 on F.Cu
[unconnected_items]: Missing connection between items
    Local override; error
    @(35.3650 mm, 35.3650 mm): Pad 4 [COL_B_11] of D211 on F.Cu
    @(35.3650 mm, 37.8650 mm): Pad 4 [COL_B_11] of D231 on F.Cu
[unconnected_items]: Missing connection between items
    Local override; error
    @(35.3650 mm, 37.8650 mm): Pad 4 [COL_B_11] of D231 on F.Cu
    @(35.3650 mm, 40.3650 mm): Pad 4 [COL_B_11] of D251 on F.Cu
[unconnected_items]: Missing connection between items
    Local override; error
    @(35.3650 mm, 40.3650 mm): Pad 4 [COL_B_11] of D251 on F.Cu
    @(35.3650 mm, 42.8650 mm): Pad 4 [COL_B_11] of D271 on F.Cu
[unconnected_items]: Missing connection between items
    Local override; error
    @(35.3650 mm, 42.8650 mm): Pad 4 [COL_B_11] of D271 on F.Cu
    @(35.3650 mm, 45.3650 mm): Pad 4 [COL_B_11] of D291 on F.Cu
[unconnected_items]: Missing connection between items
    Local override; error
    @(35.3650 mm, 45.3650 mm): Pad 4 [COL_B_11] of D291 on F.Cu
    @(35.3650 mm, 47.8650 mm): Pad 4 [COL_B_11] of D311 on F.Cu
[unconnected_items]: Missing connection between items
    Local override; error
    @(35.3650 mm, 47.8650 mm): Pad 4 [COL_B_11] of D311 on F.Cu
    @(35.3650 mm, 50.3650 mm): Pad 4 [COL_B_11] of D331 on F.Cu
[unconnected_items]: Missing connection between items
    Local override; error
    @(35.3650 mm, 50.3650 mm): Pad 4 [COL_B_11] of D331 on F.Cu
    @(35.3650 mm, 52.8650 mm): Pad 4 [COL_B_11] of D351 on F.Cu
[unconnected_items]: Missing connection between items
    Local override; error
    @(35.3650 mm, 52.8650 mm): Pad 4 [COL_B_11] of D351 on F.Cu
    @(35.3650 mm, 55.3650 mm): Pad 4 [COL_B_11] of D371 on F.Cu
[unconnected_items]: Missing connection between items
    Local override; error
    @(35.3650 mm, 55.3650 mm): Pad 4 [COL_B_11] of D371 on F.Cu
    @(35.3650 mm, 57.8650 mm): Pad 4 [COL_B_11] of D391 on F.Cu
[unconnected_items]: Missing connection between items
    Local override; error
    @(11.1350 mm, 27.8650 mm): Pad 1 [ROW_08_ANODE] of D141 on F.Cu
    @(13.6350 mm, 27.8650 mm): Pad 1 [ROW_08_ANODE] of D142 on F.Cu
[unconnected_items]: Missing connection between items
    Local override; error
    @(13.6350 mm, 27.8650 mm): Pad 1 [ROW_08_ANODE] of D142 on F.Cu
    @(16.1350 mm, 27.8650 mm): Pad 1 [ROW_08_ANODE] of D143 on F.Cu
[unconnected_items]: Missing connection between items
    Local override; error
    @(16.1350 mm, 27.8650 mm): Pad 1 [ROW_08_ANODE] of D143 on F.Cu
    @(18.6350 mm, 27.8650 mm): Pad 1 [ROW_08_ANODE] of D144 on F.Cu
[unconnected_items]: Missing connection between items
    Local override; error
    @(18.6350 mm, 27.8650 mm): Pad 1 [ROW_08_ANODE] of D144 on F.Cu
    @(21.1350 mm, 27.8650 mm): Pad 1 [ROW_08_ANODE] of D145 on F.Cu
[unconnected_items]: Missing connection between items
    Local override; error
    @(21.1350 mm, 27.8650 mm): Pad 1 [ROW_08_ANODE] of D145 on F.Cu
    @(23.6350 mm, 27.8650 mm): Pad 1 [ROW_08_ANODE] of D146 on F.Cu
[unconnected_items]: Missing connection between items
    Local override; error
    @(23.6350 mm, 27.8650 mm): Pad 1 [ROW_08_ANODE] of D146 on F.Cu
    @(26.1350 mm, 27.8650 mm): Pad 1 [ROW_08_ANODE] of D147 on F.Cu
[unconnected_items]: Missing connection between items
    Local override; error
    @(26.1350 mm, 27.8650 mm): Pad 1 [ROW_08_ANODE] of D147 on F.Cu
    @(28.6350 mm, 27.8650 mm): Pad 1 [ROW_08_ANODE] of D148 on F.Cu
[unconnected_items]: Missing connection between items
    Local override; error
    @(28.6350 mm, 27.8650 mm): Pad 1 [ROW_08_ANODE] of D148 on F.Cu
    @(31.1350 mm, 27.8650 mm): Pad 1 [ROW_08_ANODE] of D149 on F.Cu
[unconnected_items]: Missing connection between items
    Local override; error
    @(31.1350 mm, 27.8650 mm): Pad 1 [ROW_08_ANODE] of D149 on F.Cu
    @(33.6350 mm, 27.8650 mm): Pad 1 [ROW_08_ANODE] of D150 on F.Cu
[unconnected_items]: Missing connection between items
    Local override; error
    @(33.6350 mm, 27.8650 mm): Pad 1 [ROW_08_ANODE] of D150 on F.Cu
    @(36.1350 mm, 27.8650 mm): Pad 1 [ROW_08_ANODE] of D151 on F.Cu
[unconnected_items]: Missing connection between items
    Local override; error
    @(36.1350 mm, 27.8650 mm): Pad 1 [ROW_08_ANODE] of D151 on F.Cu
    @(38.6350 mm, 27.8650 mm): Pad 1 [ROW_08_ANODE] of D152 on F.Cu
[unconnected_items]: Missing connection between items
    Local override; error
    @(38.6350 mm, 27.8650 mm): Pad 1 [ROW_08_ANODE] of D152 on F.Cu
    @(41.1350 mm, 27.8650 mm): Pad 1 [ROW_08_ANODE] of D153 on F.Cu
[unconnected_items]: Missing connection between items
    Local override; error
    @(41.1350 mm, 27.8650 mm): Pad 1 [ROW_08_ANODE] of D153 on F.Cu
    @(43.6350 mm, 27.8650 mm): Pad 1 [ROW_08_ANODE] of D154 on F.Cu
[unconnected_items]: Missing connection between items
    Local override; error
    @(43.6350 mm, 27.8650 mm): Pad 1 [ROW_08_ANODE] of D154 on F.Cu
    @(46.1350 mm, 27.8650 mm): Pad 1 [ROW_08_ANODE] of D155 on F.Cu
[unconnected_items]: Missing connection between items
    Local override; error
    @(46.1350 mm, 27.8650 mm): Pad 1 [ROW_08_ANODE] of D155 on F.Cu
    @(48.6350 mm, 27.8650 mm): Pad 1 [ROW_08_ANODE] of D156 on F.Cu
[unconnected_items]: Missing connection between items
    Local override; error
    @(48.6350 mm, 27.8650 mm): Pad 1 [ROW_08_ANODE] of D156 on F.Cu
    @(51.1350 mm, 27.8650 mm): Pad 1 [ROW_08_ANODE] of D157 on F.Cu
[unconnected_items]: Missing connection between items
    Local override; error
    @(51.1350 mm, 27.8650 mm): Pad 1 [ROW_08_ANODE] of D157 on F.Cu
    @(53.6350 mm, 27.8650 mm): Pad 1 [ROW_08_ANODE] of D158 on F.Cu
[unconnected_items]: Missing connection between items
    Local override; error
    @(53.6350 mm, 27.8650 mm): Pad 1 [ROW_08_ANODE] of D158 on F.Cu
    @(56.1350 mm, 27.8650 mm): Pad 1 [ROW_08_ANODE] of D159 on F.Cu
[unconnected_items]: Missing connection between items
    Local override; error
    @(56.1350 mm, 27.8650 mm): Pad 1 [ROW_08_ANODE] of D159 on F.Cu
    @(58.6350 mm, 27.8650 mm): Pad 1 [ROW_08_ANODE] of D160 on F.Cu
[unconnected_items]: Missing connection between items
    Local override; error
    @(48.6350 mm, 11.1350 mm): Pad 2 [COL_R_16] of D16 on F.Cu
    @(48.6350 mm, 13.6350 mm): Pad 2 [COL_R_16] of D36 on F.Cu
[unconnected_items]: Missing connection between items
    Local override; error
    @(48.6350 mm, 13.6350 mm): Pad 2 [COL_R_16] of D36 on F.Cu
    @(48.6350 mm, 16.1350 mm): Pad 2 [COL_R_16] of D56 on F.Cu
[unconnected_items]: Missing connection between items
    Local override; error
    @(48.6350 mm, 16.1350 mm): Pad 2 [COL_R_16] of D56 on F.Cu
    @(48.6350 mm, 18.6350 mm): Pad 2 [COL_R_16] of D76 on F.Cu
[unconnected_items]: Missing connection between items
    Local override; error
    @(48.6350 mm, 18.6350 mm): Pad 2 [COL_R_16] of D76 on F.Cu
    @(48.6350 mm, 21.1350 mm): Pad 2 [COL_R_16] of D96 on F.Cu
[unconnected_items]: Missing connection between items
    Local override; error
    @(48.6350 mm, 21.1350 mm): Pad 2 [COL_R_16] of D96 on F.Cu
    @(48.6350 mm, 23.6350 mm): Pad 2 [COL_R_16] of D116 on F.Cu
[unconnected_items]: Missing connection between items
    Local override; error
    @(48.6350 mm, 23.6350 mm): Pad 2 [COL_R_16] of D116 on F.Cu
    @(48.6350 mm, 26.1350 mm): Pad 2 [COL_R_16] of D136 on F.Cu
[unconnected_items]: Missing connection between items
    Local override; error
    @(48.6350 mm, 26.1350 mm): Pad 2 [COL_R_16] of D136 on F.Cu
    @(48.6350 mm, 28.6350 mm): Pad 2 [COL_R_16] of D156 on F.Cu
[unconnected_items]: Missing connection between items
    Local override; error
    @(48.6350 mm, 28.6350 mm): Pad 2 [COL_R_16] of D156 on F.Cu
    @(48.6350 mm, 31.1350 mm): Pad 2 [COL_R_16] of D176 on F.Cu
[unconnected_items]: Missing connection between items
    Local override; error
    @(48.6350 mm, 31.1350 mm): Pad 2 [COL_R_16] of D176 on F.Cu
    @(48.6350 mm, 33.6350 mm): Pad 2 [COL_R_16] of D196 on F.Cu
[unconnected_items]: Missing connection between items
    Local override; error
    @(48.6350 mm, 33.6350 mm): Pad 2 [COL_R_16] of D196 on F.Cu
    @(48.6350 mm, 36.1350 mm): Pad 2 [COL_R_16] of D216 on F.Cu
[unconnected_items]: Missing connection between items
    Local override; error
    @(48.6350 mm, 36.1350 mm): Pad 2 [COL_R_16] of D216 on F.Cu
    @(48.6350 mm, 38.6350 mm): Pad 2 [COL_R_16] of D236 on F.Cu
[unconnected_items]: Missing connection between items
    Local override; error
    @(48.6350 mm, 38.6350 mm): Pad 2 [COL_R_16] of D236 on F.Cu
    @(48.6350 mm, 41.1350 mm): Pad 2 [COL_R_16] of D256 on F.Cu
[unconnected_items]: Missing connection between items
    Local override; error
    @(48.6350 mm, 41.1350 mm): Pad 2 [COL_R_16] of D256 on F.Cu
    @(48.6350 mm, 43.6350 mm): Pad 2 [COL_R_16] of D276 on F.Cu
[unconnected_items]: Missing connection between items
    Local override; error
    @(48.6350 mm, 43.6350 mm): Pad 2 [COL_R_16] of D276 on F.Cu
    @(48.6350 mm, 46.1350 mm): Pad 2 [COL_R_16] of D296 on F.Cu
[unconnected_items]: Missing connection between items
    Local override; error
    @(48.6350 mm, 46.1350 mm): Pad 2 [COL_R_16] of D296 on F.Cu
    @(48.6350 mm, 48.6350 mm): Pad 2 [COL_R_16] of D316 on F.Cu
[unconnected_items]: Missing connection between items
    Local override; error
    @(48.6350 mm, 48.6350 mm): Pad 2 [COL_R_16] of D316 on F.Cu
    @(48.6350 mm, 51.1350 mm): Pad 2 [COL_R_16] of D336 on F.Cu
[unconnected_items]: Missing connection between items
    Local override; error
    @(48.6350 mm, 51.1350 mm): Pad 2 [COL_R_16] of D336 on F.Cu
    @(48.6350 mm, 53.6350 mm): Pad 2 [COL_R_16] of D356 on F.Cu
[unconnected_items]: Missing connection between items
    Local override; error
    @(48.6350 mm, 53.6350 mm): Pad 2 [COL_R_16] of D356 on F.Cu
    @(48.6350 mm, 56.1350 mm): Pad 2 [COL_R_16] of D376 on F.Cu
[unconnected_items]: Missing connection between items
    Local override; error
    @(48.6350 mm, 56.1350 mm): Pad 2 [COL_R_16] of D376 on F.Cu
    @(48.6350 mm, 58.6350 mm): Pad 2 [COL_R_16] of D396 on F.Cu
[unconnected_items]: Missing connection between items
    Local override; error
    @(47.8650 mm, 11.1350 mm): Pad 3 [COL_G_16] of D16 on F.Cu
    @(47.8650 mm, 13.6350 mm): Pad 3 [COL_G_16] of D36 on F.Cu
[unconnected_items]: Missing connection between items
    Local override; error
    @(47.8650 mm, 13.6350 mm): Pad 3 [COL_G_16] of D36 on F.Cu
    @(47.8650 mm, 16.1350 mm): Pad 3 [COL_G_16] of D56 on F.Cu
[unconnected_items]: Missing connection between items
    Local override; error
    @(47.8650 mm, 16.1350 mm): Pad 3 [COL_G_16] of D56 on F.Cu
    @(47.8650 mm, 18.6350 mm): Pad 3 [COL_G_16] of D76 on F.Cu
[unconnected_items]: Missing connection between items
    Local override; error
    @(47.8650 mm, 18.6350 mm): Pad 3 [COL_G_16] of D76 on F.Cu
    @(47.8650 mm, 21.1350 mm): Pad 3 [COL_G_16] of D96 on F.Cu
[unconnected_items]: Missing connection between items
    Local override; error
    @(47.8650 mm, 21.1350 mm): Pad 3 [COL_G_16] of D96 on F.Cu
    @(47.8650 mm, 23.6350 mm): Pad 3 [COL_G_16] of D116 on F.Cu
[unconnected_items]: Missing connection between items
    Local override; error
    @(47.8650 mm, 23.6350 mm): Pad 3 [COL_G_16] of D116 on F.Cu
    @(47.8650 mm, 26.1350 mm): Pad 3 [COL_G_16] of D136 on F.Cu
[unconnected_items]: Missing connection between items
    Local override; error
    @(47.8650 mm, 26.1350 mm): Pad 3 [COL_G_16] of D136 on F.Cu
    @(47.8650 mm, 28.6350 mm): Pad 3 [COL_G_16] of D156 on F.Cu
[unconnected_items]: Missing connection between items
    Local override; error
    @(47.8650 mm, 28.6350 mm): Pad 3 [COL_G_16] of D156 on F.Cu
    @(47.8650 mm, 31.1350 mm): Pad 3 [COL_G_16] of D176 on F.Cu
[unconnected_items]: Missing connection between items
    Local override; error
    @(47.8650 mm, 31.1350 mm): Pad 3 [COL_G_16] of D176 on F.Cu
    @(47.8650 mm, 33.6350 mm): Pad 3 [COL_G_16] of D196 on F.Cu
[unconnected_items]: Missing connection between items
    Local override; error
    @(47.8650 mm, 33.6350 mm): Pad 3 [COL_G_16] of D196 on F.Cu
    @(47.8650 mm, 36.1350 mm): Pad 3 [COL_G_16] of D216 on F.Cu
[unconnected_items]: Missing connection between items
    Local override; error
    @(47.8650 mm, 36.1350 mm): Pad 3 [COL_G_16] of D216 on F.Cu
    @(47.8650 mm, 38.6350 mm): Pad 3 [COL_G_16] of D236 on F.Cu
[unconnected_items]: Missing connection between items
    Local override; error
    @(47.8650 mm, 38.6350 mm): Pad 3 [COL_G_16] of D236 on F.Cu
    @(47.8650 mm, 41.1350 mm): Pad 3 [COL_G_16] of D256 on F.Cu
[unconnected_items]: Missing connection between items
    Local override; error
    @(47.8650 mm, 41.1350 mm): Pad 3 [COL_G_16] of D256 on F.Cu
    @(47.8650 mm, 43.6350 mm): Pad 3 [COL_G_16] of D276 on F.Cu
[unconnected_items]: Missing connection between items
    Local override; error
    @(47.8650 mm, 43.6350 mm): Pad 3 [COL_G_16] of D276 on F.Cu
    @(47.8650 mm, 46.1350 mm): Pad 3 [COL_G_16] of D296 on F.Cu
[unconnected_items]: Missing connection between items
    Local override; error
    @(47.8650 mm, 46.1350 mm): Pad 3 [COL_G_16] of D296 on F.Cu
    @(47.8650 mm, 48.6350 mm): Pad 3 [COL_G_16] of D316 on F.Cu
[unconnected_items]: Missing connection between items
    Local override; error
    @(47.8650 mm, 48.6350 mm): Pad 3 [COL_G_16] of D316 on F.Cu
    @(47.8650 mm, 51.1350 mm): Pad 3 [COL_G_16] of D336 on F.Cu
[unconnected_items]: Missing connection between items
    Local override; error
    @(47.8650 mm, 51.1350 mm): Pad 3 [COL_G_16] of D336 on F.Cu
    @(47.8650 mm, 53.6350 mm): Pad 3 [COL_G_16] of D356 on F.Cu
[unconnected_items]: Missing connection between items
    Local override; error
    @(47.8650 mm, 53.6350 mm): Pad 3 [COL_G_16] of D356 on F.Cu
    @(47.8650 mm, 56.1350 mm): Pad 3 [COL_G_16] of D376 on F.Cu
[unconnected_items]: Missing connection between items
    Local override; error
    @(47.8650 mm, 56.1350 mm): Pad 3 [COL_G_16] of D376 on F.Cu
    @(47.8650 mm, 58.6350 mm): Pad 3 [COL_G_16] of D396 on F.Cu
[unconnected_items]: Missing connection between items
    Local override; error
    @(47.8650 mm, 10.3650 mm): Pad 4 [COL_B_16] of D16 on F.Cu
    @(47.8650 mm, 12.8650 mm): Pad 4 [COL_B_16] of D36 on F.Cu
[unconnected_items]: Missing connection between items
    Local override; error
    @(47.8650 mm, 12.8650 mm): Pad 4 [COL_B_16] of D36 on F.Cu
    @(47.8650 mm, 15.3650 mm): Pad 4 [COL_B_16] of D56 on F.Cu
[unconnected_items]: Missing connection between items
    Local override; error
    @(47.8650 mm, 15.3650 mm): Pad 4 [COL_B_16] of D56 on F.Cu
    @(47.8650 mm, 17.8650 mm): Pad 4 [COL_B_16] of D76 on F.Cu
[unconnected_items]: Missing connection between items
    Local override; error
    @(47.8650 mm, 17.8650 mm): Pad 4 [COL_B_16] of D76 on F.Cu
    @(47.8650 mm, 20.3650 mm): Pad 4 [COL_B_16] of D96 on F.Cu
[unconnected_items]: Missing connection between items
    Local override; error
    @(47.8650 mm, 20.3650 mm): Pad 4 [COL_B_16] of D96 on F.Cu
    @(47.8650 mm, 22.8650 mm): Pad 4 [COL_B_16] of D116 on F.Cu
[unconnected_items]: Missing connection between items
    Local override; error
    @(47.8650 mm, 22.8650 mm): Pad 4 [COL_B_16] of D116 on F.Cu
    @(47.8650 mm, 25.3650 mm): Pad 4 [COL_B_16] of D136 on F.Cu
[unconnected_items]: Missing connection between items
    Local override; error
    @(47.8650 mm, 25.3650 mm): Pad 4 [COL_B_16] of D136 on F.Cu
    @(47.8650 mm, 27.8650 mm): Pad 4 [COL_B_16] of D156 on F.Cu
[unconnected_items]: Missing connection between items
    Local override; error
    @(47.8650 mm, 27.8650 mm): Pad 4 [COL_B_16] of D156 on F.Cu
    @(47.8650 mm, 30.3650 mm): Pad 4 [COL_B_16] of D176 on F.Cu
[unconnected_items]: Missing connection between items
    Local override; error
    @(47.8650 mm, 30.3650 mm): Pad 4 [COL_B_16] of D176 on F.Cu
    @(47.8650 mm, 32.8650 mm): Pad 4 [COL_B_16] of D196 on F.Cu
[unconnected_items]: Missing connection between items
    Local override; error
    @(47.8650 mm, 32.8650 mm): Pad 4 [COL_B_16] of D196 on F.Cu
    @(47.8650 mm, 35.3650 mm): Pad 4 [COL_B_16] of D216 on F.Cu
[unconnected_items]: Missing connection between items
    Local override; error
    @(47.8650 mm, 35.3650 mm): Pad 4 [COL_B_16] of D216 on F.Cu
    @(47.8650 mm, 37.8650 mm): Pad 4 [COL_B_16] of D236 on F.Cu
[unconnected_items]: Missing connection between items
    Local override; error
    @(47.8650 mm, 37.8650 mm): Pad 4 [COL_B_16] of D236 on F.Cu
    @(47.8650 mm, 40.3650 mm): Pad 4 [COL_B_16] of D256 on F.Cu
[unconnected_items]: Missing connection between items
    Local override; error
    @(47.8650 mm, 40.3650 mm): Pad 4 [COL_B_16] of D256 on F.Cu
    @(47.8650 mm, 42.8650 mm): Pad 4 [COL_B_16] of D276 on F.Cu
[unconnected_items]: Missing connection between items
    Local override; error
    @(47.8650 mm, 42.8650 mm): Pad 4 [COL_B_16] of D276 on F.Cu
    @(47.8650 mm, 45.3650 mm): Pad 4 [COL_B_16] of D296 on F.Cu
[unconnected_items]: Missing connection between items
    Local override; error
    @(47.8650 mm, 45.3650 mm): Pad 4 [COL_B_16] of D296 on F.Cu
    @(47.8650 mm, 47.8650 mm): Pad 4 [COL_B_16] of D316 on F.Cu
[unconnected_items]: Missing connection between items
    Local override; error
    @(47.8650 mm, 47.8650 mm): Pad 4 [COL_B_16] of D316 on F.Cu
    @(47.8650 mm, 50.3650 mm): Pad 4 [COL_B_16] of D336 on F.Cu
[unconnected_items]: Missing connection between items
    Local override; error
    @(47.8650 mm, 50.3650 mm): Pad 4 [COL_B_16] of D336 on F.Cu
    @(47.8650 mm, 52.8650 mm): Pad 4 [COL_B_16] of D356 on F.Cu
[unconnected_items]: Missing connection between items
    Local override; error
    @(47.8650 mm, 52.8650 mm): Pad 4 [COL_B_16] of D356 on F.Cu
    @(47.8650 mm, 55.3650 mm): Pad 4 [COL_B_16] of D376 on F.Cu
[unconnected_items]: Missing connection between items
    Local override; error
    @(47.8650 mm, 55.3650 mm): Pad 4 [COL_B_16] of D376 on F.Cu
    @(47.8650 mm, 57.8650 mm): Pad 4 [COL_B_16] of D396 on F.Cu
[unconnected_items]: Missing connection between items
    Local override; error
    @(11.1350 mm, 57.8650 mm): Pad 1 [ROW_20_ANODE] of D381 on F.Cu
    @(13.6350 mm, 57.8650 mm): Pad 1 [ROW_20_ANODE] of D382 on F.Cu
[unconnected_items]: Missing connection between items
    Local override; error
    @(13.6350 mm, 57.8650 mm): Pad 1 [ROW_20_ANODE] of D382 on F.Cu
    @(16.1350 mm, 57.8650 mm): Pad 1 [ROW_20_ANODE] of D383 on F.Cu
[unconnected_items]: Missing connection between items
    Local override; error
    @(16.1350 mm, 57.8650 mm): Pad 1 [ROW_20_ANODE] of D383 on F.Cu
    @(18.6350 mm, 57.8650 mm): Pad 1 [ROW_20_ANODE] of D384 on F.Cu
[unconnected_items]: Missing connection between items
    Local override; error
    @(18.6350 mm, 57.8650 mm): Pad 1 [ROW_20_ANODE] of D384 on F.Cu
    @(21.1350 mm, 57.8650 mm): Pad 1 [ROW_20_ANODE] of D385 on F.Cu
[unconnected_items]: Missing connection between items
    Local override; error
    @(21.1350 mm, 57.8650 mm): Pad 1 [ROW_20_ANODE] of D385 on F.Cu
    @(23.6350 mm, 57.8650 mm): Pad 1 [ROW_20_ANODE] of D386 on F.Cu
[unconnected_items]: Missing connection between items
    Local override; error
    @(23.6350 mm, 57.8650 mm): Pad 1 [ROW_20_ANODE] of D386 on F.Cu
    @(26.1350 mm, 57.8650 mm): Pad 1 [ROW_20_ANODE] of D387 on F.Cu
[unconnected_items]: Missing connection between items
    Local override; error
    @(26.1350 mm, 57.8650 mm): Pad 1 [ROW_20_ANODE] of D387 on F.Cu
    @(28.6350 mm, 57.8650 mm): Pad 1 [ROW_20_ANODE] of D388 on F.Cu
[unconnected_items]: Missing connection between items
    Local override; error
    @(28.6350 mm, 57.8650 mm): Pad 1 [ROW_20_ANODE] of D388 on F.Cu
    @(31.1350 mm, 57.8650 mm): Pad 1 [ROW_20_ANODE] of D389 on F.Cu
[unconnected_items]: Missing connection between items
    Local override; error
    @(31.1350 mm, 57.8650 mm): Pad 1 [ROW_20_ANODE] of D389 on F.Cu
    @(33.6350 mm, 57.8650 mm): Pad 1 [ROW_20_ANODE] of D390 on F.Cu
[unconnected_items]: Missing connection between items
    Local override; error
    @(33.6350 mm, 57.8650 mm): Pad 1 [ROW_20_ANODE] of D390 on F.Cu
    @(36.1350 mm, 57.8650 mm): Pad 1 [ROW_20_ANODE] of D391 on F.Cu
[unconnected_items]: Missing connection between items
    Local override; error
    @(36.1350 mm, 57.8650 mm): Pad 1 [ROW_20_ANODE] of D391 on F.Cu
    @(38.6350 mm, 57.8650 mm): Pad 1 [ROW_20_ANODE] of D392 on F.Cu
[unconnected_items]: Missing connection between items
    Local override; error
    @(38.6350 mm, 57.8650 mm): Pad 1 [ROW_20_ANODE] of D392 on F.Cu
    @(41.1350 mm, 57.8650 mm): Pad 1 [ROW_20_ANODE] of D393 on F.Cu
[unconnected_items]: Missing connection between items
    Local override; error
    @(41.1350 mm, 57.8650 mm): Pad 1 [ROW_20_ANODE] of D393 on F.Cu
    @(43.6350 mm, 57.8650 mm): Pad 1 [ROW_20_ANODE] of D394 on F.Cu
[unconnected_items]: Missing connection between items
    Local override; error
    @(43.6350 mm, 57.8650 mm): Pad 1 [ROW_20_ANODE] of D394 on F.Cu
    @(46.1350 mm, 57.8650 mm): Pad 1 [ROW_20_ANODE] of D395 on F.Cu
[unconnected_items]: Missing connection between items
    Local override; error
    @(46.1350 mm, 57.8650 mm): Pad 1 [ROW_20_ANODE] of D395 on F.Cu
    @(48.6350 mm, 57.8650 mm): Pad 1 [ROW_20_ANODE] of D396 on F.Cu
[unconnected_items]: Missing connection between items
    Local override; error
    @(48.6350 mm, 57.8650 mm): Pad 1 [ROW_20_ANODE] of D396 on F.Cu
    @(51.1350 mm, 57.8650 mm): Pad 1 [ROW_20_ANODE] of D397 on F.Cu
[unconnected_items]: Missing connection between items
    Local override; error
    @(51.1350 mm, 57.8650 mm): Pad 1 [ROW_20_ANODE] of D397 on F.Cu
    @(53.6350 mm, 57.8650 mm): Pad 1 [ROW_20_ANODE] of D398 on F.Cu
[unconnected_items]: Missing connection between items
    Local override; error
    @(53.6350 mm, 57.8650 mm): Pad 1 [ROW_20_ANODE] of D398 on F.Cu
    @(56.1350 mm, 57.8650 mm): Pad 1 [ROW_20_ANODE] of D399 on F.Cu
[unconnected_items]: Missing connection between items
    Local override; error
    @(56.1350 mm, 57.8650 mm): Pad 1 [ROW_20_ANODE] of D399 on F.Cu
    @(58.6350 mm, 57.8650 mm): Pad 1 [ROW_20_ANODE] of D400 on F.Cu
[unconnected_items]: Missing connection between items
    Local override; error
    @(51.1350 mm, 11.1350 mm): Pad 2 [COL_R_17] of D17 on F.Cu
    @(51.1350 mm, 13.6350 mm): Pad 2 [COL_R_17] of D37 on F.Cu
[unconnected_items]: Missing connection between items
    Local override; error
    @(51.1350 mm, 13.6350 mm): Pad 2 [COL_R_17] of D37 on F.Cu
    @(51.1350 mm, 16.1350 mm): Pad 2 [COL_R_17] of D57 on F.Cu
[unconnected_items]: Missing connection between items
    Local override; error
    @(51.1350 mm, 16.1350 mm): Pad 2 [COL_R_17] of D57 on F.Cu
    @(51.1350 mm, 18.6350 mm): Pad 2 [COL_R_17] of D77 on F.Cu
[unconnected_items]: Missing connection between items
    Local override; error
    @(51.1350 mm, 18.6350 mm): Pad 2 [COL_R_17] of D77 on F.Cu
    @(51.1350 mm, 21.1350 mm): Pad 2 [COL_R_17] of D97 on F.Cu
[unconnected_items]: Missing connection between items
    Local override; error
    @(51.1350 mm, 21.1350 mm): Pad 2 [COL_R_17] of D97 on F.Cu
    @(51.1350 mm, 23.6350 mm): Pad 2 [COL_R_17] of D117 on F.Cu
[unconnected_items]: Missing connection between items
    Local override; error
    @(51.1350 mm, 23.6350 mm): Pad 2 [COL_R_17] of D117 on F.Cu
    @(51.1350 mm, 26.1350 mm): Pad 2 [COL_R_17] of D137 on F.Cu
[unconnected_items]: Missing connection between items
    Local override; error
    @(51.1350 mm, 26.1350 mm): Pad 2 [COL_R_17] of D137 on F.Cu
    @(51.1350 mm, 28.6350 mm): Pad 2 [COL_R_17] of D157 on F.Cu
[unconnected_items]: Missing connection between items
    Local override; error
    @(51.1350 mm, 28.6350 mm): Pad 2 [COL_R_17] of D157 on F.Cu
    @(51.1350 mm, 31.1350 mm): Pad 2 [COL_R_17] of D177 on F.Cu
[unconnected_items]: Missing connection between items
    Local override; error
    @(51.1350 mm, 31.1350 mm): Pad 2 [COL_R_17] of D177 on F.Cu
    @(51.1350 mm, 33.6350 mm): Pad 2 [COL_R_17] of D197 on F.Cu
[unconnected_items]: Missing connection between items
    Local override; error
    @(51.1350 mm, 33.6350 mm): Pad 2 [COL_R_17] of D197 on F.Cu
    @(51.1350 mm, 36.1350 mm): Pad 2 [COL_R_17] of D217 on F.Cu
[unconnected_items]: Missing connection between items
    Local override; error
    @(51.1350 mm, 36.1350 mm): Pad 2 [COL_R_17] of D217 on F.Cu
    @(51.1350 mm, 38.6350 mm): Pad 2 [COL_R_17] of D237 on F.Cu
[unconnected_items]: Missing connection between items
    Local override; error
    @(51.1350 mm, 38.6350 mm): Pad 2 [COL_R_17] of D237 on F.Cu
    @(51.1350 mm, 41.1350 mm): Pad 2 [COL_R_17] of D257 on F.Cu
[unconnected_items]: Missing connection between items
    Local override; error
    @(51.1350 mm, 41.1350 mm): Pad 2 [COL_R_17] of D257 on F.Cu
    @(51.1350 mm, 43.6350 mm): Pad 2 [COL_R_17] of D277 on F.Cu
[unconnected_items]: Missing connection between items
    Local override; error
    @(51.1350 mm, 43.6350 mm): Pad 2 [COL_R_17] of D277 on F.Cu
    @(51.1350 mm, 46.1350 mm): Pad 2 [COL_R_17] of D297 on F.Cu
[unconnected_items]: Missing connection between items
    Local override; error
    @(51.1350 mm, 46.1350 mm): Pad 2 [COL_R_17] of D297 on F.Cu
    @(51.1350 mm, 48.6350 mm): Pad 2 [COL_R_17] of D317 on F.Cu
[unconnected_items]: Missing connection between items
    Local override; error
    @(51.1350 mm, 48.6350 mm): Pad 2 [COL_R_17] of D317 on F.Cu
    @(51.1350 mm, 51.1350 mm): Pad 2 [COL_R_17] of D337 on F.Cu
[unconnected_items]: Missing connection between items
    Local override; error
    @(51.1350 mm, 51.1350 mm): Pad 2 [COL_R_17] of D337 on F.Cu
    @(51.1350 mm, 53.6350 mm): Pad 2 [COL_R_17] of D357 on F.Cu
[unconnected_items]: Missing connection between items
    Local override; error
    @(51.1350 mm, 53.6350 mm): Pad 2 [COL_R_17] of D357 on F.Cu
    @(51.1350 mm, 56.1350 mm): Pad 2 [COL_R_17] of D377 on F.Cu
[unconnected_items]: Missing connection between items
    Local override; error
    @(51.1350 mm, 56.1350 mm): Pad 2 [COL_R_17] of D377 on F.Cu
    @(51.1350 mm, 58.6350 mm): Pad 2 [COL_R_17] of D397 on F.Cu
[unconnected_items]: Missing connection between items
    Local override; error
    @(50.3650 mm, 11.1350 mm): Pad 3 [COL_G_17] of D17 on F.Cu
    @(50.3650 mm, 13.6350 mm): Pad 3 [COL_G_17] of D37 on F.Cu
[unconnected_items]: Missing connection between items
    Local override; error
    @(50.3650 mm, 13.6350 mm): Pad 3 [COL_G_17] of D37 on F.Cu
    @(50.3650 mm, 16.1350 mm): Pad 3 [COL_G_17] of D57 on F.Cu
[unconnected_items]: Missing connection between items
    Local override; error
    @(50.3650 mm, 16.1350 mm): Pad 3 [COL_G_17] of D57 on F.Cu
    @(50.3650 mm, 18.6350 mm): Pad 3 [COL_G_17] of D77 on F.Cu
[unconnected_items]: Missing connection between items
    Local override; error
    @(50.3650 mm, 18.6350 mm): Pad 3 [COL_G_17] of D77 on F.Cu
    @(50.3650 mm, 21.1350 mm): Pad 3 [COL_G_17] of D97 on F.Cu
[unconnected_items]: Missing connection between items
    Local override; error
    @(50.3650 mm, 21.1350 mm): Pad 3 [COL_G_17] of D97 on F.Cu
    @(50.3650 mm, 23.6350 mm): Pad 3 [COL_G_17] of D117 on F.Cu
[unconnected_items]: Missing connection between items
    Local override; error
    @(50.3650 mm, 23.6350 mm): Pad 3 [COL_G_17] of D117 on F.Cu
    @(50.3650 mm, 26.1350 mm): Pad 3 [COL_G_17] of D137 on F.Cu
[unconnected_items]: Missing connection between items
    Local override; error
    @(50.3650 mm, 26.1350 mm): Pad 3 [COL_G_17] of D137 on F.Cu
    @(50.3650 mm, 28.6350 mm): Pad 3 [COL_G_17] of D157 on F.Cu
[unconnected_items]: Missing connection between items
    Local override; error
    @(50.3650 mm, 28.6350 mm): Pad 3 [COL_G_17] of D157 on F.Cu
    @(50.3650 mm, 31.1350 mm): Pad 3 [COL_G_17] of D177 on F.Cu
[unconnected_items]: Missing connection between items
    Local override; error
    @(50.3650 mm, 31.1350 mm): Pad 3 [COL_G_17] of D177 on F.Cu
    @(50.3650 mm, 33.6350 mm): Pad 3 [COL_G_17] of D197 on F.Cu
[unconnected_items]: Missing connection between items
    Local override; error
    @(50.3650 mm, 33.6350 mm): Pad 3 [COL_G_17] of D197 on F.Cu
    @(50.3650 mm, 36.1350 mm): Pad 3 [COL_G_17] of D217 on F.Cu
[unconnected_items]: Missing connection between items
    Local override; error
    @(50.3650 mm, 36.1350 mm): Pad 3 [COL_G_17] of D217 on F.Cu
    @(50.3650 mm, 38.6350 mm): Pad 3 [COL_G_17] of D237 on F.Cu
[unconnected_items]: Missing connection between items
    Local override; error
    @(50.3650 mm, 38.6350 mm): Pad 3 [COL_G_17] of D237 on F.Cu
    @(50.3650 mm, 41.1350 mm): Pad 3 [COL_G_17] of D257 on F.Cu
[unconnected_items]: Missing connection between items
    Local override; error
    @(50.3650 mm, 41.1350 mm): Pad 3 [COL_G_17] of D257 on F.Cu
    @(50.3650 mm, 43.6350 mm): Pad 3 [COL_G_17] of D277 on F.Cu
[unconnected_items]: Missing connection between items
    Local override; error
    @(50.3650 mm, 43.6350 mm): Pad 3 [COL_G_17] of D277 on F.Cu
    @(50.3650 mm, 46.1350 mm): Pad 3 [COL_G_17] of D297 on F.Cu
[unconnected_items]: Missing connection between items
    Local override; error
    @(50.3650 mm, 46.1350 mm): Pad 3 [COL_G_17] of D297 on F.Cu
    @(50.3650 mm, 48.6350 mm): Pad 3 [COL_G_17] of D317 on F.Cu
[unconnected_items]: Missing connection between items
    Local override; error
    @(50.3650 mm, 48.6350 mm): Pad 3 [COL_G_17] of D317 on F.Cu
    @(50.3650 mm, 51.1350 mm): Pad 3 [COL_G_17] of D337 on F.Cu
[unconnected_items]: Missing connection between items
    Local override; error
    @(50.3650 mm, 51.1350 mm): Pad 3 [COL_G_17] of D337 on F.Cu
    @(50.3650 mm, 53.6350 mm): Pad 3 [COL_G_17] of D357 on F.Cu
[unconnected_items]: Missing connection between items
    Local override; error
    @(50.3650 mm, 53.6350 mm): Pad 3 [COL_G_17] of D357 on F.Cu
    @(50.3650 mm, 56.1350 mm): Pad 3 [COL_G_17] of D377 on F.Cu
[unconnected_items]: Missing connection between items
    Local override; error
    @(50.3650 mm, 56.1350 mm): Pad 3 [COL_G_17] of D377 on F.Cu
    @(50.3650 mm, 58.6350 mm): Pad 3 [COL_G_17] of D397 on F.Cu
[unconnected_items]: Missing connection between items
    Local override; error
    @(50.3650 mm, 10.3650 mm): Pad 4 [COL_B_17] of D17 on F.Cu
    @(50.3650 mm, 12.8650 mm): Pad 4 [COL_B_17] of D37 on F.Cu
[unconnected_items]: Missing connection between items
    Local override; error
    @(50.3650 mm, 12.8650 mm): Pad 4 [COL_B_17] of D37 on F.Cu
    @(50.3650 mm, 15.3650 mm): Pad 4 [COL_B_17] of D57 on F.Cu
[unconnected_items]: Missing connection between items
    Local override; error
    @(50.3650 mm, 15.3650 mm): Pad 4 [COL_B_17] of D57 on F.Cu
    @(50.3650 mm, 17.8650 mm): Pad 4 [COL_B_17] of D77 on F.Cu
[unconnected_items]: Missing connection between items
    Local override; error
    @(50.3650 mm, 17.8650 mm): Pad 4 [COL_B_17] of D77 on F.Cu
    @(50.3650 mm, 20.3650 mm): Pad 4 [COL_B_17] of D97 on F.Cu
[unconnected_items]: Missing connection between items
    Local override; error
    @(50.3650 mm, 20.3650 mm): Pad 4 [COL_B_17] of D97 on F.Cu
    @(50.3650 mm, 22.8650 mm): Pad 4 [COL_B_17] of D117 on F.Cu
[unconnected_items]: Missing connection between items
    Local override; error
    @(50.3650 mm, 22.8650 mm): Pad 4 [COL_B_17] of D117 on F.Cu
    @(50.3650 mm, 25.3650 mm): Pad 4 [COL_B_17] of D137 on F.Cu
[unconnected_items]: Missing connection between items
    Local override; error
    @(50.3650 mm, 25.3650 mm): Pad 4 [COL_B_17] of D137 on F.Cu
    @(50.3650 mm, 27.8650 mm): Pad 4 [COL_B_17] of D157 on F.Cu
[unconnected_items]: Missing connection between items
    Local override; error
    @(50.3650 mm, 27.8650 mm): Pad 4 [COL_B_17] of D157 on F.Cu
    @(50.3650 mm, 30.3650 mm): Pad 4 [COL_B_17] of D177 on F.Cu
[unconnected_items]: Missing connection between items
    Local override; error
    @(50.3650 mm, 30.3650 mm): Pad 4 [COL_B_17] of D177 on F.Cu
    @(50.3650 mm, 32.8650 mm): Pad 4 [COL_B_17] of D197 on F.Cu
[unconnected_items]: Missing connection between items
    Local override; error
    @(50.3650 mm, 32.8650 mm): Pad 4 [COL_B_17] of D197 on F.Cu
    @(50.3650 mm, 35.3650 mm): Pad 4 [COL_B_17] of D217 on F.Cu
[unconnected_items]: Missing connection between items
    Local override; error
    @(50.3650 mm, 35.3650 mm): Pad 4 [COL_B_17] of D217 on F.Cu
    @(50.3650 mm, 37.8650 mm): Pad 4 [COL_B_17] of D237 on F.Cu
[unconnected_items]: Missing connection between items
    Local override; error
    @(50.3650 mm, 37.8650 mm): Pad 4 [COL_B_17] of D237 on F.Cu
    @(50.3650 mm, 40.3650 mm): Pad 4 [COL_B_17] of D257 on F.Cu
[unconnected_items]: Missing connection between items
    Local override; error
    @(50.3650 mm, 40.3650 mm): Pad 4 [COL_B_17] of D257 on F.Cu
    @(50.3650 mm, 42.8650 mm): Pad 4 [COL_B_17] of D277 on F.Cu
[unconnected_items]: Missing connection between items
    Local override; error
    @(50.3650 mm, 42.8650 mm): Pad 4 [COL_B_17] of D277 on F.Cu
    @(50.3650 mm, 45.3650 mm): Pad 4 [COL_B_17] of D297 on F.Cu
[unconnected_items]: Missing connection between items
    Local override; error
    @(50.3650 mm, 45.3650 mm): Pad 4 [COL_B_17] of D297 on F.Cu
    @(50.3650 mm, 47.8650 mm): Pad 4 [COL_B_17] of D317 on F.Cu
[unconnected_items]: Missing connection between items
    Local override; error
    @(50.3650 mm, 47.8650 mm): Pad 4 [COL_B_17] of D317 on F.Cu
    @(50.3650 mm, 50.3650 mm): Pad 4 [COL_B_17] of D337 on F.Cu
[unconnected_items]: Missing connection between items
    Local override; error
    @(50.3650 mm, 50.3650 mm): Pad 4 [COL_B_17] of D337 on F.Cu
    @(50.3650 mm, 52.8650 mm): Pad 4 [COL_B_17] of D357 on F.Cu
[unconnected_items]: Missing connection between items
    Local override; error
    @(50.3650 mm, 52.8650 mm): Pad 4 [COL_B_17] of D357 on F.Cu
    @(50.3650 mm, 55.3650 mm): Pad 4 [COL_B_17] of D377 on F.Cu
[unconnected_items]: Missing connection between items
    Local override; error
    @(50.3650 mm, 55.3650 mm): Pad 4 [COL_B_17] of D377 on F.Cu
    @(50.3650 mm, 57.8650 mm): Pad 4 [COL_B_17] of D397 on F.Cu
[unconnected_items]: Missing connection between items
    Local override; error
    @(11.1350 mm, 15.3650 mm): Pad 1 [ROW_03_ANODE] of D41 on F.Cu
    @(13.6350 mm, 15.3650 mm): Pad 1 [ROW_03_ANODE] of D42 on F.Cu
[unconnected_items]: Missing connection between items
    Local override; error
    @(13.6350 mm, 15.3650 mm): Pad 1 [ROW_03_ANODE] of D42 on F.Cu
    @(16.1350 mm, 15.3650 mm): Pad 1 [ROW_03_ANODE] of D43 on F.Cu
[unconnected_items]: Missing connection between items
    Local override; error
    @(16.1350 mm, 15.3650 mm): Pad 1 [ROW_03_ANODE] of D43 on F.Cu
    @(18.6350 mm, 15.3650 mm): Pad 1 [ROW_03_ANODE] of D44 on F.Cu
[unconnected_items]: Missing connection between items
    Local override; error
    @(18.6350 mm, 15.3650 mm): Pad 1 [ROW_03_ANODE] of D44 on F.Cu
    @(21.1350 mm, 15.3650 mm): Pad 1 [ROW_03_ANODE] of D45 on F.Cu
[unconnected_items]: Missing connection between items
    Local override; error
    @(21.1350 mm, 15.3650 mm): Pad 1 [ROW_03_ANODE] of D45 on F.Cu
    @(23.6350 mm, 15.3650 mm): Pad 1 [ROW_03_ANODE] of D46 on F.Cu
[unconnected_items]: Missing connection between items
    Local override; error
    @(23.6350 mm, 15.3650 mm): Pad 1 [ROW_03_ANODE] of D46 on F.Cu
    @(26.1350 mm, 15.3650 mm): Pad 1 [ROW_03_ANODE] of D47 on F.Cu
[unconnected_items]: Missing connection between items
    Local override; error
    @(26.1350 mm, 15.3650 mm): Pad 1 [ROW_03_ANODE] of D47 on F.Cu
    @(28.6350 mm, 15.3650 mm): Pad 1 [ROW_03_ANODE] of D48 on F.Cu
[unconnected_items]: Missing connection between items
    Local override; error
    @(28.6350 mm, 15.3650 mm): Pad 1 [ROW_03_ANODE] of D48 on F.Cu
    @(31.1350 mm, 15.3650 mm): Pad 1 [ROW_03_ANODE] of D49 on F.Cu
[unconnected_items]: Missing connection between items
    Local override; error
    @(31.1350 mm, 15.3650 mm): Pad 1 [ROW_03_ANODE] of D49 on F.Cu
    @(33.6350 mm, 15.3650 mm): Pad 1 [ROW_03_ANODE] of D50 on F.Cu
[unconnected_items]: Missing connection between items
    Local override; error
    @(33.6350 mm, 15.3650 mm): Pad 1 [ROW_03_ANODE] of D50 on F.Cu
    @(36.1350 mm, 15.3650 mm): Pad 1 [ROW_03_ANODE] of D51 on F.Cu
[unconnected_items]: Missing connection between items
    Local override; error
    @(36.1350 mm, 15.3650 mm): Pad 1 [ROW_03_ANODE] of D51 on F.Cu
    @(38.6350 mm, 15.3650 mm): Pad 1 [ROW_03_ANODE] of D52 on F.Cu
[unconnected_items]: Missing connection between items
    Local override; error
    @(38.6350 mm, 15.3650 mm): Pad 1 [ROW_03_ANODE] of D52 on F.Cu
    @(41.1350 mm, 15.3650 mm): Pad 1 [ROW_03_ANODE] of D53 on F.Cu
[unconnected_items]: Missing connection between items
    Local override; error
    @(41.1350 mm, 15.3650 mm): Pad 1 [ROW_03_ANODE] of D53 on F.Cu
    @(43.6350 mm, 15.3650 mm): Pad 1 [ROW_03_ANODE] of D54 on F.Cu
[unconnected_items]: Missing connection between items
    Local override; error
    @(43.6350 mm, 15.3650 mm): Pad 1 [ROW_03_ANODE] of D54 on F.Cu
    @(46.1350 mm, 15.3650 mm): Pad 1 [ROW_03_ANODE] of D55 on F.Cu
[unconnected_items]: Missing connection between items
    Local override; error
    @(46.1350 mm, 15.3650 mm): Pad 1 [ROW_03_ANODE] of D55 on F.Cu
    @(48.6350 mm, 15.3650 mm): Pad 1 [ROW_03_ANODE] of D56 on F.Cu
[unconnected_items]: Missing connection between items
    Local override; error
    @(48.6350 mm, 15.3650 mm): Pad 1 [ROW_03_ANODE] of D56 on F.Cu
    @(51.1350 mm, 15.3650 mm): Pad 1 [ROW_03_ANODE] of D57 on F.Cu
[unconnected_items]: Missing connection between items
    Local override; error
    @(51.1350 mm, 15.3650 mm): Pad 1 [ROW_03_ANODE] of D57 on F.Cu
    @(53.6350 mm, 15.3650 mm): Pad 1 [ROW_03_ANODE] of D58 on F.Cu
[unconnected_items]: Missing connection between items
    Local override; error
    @(53.6350 mm, 15.3650 mm): Pad 1 [ROW_03_ANODE] of D58 on F.Cu
    @(56.1350 mm, 15.3650 mm): Pad 1 [ROW_03_ANODE] of D59 on F.Cu
[unconnected_items]: Missing connection between items
    Local override; error
    @(56.1350 mm, 15.3650 mm): Pad 1 [ROW_03_ANODE] of D59 on F.Cu
    @(58.6350 mm, 15.3650 mm): Pad 1 [ROW_03_ANODE] of D60 on F.Cu
[unconnected_items]: Missing connection between items
    Local override; error
    @(33.6350 mm, 11.1350 mm): Pad 2 [COL_R_10] of D10 on F.Cu
    @(33.6350 mm, 13.6350 mm): Pad 2 [COL_R_10] of D30 on F.Cu
[unconnected_items]: Missing connection between items
    Local override; error
    @(33.6350 mm, 13.6350 mm): Pad 2 [COL_R_10] of D30 on F.Cu
    @(33.6350 mm, 16.1350 mm): Pad 2 [COL_R_10] of D50 on F.Cu
[unconnected_items]: Missing connection between items
    Local override; error
    @(33.6350 mm, 16.1350 mm): Pad 2 [COL_R_10] of D50 on F.Cu
    @(33.6350 mm, 18.6350 mm): Pad 2 [COL_R_10] of D70 on F.Cu
[unconnected_items]: Missing connection between items
    Local override; error
    @(33.6350 mm, 18.6350 mm): Pad 2 [COL_R_10] of D70 on F.Cu
    @(33.6350 mm, 21.1350 mm): Pad 2 [COL_R_10] of D90 on F.Cu
[unconnected_items]: Missing connection between items
    Local override; error
    @(33.6350 mm, 21.1350 mm): Pad 2 [COL_R_10] of D90 on F.Cu
    @(33.6350 mm, 23.6350 mm): Pad 2 [COL_R_10] of D110 on F.Cu
[unconnected_items]: Missing connection between items
    Local override; error
    @(33.6350 mm, 23.6350 mm): Pad 2 [COL_R_10] of D110 on F.Cu
    @(33.6350 mm, 26.1350 mm): Pad 2 [COL_R_10] of D130 on F.Cu
[unconnected_items]: Missing connection between items
    Local override; error
    @(33.6350 mm, 26.1350 mm): Pad 2 [COL_R_10] of D130 on F.Cu
    @(33.6350 mm, 28.6350 mm): Pad 2 [COL_R_10] of D150 on F.Cu
[unconnected_items]: Missing connection between items
    Local override; error
    @(33.6350 mm, 28.6350 mm): Pad 2 [COL_R_10] of D150 on F.Cu
    @(33.6350 mm, 31.1350 mm): Pad 2 [COL_R_10] of D170 on F.Cu
[unconnected_items]: Missing connection between items
    Local override; error
    @(33.6350 mm, 31.1350 mm): Pad 2 [COL_R_10] of D170 on F.Cu
    @(33.6350 mm, 33.6350 mm): Pad 2 [COL_R_10] of D190 on F.Cu
[unconnected_items]: Missing connection between items
    Local override; error
    @(33.6350 mm, 33.6350 mm): Pad 2 [COL_R_10] of D190 on F.Cu
    @(33.6350 mm, 36.1350 mm): Pad 2 [COL_R_10] of D210 on F.Cu
[unconnected_items]: Missing connection between items
    Local override; error
    @(33.6350 mm, 36.1350 mm): Pad 2 [COL_R_10] of D210 on F.Cu
    @(33.6350 mm, 38.6350 mm): Pad 2 [COL_R_10] of D230 on F.Cu
[unconnected_items]: Missing connection between items
    Local override; error
    @(33.6350 mm, 38.6350 mm): Pad 2 [COL_R_10] of D230 on F.Cu
    @(33.6350 mm, 41.1350 mm): Pad 2 [COL_R_10] of D250 on F.Cu
[unconnected_items]: Missing connection between items
    Local override; error
    @(33.6350 mm, 41.1350 mm): Pad 2 [COL_R_10] of D250 on F.Cu
    @(33.6350 mm, 43.6350 mm): Pad 2 [COL_R_10] of D270 on F.Cu
[unconnected_items]: Missing connection between items
    Local override; error
    @(33.6350 mm, 43.6350 mm): Pad 2 [COL_R_10] of D270 on F.Cu
    @(33.6350 mm, 46.1350 mm): Pad 2 [COL_R_10] of D290 on F.Cu
[unconnected_items]: Missing connection between items
    Local override; error
    @(33.6350 mm, 46.1350 mm): Pad 2 [COL_R_10] of D290 on F.Cu
    @(33.6350 mm, 48.6350 mm): Pad 2 [COL_R_10] of D310 on F.Cu
[unconnected_items]: Missing connection between items
    Local override; error
    @(33.6350 mm, 48.6350 mm): Pad 2 [COL_R_10] of D310 on F.Cu
    @(33.6350 mm, 51.1350 mm): Pad 2 [COL_R_10] of D330 on F.Cu
[unconnected_items]: Missing connection between items
    Local override; error
    @(33.6350 mm, 51.1350 mm): Pad 2 [COL_R_10] of D330 on F.Cu
    @(33.6350 mm, 53.6350 mm): Pad 2 [COL_R_10] of D350 on F.Cu
[unconnected_items]: Missing connection between items
    Local override; error
    @(33.6350 mm, 53.6350 mm): Pad 2 [COL_R_10] of D350 on F.Cu
    @(33.6350 mm, 56.1350 mm): Pad 2 [COL_R_10] of D370 on F.Cu
[unconnected_items]: Missing connection between items
    Local override; error
    @(33.6350 mm, 56.1350 mm): Pad 2 [COL_R_10] of D370 on F.Cu
    @(33.6350 mm, 58.6350 mm): Pad 2 [COL_R_10] of D390 on F.Cu
[unconnected_items]: Missing connection between items
    Local override; error
    @(32.8650 mm, 11.1350 mm): Pad 3 [COL_G_10] of D10 on F.Cu
    @(32.8650 mm, 13.6350 mm): Pad 3 [COL_G_10] of D30 on F.Cu
[unconnected_items]: Missing connection between items
    Local override; error
    @(32.8650 mm, 13.6350 mm): Pad 3 [COL_G_10] of D30 on F.Cu
    @(32.8650 mm, 16.1350 mm): Pad 3 [COL_G_10] of D50 on F.Cu
[unconnected_items]: Missing connection between items
    Local override; error
    @(32.8650 mm, 16.1350 mm): Pad 3 [COL_G_10] of D50 on F.Cu
    @(32.8650 mm, 18.6350 mm): Pad 3 [COL_G_10] of D70 on F.Cu
[unconnected_items]: Missing connection between items
    Local override; error
    @(32.8650 mm, 18.6350 mm): Pad 3 [COL_G_10] of D70 on F.Cu
    @(32.8650 mm, 21.1350 mm): Pad 3 [COL_G_10] of D90 on F.Cu
[unconnected_items]: Missing connection between items
    Local override; error
    @(32.8650 mm, 21.1350 mm): Pad 3 [COL_G_10] of D90 on F.Cu
    @(32.8650 mm, 23.6350 mm): Pad 3 [COL_G_10] of D110 on F.Cu
[unconnected_items]: Missing connection between items
    Local override; error
    @(32.8650 mm, 23.6350 mm): Pad 3 [COL_G_10] of D110 on F.Cu
    @(32.8650 mm, 26.1350 mm): Pad 3 [COL_G_10] of D130 on F.Cu
[unconnected_items]: Missing connection between items
    Local override; error
    @(32.8650 mm, 26.1350 mm): Pad 3 [COL_G_10] of D130 on F.Cu
    @(32.8650 mm, 28.6350 mm): Pad 3 [COL_G_10] of D150 on F.Cu
[unconnected_items]: Missing connection between items
    Local override; error
    @(32.8650 mm, 28.6350 mm): Pad 3 [COL_G_10] of D150 on F.Cu
    @(32.8650 mm, 31.1350 mm): Pad 3 [COL_G_10] of D170 on F.Cu
[unconnected_items]: Missing connection between items
    Local override; error
    @(32.8650 mm, 31.1350 mm): Pad 3 [COL_G_10] of D170 on F.Cu
    @(32.8650 mm, 33.6350 mm): Pad 3 [COL_G_10] of D190 on F.Cu
[unconnected_items]: Missing connection between items
    Local override; error
    @(32.8650 mm, 33.6350 mm): Pad 3 [COL_G_10] of D190 on F.Cu
    @(32.8650 mm, 36.1350 mm): Pad 3 [COL_G_10] of D210 on F.Cu
[unconnected_items]: Missing connection between items
    Local override; error
    @(32.8650 mm, 36.1350 mm): Pad 3 [COL_G_10] of D210 on F.Cu
    @(32.8650 mm, 38.6350 mm): Pad 3 [COL_G_10] of D230 on F.Cu
[unconnected_items]: Missing connection between items
    Local override; error
    @(32.8650 mm, 38.6350 mm): Pad 3 [COL_G_10] of D230 on F.Cu
    @(32.8650 mm, 41.1350 mm): Pad 3 [COL_G_10] of D250 on F.Cu
[unconnected_items]: Missing connection between items
    Local override; error
    @(32.8650 mm, 41.1350 mm): Pad 3 [COL_G_10] of D250 on F.Cu
    @(32.8650 mm, 43.6350 mm): Pad 3 [COL_G_10] of D270 on F.Cu
[unconnected_items]: Missing connection between items
    Local override; error
    @(32.8650 mm, 43.6350 mm): Pad 3 [COL_G_10] of D270 on F.Cu
    @(32.8650 mm, 46.1350 mm): Pad 3 [COL_G_10] of D290 on F.Cu
[unconnected_items]: Missing connection between items
    Local override; error
    @(32.8650 mm, 46.1350 mm): Pad 3 [COL_G_10] of D290 on F.Cu
    @(32.8650 mm, 48.6350 mm): Pad 3 [COL_G_10] of D310 on F.Cu
[unconnected_items]: Missing connection between items
    Local override; error
    @(32.8650 mm, 48.6350 mm): Pad 3 [COL_G_10] of D310 on F.Cu
    @(32.8650 mm, 51.1350 mm): Pad 3 [COL_G_10] of D330 on F.Cu
[unconnected_items]: Missing connection between items
    Local override; error
    @(32.8650 mm, 51.1350 mm): Pad 3 [COL_G_10] of D330 on F.Cu
    @(32.8650 mm, 53.6350 mm): Pad 3 [COL_G_10] of D350 on F.Cu
[unconnected_items]: Missing connection between items
    Local override; error
    @(32.8650 mm, 53.6350 mm): Pad 3 [COL_G_10] of D350 on F.Cu
    @(32.8650 mm, 56.1350 mm): Pad 3 [COL_G_10] of D370 on F.Cu
[unconnected_items]: Missing connection between items
    Local override; error
    @(32.8650 mm, 56.1350 mm): Pad 3 [COL_G_10] of D370 on F.Cu
    @(32.8650 mm, 58.6350 mm): Pad 3 [COL_G_10] of D390 on F.Cu
[unconnected_items]: Missing connection between items
    Local override; error
    @(32.8650 mm, 10.3650 mm): Pad 4 [COL_B_10] of D10 on F.Cu
    @(32.8650 mm, 12.8650 mm): Pad 4 [COL_B_10] of D30 on F.Cu
[unconnected_items]: Missing connection between items
    Local override; error
    @(32.8650 mm, 12.8650 mm): Pad 4 [COL_B_10] of D30 on F.Cu
    @(32.8650 mm, 15.3650 mm): Pad 4 [COL_B_10] of D50 on F.Cu
[unconnected_items]: Missing connection between items
    Local override; error
    @(32.8650 mm, 15.3650 mm): Pad 4 [COL_B_10] of D50 on F.Cu
    @(32.8650 mm, 17.8650 mm): Pad 4 [COL_B_10] of D70 on F.Cu
[unconnected_items]: Missing connection between items
    Local override; error
    @(32.8650 mm, 17.8650 mm): Pad 4 [COL_B_10] of D70 on F.Cu
    @(32.8650 mm, 20.3650 mm): Pad 4 [COL_B_10] of D90 on F.Cu
[unconnected_items]: Missing connection between items
    Local override; error
    @(32.8650 mm, 20.3650 mm): Pad 4 [COL_B_10] of D90 on F.Cu
    @(32.8650 mm, 22.8650 mm): Pad 4 [COL_B_10] of D110 on F.Cu
[unconnected_items]: Missing connection between items
    Local override; error
    @(32.8650 mm, 22.8650 mm): Pad 4 [COL_B_10] of D110 on F.Cu
    @(32.8650 mm, 25.3650 mm): Pad 4 [COL_B_10] of D130 on F.Cu
[unconnected_items]: Missing connection between items
    Local override; error
    @(32.8650 mm, 25.3650 mm): Pad 4 [COL_B_10] of D130 on F.Cu
    @(32.8650 mm, 27.8650 mm): Pad 4 [COL_B_10] of D150 on F.Cu
[unconnected_items]: Missing connection between items
    Local override; error
    @(32.8650 mm, 27.8650 mm): Pad 4 [COL_B_10] of D150 on F.Cu
    @(32.8650 mm, 30.3650 mm): Pad 4 [COL_B_10] of D170 on F.Cu
[unconnected_items]: Missing connection between items
    Local override; error
    @(32.8650 mm, 30.3650 mm): Pad 4 [COL_B_10] of D170 on F.Cu
    @(32.8650 mm, 32.8650 mm): Pad 4 [COL_B_10] of D190 on F.Cu
[unconnected_items]: Missing connection between items
    Local override; error
    @(32.8650 mm, 32.8650 mm): Pad 4 [COL_B_10] of D190 on F.Cu
    @(32.8650 mm, 35.3650 mm): Pad 4 [COL_B_10] of D210 on F.Cu
[unconnected_items]: Missing connection between items
    Local override; error
    @(32.8650 mm, 35.3650 mm): Pad 4 [COL_B_10] of D210 on F.Cu
    @(32.8650 mm, 37.8650 mm): Pad 4 [COL_B_10] of D230 on F.Cu
[unconnected_items]: Missing connection between items
    Local override; error
    @(32.8650 mm, 37.8650 mm): Pad 4 [COL_B_10] of D230 on F.Cu
    @(32.8650 mm, 40.3650 mm): Pad 4 [COL_B_10] of D250 on F.Cu
[unconnected_items]: Missing connection between items
    Local override; error
    @(32.8650 mm, 40.3650 mm): Pad 4 [COL_B_10] of D250 on F.Cu
    @(32.8650 mm, 42.8650 mm): Pad 4 [COL_B_10] of D270 on F.Cu
[unconnected_items]: Missing connection between items
    Local override; error
    @(32.8650 mm, 42.8650 mm): Pad 4 [COL_B_10] of D270 on F.Cu
    @(32.8650 mm, 45.3650 mm): Pad 4 [COL_B_10] of D290 on F.Cu
[unconnected_items]: Missing connection between items
    Local override; error
    @(32.8650 mm, 45.3650 mm): Pad 4 [COL_B_10] of D290 on F.Cu
    @(32.8650 mm, 47.8650 mm): Pad 4 [COL_B_10] of D310 on F.Cu
[unconnected_items]: Missing connection between items
    Local override; error
    @(32.8650 mm, 47.8650 mm): Pad 4 [COL_B_10] of D310 on F.Cu
    @(32.8650 mm, 50.3650 mm): Pad 4 [COL_B_10] of D330 on F.Cu
[unconnected_items]: Missing connection between items
    Local override; error
    @(32.8650 mm, 50.3650 mm): Pad 4 [COL_B_10] of D330 on F.Cu
    @(32.8650 mm, 52.8650 mm): Pad 4 [COL_B_10] of D350 on F.Cu
[unconnected_items]: Missing connection between items
    Local override; error
    @(32.8650 mm, 52.8650 mm): Pad 4 [COL_B_10] of D350 on F.Cu
    @(32.8650 mm, 55.3650 mm): Pad 4 [COL_B_10] of D370 on F.Cu
[unconnected_items]: Missing connection between items
    Local override; error
    @(32.8650 mm, 55.3650 mm): Pad 4 [COL_B_10] of D370 on F.Cu
    @(32.8650 mm, 57.8650 mm): Pad 4 [COL_B_10] of D390 on F.Cu
[unconnected_items]: Missing connection between items
    Local override; error
    @(11.1350 mm, 20.3650 mm): Pad 1 [ROW_05_ANODE] of D81 on F.Cu
    @(13.6350 mm, 20.3650 mm): Pad 1 [ROW_05_ANODE] of D82 on F.Cu
[unconnected_items]: Missing connection between items
    Local override; error
    @(13.6350 mm, 20.3650 mm): Pad 1 [ROW_05_ANODE] of D82 on F.Cu
    @(16.1350 mm, 20.3650 mm): Pad 1 [ROW_05_ANODE] of D83 on F.Cu
[unconnected_items]: Missing connection between items
    Local override; error
    @(16.1350 mm, 20.3650 mm): Pad 1 [ROW_05_ANODE] of D83 on F.Cu
    @(18.6350 mm, 20.3650 mm): Pad 1 [ROW_05_ANODE] of D84 on F.Cu
[unconnected_items]: Missing connection between items
    Local override; error
    @(18.6350 mm, 20.3650 mm): Pad 1 [ROW_05_ANODE] of D84 on F.Cu
    @(21.1350 mm, 20.3650 mm): Pad 1 [ROW_05_ANODE] of D85 on F.Cu
[unconnected_items]: Missing connection between items
    Local override; error
    @(21.1350 mm, 20.3650 mm): Pad 1 [ROW_05_ANODE] of D85 on F.Cu
    @(23.6350 mm, 20.3650 mm): Pad 1 [ROW_05_ANODE] of D86 on F.Cu
[unconnected_items]: Missing connection between items
    Local override; error
    @(23.6350 mm, 20.3650 mm): Pad 1 [ROW_05_ANODE] of D86 on F.Cu
    @(26.1350 mm, 20.3650 mm): Pad 1 [ROW_05_ANODE] of D87 on F.Cu
[unconnected_items]: Missing connection between items
    Local override; error
    @(26.1350 mm, 20.3650 mm): Pad 1 [ROW_05_ANODE] of D87 on F.Cu
    @(28.6350 mm, 20.3650 mm): Pad 1 [ROW_05_ANODE] of D88 on F.Cu
[unconnected_items]: Missing connection between items
    Local override; error
    @(28.6350 mm, 20.3650 mm): Pad 1 [ROW_05_ANODE] of D88 on F.Cu
    @(31.1350 mm, 20.3650 mm): Pad 1 [ROW_05_ANODE] of D89 on F.Cu
[unconnected_items]: Missing connection between items
    Local override; error
    @(31.1350 mm, 20.3650 mm): Pad 1 [ROW_05_ANODE] of D89 on F.Cu
    @(33.6350 mm, 20.3650 mm): Pad 1 [ROW_05_ANODE] of D90 on F.Cu
[unconnected_items]: Missing connection between items
    Local override; error
    @(33.6350 mm, 20.3650 mm): Pad 1 [ROW_05_ANODE] of D90 on F.Cu
    @(36.1350 mm, 20.3650 mm): Pad 1 [ROW_05_ANODE] of D91 on F.Cu
[unconnected_items]: Missing connection between items
    Local override; error
    @(36.1350 mm, 20.3650 mm): Pad 1 [ROW_05_ANODE] of D91 on F.Cu
    @(38.6350 mm, 20.3650 mm): Pad 1 [ROW_05_ANODE] of D92 on F.Cu
[unconnected_items]: Missing connection between items
    Local override; error
    @(38.6350 mm, 20.3650 mm): Pad 1 [ROW_05_ANODE] of D92 on F.Cu
    @(41.1350 mm, 20.3650 mm): Pad 1 [ROW_05_ANODE] of D93 on F.Cu
[unconnected_items]: Missing connection between items
    Local override; error
    @(41.1350 mm, 20.3650 mm): Pad 1 [ROW_05_ANODE] of D93 on F.Cu
    @(43.6350 mm, 20.3650 mm): Pad 1 [ROW_05_ANODE] of D94 on F.Cu
[unconnected_items]: Missing connection between items
    Local override; error
    @(43.6350 mm, 20.3650 mm): Pad 1 [ROW_05_ANODE] of D94 on F.Cu
    @(46.1350 mm, 20.3650 mm): Pad 1 [ROW_05_ANODE] of D95 on F.Cu
[unconnected_items]: Missing connection between items
    Local override; error
    @(46.1350 mm, 20.3650 mm): Pad 1 [ROW_05_ANODE] of D95 on F.Cu
    @(48.6350 mm, 20.3650 mm): Pad 1 [ROW_05_ANODE] of D96 on F.Cu
[unconnected_items]: Missing connection between items
    Local override; error
    @(48.6350 mm, 20.3650 mm): Pad 1 [ROW_05_ANODE] of D96 on F.Cu
    @(51.1350 mm, 20.3650 mm): Pad 1 [ROW_05_ANODE] of D97 on F.Cu
[unconnected_items]: Missing connection between items
    Local override; error
    @(51.1350 mm, 20.3650 mm): Pad 1 [ROW_05_ANODE] of D97 on F.Cu
    @(53.6350 mm, 20.3650 mm): Pad 1 [ROW_05_ANODE] of D98 on F.Cu
[unconnected_items]: Missing connection between items
    Local override; error
    @(53.6350 mm, 20.3650 mm): Pad 1 [ROW_05_ANODE] of D98 on F.Cu
    @(56.1350 mm, 20.3650 mm): Pad 1 [ROW_05_ANODE] of D99 on F.Cu
[unconnected_items]: Missing connection between items
    Local override; error
    @(56.1350 mm, 20.3650 mm): Pad 1 [ROW_05_ANODE] of D99 on F.Cu
    @(58.6350 mm, 20.3650 mm): Pad 1 [ROW_05_ANODE] of D100 on F.Cu
[unconnected_items]: Missing connection between items
    Local override; error
    @(31.1350 mm, 11.1350 mm): Pad 2 [COL_R_09] of D9 on F.Cu
    @(31.1350 mm, 13.6350 mm): Pad 2 [COL_R_09] of D29 on F.Cu
[unconnected_items]: Missing connection between items
    Local override; error
    @(31.1350 mm, 13.6350 mm): Pad 2 [COL_R_09] of D29 on F.Cu
    @(31.1350 mm, 16.1350 mm): Pad 2 [COL_R_09] of D49 on F.Cu
[unconnected_items]: Missing connection between items
    Local override; error
    @(31.1350 mm, 16.1350 mm): Pad 2 [COL_R_09] of D49 on F.Cu
    @(31.1350 mm, 18.6350 mm): Pad 2 [COL_R_09] of D69 on F.Cu
[unconnected_items]: Missing connection between items
    Local override; error
    @(31.1350 mm, 18.6350 mm): Pad 2 [COL_R_09] of D69 on F.Cu
    @(31.1350 mm, 21.1350 mm): Pad 2 [COL_R_09] of D89 on F.Cu
[unconnected_items]: Missing connection between items
    Local override; error
    @(31.1350 mm, 21.1350 mm): Pad 2 [COL_R_09] of D89 on F.Cu
    @(31.1350 mm, 23.6350 mm): Pad 2 [COL_R_09] of D109 on F.Cu
[unconnected_items]: Missing connection between items
    Local override; error
    @(31.1350 mm, 23.6350 mm): Pad 2 [COL_R_09] of D109 on F.Cu
    @(31.1350 mm, 26.1350 mm): Pad 2 [COL_R_09] of D129 on F.Cu
[unconnected_items]: Missing connection between items
    Local override; error
    @(31.1350 mm, 26.1350 mm): Pad 2 [COL_R_09] of D129 on F.Cu
    @(31.1350 mm, 28.6350 mm): Pad 2 [COL_R_09] of D149 on F.Cu
[unconnected_items]: Missing connection between items
    Local override; error
    @(31.1350 mm, 28.6350 mm): Pad 2 [COL_R_09] of D149 on F.Cu
    @(31.1350 mm, 31.1350 mm): Pad 2 [COL_R_09] of D169 on F.Cu
[unconnected_items]: Missing connection between items
    Local override; error
    @(31.1350 mm, 31.1350 mm): Pad 2 [COL_R_09] of D169 on F.Cu
    @(31.1350 mm, 33.6350 mm): Pad 2 [COL_R_09] of D189 on F.Cu
[unconnected_items]: Missing connection between items
    Local override; error
    @(31.1350 mm, 33.6350 mm): Pad 2 [COL_R_09] of D189 on F.Cu
    @(31.1350 mm, 36.1350 mm): Pad 2 [COL_R_09] of D209 on F.Cu
[unconnected_items]: Missing connection between items
    Local override; error
    @(31.1350 mm, 36.1350 mm): Pad 2 [COL_R_09] of D209 on F.Cu
    @(31.1350 mm, 38.6350 mm): Pad 2 [COL_R_09] of D229 on F.Cu
[unconnected_items]: Missing connection between items
    Local override; error
    @(31.1350 mm, 38.6350 mm): Pad 2 [COL_R_09] of D229 on F.Cu
    @(31.1350 mm, 41.1350 mm): Pad 2 [COL_R_09] of D249 on F.Cu
[unconnected_items]: Missing connection between items
    Local override; error
    @(31.1350 mm, 41.1350 mm): Pad 2 [COL_R_09] of D249 on F.Cu
    @(31.1350 mm, 43.6350 mm): Pad 2 [COL_R_09] of D269 on F.Cu
[unconnected_items]: Missing connection between items
    Local override; error
    @(31.1350 mm, 43.6350 mm): Pad 2 [COL_R_09] of D269 on F.Cu
    @(31.1350 mm, 46.1350 mm): Pad 2 [COL_R_09] of D289 on F.Cu
[unconnected_items]: Missing connection between items
    Local override; error
    @(31.1350 mm, 46.1350 mm): Pad 2 [COL_R_09] of D289 on F.Cu
    @(31.1350 mm, 48.6350 mm): Pad 2 [COL_R_09] of D309 on F.Cu
[unconnected_items]: Missing connection between items
    Local override; error
    @(31.1350 mm, 48.6350 mm): Pad 2 [COL_R_09] of D309 on F.Cu
    @(31.1350 mm, 51.1350 mm): Pad 2 [COL_R_09] of D329 on F.Cu
[unconnected_items]: Missing connection between items
    Local override; error
    @(31.1350 mm, 51.1350 mm): Pad 2 [COL_R_09] of D329 on F.Cu
    @(31.1350 mm, 53.6350 mm): Pad 2 [COL_R_09] of D349 on F.Cu
[unconnected_items]: Missing connection between items
    Local override; error
    @(31.1350 mm, 53.6350 mm): Pad 2 [COL_R_09] of D349 on F.Cu
    @(31.1350 mm, 56.1350 mm): Pad 2 [COL_R_09] of D369 on F.Cu
[unconnected_items]: Missing connection between items
    Local override; error
    @(31.1350 mm, 56.1350 mm): Pad 2 [COL_R_09] of D369 on F.Cu
    @(31.1350 mm, 58.6350 mm): Pad 2 [COL_R_09] of D389 on F.Cu
[unconnected_items]: Missing connection between items
    Local override; error
    @(30.3650 mm, 11.1350 mm): Pad 3 [COL_G_09] of D9 on F.Cu
    @(30.3650 mm, 13.6350 mm): Pad 3 [COL_G_09] of D29 on F.Cu
[unconnected_items]: Missing connection between items
    Local override; error
    @(30.3650 mm, 13.6350 mm): Pad 3 [COL_G_09] of D29 on F.Cu
    @(30.3650 mm, 16.1350 mm): Pad 3 [COL_G_09] of D49 on F.Cu
[unconnected_items]: Missing connection between items
    Local override; error
    @(30.3650 mm, 16.1350 mm): Pad 3 [COL_G_09] of D49 on F.Cu
    @(30.3650 mm, 18.6350 mm): Pad 3 [COL_G_09] of D69 on F.Cu
[unconnected_items]: Missing connection between items
    Local override; error
    @(30.3650 mm, 18.6350 mm): Pad 3 [COL_G_09] of D69 on F.Cu
    @(30.3650 mm, 21.1350 mm): Pad 3 [COL_G_09] of D89 on F.Cu
[unconnected_items]: Missing connection between items
    Local override; error
    @(30.3650 mm, 21.1350 mm): Pad 3 [COL_G_09] of D89 on F.Cu
    @(30.3650 mm, 23.6350 mm): Pad 3 [COL_G_09] of D109 on F.Cu
[unconnected_items]: Missing connection between items
    Local override; error
    @(30.3650 mm, 23.6350 mm): Pad 3 [COL_G_09] of D109 on F.Cu
    @(30.3650 mm, 26.1350 mm): Pad 3 [COL_G_09] of D129 on F.Cu
[unconnected_items]: Missing connection between items
    Local override; error
    @(30.3650 mm, 26.1350 mm): Pad 3 [COL_G_09] of D129 on F.Cu
    @(30.3650 mm, 28.6350 mm): Pad 3 [COL_G_09] of D149 on F.Cu
[unconnected_items]: Missing connection between items
    Local override; error
    @(30.3650 mm, 28.6350 mm): Pad 3 [COL_G_09] of D149 on F.Cu
    @(30.3650 mm, 31.1350 mm): Pad 3 [COL_G_09] of D169 on F.Cu
[unconnected_items]: Missing connection between items
    Local override; error
    @(30.3650 mm, 31.1350 mm): Pad 3 [COL_G_09] of D169 on F.Cu
    @(30.3650 mm, 33.6350 mm): Pad 3 [COL_G_09] of D189 on F.Cu
[unconnected_items]: Missing connection between items
    Local override; error
    @(30.3650 mm, 33.6350 mm): Pad 3 [COL_G_09] of D189 on F.Cu
    @(30.3650 mm, 36.1350 mm): Pad 3 [COL_G_09] of D209 on F.Cu
[unconnected_items]: Missing connection between items
    Local override; error
    @(30.3650 mm, 36.1350 mm): Pad 3 [COL_G_09] of D209 on F.Cu
    @(30.3650 mm, 38.6350 mm): Pad 3 [COL_G_09] of D229 on F.Cu
[unconnected_items]: Missing connection between items
    Local override; error
    @(30.3650 mm, 38.6350 mm): Pad 3 [COL_G_09] of D229 on F.Cu
    @(30.3650 mm, 41.1350 mm): Pad 3 [COL_G_09] of D249 on F.Cu
[unconnected_items]: Missing connection between items
    Local override; error
    @(30.3650 mm, 41.1350 mm): Pad 3 [COL_G_09] of D249 on F.Cu
    @(30.3650 mm, 43.6350 mm): Pad 3 [COL_G_09] of D269 on F.Cu
[unconnected_items]: Missing connection between items
    Local override; error
    @(30.3650 mm, 43.6350 mm): Pad 3 [COL_G_09] of D269 on F.Cu
    @(30.3650 mm, 46.1350 mm): Pad 3 [COL_G_09] of D289 on F.Cu
[unconnected_items]: Missing connection between items
    Local override; error
    @(30.3650 mm, 46.1350 mm): Pad 3 [COL_G_09] of D289 on F.Cu
    @(30.3650 mm, 48.6350 mm): Pad 3 [COL_G_09] of D309 on F.Cu
[unconnected_items]: Missing connection between items
    Local override; error
    @(30.3650 mm, 48.6350 mm): Pad 3 [COL_G_09] of D309 on F.Cu
    @(30.3650 mm, 51.1350 mm): Pad 3 [COL_G_09] of D329 on F.Cu
[unconnected_items]: Missing connection between items
    Local override; error
    @(30.3650 mm, 51.1350 mm): Pad 3 [COL_G_09] of D329 on F.Cu
    @(30.3650 mm, 53.6350 mm): Pad 3 [COL_G_09] of D349 on F.Cu
[unconnected_items]: Missing connection between items
    Local override; error
    @(30.3650 mm, 53.6350 mm): Pad 3 [COL_G_09] of D349 on F.Cu
    @(30.3650 mm, 56.1350 mm): Pad 3 [COL_G_09] of D369 on F.Cu
[unconnected_items]: Missing connection between items
    Local override; error
    @(30.3650 mm, 56.1350 mm): Pad 3 [COL_G_09] of D369 on F.Cu
    @(30.3650 mm, 58.6350 mm): Pad 3 [COL_G_09] of D389 on F.Cu
[unconnected_items]: Missing connection between items
    Local override; error
    @(30.3650 mm, 10.3650 mm): Pad 4 [COL_B_09] of D9 on F.Cu
    @(30.3650 mm, 12.8650 mm): Pad 4 [COL_B_09] of D29 on F.Cu
[unconnected_items]: Missing connection between items
    Local override; error
    @(30.3650 mm, 12.8650 mm): Pad 4 [COL_B_09] of D29 on F.Cu
    @(30.3650 mm, 15.3650 mm): Pad 4 [COL_B_09] of D49 on F.Cu
[unconnected_items]: Missing connection between items
    Local override; error
    @(30.3650 mm, 15.3650 mm): Pad 4 [COL_B_09] of D49 on F.Cu
    @(30.3650 mm, 17.8650 mm): Pad 4 [COL_B_09] of D69 on F.Cu
[unconnected_items]: Missing connection between items
    Local override; error
    @(30.3650 mm, 17.8650 mm): Pad 4 [COL_B_09] of D69 on F.Cu
    @(30.3650 mm, 20.3650 mm): Pad 4 [COL_B_09] of D89 on F.Cu
[unconnected_items]: Missing connection between items
    Local override; error
    @(30.3650 mm, 20.3650 mm): Pad 4 [COL_B_09] of D89 on F.Cu
    @(30.3650 mm, 22.8650 mm): Pad 4 [COL_B_09] of D109 on F.Cu
[unconnected_items]: Missing connection between items
    Local override; error
    @(30.3650 mm, 22.8650 mm): Pad 4 [COL_B_09] of D109 on F.Cu
    @(30.3650 mm, 25.3650 mm): Pad 4 [COL_B_09] of D129 on F.Cu
[unconnected_items]: Missing connection between items
    Local override; error
    @(30.3650 mm, 25.3650 mm): Pad 4 [COL_B_09] of D129 on F.Cu
    @(30.3650 mm, 27.8650 mm): Pad 4 [COL_B_09] of D149 on F.Cu
[unconnected_items]: Missing connection between items
    Local override; error
    @(30.3650 mm, 27.8650 mm): Pad 4 [COL_B_09] of D149 on F.Cu
    @(30.3650 mm, 30.3650 mm): Pad 4 [COL_B_09] of D169 on F.Cu
[unconnected_items]: Missing connection between items
    Local override; error
    @(30.3650 mm, 30.3650 mm): Pad 4 [COL_B_09] of D169 on F.Cu
    @(30.3650 mm, 32.8650 mm): Pad 4 [COL_B_09] of D189 on F.Cu
[unconnected_items]: Missing connection between items
    Local override; error
    @(30.3650 mm, 32.8650 mm): Pad 4 [COL_B_09] of D189 on F.Cu
    @(30.3650 mm, 35.3650 mm): Pad 4 [COL_B_09] of D209 on F.Cu
[unconnected_items]: Missing connection between items
    Local override; error
    @(30.3650 mm, 35.3650 mm): Pad 4 [COL_B_09] of D209 on F.Cu
    @(30.3650 mm, 37.8650 mm): Pad 4 [COL_B_09] of D229 on F.Cu
[unconnected_items]: Missing connection between items
    Local override; error
    @(30.3650 mm, 37.8650 mm): Pad 4 [COL_B_09] of D229 on F.Cu
    @(30.3650 mm, 40.3650 mm): Pad 4 [COL_B_09] of D249 on F.Cu
[unconnected_items]: Missing connection between items
    Local override; error
    @(30.3650 mm, 40.3650 mm): Pad 4 [COL_B_09] of D249 on F.Cu
    @(30.3650 mm, 42.8650 mm): Pad 4 [COL_B_09] of D269 on F.Cu
[unconnected_items]: Missing connection between items
    Local override; error
    @(30.3650 mm, 42.8650 mm): Pad 4 [COL_B_09] of D269 on F.Cu
    @(30.3650 mm, 45.3650 mm): Pad 4 [COL_B_09] of D289 on F.Cu
[unconnected_items]: Missing connection between items
    Local override; error
    @(30.3650 mm, 45.3650 mm): Pad 4 [COL_B_09] of D289 on F.Cu
    @(30.3650 mm, 47.8650 mm): Pad 4 [COL_B_09] of D309 on F.Cu
[unconnected_items]: Missing connection between items
    Local override; error
    @(30.3650 mm, 47.8650 mm): Pad 4 [COL_B_09] of D309 on F.Cu
    @(30.3650 mm, 50.3650 mm): Pad 4 [COL_B_09] of D329 on F.Cu
[unconnected_items]: Missing connection between items
    Local override; error
    @(30.3650 mm, 50.3650 mm): Pad 4 [COL_B_09] of D329 on F.Cu
    @(30.3650 mm, 52.8650 mm): Pad 4 [COL_B_09] of D349 on F.Cu
[unconnected_items]: Missing connection between items
    Local override; error
    @(30.3650 mm, 52.8650 mm): Pad 4 [COL_B_09] of D349 on F.Cu
    @(30.3650 mm, 55.3650 mm): Pad 4 [COL_B_09] of D369 on F.Cu
[unconnected_items]: Missing connection between items
    Local override; error
    @(30.3650 mm, 55.3650 mm): Pad 4 [COL_B_09] of D369 on F.Cu
    @(30.3650 mm, 57.8650 mm): Pad 4 [COL_B_09] of D389 on F.Cu
[unconnected_items]: Missing connection between items
    Local override; error
    @(11.1350 mm, 32.8650 mm): Pad 1 [ROW_10_ANODE] of D181 on F.Cu
    @(13.6350 mm, 32.8650 mm): Pad 1 [ROW_10_ANODE] of D182 on F.Cu
[unconnected_items]: Missing connection between items
    Local override; error
    @(13.6350 mm, 32.8650 mm): Pad 1 [ROW_10_ANODE] of D182 on F.Cu
    @(16.1350 mm, 32.8650 mm): Pad 1 [ROW_10_ANODE] of D183 on F.Cu
[unconnected_items]: Missing connection between items
    Local override; error
    @(16.1350 mm, 32.8650 mm): Pad 1 [ROW_10_ANODE] of D183 on F.Cu
    @(18.6350 mm, 32.8650 mm): Pad 1 [ROW_10_ANODE] of D184 on F.Cu
[unconnected_items]: Missing connection between items
    Local override; error
    @(18.6350 mm, 32.8650 mm): Pad 1 [ROW_10_ANODE] of D184 on F.Cu
    @(21.1350 mm, 32.8650 mm): Pad 1 [ROW_10_ANODE] of D185 on F.Cu
[unconnected_items]: Missing connection between items
    Local override; error
    @(21.1350 mm, 32.8650 mm): Pad 1 [ROW_10_ANODE] of D185 on F.Cu
    @(23.6350 mm, 32.8650 mm): Pad 1 [ROW_10_ANODE] of D186 on F.Cu
[unconnected_items]: Missing connection between items
    Local override; error
    @(23.6350 mm, 32.8650 mm): Pad 1 [ROW_10_ANODE] of D186 on F.Cu
    @(26.1350 mm, 32.8650 mm): Pad 1 [ROW_10_ANODE] of D187 on F.Cu
[unconnected_items]: Missing connection between items
    Local override; error
    @(26.1350 mm, 32.8650 mm): Pad 1 [ROW_10_ANODE] of D187 on F.Cu
    @(28.6350 mm, 32.8650 mm): Pad 1 [ROW_10_ANODE] of D188 on F.Cu
[unconnected_items]: Missing connection between items
    Local override; error
    @(28.6350 mm, 32.8650 mm): Pad 1 [ROW_10_ANODE] of D188 on F.Cu
    @(31.1350 mm, 32.8650 mm): Pad 1 [ROW_10_ANODE] of D189 on F.Cu
[unconnected_items]: Missing connection between items
    Local override; error
    @(31.1350 mm, 32.8650 mm): Pad 1 [ROW_10_ANODE] of D189 on F.Cu
    @(33.6350 mm, 32.8650 mm): Pad 1 [ROW_10_ANODE] of D190 on F.Cu
[unconnected_items]: Missing connection between items
    Local override; error
    @(33.6350 mm, 32.8650 mm): Pad 1 [ROW_10_ANODE] of D190 on F.Cu
    @(36.1350 mm, 32.8650 mm): Pad 1 [ROW_10_ANODE] of D191 on F.Cu
[unconnected_items]: Missing connection between items
    Local override; error
    @(36.1350 mm, 32.8650 mm): Pad 1 [ROW_10_ANODE] of D191 on F.Cu
    @(38.6350 mm, 32.8650 mm): Pad 1 [ROW_10_ANODE] of D192 on F.Cu
[unconnected_items]: Missing connection between items
    Local override; error
    @(38.6350 mm, 32.8650 mm): Pad 1 [ROW_10_ANODE] of D192 on F.Cu
    @(41.1350 mm, 32.8650 mm): Pad 1 [ROW_10_ANODE] of D193 on F.Cu
[unconnected_items]: Missing connection between items
    Local override; error
    @(41.1350 mm, 32.8650 mm): Pad 1 [ROW_10_ANODE] of D193 on F.Cu
    @(43.6350 mm, 32.8650 mm): Pad 1 [ROW_10_ANODE] of D194 on F.Cu
[unconnected_items]: Missing connection between items
    Local override; error
    @(43.6350 mm, 32.8650 mm): Pad 1 [ROW_10_ANODE] of D194 on F.Cu
    @(46.1350 mm, 32.8650 mm): Pad 1 [ROW_10_ANODE] of D195 on F.Cu
[unconnected_items]: Missing connection between items
    Local override; error
    @(46.1350 mm, 32.8650 mm): Pad 1 [ROW_10_ANODE] of D195 on F.Cu
    @(48.6350 mm, 32.8650 mm): Pad 1 [ROW_10_ANODE] of D196 on F.Cu
[unconnected_items]: Missing connection between items
    Local override; error
    @(48.6350 mm, 32.8650 mm): Pad 1 [ROW_10_ANODE] of D196 on F.Cu
    @(51.1350 mm, 32.8650 mm): Pad 1 [ROW_10_ANODE] of D197 on F.Cu
[unconnected_items]: Missing connection between items
    Local override; error
    @(51.1350 mm, 32.8650 mm): Pad 1 [ROW_10_ANODE] of D197 on F.Cu
    @(53.6350 mm, 32.8650 mm): Pad 1 [ROW_10_ANODE] of D198 on F.Cu
[unconnected_items]: Missing connection between items
    Local override; error
    @(53.6350 mm, 32.8650 mm): Pad 1 [ROW_10_ANODE] of D198 on F.Cu
    @(56.1350 mm, 32.8650 mm): Pad 1 [ROW_10_ANODE] of D199 on F.Cu
[unconnected_items]: Missing connection between items
    Local override; error
    @(56.1350 mm, 32.8650 mm): Pad 1 [ROW_10_ANODE] of D199 on F.Cu
    @(58.6350 mm, 32.8650 mm): Pad 1 [ROW_10_ANODE] of D200 on F.Cu
[unconnected_items]: Missing connection between items
    Local override; error
    @(46.1350 mm, 11.1350 mm): Pad 2 [COL_R_15] of D15 on F.Cu
    @(46.1350 mm, 13.6350 mm): Pad 2 [COL_R_15] of D35 on F.Cu
[unconnected_items]: Missing connection between items
    Local override; error
    @(46.1350 mm, 13.6350 mm): Pad 2 [COL_R_15] of D35 on F.Cu
    @(46.1350 mm, 16.1350 mm): Pad 2 [COL_R_15] of D55 on F.Cu
[unconnected_items]: Missing connection between items
    Local override; error
    @(46.1350 mm, 16.1350 mm): Pad 2 [COL_R_15] of D55 on F.Cu
    @(46.1350 mm, 18.6350 mm): Pad 2 [COL_R_15] of D75 on F.Cu
[unconnected_items]: Missing connection between items
    Local override; error
    @(46.1350 mm, 18.6350 mm): Pad 2 [COL_R_15] of D75 on F.Cu
    @(46.1350 mm, 21.1350 mm): Pad 2 [COL_R_15] of D95 on F.Cu
[unconnected_items]: Missing connection between items
    Local override; error
    @(46.1350 mm, 21.1350 mm): Pad 2 [COL_R_15] of D95 on F.Cu
    @(46.1350 mm, 23.6350 mm): Pad 2 [COL_R_15] of D115 on F.Cu
[unconnected_items]: Missing connection between items
    Local override; error
    @(46.1350 mm, 23.6350 mm): Pad 2 [COL_R_15] of D115 on F.Cu
    @(46.1350 mm, 26.1350 mm): Pad 2 [COL_R_15] of D135 on F.Cu
[unconnected_items]: Missing connection between items
    Local override; error
    @(46.1350 mm, 26.1350 mm): Pad 2 [COL_R_15] of D135 on F.Cu
    @(46.1350 mm, 28.6350 mm): Pad 2 [COL_R_15] of D155 on F.Cu
[unconnected_items]: Missing connection between items
    Local override; error
    @(46.1350 mm, 28.6350 mm): Pad 2 [COL_R_15] of D155 on F.Cu
    @(46.1350 mm, 31.1350 mm): Pad 2 [COL_R_15] of D175 on F.Cu
[unconnected_items]: Missing connection between items
    Local override; error
    @(46.1350 mm, 31.1350 mm): Pad 2 [COL_R_15] of D175 on F.Cu
    @(46.1350 mm, 33.6350 mm): Pad 2 [COL_R_15] of D195 on F.Cu
[unconnected_items]: Missing connection between items
    Local override; error
    @(46.1350 mm, 33.6350 mm): Pad 2 [COL_R_15] of D195 on F.Cu
    @(46.1350 mm, 36.1350 mm): Pad 2 [COL_R_15] of D215 on F.Cu
[unconnected_items]: Missing connection between items
    Local override; error
    @(46.1350 mm, 36.1350 mm): Pad 2 [COL_R_15] of D215 on F.Cu
    @(46.1350 mm, 38.6350 mm): Pad 2 [COL_R_15] of D235 on F.Cu
[unconnected_items]: Missing connection between items
    Local override; error
    @(46.1350 mm, 38.6350 mm): Pad 2 [COL_R_15] of D235 on F.Cu
    @(46.1350 mm, 41.1350 mm): Pad 2 [COL_R_15] of D255 on F.Cu
[unconnected_items]: Missing connection between items
    Local override; error
    @(46.1350 mm, 41.1350 mm): Pad 2 [COL_R_15] of D255 on F.Cu
    @(46.1350 mm, 43.6350 mm): Pad 2 [COL_R_15] of D275 on F.Cu
[unconnected_items]: Missing connection between items
    Local override; error
    @(46.1350 mm, 43.6350 mm): Pad 2 [COL_R_15] of D275 on F.Cu
    @(46.1350 mm, 46.1350 mm): Pad 2 [COL_R_15] of D295 on F.Cu
[unconnected_items]: Missing connection between items
    Local override; error
    @(46.1350 mm, 46.1350 mm): Pad 2 [COL_R_15] of D295 on F.Cu
    @(46.1350 mm, 48.6350 mm): Pad 2 [COL_R_15] of D315 on F.Cu
[unconnected_items]: Missing connection between items
    Local override; error
    @(46.1350 mm, 48.6350 mm): Pad 2 [COL_R_15] of D315 on F.Cu
    @(46.1350 mm, 51.1350 mm): Pad 2 [COL_R_15] of D335 on F.Cu
[unconnected_items]: Missing connection between items
    Local override; error
    @(46.1350 mm, 51.1350 mm): Pad 2 [COL_R_15] of D335 on F.Cu
    @(46.1350 mm, 53.6350 mm): Pad 2 [COL_R_15] of D355 on F.Cu
[unconnected_items]: Missing connection between items
    Local override; error
    @(46.1350 mm, 53.6350 mm): Pad 2 [COL_R_15] of D355 on F.Cu
    @(46.1350 mm, 56.1350 mm): Pad 2 [COL_R_15] of D375 on F.Cu
[unconnected_items]: Missing connection between items
    Local override; error
    @(46.1350 mm, 56.1350 mm): Pad 2 [COL_R_15] of D375 on F.Cu
    @(46.1350 mm, 58.6350 mm): Pad 2 [COL_R_15] of D395 on F.Cu
[unconnected_items]: Missing connection between items
    Local override; error
    @(45.3650 mm, 11.1350 mm): Pad 3 [COL_G_15] of D15 on F.Cu
    @(45.3650 mm, 13.6350 mm): Pad 3 [COL_G_15] of D35 on F.Cu
[unconnected_items]: Missing connection between items
    Local override; error
    @(45.3650 mm, 13.6350 mm): Pad 3 [COL_G_15] of D35 on F.Cu
    @(45.3650 mm, 16.1350 mm): Pad 3 [COL_G_15] of D55 on F.Cu
[unconnected_items]: Missing connection between items
    Local override; error
    @(45.3650 mm, 16.1350 mm): Pad 3 [COL_G_15] of D55 on F.Cu
    @(45.3650 mm, 18.6350 mm): Pad 3 [COL_G_15] of D75 on F.Cu
[unconnected_items]: Missing connection between items
    Local override; error
    @(45.3650 mm, 18.6350 mm): Pad 3 [COL_G_15] of D75 on F.Cu
    @(45.3650 mm, 21.1350 mm): Pad 3 [COL_G_15] of D95 on F.Cu
[unconnected_items]: Missing connection between items
    Local override; error
    @(45.3650 mm, 21.1350 mm): Pad 3 [COL_G_15] of D95 on F.Cu
    @(45.3650 mm, 23.6350 mm): Pad 3 [COL_G_15] of D115 on F.Cu
[unconnected_items]: Missing connection between items
    Local override; error
    @(45.3650 mm, 23.6350 mm): Pad 3 [COL_G_15] of D115 on F.Cu
    @(45.3650 mm, 26.1350 mm): Pad 3 [COL_G_15] of D135 on F.Cu
[unconnected_items]: Missing connection between items
    Local override; error
    @(45.3650 mm, 26.1350 mm): Pad 3 [COL_G_15] of D135 on F.Cu
    @(45.3650 mm, 28.6350 mm): Pad 3 [COL_G_15] of D155 on F.Cu
[unconnected_items]: Missing connection between items
    Local override; error
    @(45.3650 mm, 28.6350 mm): Pad 3 [COL_G_15] of D155 on F.Cu
    @(45.3650 mm, 31.1350 mm): Pad 3 [COL_G_15] of D175 on F.Cu
[unconnected_items]: Missing connection between items
    Local override; error
    @(45.3650 mm, 31.1350 mm): Pad 3 [COL_G_15] of D175 on F.Cu
    @(45.3650 mm, 33.6350 mm): Pad 3 [COL_G_15] of D195 on F.Cu
[unconnected_items]: Missing connection between items
    Local override; error
    @(45.3650 mm, 33.6350 mm): Pad 3 [COL_G_15] of D195 on F.Cu
    @(45.3650 mm, 36.1350 mm): Pad 3 [COL_G_15] of D215 on F.Cu
[unconnected_items]: Missing connection between items
    Local override; error
    @(45.3650 mm, 36.1350 mm): Pad 3 [COL_G_15] of D215 on F.Cu
    @(45.3650 mm, 38.6350 mm): Pad 3 [COL_G_15] of D235 on F.Cu
[unconnected_items]: Missing connection between items
    Local override; error
    @(45.3650 mm, 38.6350 mm): Pad 3 [COL_G_15] of D235 on F.Cu
    @(45.3650 mm, 41.1350 mm): Pad 3 [COL_G_15] of D255 on F.Cu
[unconnected_items]: Missing connection between items
    Local override; error
    @(45.3650 mm, 41.1350 mm): Pad 3 [COL_G_15] of D255 on F.Cu
    @(45.3650 mm, 43.6350 mm): Pad 3 [COL_G_15] of D275 on F.Cu
[unconnected_items]: Missing connection between items
    Local override; error
    @(45.3650 mm, 43.6350 mm): Pad 3 [COL_G_15] of D275 on F.Cu
    @(45.3650 mm, 46.1350 mm): Pad 3 [COL_G_15] of D295 on F.Cu
[unconnected_items]: Missing connection between items
    Local override; error
    @(45.3650 mm, 46.1350 mm): Pad 3 [COL_G_15] of D295 on F.Cu
    @(45.3650 mm, 48.6350 mm): Pad 3 [COL_G_15] of D315 on F.Cu
[unconnected_items]: Missing connection between items
    Local override; error
    @(45.3650 mm, 48.6350 mm): Pad 3 [COL_G_15] of D315 on F.Cu
    @(45.3650 mm, 51.1350 mm): Pad 3 [COL_G_15] of D335 on F.Cu
[unconnected_items]: Missing connection between items
    Local override; error
    @(45.3650 mm, 51.1350 mm): Pad 3 [COL_G_15] of D335 on F.Cu
    @(45.3650 mm, 53.6350 mm): Pad 3 [COL_G_15] of D355 on F.Cu
[unconnected_items]: Missing connection between items
    Local override; error
    @(45.3650 mm, 53.6350 mm): Pad 3 [COL_G_15] of D355 on F.Cu
    @(45.3650 mm, 56.1350 mm): Pad 3 [COL_G_15] of D375 on F.Cu
[unconnected_items]: Missing connection between items
    Local override; error
    @(45.3650 mm, 56.1350 mm): Pad 3 [COL_G_15] of D375 on F.Cu
    @(45.3650 mm, 58.6350 mm): Pad 3 [COL_G_15] of D395 on F.Cu
[unconnected_items]: Missing connection between items
    Local override; error
    @(45.3650 mm, 10.3650 mm): Pad 4 [COL_B_15] of D15 on F.Cu
    @(45.3650 mm, 12.8650 mm): Pad 4 [COL_B_15] of D35 on F.Cu
[unconnected_items]: Missing connection between items
    Local override; error
    @(45.3650 mm, 12.8650 mm): Pad 4 [COL_B_15] of D35 on F.Cu
    @(45.3650 mm, 15.3650 mm): Pad 4 [COL_B_15] of D55 on F.Cu
[unconnected_items]: Missing connection between items
    Local override; error
    @(45.3650 mm, 15.3650 mm): Pad 4 [COL_B_15] of D55 on F.Cu
    @(45.3650 mm, 17.8650 mm): Pad 4 [COL_B_15] of D75 on F.Cu
[unconnected_items]: Missing connection between items
    Local override; error
    @(45.3650 mm, 17.8650 mm): Pad 4 [COL_B_15] of D75 on F.Cu
    @(45.3650 mm, 20.3650 mm): Pad 4 [COL_B_15] of D95 on F.Cu
[unconnected_items]: Missing connection between items
    Local override; error
    @(45.3650 mm, 20.3650 mm): Pad 4 [COL_B_15] of D95 on F.Cu
    @(45.3650 mm, 22.8650 mm): Pad 4 [COL_B_15] of D115 on F.Cu
[unconnected_items]: Missing connection between items
    Local override; error
    @(45.3650 mm, 22.8650 mm): Pad 4 [COL_B_15] of D115 on F.Cu
    @(45.3650 mm, 25.3650 mm): Pad 4 [COL_B_15] of D135 on F.Cu
[unconnected_items]: Missing connection between items
    Local override; error
    @(45.3650 mm, 25.3650 mm): Pad 4 [COL_B_15] of D135 on F.Cu
    @(45.3650 mm, 27.8650 mm): Pad 4 [COL_B_15] of D155 on F.Cu
[unconnected_items]: Missing connection between items
    Local override; error
    @(45.3650 mm, 27.8650 mm): Pad 4 [COL_B_15] of D155 on F.Cu
    @(45.3650 mm, 30.3650 mm): Pad 4 [COL_B_15] of D175 on F.Cu
[unconnected_items]: Missing connection between items
    Local override; error
    @(45.3650 mm, 30.3650 mm): Pad 4 [COL_B_15] of D175 on F.Cu
    @(45.3650 mm, 32.8650 mm): Pad 4 [COL_B_15] of D195 on F.Cu
[unconnected_items]: Missing connection between items
    Local override; error
    @(45.3650 mm, 32.8650 mm): Pad 4 [COL_B_15] of D195 on F.Cu
    @(45.3650 mm, 35.3650 mm): Pad 4 [COL_B_15] of D215 on F.Cu
[unconnected_items]: Missing connection between items
    Local override; error
    @(45.3650 mm, 35.3650 mm): Pad 4 [COL_B_15] of D215 on F.Cu
    @(45.3650 mm, 37.8650 mm): Pad 4 [COL_B_15] of D235 on F.Cu
[unconnected_items]: Missing connection between items
    Local override; error
    @(45.3650 mm, 37.8650 mm): Pad 4 [COL_B_15] of D235 on F.Cu
    @(45.3650 mm, 40.3650 mm): Pad 4 [COL_B_15] of D255 on F.Cu
[unconnected_items]: Missing connection between items
    Local override; error
    @(45.3650 mm, 40.3650 mm): Pad 4 [COL_B_15] of D255 on F.Cu
    @(45.3650 mm, 42.8650 mm): Pad 4 [COL_B_15] of D275 on F.Cu
[unconnected_items]: Missing connection between items
    Local override; error
    @(45.3650 mm, 42.8650 mm): Pad 4 [COL_B_15] of D275 on F.Cu
    @(45.3650 mm, 45.3650 mm): Pad 4 [COL_B_15] of D295 on F.Cu
[unconnected_items]: Missing connection between items
    Local override; error
    @(45.3650 mm, 45.3650 mm): Pad 4 [COL_B_15] of D295 on F.Cu
    @(45.3650 mm, 47.8650 mm): Pad 4 [COL_B_15] of D315 on F.Cu
[unconnected_items]: Missing connection between items
    Local override; error
    @(45.3650 mm, 47.8650 mm): Pad 4 [COL_B_15] of D315 on F.Cu
    @(45.3650 mm, 50.3650 mm): Pad 4 [COL_B_15] of D335 on F.Cu
[unconnected_items]: Missing connection between items
    Local override; error
    @(45.3650 mm, 50.3650 mm): Pad 4 [COL_B_15] of D335 on F.Cu
    @(45.3650 mm, 52.8650 mm): Pad 4 [COL_B_15] of D355 on F.Cu
[unconnected_items]: Missing connection between items
    Local override; error
    @(45.3650 mm, 52.8650 mm): Pad 4 [COL_B_15] of D355 on F.Cu
    @(45.3650 mm, 55.3650 mm): Pad 4 [COL_B_15] of D375 on F.Cu
[unconnected_items]: Missing connection between items
    Local override; error
    @(45.3650 mm, 55.3650 mm): Pad 4 [COL_B_15] of D375 on F.Cu
    @(45.3650 mm, 57.8650 mm): Pad 4 [COL_B_15] of D395 on F.Cu
[unconnected_items]: Missing connection between items
    Local override; error
    @(23.6350 mm, 11.1350 mm): Pad 2 [COL_R_06] of D6 on F.Cu
    @(23.6350 mm, 13.6350 mm): Pad 2 [COL_R_06] of D26 on F.Cu
[unconnected_items]: Missing connection between items
    Local override; error
    @(23.6350 mm, 13.6350 mm): Pad 2 [COL_R_06] of D26 on F.Cu
    @(23.6350 mm, 16.1350 mm): Pad 2 [COL_R_06] of D46 on F.Cu
[unconnected_items]: Missing connection between items
    Local override; error
    @(23.6350 mm, 16.1350 mm): Pad 2 [COL_R_06] of D46 on F.Cu
    @(23.6350 mm, 18.6350 mm): Pad 2 [COL_R_06] of D66 on F.Cu
[unconnected_items]: Missing connection between items
    Local override; error
    @(23.6350 mm, 18.6350 mm): Pad 2 [COL_R_06] of D66 on F.Cu
    @(23.6350 mm, 21.1350 mm): Pad 2 [COL_R_06] of D86 on F.Cu
[unconnected_items]: Missing connection between items
    Local override; error
    @(23.6350 mm, 21.1350 mm): Pad 2 [COL_R_06] of D86 on F.Cu
    @(23.6350 mm, 23.6350 mm): Pad 2 [COL_R_06] of D106 on F.Cu
[unconnected_items]: Missing connection between items
    Local override; error
    @(23.6350 mm, 23.6350 mm): Pad 2 [COL_R_06] of D106 on F.Cu
    @(23.6350 mm, 26.1350 mm): Pad 2 [COL_R_06] of D126 on F.Cu
[unconnected_items]: Missing connection between items
    Local override; error
    @(23.6350 mm, 26.1350 mm): Pad 2 [COL_R_06] of D126 on F.Cu
    @(23.6350 mm, 28.6350 mm): Pad 2 [COL_R_06] of D146 on F.Cu
[unconnected_items]: Missing connection between items
    Local override; error
    @(23.6350 mm, 28.6350 mm): Pad 2 [COL_R_06] of D146 on F.Cu
    @(23.6350 mm, 31.1350 mm): Pad 2 [COL_R_06] of D166 on F.Cu
[unconnected_items]: Missing connection between items
    Local override; error
    @(23.6350 mm, 31.1350 mm): Pad 2 [COL_R_06] of D166 on F.Cu
    @(23.6350 mm, 33.6350 mm): Pad 2 [COL_R_06] of D186 on F.Cu
[unconnected_items]: Missing connection between items
    Local override; error
    @(23.6350 mm, 33.6350 mm): Pad 2 [COL_R_06] of D186 on F.Cu
    @(23.6350 mm, 36.1350 mm): Pad 2 [COL_R_06] of D206 on F.Cu
[unconnected_items]: Missing connection between items
    Local override; error
    @(23.6350 mm, 36.1350 mm): Pad 2 [COL_R_06] of D206 on F.Cu
    @(23.6350 mm, 38.6350 mm): Pad 2 [COL_R_06] of D226 on F.Cu
[unconnected_items]: Missing connection between items
    Local override; error
    @(23.6350 mm, 38.6350 mm): Pad 2 [COL_R_06] of D226 on F.Cu
    @(23.6350 mm, 41.1350 mm): Pad 2 [COL_R_06] of D246 on F.Cu
[unconnected_items]: Missing connection between items
    Local override; error
    @(23.6350 mm, 41.1350 mm): Pad 2 [COL_R_06] of D246 on F.Cu
    @(23.6350 mm, 43.6350 mm): Pad 2 [COL_R_06] of D266 on F.Cu
[unconnected_items]: Missing connection between items
    Local override; error
    @(23.6350 mm, 43.6350 mm): Pad 2 [COL_R_06] of D266 on F.Cu
    @(23.6350 mm, 46.1350 mm): Pad 2 [COL_R_06] of D286 on F.Cu
[unconnected_items]: Missing connection between items
    Local override; error
    @(23.6350 mm, 46.1350 mm): Pad 2 [COL_R_06] of D286 on F.Cu
    @(23.6350 mm, 48.6350 mm): Pad 2 [COL_R_06] of D306 on F.Cu
[unconnected_items]: Missing connection between items
    Local override; error
    @(23.6350 mm, 48.6350 mm): Pad 2 [COL_R_06] of D306 on F.Cu
    @(23.6350 mm, 51.1350 mm): Pad 2 [COL_R_06] of D326 on F.Cu
[unconnected_items]: Missing connection between items
    Local override; error
    @(23.6350 mm, 51.1350 mm): Pad 2 [COL_R_06] of D326 on F.Cu
    @(23.6350 mm, 53.6350 mm): Pad 2 [COL_R_06] of D346 on F.Cu
[unconnected_items]: Missing connection between items
    Local override; error
    @(23.6350 mm, 53.6350 mm): Pad 2 [COL_R_06] of D346 on F.Cu
    @(23.6350 mm, 56.1350 mm): Pad 2 [COL_R_06] of D366 on F.Cu
[unconnected_items]: Missing connection between items
    Local override; error
    @(23.6350 mm, 56.1350 mm): Pad 2 [COL_R_06] of D366 on F.Cu
    @(23.6350 mm, 58.6350 mm): Pad 2 [COL_R_06] of D386 on F.Cu
[unconnected_items]: Missing connection between items
    Local override; error
    @(22.8650 mm, 11.1350 mm): Pad 3 [COL_G_06] of D6 on F.Cu
    @(22.8650 mm, 13.6350 mm): Pad 3 [COL_G_06] of D26 on F.Cu
[unconnected_items]: Missing connection between items
    Local override; error
    @(22.8650 mm, 13.6350 mm): Pad 3 [COL_G_06] of D26 on F.Cu
    @(22.8650 mm, 16.1350 mm): Pad 3 [COL_G_06] of D46 on F.Cu
[unconnected_items]: Missing connection between items
    Local override; error
    @(22.8650 mm, 16.1350 mm): Pad 3 [COL_G_06] of D46 on F.Cu
    @(22.8650 mm, 18.6350 mm): Pad 3 [COL_G_06] of D66 on F.Cu
[unconnected_items]: Missing connection between items
    Local override; error
    @(22.8650 mm, 18.6350 mm): Pad 3 [COL_G_06] of D66 on F.Cu
    @(22.8650 mm, 21.1350 mm): Pad 3 [COL_G_06] of D86 on F.Cu
[unconnected_items]: Missing connection between items
    Local override; error
    @(22.8650 mm, 21.1350 mm): Pad 3 [COL_G_06] of D86 on F.Cu
    @(22.8650 mm, 23.6350 mm): Pad 3 [COL_G_06] of D106 on F.Cu
[unconnected_items]: Missing connection between items
    Local override; error
    @(22.8650 mm, 23.6350 mm): Pad 3 [COL_G_06] of D106 on F.Cu
    @(22.8650 mm, 26.1350 mm): Pad 3 [COL_G_06] of D126 on F.Cu
[unconnected_items]: Missing connection between items
    Local override; error
    @(22.8650 mm, 26.1350 mm): Pad 3 [COL_G_06] of D126 on F.Cu
    @(22.8650 mm, 28.6350 mm): Pad 3 [COL_G_06] of D146 on F.Cu
[unconnected_items]: Missing connection between items
    Local override; error
    @(22.8650 mm, 28.6350 mm): Pad 3 [COL_G_06] of D146 on F.Cu
    @(22.8650 mm, 31.1350 mm): Pad 3 [COL_G_06] of D166 on F.Cu
[unconnected_items]: Missing connection between items
    Local override; error
    @(22.8650 mm, 31.1350 mm): Pad 3 [COL_G_06] of D166 on F.Cu
    @(22.8650 mm, 33.6350 mm): Pad 3 [COL_G_06] of D186 on F.Cu
[unconnected_items]: Missing connection between items
    Local override; error
    @(22.8650 mm, 33.6350 mm): Pad 3 [COL_G_06] of D186 on F.Cu
    @(22.8650 mm, 36.1350 mm): Pad 3 [COL_G_06] of D206 on F.Cu
[unconnected_items]: Missing connection between items
    Local override; error
    @(22.8650 mm, 36.1350 mm): Pad 3 [COL_G_06] of D206 on F.Cu
    @(22.8650 mm, 38.6350 mm): Pad 3 [COL_G_06] of D226 on F.Cu
[unconnected_items]: Missing connection between items
    Local override; error
    @(22.8650 mm, 38.6350 mm): Pad 3 [COL_G_06] of D226 on F.Cu
    @(22.8650 mm, 41.1350 mm): Pad 3 [COL_G_06] of D246 on F.Cu
[unconnected_items]: Missing connection between items
    Local override; error
    @(22.8650 mm, 41.1350 mm): Pad 3 [COL_G_06] of D246 on F.Cu
    @(22.8650 mm, 43.6350 mm): Pad 3 [COL_G_06] of D266 on F.Cu
[unconnected_items]: Missing connection between items
    Local override; error
    @(22.8650 mm, 43.6350 mm): Pad 3 [COL_G_06] of D266 on F.Cu
    @(22.8650 mm, 46.1350 mm): Pad 3 [COL_G_06] of D286 on F.Cu
[unconnected_items]: Missing connection between items
    Local override; error
    @(22.8650 mm, 46.1350 mm): Pad 3 [COL_G_06] of D286 on F.Cu
    @(22.8650 mm, 48.6350 mm): Pad 3 [COL_G_06] of D306 on F.Cu
[unconnected_items]: Missing connection between items
    Local override; error
    @(22.8650 mm, 48.6350 mm): Pad 3 [COL_G_06] of D306 on F.Cu
    @(22.8650 mm, 51.1350 mm): Pad 3 [COL_G_06] of D326 on F.Cu
[unconnected_items]: Missing connection between items
    Local override; error
    @(22.8650 mm, 51.1350 mm): Pad 3 [COL_G_06] of D326 on F.Cu
    @(22.8650 mm, 53.6350 mm): Pad 3 [COL_G_06] of D346 on F.Cu
[unconnected_items]: Missing connection between items
    Local override; error
    @(22.8650 mm, 53.6350 mm): Pad 3 [COL_G_06] of D346 on F.Cu
    @(22.8650 mm, 56.1350 mm): Pad 3 [COL_G_06] of D366 on F.Cu
[unconnected_items]: Missing connection between items
    Local override; error
    @(22.8650 mm, 56.1350 mm): Pad 3 [COL_G_06] of D366 on F.Cu
    @(22.8650 mm, 58.6350 mm): Pad 3 [COL_G_06] of D386 on F.Cu
[unconnected_items]: Missing connection between items
    Local override; error
    @(22.8650 mm, 10.3650 mm): Pad 4 [COL_B_06] of D6 on F.Cu
    @(22.8650 mm, 12.8650 mm): Pad 4 [COL_B_06] of D26 on F.Cu
[unconnected_items]: Missing connection between items
    Local override; error
    @(22.8650 mm, 12.8650 mm): Pad 4 [COL_B_06] of D26 on F.Cu
    @(22.8650 mm, 15.3650 mm): Pad 4 [COL_B_06] of D46 on F.Cu
[unconnected_items]: Missing connection between items
    Local override; error
    @(22.8650 mm, 15.3650 mm): Pad 4 [COL_B_06] of D46 on F.Cu
    @(22.8650 mm, 17.8650 mm): Pad 4 [COL_B_06] of D66 on F.Cu
[unconnected_items]: Missing connection between items
    Local override; error
    @(22.8650 mm, 17.8650 mm): Pad 4 [COL_B_06] of D66 on F.Cu
    @(22.8650 mm, 20.3650 mm): Pad 4 [COL_B_06] of D86 on F.Cu
[unconnected_items]: Missing connection between items
    Local override; error
    @(22.8650 mm, 20.3650 mm): Pad 4 [COL_B_06] of D86 on F.Cu
    @(22.8650 mm, 22.8650 mm): Pad 4 [COL_B_06] of D106 on F.Cu

** Found 0 Footprint errors **

** Ignored checks **
    - Footprint has no courtyard defined
    - Track endpoint not centered on via
    - Tuning profile track geometries
    - Footprint doesn't match symbol's footprint filters
    - Footprint component type doesn't match footprint pads

** End of Report **
