** Drc report for wearable_28x28_edge_routing_probe.kicad_pcb **
** Created on 2026-10-08T04:40:27 **
** Report includes: Errors, Warnings **

** Found 0 DRC violations **

** Found 499 unconnected pads **
[unconnected_items]: Missing connection between items
    Local override; error
    @(1.2850 mm, 24.7150 mm): Pad 1 [ROW_12_ANODE] of D309 on F.Cu
    @(3.4850 mm, 24.7150 mm): Pad 1 [ROW_12_ANODE] of D310 on F.Cu
[unconnected_items]: Missing connection between items
    Local override; error
    @(3.4850 mm, 24.7150 mm): Pad 1 [ROW_12_ANODE] of D310 on F.Cu
    @(5.6850 mm, 24.7150 mm): Pad 1 [ROW_12_ANODE] of D311 on F.Cu
[unconnected_items]: Missing connection between items
    Local override; error
    @(5.6850 mm, 24.7150 mm): Pad 1 [ROW_12_ANODE] of D311 on F.Cu
    @(7.8850 mm, 24.7150 mm): Pad 1 [ROW_12_ANODE] of D312 on F.Cu
[unconnected_items]: Missing connection between items
    Local override; error
    @(7.8850 mm, 24.7150 mm): Pad 1 [ROW_12_ANODE] of D312 on F.Cu
    @(10.0850 mm, 24.7150 mm): Pad 1 [ROW_12_ANODE] of D313 on F.Cu
[unconnected_items]: Missing connection between items
    Local override; error
    @(10.0850 mm, 24.7150 mm): Pad 1 [ROW_12_ANODE] of D313 on F.Cu
    @(12.2850 mm, 24.7150 mm): Pad 1 [ROW_12_ANODE] of D314 on F.Cu
[unconnected_items]: Missing connection between items
    Local override; error
    @(12.2850 mm, 24.7150 mm): Pad 1 [ROW_12_ANODE] of D314 on F.Cu
    @(14.4850 mm, 24.7150 mm): Pad 1 [ROW_12_ANODE] of D315 on F.Cu
[unconnected_items]: Missing connection between items
    Local override; error
    @(14.4850 mm, 24.7150 mm): Pad 1 [ROW_12_ANODE] of D315 on F.Cu
    @(16.6850 mm, 24.7150 mm): Pad 1 [ROW_12_ANODE] of D316 on F.Cu
[unconnected_items]: Missing connection between items
    Local override; error
    @(16.6850 mm, 24.7150 mm): Pad 1 [ROW_12_ANODE] of D316 on F.Cu
    @(18.8850 mm, 24.7150 mm): Pad 1 [ROW_12_ANODE] of D317 on F.Cu
[unconnected_items]: Missing connection between items
    Local override; error
    @(18.8850 mm, 24.7150 mm): Pad 1 [ROW_12_ANODE] of D317 on F.Cu
    @(21.0850 mm, 24.7150 mm): Pad 1 [ROW_12_ANODE] of D318 on F.Cu
[unconnected_items]: Missing connection between items
    Local override; error
    @(21.0850 mm, 24.7150 mm): Pad 1 [ROW_12_ANODE] of D318 on F.Cu
    @(23.2850 mm, 24.7150 mm): Pad 1 [ROW_12_ANODE] of D319 on F.Cu
[unconnected_items]: Missing connection between items
    Local override; error
    @(23.2850 mm, 24.7150 mm): Pad 1 [ROW_12_ANODE] of D319 on F.Cu
    @(25.4850 mm, 24.7150 mm): Pad 1 [ROW_12_ANODE] of D320 on F.Cu
[unconnected_items]: Missing connection between items
    Local override; error
    @(25.4850 mm, 24.7150 mm): Pad 1 [ROW_12_ANODE] of D320 on F.Cu
    @(27.6850 mm, 24.7150 mm): Pad 1 [ROW_12_ANODE] of D321 on F.Cu
[unconnected_items]: Missing connection between items
    Local override; error
    @(27.6850 mm, 24.7150 mm): Pad 1 [ROW_12_ANODE] of D321 on F.Cu
    @(29.8850 mm, 24.7150 mm): Pad 1 [ROW_12_ANODE] of D322 on F.Cu
[unconnected_items]: Missing connection between items
    Local override; error
    @(29.8850 mm, 24.7150 mm): Pad 1 [ROW_12_ANODE] of D322 on F.Cu
    @(32.0850 mm, 24.7150 mm): Pad 1 [ROW_12_ANODE] of D323 on F.Cu
[unconnected_items]: Missing connection between items
    Local override; error
    @(32.0850 mm, 24.7150 mm): Pad 1 [ROW_12_ANODE] of D323 on F.Cu
    @(34.2850 mm, 24.7150 mm): Pad 1 [ROW_12_ANODE] of D324 on F.Cu
[unconnected_items]: Missing connection between items
    Local override; error
    @(34.2850 mm, 24.7150 mm): Pad 1 [ROW_12_ANODE] of D324 on F.Cu
    @(36.4850 mm, 24.7150 mm): Pad 1 [ROW_12_ANODE] of D325 on F.Cu
[unconnected_items]: Missing connection between items
    Local override; error
    @(36.4850 mm, 24.7150 mm): Pad 1 [ROW_12_ANODE] of D325 on F.Cu
    @(38.6850 mm, 24.7150 mm): Pad 1 [ROW_12_ANODE] of D326 on F.Cu
[unconnected_items]: Missing connection between items
    Local override; error
    @(38.6850 mm, 24.7150 mm): Pad 1 [ROW_12_ANODE] of D326 on F.Cu
    @(40.8850 mm, 24.7150 mm): Pad 1 [ROW_12_ANODE] of D327 on F.Cu
[unconnected_items]: Missing connection between items
    Local override; error
    @(40.8850 mm, 24.7150 mm): Pad 1 [ROW_12_ANODE] of D327 on F.Cu
    @(43.0850 mm, 24.7150 mm): Pad 1 [ROW_12_ANODE] of D328 on F.Cu
[unconnected_items]: Missing connection between items
    Local override; error
    @(43.0850 mm, 24.7150 mm): Pad 1 [ROW_12_ANODE] of D328 on F.Cu
    @(45.2850 mm, 24.7150 mm): Pad 1 [ROW_12_ANODE] of D329 on F.Cu
[unconnected_items]: Missing connection between items
    Local override; error
    @(45.2850 mm, 24.7150 mm): Pad 1 [ROW_12_ANODE] of D329 on F.Cu
    @(47.4850 mm, 24.7150 mm): Pad 1 [ROW_12_ANODE] of D330 on F.Cu
[unconnected_items]: Missing connection between items
    Local override; error
    @(47.4850 mm, 24.7150 mm): Pad 1 [ROW_12_ANODE] of D330 on F.Cu
    @(49.6850 mm, 24.7150 mm): Pad 1 [ROW_12_ANODE] of D331 on F.Cu
[unconnected_items]: Missing connection between items
    Local override; error
    @(49.6850 mm, 24.7150 mm): Pad 1 [ROW_12_ANODE] of D331 on F.Cu
    @(51.8850 mm, 24.7150 mm): Pad 1 [ROW_12_ANODE] of D332 on F.Cu
[unconnected_items]: Missing connection between items
    Local override; error
    @(51.8850 mm, 24.7150 mm): Pad 1 [ROW_12_ANODE] of D332 on F.Cu
    @(54.0850 mm, 24.7150 mm): Pad 1 [ROW_12_ANODE] of D333 on F.Cu
[unconnected_items]: Missing connection between items
    Local override; error
    @(54.0850 mm, 24.7150 mm): Pad 1 [ROW_12_ANODE] of D333 on F.Cu
    @(56.2850 mm, 24.7150 mm): Pad 1 [ROW_12_ANODE] of D334 on F.Cu
[unconnected_items]: Missing connection between items
    Local override; error
    @(56.2850 mm, 24.7150 mm): Pad 1 [ROW_12_ANODE] of D334 on F.Cu
    @(58.4850 mm, 24.7150 mm): Pad 1 [ROW_12_ANODE] of D335 on F.Cu
[unconnected_items]: Missing connection between items
    Local override; error
    @(58.4850 mm, 24.7150 mm): Pad 1 [ROW_12_ANODE] of D335 on F.Cu
    @(60.6850 mm, 24.7150 mm): Pad 1 [ROW_12_ANODE] of D336 on F.Cu
[unconnected_items]: Missing connection between items
    Local override; error
    @(3.4750 mm, 1.8250 mm): Track [COL_R_02] on B.Cu, length 2.2000 mm
    @(3.4850 mm, 5.6850 mm): Pad 2 [COL_R_02] of D58 on F.Cu
[unconnected_items]: Missing connection between items
    Local override; error
    @(3.4850 mm, 7.8850 mm): Pad 2 [COL_R_02] of D86 on F.Cu
    @(3.4850 mm, 5.6850 mm): Pad 2 [COL_R_02] of D58 on F.Cu
[unconnected_items]: Missing connection between items
    Local override; error
    @(3.4850 mm, 10.0850 mm): Pad 2 [COL_R_02] of D114 on F.Cu
    @(3.4850 mm, 7.8850 mm): Pad 2 [COL_R_02] of D86 on F.Cu
[unconnected_items]: Missing connection between items
    Local override; error
    @(3.4850 mm, 12.2850 mm): Pad 2 [COL_R_02] of D142 on F.Cu
    @(3.4850 mm, 10.0850 mm): Pad 2 [COL_R_02] of D114 on F.Cu
[unconnected_items]: Missing connection between items
    Local override; error
    @(3.4850 mm, 14.4850 mm): Pad 2 [COL_R_02] of D170 on F.Cu
    @(3.4850 mm, 12.2850 mm): Pad 2 [COL_R_02] of D142 on F.Cu
[unconnected_items]: Missing connection between items
    Local override; error
    @(3.4850 mm, 16.6850 mm): Pad 2 [COL_R_02] of D198 on F.Cu
    @(3.4850 mm, 14.4850 mm): Pad 2 [COL_R_02] of D170 on F.Cu
[unconnected_items]: Missing connection between items
    Local override; error
    @(3.4850 mm, 18.8850 mm): Pad 2 [COL_R_02] of D226 on F.Cu
    @(3.4850 mm, 16.6850 mm): Pad 2 [COL_R_02] of D198 on F.Cu
[unconnected_items]: Missing connection between items
    Local override; error
    @(3.4850 mm, 21.0850 mm): Pad 2 [COL_R_02] of D254 on F.Cu
    @(3.4850 mm, 18.8850 mm): Pad 2 [COL_R_02] of D226 on F.Cu
[unconnected_items]: Missing connection between items
    Local override; error
    @(3.4850 mm, 23.2850 mm): Pad 2 [COL_R_02] of D282 on F.Cu
    @(3.4850 mm, 21.0850 mm): Pad 2 [COL_R_02] of D254 on F.Cu
[unconnected_items]: Missing connection between items
    Local override; error
    @(3.4850 mm, 25.4850 mm): Pad 2 [COL_R_02] of D310 on F.Cu
    @(3.4850 mm, 23.2850 mm): Pad 2 [COL_R_02] of D282 on F.Cu
[unconnected_items]: Missing connection between items
    Local override; error
    @(3.4850 mm, 27.6850 mm): Pad 2 [COL_R_02] of D338 on F.Cu
    @(3.4850 mm, 25.4850 mm): Pad 2 [COL_R_02] of D310 on F.Cu
[unconnected_items]: Missing connection between items
    Local override; error
    @(3.4850 mm, 29.8850 mm): Pad 2 [COL_R_02] of D366 on F.Cu
    @(3.4850 mm, 27.6850 mm): Pad 2 [COL_R_02] of D338 on F.Cu
[unconnected_items]: Missing connection between items
    Local override; error
    @(3.4850 mm, 32.0850 mm): Pad 2 [COL_R_02] of D394 on F.Cu
    @(3.4850 mm, 29.8850 mm): Pad 2 [COL_R_02] of D366 on F.Cu
[unconnected_items]: Missing connection between items
    Local override; error
    @(3.4850 mm, 34.2850 mm): Pad 2 [COL_R_02] of D422 on F.Cu
    @(3.4850 mm, 32.0850 mm): Pad 2 [COL_R_02] of D394 on F.Cu
[unconnected_items]: Missing connection between items
    Local override; error
    @(3.4850 mm, 36.4850 mm): Pad 2 [COL_R_02] of D450 on F.Cu
    @(3.4850 mm, 34.2850 mm): Pad 2 [COL_R_02] of D422 on F.Cu
[unconnected_items]: Missing connection between items
    Local override; error
    @(3.4850 mm, 38.6850 mm): Pad 2 [COL_R_02] of D478 on F.Cu
    @(3.4850 mm, 36.4850 mm): Pad 2 [COL_R_02] of D450 on F.Cu
[unconnected_items]: Missing connection between items
    Local override; error
    @(3.4850 mm, 40.8850 mm): Pad 2 [COL_R_02] of D506 on F.Cu
    @(3.4850 mm, 38.6850 mm): Pad 2 [COL_R_02] of D478 on F.Cu
[unconnected_items]: Missing connection between items
    Local override; error
    @(3.4850 mm, 43.0850 mm): Pad 2 [COL_R_02] of D534 on F.Cu
    @(3.4850 mm, 40.8850 mm): Pad 2 [COL_R_02] of D506 on F.Cu
[unconnected_items]: Missing connection between items
    Local override; error
    @(3.4850 mm, 45.2850 mm): Pad 2 [COL_R_02] of D562 on F.Cu
    @(3.4850 mm, 43.0850 mm): Pad 2 [COL_R_02] of D534 on F.Cu
[unconnected_items]: Missing connection between items
    Local override; error
    @(3.4850 mm, 47.4850 mm): Pad 2 [COL_R_02] of D590 on F.Cu
    @(3.4850 mm, 45.2850 mm): Pad 2 [COL_R_02] of D562 on F.Cu
[unconnected_items]: Missing connection between items
    Local override; error
    @(3.4850 mm, 49.6850 mm): Pad 2 [COL_R_02] of D618 on F.Cu
    @(3.4850 mm, 47.4850 mm): Pad 2 [COL_R_02] of D590 on F.Cu
[unconnected_items]: Missing connection between items
    Local override; error
    @(3.4850 mm, 51.8850 mm): Pad 2 [COL_R_02] of D646 on F.Cu
    @(3.4850 mm, 49.6850 mm): Pad 2 [COL_R_02] of D618 on F.Cu
[unconnected_items]: Missing connection between items
    Local override; error
    @(3.4850 mm, 54.0850 mm): Pad 2 [COL_R_02] of D674 on F.Cu
    @(3.4850 mm, 51.8850 mm): Pad 2 [COL_R_02] of D646 on F.Cu
[unconnected_items]: Missing connection between items
    Local override; error
    @(3.4850 mm, 56.2850 mm): Pad 2 [COL_R_02] of D702 on F.Cu
    @(3.4850 mm, 54.0850 mm): Pad 2 [COL_R_02] of D674 on F.Cu
[unconnected_items]: Missing connection between items
    Local override; error
    @(3.4850 mm, 58.4850 mm): Pad 2 [COL_R_02] of D730 on F.Cu
    @(3.4850 mm, 56.2850 mm): Pad 2 [COL_R_02] of D702 on F.Cu
[unconnected_items]: Missing connection between items
    Local override; error
    @(3.4850 mm, 60.6850 mm): Pad 2 [COL_R_02] of D758 on F.Cu
    @(3.4850 mm, 58.4850 mm): Pad 2 [COL_R_02] of D730 on F.Cu
[unconnected_items]: Missing connection between items
    Local override; error
    @(2.7150 mm, 5.6850 mm): Pad 3 [COL_G_02] of D58 on F.Cu
    @(2.7250 mm, 1.8250 mm): Track [COL_G_02] on B.Cu, length 2.2000 mm
[unconnected_items]: Missing connection between items
    Local override; error
    @(2.7150 mm, 5.6850 mm): Pad 3 [COL_G_02] of D58 on F.Cu
    @(2.7150 mm, 7.8850 mm): Pad 3 [COL_G_02] of D86 on F.Cu
[unconnected_items]: Missing connection between items
    Local override; error
    @(2.7150 mm, 7.8850 mm): Pad 3 [COL_G_02] of D86 on F.Cu
    @(2.7150 mm, 10.0850 mm): Pad 3 [COL_G_02] of D114 on F.Cu
[unconnected_items]: Missing connection between items
    Local override; error
    @(2.7150 mm, 10.0850 mm): Pad 3 [COL_G_02] of D114 on F.Cu
    @(2.7150 mm, 12.2850 mm): Pad 3 [COL_G_02] of D142 on F.Cu
[unconnected_items]: Missing connection between items
    Local override; error
    @(2.7150 mm, 12.2850 mm): Pad 3 [COL_G_02] of D142 on F.Cu
    @(2.7150 mm, 14.4850 mm): Pad 3 [COL_G_02] of D170 on F.Cu
[unconnected_items]: Missing connection between items
    Local override; error
    @(2.7150 mm, 14.4850 mm): Pad 3 [COL_G_02] of D170 on F.Cu
    @(2.7150 mm, 16.6850 mm): Pad 3 [COL_G_02] of D198 on F.Cu
[unconnected_items]: Missing connection between items
    Local override; error
    @(2.7150 mm, 16.6850 mm): Pad 3 [COL_G_02] of D198 on F.Cu
    @(2.7150 mm, 18.8850 mm): Pad 3 [COL_G_02] of D226 on F.Cu
[unconnected_items]: Missing connection between items
    Local override; error
    @(2.7150 mm, 18.8850 mm): Pad 3 [COL_G_02] of D226 on F.Cu
    @(2.7150 mm, 21.0850 mm): Pad 3 [COL_G_02] of D254 on F.Cu
[unconnected_items]: Missing connection between items
    Local override; error
    @(2.7150 mm, 21.0850 mm): Pad 3 [COL_G_02] of D254 on F.Cu
    @(2.7150 mm, 23.2850 mm): Pad 3 [COL_G_02] of D282 on F.Cu
[unconnected_items]: Missing connection between items
    Local override; error
    @(2.7150 mm, 23.2850 mm): Pad 3 [COL_G_02] of D282 on F.Cu
    @(2.7150 mm, 25.4850 mm): Pad 3 [COL_G_02] of D310 on F.Cu
[unconnected_items]: Missing connection between items
    Local override; error
    @(2.7150 mm, 25.4850 mm): Pad 3 [COL_G_02] of D310 on F.Cu
    @(2.7150 mm, 27.6850 mm): Pad 3 [COL_G_02] of D338 on F.Cu
[unconnected_items]: Missing connection between items
    Local override; error
    @(2.7150 mm, 27.6850 mm): Pad 3 [COL_G_02] of D338 on F.Cu
    @(2.7150 mm, 29.8850 mm): Pad 3 [COL_G_02] of D366 on F.Cu
[unconnected_items]: Missing connection between items
    Local override; error
    @(2.7150 mm, 29.8850 mm): Pad 3 [COL_G_02] of D366 on F.Cu
    @(2.7150 mm, 32.0850 mm): Pad 3 [COL_G_02] of D394 on F.Cu
[unconnected_items]: Missing connection between items
    Local override; error
    @(2.7150 mm, 32.0850 mm): Pad 3 [COL_G_02] of D394 on F.Cu
    @(2.7150 mm, 34.2850 mm): Pad 3 [COL_G_02] of D422 on F.Cu
[unconnected_items]: Missing connection between items
    Local override; error
    @(2.7150 mm, 34.2850 mm): Pad 3 [COL_G_02] of D422 on F.Cu
    @(2.7150 mm, 36.4850 mm): Pad 3 [COL_G_02] of D450 on F.Cu
[unconnected_items]: Missing connection between items
    Local override; error
    @(2.7150 mm, 36.4850 mm): Pad 3 [COL_G_02] of D450 on F.Cu
    @(2.7150 mm, 38.6850 mm): Pad 3 [COL_G_02] of D478 on F.Cu
[unconnected_items]: Missing connection between items
    Local override; error
    @(2.7150 mm, 38.6850 mm): Pad 3 [COL_G_02] of D478 on F.Cu
    @(2.7150 mm, 40.8850 mm): Pad 3 [COL_G_02] of D506 on F.Cu
[unconnected_items]: Missing connection between items
    Local override; error
    @(2.7150 mm, 40.8850 mm): Pad 3 [COL_G_02] of D506 on F.Cu
    @(2.7150 mm, 43.0850 mm): Pad 3 [COL_G_02] of D534 on F.Cu
[unconnected_items]: Missing connection between items
    Local override; error
    @(2.7150 mm, 43.0850 mm): Pad 3 [COL_G_02] of D534 on F.Cu
    @(2.7150 mm, 45.2850 mm): Pad 3 [COL_G_02] of D562 on F.Cu
[unconnected_items]: Missing connection between items
    Local override; error
    @(2.7150 mm, 45.2850 mm): Pad 3 [COL_G_02] of D562 on F.Cu
    @(2.7150 mm, 47.4850 mm): Pad 3 [COL_G_02] of D590 on F.Cu
[unconnected_items]: Missing connection between items
    Local override; error
    @(2.7150 mm, 47.4850 mm): Pad 3 [COL_G_02] of D590 on F.Cu
    @(2.7150 mm, 49.6850 mm): Pad 3 [COL_G_02] of D618 on F.Cu
[unconnected_items]: Missing connection between items
    Local override; error
    @(2.7150 mm, 49.6850 mm): Pad 3 [COL_G_02] of D618 on F.Cu
    @(2.7150 mm, 51.8850 mm): Pad 3 [COL_G_02] of D646 on F.Cu
[unconnected_items]: Missing connection between items
    Local override; error
    @(2.7150 mm, 51.8850 mm): Pad 3 [COL_G_02] of D646 on F.Cu
    @(2.7150 mm, 54.0850 mm): Pad 3 [COL_G_02] of D674 on F.Cu
[unconnected_items]: Missing connection between items
    Local override; error
    @(2.7150 mm, 54.0850 mm): Pad 3 [COL_G_02] of D674 on F.Cu
    @(2.7150 mm, 56.2850 mm): Pad 3 [COL_G_02] of D702 on F.Cu
[unconnected_items]: Missing connection between items
    Local override; error
    @(2.7150 mm, 56.2850 mm): Pad 3 [COL_G_02] of D702 on F.Cu
    @(2.7150 mm, 58.4850 mm): Pad 3 [COL_G_02] of D730 on F.Cu
[unconnected_items]: Missing connection between items
    Local override; error
    @(2.7150 mm, 58.4850 mm): Pad 3 [COL_G_02] of D730 on F.Cu
    @(2.7150 mm, 60.6850 mm): Pad 3 [COL_G_02] of D758 on F.Cu
[unconnected_items]: Missing connection between items
    Local override; error
    @(2.7150 mm, 4.9150 mm): Pad 4 [COL_B_02] of D58 on F.Cu
    @(2.7150 mm, 7.1150 mm): Pad 4 [COL_B_02] of D86 on F.Cu
[unconnected_items]: Missing connection between items
    Local override; error
    @(2.7150 mm, 7.1150 mm): Pad 4 [COL_B_02] of D86 on F.Cu
    @(2.7150 mm, 9.3150 mm): Pad 4 [COL_B_02] of D114 on F.Cu
[unconnected_items]: Missing connection between items
    Local override; error
    @(2.7150 mm, 9.3150 mm): Pad 4 [COL_B_02] of D114 on F.Cu
    @(2.7150 mm, 11.5150 mm): Pad 4 [COL_B_02] of D142 on F.Cu
[unconnected_items]: Missing connection between items
    Local override; error
    @(2.7150 mm, 11.5150 mm): Pad 4 [COL_B_02] of D142 on F.Cu
    @(2.7150 mm, 13.7150 mm): Pad 4 [COL_B_02] of D170 on F.Cu
[unconnected_items]: Missing connection between items
    Local override; error
    @(2.7150 mm, 13.7150 mm): Pad 4 [COL_B_02] of D170 on F.Cu
    @(2.7150 mm, 15.9150 mm): Pad 4 [COL_B_02] of D198 on F.Cu
[unconnected_items]: Missing connection between items
    Local override; error
    @(2.7150 mm, 15.9150 mm): Pad 4 [COL_B_02] of D198 on F.Cu
    @(2.7150 mm, 18.1150 mm): Pad 4 [COL_B_02] of D226 on F.Cu
[unconnected_items]: Missing connection between items
    Local override; error
    @(2.7150 mm, 18.1150 mm): Pad 4 [COL_B_02] of D226 on F.Cu
    @(2.7150 mm, 20.3150 mm): Pad 4 [COL_B_02] of D254 on F.Cu
[unconnected_items]: Missing connection between items
    Local override; error
    @(2.7150 mm, 20.3150 mm): Pad 4 [COL_B_02] of D254 on F.Cu
    @(2.7150 mm, 22.5150 mm): Pad 4 [COL_B_02] of D282 on F.Cu
[unconnected_items]: Missing connection between items
    Local override; error
    @(2.7150 mm, 22.5150 mm): Pad 4 [COL_B_02] of D282 on F.Cu
    @(2.7150 mm, 24.7150 mm): Pad 4 [COL_B_02] of D310 on F.Cu
[unconnected_items]: Missing connection between items
    Local override; error
    @(2.7150 mm, 24.7150 mm): Pad 4 [COL_B_02] of D310 on F.Cu
    @(2.7150 mm, 26.9150 mm): Pad 4 [COL_B_02] of D338 on F.Cu
[unconnected_items]: Missing connection between items
    Local override; error
    @(2.7150 mm, 26.9150 mm): Pad 4 [COL_B_02] of D338 on F.Cu
    @(2.7150 mm, 29.1150 mm): Pad 4 [COL_B_02] of D366 on F.Cu
[unconnected_items]: Missing connection between items
    Local override; error
    @(2.7150 mm, 29.1150 mm): Pad 4 [COL_B_02] of D366 on F.Cu
    @(2.7150 mm, 31.3150 mm): Pad 4 [COL_B_02] of D394 on F.Cu
[unconnected_items]: Missing connection between items
    Local override; error
    @(2.7150 mm, 31.3150 mm): Pad 4 [COL_B_02] of D394 on F.Cu
    @(2.7150 mm, 33.5150 mm): Pad 4 [COL_B_02] of D422 on F.Cu
[unconnected_items]: Missing connection between items
    Local override; error
    @(2.7150 mm, 33.5150 mm): Pad 4 [COL_B_02] of D422 on F.Cu
    @(2.7150 mm, 35.7150 mm): Pad 4 [COL_B_02] of D450 on F.Cu
[unconnected_items]: Missing connection between items
    Local override; error
    @(2.7150 mm, 35.7150 mm): Pad 4 [COL_B_02] of D450 on F.Cu
    @(2.7150 mm, 37.9150 mm): Pad 4 [COL_B_02] of D478 on F.Cu
[unconnected_items]: Missing connection between items
    Local override; error
    @(2.7150 mm, 37.9150 mm): Pad 4 [COL_B_02] of D478 on F.Cu
    @(2.7150 mm, 40.1150 mm): Pad 4 [COL_B_02] of D506 on F.Cu
[unconnected_items]: Missing connection between items
    Local override; error
    @(2.7150 mm, 40.1150 mm): Pad 4 [COL_B_02] of D506 on F.Cu
    @(2.7150 mm, 42.3150 mm): Pad 4 [COL_B_02] of D534 on F.Cu
[unconnected_items]: Missing connection between items
    Local override; error
    @(2.7150 mm, 42.3150 mm): Pad 4 [COL_B_02] of D534 on F.Cu
    @(2.7150 mm, 44.5150 mm): Pad 4 [COL_B_02] of D562 on F.Cu
[unconnected_items]: Missing connection between items
    Local override; error
    @(2.7150 mm, 44.5150 mm): Pad 4 [COL_B_02] of D562 on F.Cu
    @(2.7150 mm, 46.7150 mm): Pad 4 [COL_B_02] of D590 on F.Cu
[unconnected_items]: Missing connection between items
    Local override; error
    @(2.7150 mm, 46.7150 mm): Pad 4 [COL_B_02] of D590 on F.Cu
    @(2.7150 mm, 48.9150 mm): Pad 4 [COL_B_02] of D618 on F.Cu
[unconnected_items]: Missing connection between items
    Local override; error
    @(2.7150 mm, 48.9150 mm): Pad 4 [COL_B_02] of D618 on F.Cu
    @(2.7150 mm, 51.1150 mm): Pad 4 [COL_B_02] of D646 on F.Cu
[unconnected_items]: Missing connection between items
    Local override; error
    @(2.7150 mm, 51.1150 mm): Pad 4 [COL_B_02] of D646 on F.Cu
    @(2.7150 mm, 53.3150 mm): Pad 4 [COL_B_02] of D674 on F.Cu
[unconnected_items]: Missing connection between items
    Local override; error
    @(2.7150 mm, 53.3150 mm): Pad 4 [COL_B_02] of D674 on F.Cu
    @(2.7150 mm, 55.5150 mm): Pad 4 [COL_B_02] of D702 on F.Cu
[unconnected_items]: Missing connection between items
    Local override; error
    @(2.7150 mm, 55.5150 mm): Pad 4 [COL_B_02] of D702 on F.Cu
    @(2.7150 mm, 57.7150 mm): Pad 4 [COL_B_02] of D730 on F.Cu
[unconnected_items]: Missing connection between items
    Local override; error
    @(2.7150 mm, 57.7150 mm): Pad 4 [COL_B_02] of D730 on F.Cu
    @(2.7150 mm, 59.9150 mm): Pad 4 [COL_B_02] of D758 on F.Cu
[unconnected_items]: Missing connection between items
    Local override; error
    @(3.1000 mm, 2.1750 mm): Track [COL_B_02] on B.Cu, length 2.2000 mm
    @(2.7150 mm, 4.9150 mm): Pad 4 [COL_B_02] of D58 on F.Cu
[unconnected_items]: Missing connection between items
    Local override; error
    @(1.2850 mm, 13.7150 mm): Pad 1 [ROW_07_ANODE] of D169 on F.Cu
    @(3.4850 mm, 13.7150 mm): Pad 1 [ROW_07_ANODE] of D170 on F.Cu
[unconnected_items]: Missing connection between items
    Local override; error
    @(3.4850 mm, 13.7150 mm): Pad 1 [ROW_07_ANODE] of D170 on F.Cu
    @(5.6850 mm, 13.7150 mm): Pad 1 [ROW_07_ANODE] of D171 on F.Cu
[unconnected_items]: Missing connection between items
    Local override; error
    @(5.6850 mm, 13.7150 mm): Pad 1 [ROW_07_ANODE] of D171 on F.Cu
    @(7.8850 mm, 13.7150 mm): Pad 1 [ROW_07_ANODE] of D172 on F.Cu
[unconnected_items]: Missing connection between items
    Local override; error
    @(7.8850 mm, 13.7150 mm): Pad 1 [ROW_07_ANODE] of D172 on F.Cu
    @(10.0850 mm, 13.7150 mm): Pad 1 [ROW_07_ANODE] of D173 on F.Cu
[unconnected_items]: Missing connection between items
    Local override; error
    @(10.0850 mm, 13.7150 mm): Pad 1 [ROW_07_ANODE] of D173 on F.Cu
    @(12.2850 mm, 13.7150 mm): Pad 1 [ROW_07_ANODE] of D174 on F.Cu
[unconnected_items]: Missing connection between items
    Local override; error
    @(12.2850 mm, 13.7150 mm): Pad 1 [ROW_07_ANODE] of D174 on F.Cu
    @(14.4850 mm, 13.7150 mm): Pad 1 [ROW_07_ANODE] of D175 on F.Cu
[unconnected_items]: Missing connection between items
    Local override; error
    @(14.4850 mm, 13.7150 mm): Pad 1 [ROW_07_ANODE] of D175 on F.Cu
    @(16.6850 mm, 13.7150 mm): Pad 1 [ROW_07_ANODE] of D176 on F.Cu
[unconnected_items]: Missing connection between items
    Local override; error
    @(16.6850 mm, 13.7150 mm): Pad 1 [ROW_07_ANODE] of D176 on F.Cu
    @(18.8850 mm, 13.7150 mm): Pad 1 [ROW_07_ANODE] of D177 on F.Cu
[unconnected_items]: Missing connection between items
    Local override; error
    @(18.8850 mm, 13.7150 mm): Pad 1 [ROW_07_ANODE] of D177 on F.Cu
    @(21.0850 mm, 13.7150 mm): Pad 1 [ROW_07_ANODE] of D178 on F.Cu
[unconnected_items]: Missing connection between items
    Local override; error
    @(21.0850 mm, 13.7150 mm): Pad 1 [ROW_07_ANODE] of D178 on F.Cu
    @(23.2850 mm, 13.7150 mm): Pad 1 [ROW_07_ANODE] of D179 on F.Cu
[unconnected_items]: Missing connection between items
    Local override; error
    @(23.2850 mm, 13.7150 mm): Pad 1 [ROW_07_ANODE] of D179 on F.Cu
    @(25.4850 mm, 13.7150 mm): Pad 1 [ROW_07_ANODE] of D180 on F.Cu
[unconnected_items]: Missing connection between items
    Local override; error
    @(25.4850 mm, 13.7150 mm): Pad 1 [ROW_07_ANODE] of D180 on F.Cu
    @(27.6850 mm, 13.7150 mm): Pad 1 [ROW_07_ANODE] of D181 on F.Cu
[unconnected_items]: Missing connection between items
    Local override; error
    @(27.6850 mm, 13.7150 mm): Pad 1 [ROW_07_ANODE] of D181 on F.Cu
    @(29.8850 mm, 13.7150 mm): Pad 1 [ROW_07_ANODE] of D182 on F.Cu
[unconnected_items]: Missing connection between items
    Local override; error
    @(29.8850 mm, 13.7150 mm): Pad 1 [ROW_07_ANODE] of D182 on F.Cu
    @(32.0850 mm, 13.7150 mm): Pad 1 [ROW_07_ANODE] of D183 on F.Cu
[unconnected_items]: Missing connection between items
    Local override; error
    @(32.0850 mm, 13.7150 mm): Pad 1 [ROW_07_ANODE] of D183 on F.Cu
    @(34.2850 mm, 13.7150 mm): Pad 1 [ROW_07_ANODE] of D184 on F.Cu
[unconnected_items]: Missing connection between items
    Local override; error
    @(34.2850 mm, 13.7150 mm): Pad 1 [ROW_07_ANODE] of D184 on F.Cu
    @(36.4850 mm, 13.7150 mm): Pad 1 [ROW_07_ANODE] of D185 on F.Cu
[unconnected_items]: Missing connection between items
    Local override; error
    @(36.4850 mm, 13.7150 mm): Pad 1 [ROW_07_ANODE] of D185 on F.Cu
    @(38.6850 mm, 13.7150 mm): Pad 1 [ROW_07_ANODE] of D186 on F.Cu
[unconnected_items]: Missing connection between items
    Local override; error
    @(38.6850 mm, 13.7150 mm): Pad 1 [ROW_07_ANODE] of D186 on F.Cu
    @(40.8850 mm, 13.7150 mm): Pad 1 [ROW_07_ANODE] of D187 on F.Cu
[unconnected_items]: Missing connection between items
    Local override; error
    @(40.8850 mm, 13.7150 mm): Pad 1 [ROW_07_ANODE] of D187 on F.Cu
    @(43.0850 mm, 13.7150 mm): Pad 1 [ROW_07_ANODE] of D188 on F.Cu
[unconnected_items]: Missing connection between items
    Local override; error
    @(43.0850 mm, 13.7150 mm): Pad 1 [ROW_07_ANODE] of D188 on F.Cu
    @(45.2850 mm, 13.7150 mm): Pad 1 [ROW_07_ANODE] of D189 on F.Cu
[unconnected_items]: Missing connection between items
    Local override; error
    @(45.2850 mm, 13.7150 mm): Pad 1 [ROW_07_ANODE] of D189 on F.Cu
    @(47.4850 mm, 13.7150 mm): Pad 1 [ROW_07_ANODE] of D190 on F.Cu
[unconnected_items]: Missing connection between items
    Local override; error
    @(47.4850 mm, 13.7150 mm): Pad 1 [ROW_07_ANODE] of D190 on F.Cu
    @(49.6850 mm, 13.7150 mm): Pad 1 [ROW_07_ANODE] of D191 on F.Cu
[unconnected_items]: Missing connection between items
    Local override; error
    @(49.6850 mm, 13.7150 mm): Pad 1 [ROW_07_ANODE] of D191 on F.Cu
    @(51.8850 mm, 13.7150 mm): Pad 1 [ROW_07_ANODE] of D192 on F.Cu
[unconnected_items]: Missing connection between items
    Local override; error
    @(51.8850 mm, 13.7150 mm): Pad 1 [ROW_07_ANODE] of D192 on F.Cu
    @(54.0850 mm, 13.7150 mm): Pad 1 [ROW_07_ANODE] of D193 on F.Cu
[unconnected_items]: Missing connection between items
    Local override; error
    @(54.0850 mm, 13.7150 mm): Pad 1 [ROW_07_ANODE] of D193 on F.Cu
    @(56.2850 mm, 13.7150 mm): Pad 1 [ROW_07_ANODE] of D194 on F.Cu
[unconnected_items]: Missing connection between items
    Local override; error
    @(56.2850 mm, 13.7150 mm): Pad 1 [ROW_07_ANODE] of D194 on F.Cu
    @(58.4850 mm, 13.7150 mm): Pad 1 [ROW_07_ANODE] of D195 on F.Cu
[unconnected_items]: Missing connection between items
    Local override; error
    @(58.4850 mm, 13.7150 mm): Pad 1 [ROW_07_ANODE] of D195 on F.Cu
    @(60.6850 mm, 13.7150 mm): Pad 1 [ROW_07_ANODE] of D196 on F.Cu
[unconnected_items]: Missing connection between items
    Local override; error
    @(16.6850 mm, 1.2850 mm): Pad 2 [COL_R_08] of D8 on F.Cu
    @(16.6850 mm, 3.4850 mm): Pad 2 [COL_R_08] of D36 on F.Cu
[unconnected_items]: Missing connection between items
    Local override; error
    @(16.6850 mm, 3.4850 mm): Pad 2 [COL_R_08] of D36 on F.Cu
    @(16.6850 mm, 5.6850 mm): Pad 2 [COL_R_08] of D64 on F.Cu
[unconnected_items]: Missing connection between items
    Local override; error
    @(16.6850 mm, 5.6850 mm): Pad 2 [COL_R_08] of D64 on F.Cu
    @(16.6850 mm, 7.8850 mm): Pad 2 [COL_R_08] of D92 on F.Cu
[unconnected_items]: Missing connection between items
    Local override; error
    @(16.6850 mm, 7.8850 mm): Pad 2 [COL_R_08] of D92 on F.Cu
    @(16.6850 mm, 10.0850 mm): Pad 2 [COL_R_08] of D120 on F.Cu
[unconnected_items]: Missing connection between items
    Local override; error
    @(16.6850 mm, 10.0850 mm): Pad 2 [COL_R_08] of D120 on F.Cu
    @(16.6850 mm, 12.2850 mm): Pad 2 [COL_R_08] of D148 on F.Cu
[unconnected_items]: Missing connection between items
    Local override; error
    @(16.6850 mm, 12.2850 mm): Pad 2 [COL_R_08] of D148 on F.Cu
    @(16.6850 mm, 14.4850 mm): Pad 2 [COL_R_08] of D176 on F.Cu
[unconnected_items]: Missing connection between items
    Local override; error
    @(16.6850 mm, 14.4850 mm): Pad 2 [COL_R_08] of D176 on F.Cu
    @(16.6850 mm, 16.6850 mm): Pad 2 [COL_R_08] of D204 on F.Cu
[unconnected_items]: Missing connection between items
    Local override; error
    @(16.6850 mm, 16.6850 mm): Pad 2 [COL_R_08] of D204 on F.Cu
    @(16.6850 mm, 18.8850 mm): Pad 2 [COL_R_08] of D232 on F.Cu
[unconnected_items]: Missing connection between items
    Local override; error
    @(16.6850 mm, 18.8850 mm): Pad 2 [COL_R_08] of D232 on F.Cu
    @(16.6850 mm, 21.0850 mm): Pad 2 [COL_R_08] of D260 on F.Cu
[unconnected_items]: Missing connection between items
    Local override; error
    @(16.6850 mm, 21.0850 mm): Pad 2 [COL_R_08] of D260 on F.Cu
    @(16.6850 mm, 23.2850 mm): Pad 2 [COL_R_08] of D288 on F.Cu
[unconnected_items]: Missing connection between items
    Local override; error
    @(16.6850 mm, 23.2850 mm): Pad 2 [COL_R_08] of D288 on F.Cu
    @(16.6850 mm, 25.4850 mm): Pad 2 [COL_R_08] of D316 on F.Cu
[unconnected_items]: Missing connection between items
    Local override; error
    @(16.6850 mm, 25.4850 mm): Pad 2 [COL_R_08] of D316 on F.Cu
    @(16.6850 mm, 27.6850 mm): Pad 2 [COL_R_08] of D344 on F.Cu
[unconnected_items]: Missing connection between items
    Local override; error
    @(16.6850 mm, 27.6850 mm): Pad 2 [COL_R_08] of D344 on F.Cu
    @(16.6850 mm, 29.8850 mm): Pad 2 [COL_R_08] of D372 on F.Cu
[unconnected_items]: Missing connection between items
    Local override; error
    @(16.6850 mm, 29.8850 mm): Pad 2 [COL_R_08] of D372 on F.Cu
    @(16.6850 mm, 32.0850 mm): Pad 2 [COL_R_08] of D400 on F.Cu
[unconnected_items]: Missing connection between items
    Local override; error
    @(16.6850 mm, 32.0850 mm): Pad 2 [COL_R_08] of D400 on F.Cu
    @(16.6850 mm, 34.2850 mm): Pad 2 [COL_R_08] of D428 on F.Cu
[unconnected_items]: Missing connection between items
    Local override; error
    @(16.6850 mm, 34.2850 mm): Pad 2 [COL_R_08] of D428 on F.Cu
    @(16.6850 mm, 36.4850 mm): Pad 2 [COL_R_08] of D456 on F.Cu
[unconnected_items]: Missing connection between items
    Local override; error
    @(16.6850 mm, 36.4850 mm): Pad 2 [COL_R_08] of D456 on F.Cu
    @(16.6850 mm, 38.6850 mm): Pad 2 [COL_R_08] of D484 on F.Cu
[unconnected_items]: Missing connection between items
    Local override; error
    @(16.6850 mm, 38.6850 mm): Pad 2 [COL_R_08] of D484 on F.Cu
    @(16.6850 mm, 40.8850 mm): Pad 2 [COL_R_08] of D512 on F.Cu
[unconnected_items]: Missing connection between items
    Local override; error
    @(16.6850 mm, 40.8850 mm): Pad 2 [COL_R_08] of D512 on F.Cu
    @(16.6850 mm, 43.0850 mm): Pad 2 [COL_R_08] of D540 on F.Cu
[unconnected_items]: Missing connection between items
    Local override; error
    @(16.6850 mm, 43.0850 mm): Pad 2 [COL_R_08] of D540 on F.Cu
    @(16.6850 mm, 45.2850 mm): Pad 2 [COL_R_08] of D568 on F.Cu
[unconnected_items]: Missing connection between items
    Local override; error
    @(16.6850 mm, 45.2850 mm): Pad 2 [COL_R_08] of D568 on F.Cu
    @(16.6850 mm, 47.4850 mm): Pad 2 [COL_R_08] of D596 on F.Cu
[unconnected_items]: Missing connection between items
    Local override; error
    @(16.6850 mm, 47.4850 mm): Pad 2 [COL_R_08] of D596 on F.Cu
    @(16.6850 mm, 49.6850 mm): Pad 2 [COL_R_08] of D624 on F.Cu
[unconnected_items]: Missing connection between items
    Local override; error
    @(16.6850 mm, 49.6850 mm): Pad 2 [COL_R_08] of D624 on F.Cu
    @(16.6850 mm, 51.8850 mm): Pad 2 [COL_R_08] of D652 on F.Cu
[unconnected_items]: Missing connection between items
    Local override; error
    @(16.6850 mm, 51.8850 mm): Pad 2 [COL_R_08] of D652 on F.Cu
    @(16.6850 mm, 54.0850 mm): Pad 2 [COL_R_08] of D680 on F.Cu
[unconnected_items]: Missing connection between items
    Local override; error
    @(16.6850 mm, 54.0850 mm): Pad 2 [COL_R_08] of D680 on F.Cu
    @(16.6850 mm, 56.2850 mm): Pad 2 [COL_R_08] of D708 on F.Cu
[unconnected_items]: Missing connection between items
    Local override; error
    @(16.6850 mm, 56.2850 mm): Pad 2 [COL_R_08] of D708 on F.Cu
    @(16.6850 mm, 58.4850 mm): Pad 2 [COL_R_08] of D736 on F.Cu
[unconnected_items]: Missing connection between items
    Local override; error
    @(16.6850 mm, 58.4850 mm): Pad 2 [COL_R_08] of D736 on F.Cu
    @(16.6850 mm, 60.6850 mm): Pad 2 [COL_R_08] of D764 on F.Cu
[unconnected_items]: Missing connection between items
    Local override; error
    @(15.9150 mm, 1.2850 mm): Pad 3 [COL_G_08] of D8 on F.Cu
    @(15.9150 mm, 3.4850 mm): Pad 3 [COL_G_08] of D36 on F.Cu
[unconnected_items]: Missing connection between items
    Local override; error
    @(15.9150 mm, 3.4850 mm): Pad 3 [COL_G_08] of D36 on F.Cu
    @(15.9150 mm, 5.6850 mm): Pad 3 [COL_G_08] of D64 on F.Cu
[unconnected_items]: Missing connection between items
    Local override; error
    @(15.9150 mm, 5.6850 mm): Pad 3 [COL_G_08] of D64 on F.Cu
    @(15.9150 mm, 7.8850 mm): Pad 3 [COL_G_08] of D92 on F.Cu
[unconnected_items]: Missing connection between items
    Local override; error
    @(15.9150 mm, 7.8850 mm): Pad 3 [COL_G_08] of D92 on F.Cu
    @(15.9150 mm, 10.0850 mm): Pad 3 [COL_G_08] of D120 on F.Cu
[unconnected_items]: Missing connection between items
    Local override; error
    @(15.9150 mm, 10.0850 mm): Pad 3 [COL_G_08] of D120 on F.Cu
    @(15.9150 mm, 12.2850 mm): Pad 3 [COL_G_08] of D148 on F.Cu
[unconnected_items]: Missing connection between items
    Local override; error
    @(15.9150 mm, 12.2850 mm): Pad 3 [COL_G_08] of D148 on F.Cu
    @(15.9150 mm, 14.4850 mm): Pad 3 [COL_G_08] of D176 on F.Cu
[unconnected_items]: Missing connection between items
    Local override; error
    @(15.9150 mm, 14.4850 mm): Pad 3 [COL_G_08] of D176 on F.Cu
    @(15.9150 mm, 16.6850 mm): Pad 3 [COL_G_08] of D204 on F.Cu
[unconnected_items]: Missing connection between items
    Local override; error
    @(15.9150 mm, 16.6850 mm): Pad 3 [COL_G_08] of D204 on F.Cu
    @(15.9150 mm, 18.8850 mm): Pad 3 [COL_G_08] of D232 on F.Cu
[unconnected_items]: Missing connection between items
    Local override; error
    @(15.9150 mm, 18.8850 mm): Pad 3 [COL_G_08] of D232 on F.Cu
    @(15.9150 mm, 21.0850 mm): Pad 3 [COL_G_08] of D260 on F.Cu
[unconnected_items]: Missing connection between items
    Local override; error
    @(15.9150 mm, 21.0850 mm): Pad 3 [COL_G_08] of D260 on F.Cu
    @(15.9150 mm, 23.2850 mm): Pad 3 [COL_G_08] of D288 on F.Cu
[unconnected_items]: Missing connection between items
    Local override; error
    @(15.9150 mm, 23.2850 mm): Pad 3 [COL_G_08] of D288 on F.Cu
    @(15.9150 mm, 25.4850 mm): Pad 3 [COL_G_08] of D316 on F.Cu
[unconnected_items]: Missing connection between items
    Local override; error
    @(15.9150 mm, 25.4850 mm): Pad 3 [COL_G_08] of D316 on F.Cu
    @(15.9150 mm, 27.6850 mm): Pad 3 [COL_G_08] of D344 on F.Cu
[unconnected_items]: Missing connection between items
    Local override; error
    @(15.9150 mm, 27.6850 mm): Pad 3 [COL_G_08] of D344 on F.Cu
    @(15.9150 mm, 29.8850 mm): Pad 3 [COL_G_08] of D372 on F.Cu
[unconnected_items]: Missing connection between items
    Local override; error
    @(15.9150 mm, 29.8850 mm): Pad 3 [COL_G_08] of D372 on F.Cu
    @(15.9150 mm, 32.0850 mm): Pad 3 [COL_G_08] of D400 on F.Cu
[unconnected_items]: Missing connection between items
    Local override; error
    @(15.9150 mm, 32.0850 mm): Pad 3 [COL_G_08] of D400 on F.Cu
    @(15.9150 mm, 34.2850 mm): Pad 3 [COL_G_08] of D428 on F.Cu
[unconnected_items]: Missing connection between items
    Local override; error
    @(15.9150 mm, 34.2850 mm): Pad 3 [COL_G_08] of D428 on F.Cu
    @(15.9150 mm, 36.4850 mm): Pad 3 [COL_G_08] of D456 on F.Cu
[unconnected_items]: Missing connection between items
    Local override; error
    @(15.9150 mm, 36.4850 mm): Pad 3 [COL_G_08] of D456 on F.Cu
    @(15.9150 mm, 38.6850 mm): Pad 3 [COL_G_08] of D484 on F.Cu
[unconnected_items]: Missing connection between items
    Local override; error
    @(15.9150 mm, 38.6850 mm): Pad 3 [COL_G_08] of D484 on F.Cu
    @(15.9150 mm, 40.8850 mm): Pad 3 [COL_G_08] of D512 on F.Cu
[unconnected_items]: Missing connection between items
    Local override; error
    @(15.9150 mm, 40.8850 mm): Pad 3 [COL_G_08] of D512 on F.Cu
    @(15.9150 mm, 43.0850 mm): Pad 3 [COL_G_08] of D540 on F.Cu
[unconnected_items]: Missing connection between items
    Local override; error
    @(15.9150 mm, 43.0850 mm): Pad 3 [COL_G_08] of D540 on F.Cu
    @(15.9150 mm, 45.2850 mm): Pad 3 [COL_G_08] of D568 on F.Cu
[unconnected_items]: Missing connection between items
    Local override; error
    @(15.9150 mm, 45.2850 mm): Pad 3 [COL_G_08] of D568 on F.Cu
    @(15.9150 mm, 47.4850 mm): Pad 3 [COL_G_08] of D596 on F.Cu
[unconnected_items]: Missing connection between items
    Local override; error
    @(15.9150 mm, 47.4850 mm): Pad 3 [COL_G_08] of D596 on F.Cu
    @(15.9150 mm, 49.6850 mm): Pad 3 [COL_G_08] of D624 on F.Cu
[unconnected_items]: Missing connection between items
    Local override; error
    @(15.9150 mm, 49.6850 mm): Pad 3 [COL_G_08] of D624 on F.Cu
    @(15.9150 mm, 51.8850 mm): Pad 3 [COL_G_08] of D652 on F.Cu
[unconnected_items]: Missing connection between items
    Local override; error
    @(15.9150 mm, 51.8850 mm): Pad 3 [COL_G_08] of D652 on F.Cu
    @(15.9150 mm, 54.0850 mm): Pad 3 [COL_G_08] of D680 on F.Cu
[unconnected_items]: Missing connection between items
    Local override; error
    @(15.9150 mm, 54.0850 mm): Pad 3 [COL_G_08] of D680 on F.Cu
    @(15.9150 mm, 56.2850 mm): Pad 3 [COL_G_08] of D708 on F.Cu
[unconnected_items]: Missing connection between items
    Local override; error
    @(15.9150 mm, 56.2850 mm): Pad 3 [COL_G_08] of D708 on F.Cu
    @(15.9150 mm, 58.4850 mm): Pad 3 [COL_G_08] of D736 on F.Cu
[unconnected_items]: Missing connection between items
    Local override; error
    @(15.9150 mm, 58.4850 mm): Pad 3 [COL_G_08] of D736 on F.Cu
    @(15.9150 mm, 60.6850 mm): Pad 3 [COL_G_08] of D764 on F.Cu
[unconnected_items]: Missing connection between items
    Local override; error
    @(15.9150 mm, 0.5150 mm): Pad 4 [COL_B_08] of D8 on F.Cu
    @(15.9150 mm, 2.7150 mm): Pad 4 [COL_B_08] of D36 on F.Cu
[unconnected_items]: Missing connection between items
    Local override; error
    @(15.9150 mm, 2.7150 mm): Pad 4 [COL_B_08] of D36 on F.Cu
    @(15.9150 mm, 4.9150 mm): Pad 4 [COL_B_08] of D64 on F.Cu
[unconnected_items]: Missing connection between items
    Local override; error
    @(15.9150 mm, 4.9150 mm): Pad 4 [COL_B_08] of D64 on F.Cu
    @(15.9150 mm, 7.1150 mm): Pad 4 [COL_B_08] of D92 on F.Cu
[unconnected_items]: Missing connection between items
    Local override; error
    @(15.9150 mm, 7.1150 mm): Pad 4 [COL_B_08] of D92 on F.Cu
    @(15.9150 mm, 9.3150 mm): Pad 4 [COL_B_08] of D120 on F.Cu
[unconnected_items]: Missing connection between items
    Local override; error
    @(15.9150 mm, 9.3150 mm): Pad 4 [COL_B_08] of D120 on F.Cu
    @(15.9150 mm, 11.5150 mm): Pad 4 [COL_B_08] of D148 on F.Cu
[unconnected_items]: Missing connection between items
    Local override; error
    @(15.9150 mm, 11.5150 mm): Pad 4 [COL_B_08] of D148 on F.Cu
    @(15.9150 mm, 13.7150 mm): Pad 4 [COL_B_08] of D176 on F.Cu
[unconnected_items]: Missing connection between items
    Local override; error
    @(15.9150 mm, 13.7150 mm): Pad 4 [COL_B_08] of D176 on F.Cu
    @(15.9150 mm, 15.9150 mm): Pad 4 [COL_B_08] of D204 on F.Cu
[unconnected_items]: Missing connection between items
    Local override; error
    @(15.9150 mm, 15.9150 mm): Pad 4 [COL_B_08] of D204 on F.Cu
    @(15.9150 mm, 18.1150 mm): Pad 4 [COL_B_08] of D232 on F.Cu
[unconnected_items]: Missing connection between items
    Local override; error
    @(15.9150 mm, 18.1150 mm): Pad 4 [COL_B_08] of D232 on F.Cu
    @(15.9150 mm, 20.3150 mm): Pad 4 [COL_B_08] of D260 on F.Cu
[unconnected_items]: Missing connection between items
    Local override; error
    @(15.9150 mm, 20.3150 mm): Pad 4 [COL_B_08] of D260 on F.Cu
    @(15.9150 mm, 22.5150 mm): Pad 4 [COL_B_08] of D288 on F.Cu
[unconnected_items]: Missing connection between items
    Local override; error
    @(15.9150 mm, 22.5150 mm): Pad 4 [COL_B_08] of D288 on F.Cu
    @(15.9150 mm, 24.7150 mm): Pad 4 [COL_B_08] of D316 on F.Cu
[unconnected_items]: Missing connection between items
    Local override; error
    @(15.9150 mm, 24.7150 mm): Pad 4 [COL_B_08] of D316 on F.Cu
    @(15.9150 mm, 26.9150 mm): Pad 4 [COL_B_08] of D344 on F.Cu
[unconnected_items]: Missing connection between items
    Local override; error
    @(15.9150 mm, 26.9150 mm): Pad 4 [COL_B_08] of D344 on F.Cu
    @(15.9150 mm, 29.1150 mm): Pad 4 [COL_B_08] of D372 on F.Cu
[unconnected_items]: Missing connection between items
    Local override; error
    @(15.9150 mm, 29.1150 mm): Pad 4 [COL_B_08] of D372 on F.Cu
    @(15.9150 mm, 31.3150 mm): Pad 4 [COL_B_08] of D400 on F.Cu
[unconnected_items]: Missing connection between items
    Local override; error
    @(15.9150 mm, 31.3150 mm): Pad 4 [COL_B_08] of D400 on F.Cu
    @(15.9150 mm, 33.5150 mm): Pad 4 [COL_B_08] of D428 on F.Cu
[unconnected_items]: Missing connection between items
    Local override; error
    @(15.9150 mm, 33.5150 mm): Pad 4 [COL_B_08] of D428 on F.Cu
    @(15.9150 mm, 35.7150 mm): Pad 4 [COL_B_08] of D456 on F.Cu
[unconnected_items]: Missing connection between items
    Local override; error
    @(15.9150 mm, 35.7150 mm): Pad 4 [COL_B_08] of D456 on F.Cu
    @(15.9150 mm, 37.9150 mm): Pad 4 [COL_B_08] of D484 on F.Cu
[unconnected_items]: Missing connection between items
    Local override; error
    @(15.9150 mm, 37.9150 mm): Pad 4 [COL_B_08] of D484 on F.Cu
    @(15.9150 mm, 40.1150 mm): Pad 4 [COL_B_08] of D512 on F.Cu
[unconnected_items]: Missing connection between items
    Local override; error
    @(15.9150 mm, 40.1150 mm): Pad 4 [COL_B_08] of D512 on F.Cu
    @(15.9150 mm, 42.3150 mm): Pad 4 [COL_B_08] of D540 on F.Cu
[unconnected_items]: Missing connection between items
    Local override; error
    @(15.9150 mm, 42.3150 mm): Pad 4 [COL_B_08] of D540 on F.Cu
    @(15.9150 mm, 44.5150 mm): Pad 4 [COL_B_08] of D568 on F.Cu
[unconnected_items]: Missing connection between items
    Local override; error
    @(15.9150 mm, 44.5150 mm): Pad 4 [COL_B_08] of D568 on F.Cu
    @(15.9150 mm, 46.7150 mm): Pad 4 [COL_B_08] of D596 on F.Cu
[unconnected_items]: Missing connection between items
    Local override; error
    @(15.9150 mm, 46.7150 mm): Pad 4 [COL_B_08] of D596 on F.Cu
    @(15.9150 mm, 48.9150 mm): Pad 4 [COL_B_08] of D624 on F.Cu
[unconnected_items]: Missing connection between items
    Local override; error
    @(15.9150 mm, 48.9150 mm): Pad 4 [COL_B_08] of D624 on F.Cu
    @(15.9150 mm, 51.1150 mm): Pad 4 [COL_B_08] of D652 on F.Cu
[unconnected_items]: Missing connection between items
    Local override; error
    @(15.9150 mm, 51.1150 mm): Pad 4 [COL_B_08] of D652 on F.Cu
    @(15.9150 mm, 53.3150 mm): Pad 4 [COL_B_08] of D680 on F.Cu
[unconnected_items]: Missing connection between items
    Local override; error
    @(15.9150 mm, 53.3150 mm): Pad 4 [COL_B_08] of D680 on F.Cu
    @(15.9150 mm, 55.5150 mm): Pad 4 [COL_B_08] of D708 on F.Cu
[unconnected_items]: Missing connection between items
    Local override; error
    @(15.9150 mm, 55.5150 mm): Pad 4 [COL_B_08] of D708 on F.Cu
    @(15.9150 mm, 57.7150 mm): Pad 4 [COL_B_08] of D736 on F.Cu
[unconnected_items]: Missing connection between items
    Local override; error
    @(15.9150 mm, 57.7150 mm): Pad 4 [COL_B_08] of D736 on F.Cu
    @(15.9150 mm, 59.9150 mm): Pad 4 [COL_B_08] of D764 on F.Cu
[unconnected_items]: Missing connection between items
    Local override; error
    @(1.2850 mm, 20.3150 mm): Pad 1 [ROW_10_ANODE] of D253 on F.Cu
    @(3.4850 mm, 20.3150 mm): Pad 1 [ROW_10_ANODE] of D254 on F.Cu
[unconnected_items]: Missing connection between items
    Local override; error
    @(3.4850 mm, 20.3150 mm): Pad 1 [ROW_10_ANODE] of D254 on F.Cu
    @(5.6850 mm, 20.3150 mm): Pad 1 [ROW_10_ANODE] of D255 on F.Cu
[unconnected_items]: Missing connection between items
    Local override; error
    @(5.6850 mm, 20.3150 mm): Pad 1 [ROW_10_ANODE] of D255 on F.Cu
    @(7.8850 mm, 20.3150 mm): Pad 1 [ROW_10_ANODE] of D256 on F.Cu
[unconnected_items]: Missing connection between items
    Local override; error
    @(7.8850 mm, 20.3150 mm): Pad 1 [ROW_10_ANODE] of D256 on F.Cu
    @(10.0850 mm, 20.3150 mm): Pad 1 [ROW_10_ANODE] of D257 on F.Cu
[unconnected_items]: Missing connection between items
    Local override; error
    @(10.0850 mm, 20.3150 mm): Pad 1 [ROW_10_ANODE] of D257 on F.Cu
    @(12.2850 mm, 20.3150 mm): Pad 1 [ROW_10_ANODE] of D258 on F.Cu
[unconnected_items]: Missing connection between items
    Local override; error
    @(12.2850 mm, 20.3150 mm): Pad 1 [ROW_10_ANODE] of D258 on F.Cu
    @(14.4850 mm, 20.3150 mm): Pad 1 [ROW_10_ANODE] of D259 on F.Cu
[unconnected_items]: Missing connection between items
    Local override; error
    @(14.4850 mm, 20.3150 mm): Pad 1 [ROW_10_ANODE] of D259 on F.Cu
    @(16.6850 mm, 20.3150 mm): Pad 1 [ROW_10_ANODE] of D260 on F.Cu
[unconnected_items]: Missing connection between items
    Local override; error
    @(16.6850 mm, 20.3150 mm): Pad 1 [ROW_10_ANODE] of D260 on F.Cu
    @(18.8850 mm, 20.3150 mm): Pad 1 [ROW_10_ANODE] of D261 on F.Cu
[unconnected_items]: Missing connection between items
    Local override; error
    @(18.8850 mm, 20.3150 mm): Pad 1 [ROW_10_ANODE] of D261 on F.Cu
    @(21.0850 mm, 20.3150 mm): Pad 1 [ROW_10_ANODE] of D262 on F.Cu
[unconnected_items]: Missing connection between items
    Local override; error
    @(21.0850 mm, 20.3150 mm): Pad 1 [ROW_10_ANODE] of D262 on F.Cu
    @(23.2850 mm, 20.3150 mm): Pad 1 [ROW_10_ANODE] of D263 on F.Cu
[unconnected_items]: Missing connection between items
    Local override; error
    @(23.2850 mm, 20.3150 mm): Pad 1 [ROW_10_ANODE] of D263 on F.Cu
    @(25.4850 mm, 20.3150 mm): Pad 1 [ROW_10_ANODE] of D264 on F.Cu
[unconnected_items]: Missing connection between items
    Local override; error
    @(25.4850 mm, 20.3150 mm): Pad 1 [ROW_10_ANODE] of D264 on F.Cu
    @(27.6850 mm, 20.3150 mm): Pad 1 [ROW_10_ANODE] of D265 on F.Cu
[unconnected_items]: Missing connection between items
    Local override; error
    @(27.6850 mm, 20.3150 mm): Pad 1 [ROW_10_ANODE] of D265 on F.Cu
    @(29.8850 mm, 20.3150 mm): Pad 1 [ROW_10_ANODE] of D266 on F.Cu
[unconnected_items]: Missing connection between items
    Local override; error
    @(29.8850 mm, 20.3150 mm): Pad 1 [ROW_10_ANODE] of D266 on F.Cu
    @(32.0850 mm, 20.3150 mm): Pad 1 [ROW_10_ANODE] of D267 on F.Cu
[unconnected_items]: Missing connection between items
    Local override; error
    @(32.0850 mm, 20.3150 mm): Pad 1 [ROW_10_ANODE] of D267 on F.Cu
    @(34.2850 mm, 20.3150 mm): Pad 1 [ROW_10_ANODE] of D268 on F.Cu
[unconnected_items]: Missing connection between items
    Local override; error
    @(34.2850 mm, 20.3150 mm): Pad 1 [ROW_10_ANODE] of D268 on F.Cu
    @(36.4850 mm, 20.3150 mm): Pad 1 [ROW_10_ANODE] of D269 on F.Cu
[unconnected_items]: Missing connection between items
    Local override; error
    @(36.4850 mm, 20.3150 mm): Pad 1 [ROW_10_ANODE] of D269 on F.Cu
    @(38.6850 mm, 20.3150 mm): Pad 1 [ROW_10_ANODE] of D270 on F.Cu
[unconnected_items]: Missing connection between items
    Local override; error
    @(38.6850 mm, 20.3150 mm): Pad 1 [ROW_10_ANODE] of D270 on F.Cu
    @(40.8850 mm, 20.3150 mm): Pad 1 [ROW_10_ANODE] of D271 on F.Cu
[unconnected_items]: Missing connection between items
    Local override; error
    @(40.8850 mm, 20.3150 mm): Pad 1 [ROW_10_ANODE] of D271 on F.Cu
    @(43.0850 mm, 20.3150 mm): Pad 1 [ROW_10_ANODE] of D272 on F.Cu
[unconnected_items]: Missing connection between items
    Local override; error
    @(43.0850 mm, 20.3150 mm): Pad 1 [ROW_10_ANODE] of D272 on F.Cu
    @(45.2850 mm, 20.3150 mm): Pad 1 [ROW_10_ANODE] of D273 on F.Cu
[unconnected_items]: Missing connection between items
    Local override; error
    @(45.2850 mm, 20.3150 mm): Pad 1 [ROW_10_ANODE] of D273 on F.Cu
    @(47.4850 mm, 20.3150 mm): Pad 1 [ROW_10_ANODE] of D274 on F.Cu
[unconnected_items]: Missing connection between items
    Local override; error
    @(47.4850 mm, 20.3150 mm): Pad 1 [ROW_10_ANODE] of D274 on F.Cu
    @(49.6850 mm, 20.3150 mm): Pad 1 [ROW_10_ANODE] of D275 on F.Cu
[unconnected_items]: Missing connection between items
    Local override; error
    @(49.6850 mm, 20.3150 mm): Pad 1 [ROW_10_ANODE] of D275 on F.Cu
    @(51.8850 mm, 20.3150 mm): Pad 1 [ROW_10_ANODE] of D276 on F.Cu
[unconnected_items]: Missing connection between items
    Local override; error
    @(51.8850 mm, 20.3150 mm): Pad 1 [ROW_10_ANODE] of D276 on F.Cu
    @(54.0850 mm, 20.3150 mm): Pad 1 [ROW_10_ANODE] of D277 on F.Cu
[unconnected_items]: Missing connection between items
    Local override; error
    @(54.0850 mm, 20.3150 mm): Pad 1 [ROW_10_ANODE] of D277 on F.Cu
    @(56.2850 mm, 20.3150 mm): Pad 1 [ROW_10_ANODE] of D278 on F.Cu
[unconnected_items]: Missing connection between items
    Local override; error
    @(56.2850 mm, 20.3150 mm): Pad 1 [ROW_10_ANODE] of D278 on F.Cu
    @(58.4850 mm, 20.3150 mm): Pad 1 [ROW_10_ANODE] of D279 on F.Cu
[unconnected_items]: Missing connection between items
    Local override; error
    @(58.4850 mm, 20.3150 mm): Pad 1 [ROW_10_ANODE] of D279 on F.Cu
    @(60.6850 mm, 20.3150 mm): Pad 1 [ROW_10_ANODE] of D280 on F.Cu
[unconnected_items]: Missing connection between items
    Local override; error
    @(45.2850 mm, 1.2850 mm): Pad 2 [COL_R_21] of D21 on F.Cu
    @(45.2850 mm, 3.4850 mm): Pad 2 [COL_R_21] of D49 on F.Cu
[unconnected_items]: Missing connection between items
    Local override; error
    @(45.2850 mm, 3.4850 mm): Pad 2 [COL_R_21] of D49 on F.Cu
    @(45.2850 mm, 5.6850 mm): Pad 2 [COL_R_21] of D77 on F.Cu
[unconnected_items]: Missing connection between items
    Local override; error
    @(45.2850 mm, 5.6850 mm): Pad 2 [COL_R_21] of D77 on F.Cu
    @(45.2850 mm, 7.8850 mm): Pad 2 [COL_R_21] of D105 on F.Cu
[unconnected_items]: Missing connection between items
    Local override; error
    @(45.2850 mm, 7.8850 mm): Pad 2 [COL_R_21] of D105 on F.Cu
    @(45.2850 mm, 10.0850 mm): Pad 2 [COL_R_21] of D133 on F.Cu
[unconnected_items]: Missing connection between items
    Local override; error
    @(45.2850 mm, 10.0850 mm): Pad 2 [COL_R_21] of D133 on F.Cu
    @(45.2850 mm, 12.2850 mm): Pad 2 [COL_R_21] of D161 on F.Cu
[unconnected_items]: Missing connection between items
    Local override; error
    @(45.2850 mm, 12.2850 mm): Pad 2 [COL_R_21] of D161 on F.Cu
    @(45.2850 mm, 14.4850 mm): Pad 2 [COL_R_21] of D189 on F.Cu
[unconnected_items]: Missing connection between items
    Local override; error
    @(45.2850 mm, 14.4850 mm): Pad 2 [COL_R_21] of D189 on F.Cu
    @(45.2850 mm, 16.6850 mm): Pad 2 [COL_R_21] of D217 on F.Cu
[unconnected_items]: Missing connection between items
    Local override; error
    @(45.2850 mm, 16.6850 mm): Pad 2 [COL_R_21] of D217 on F.Cu
    @(45.2850 mm, 18.8850 mm): Pad 2 [COL_R_21] of D245 on F.Cu
[unconnected_items]: Missing connection between items
    Local override; error
    @(45.2850 mm, 18.8850 mm): Pad 2 [COL_R_21] of D245 on F.Cu
    @(45.2850 mm, 21.0850 mm): Pad 2 [COL_R_21] of D273 on F.Cu
[unconnected_items]: Missing connection between items
    Local override; error
    @(45.2850 mm, 21.0850 mm): Pad 2 [COL_R_21] of D273 on F.Cu
    @(45.2850 mm, 23.2850 mm): Pad 2 [COL_R_21] of D301 on F.Cu
[unconnected_items]: Missing connection between items
    Local override; error
    @(45.2850 mm, 23.2850 mm): Pad 2 [COL_R_21] of D301 on F.Cu
    @(45.2850 mm, 25.4850 mm): Pad 2 [COL_R_21] of D329 on F.Cu
[unconnected_items]: Missing connection between items
    Local override; error
    @(45.2850 mm, 25.4850 mm): Pad 2 [COL_R_21] of D329 on F.Cu
    @(45.2850 mm, 27.6850 mm): Pad 2 [COL_R_21] of D357 on F.Cu
[unconnected_items]: Missing connection between items
    Local override; error
    @(45.2850 mm, 27.6850 mm): Pad 2 [COL_R_21] of D357 on F.Cu
    @(45.2850 mm, 29.8850 mm): Pad 2 [COL_R_21] of D385 on F.Cu
[unconnected_items]: Missing connection between items
    Local override; error
    @(45.2850 mm, 29.8850 mm): Pad 2 [COL_R_21] of D385 on F.Cu
    @(45.2850 mm, 32.0850 mm): Pad 2 [COL_R_21] of D413 on F.Cu
[unconnected_items]: Missing connection between items
    Local override; error
    @(45.2850 mm, 32.0850 mm): Pad 2 [COL_R_21] of D413 on F.Cu
    @(45.2850 mm, 34.2850 mm): Pad 2 [COL_R_21] of D441 on F.Cu
[unconnected_items]: Missing connection between items
    Local override; error
    @(45.2850 mm, 34.2850 mm): Pad 2 [COL_R_21] of D441 on F.Cu
    @(45.2850 mm, 36.4850 mm): Pad 2 [COL_R_21] of D469 on F.Cu
[unconnected_items]: Missing connection between items
    Local override; error
    @(45.2850 mm, 36.4850 mm): Pad 2 [COL_R_21] of D469 on F.Cu
    @(45.2850 mm, 38.6850 mm): Pad 2 [COL_R_21] of D497 on F.Cu
[unconnected_items]: Missing connection between items
    Local override; error
    @(45.2850 mm, 38.6850 mm): Pad 2 [COL_R_21] of D497 on F.Cu
    @(45.2850 mm, 40.8850 mm): Pad 2 [COL_R_21] of D525 on F.Cu
[unconnected_items]: Missing connection between items
    Local override; error
    @(45.2850 mm, 40.8850 mm): Pad 2 [COL_R_21] of D525 on F.Cu
    @(45.2850 mm, 43.0850 mm): Pad 2 [COL_R_21] of D553 on F.Cu
[unconnected_items]: Missing connection between items
    Local override; error
    @(45.2850 mm, 43.0850 mm): Pad 2 [COL_R_21] of D553 on F.Cu
    @(45.2850 mm, 45.2850 mm): Pad 2 [COL_R_21] of D581 on F.Cu
[unconnected_items]: Missing connection between items
    Local override; error
    @(45.2850 mm, 45.2850 mm): Pad 2 [COL_R_21] of D581 on F.Cu
    @(45.2850 mm, 47.4850 mm): Pad 2 [COL_R_21] of D609 on F.Cu
[unconnected_items]: Missing connection between items
    Local override; error
    @(45.2850 mm, 47.4850 mm): Pad 2 [COL_R_21] of D609 on F.Cu
    @(45.2850 mm, 49.6850 mm): Pad 2 [COL_R_21] of D637 on F.Cu
[unconnected_items]: Missing connection between items
    Local override; error
    @(45.2850 mm, 49.6850 mm): Pad 2 [COL_R_21] of D637 on F.Cu
    @(45.2850 mm, 51.8850 mm): Pad 2 [COL_R_21] of D665 on F.Cu
[unconnected_items]: Missing connection between items
    Local override; error
    @(45.2850 mm, 51.8850 mm): Pad 2 [COL_R_21] of D665 on F.Cu
    @(45.2850 mm, 54.0850 mm): Pad 2 [COL_R_21] of D693 on F.Cu
[unconnected_items]: Missing connection between items
    Local override; error
    @(45.2850 mm, 54.0850 mm): Pad 2 [COL_R_21] of D693 on F.Cu
    @(45.2850 mm, 56.2850 mm): Pad 2 [COL_R_21] of D721 on F.Cu
[unconnected_items]: Missing connection between items
    Local override; error
    @(45.2850 mm, 56.2850 mm): Pad 2 [COL_R_21] of D721 on F.Cu
    @(45.2850 mm, 58.4850 mm): Pad 2 [COL_R_21] of D749 on F.Cu
[unconnected_items]: Missing connection between items
    Local override; error
    @(45.2850 mm, 58.4850 mm): Pad 2 [COL_R_21] of D749 on F.Cu
    @(45.2850 mm, 60.6850 mm): Pad 2 [COL_R_21] of D777 on F.Cu
[unconnected_items]: Missing connection between items
    Local override; error
    @(44.5150 mm, 1.2850 mm): Pad 3 [COL_G_21] of D21 on F.Cu
    @(44.5150 mm, 3.4850 mm): Pad 3 [COL_G_21] of D49 on F.Cu
[unconnected_items]: Missing connection between items
    Local override; error
    @(44.5150 mm, 3.4850 mm): Pad 3 [COL_G_21] of D49 on F.Cu
    @(44.5150 mm, 5.6850 mm): Pad 3 [COL_G_21] of D77 on F.Cu
[unconnected_items]: Missing connection between items
    Local override; error
    @(44.5150 mm, 5.6850 mm): Pad 3 [COL_G_21] of D77 on F.Cu
    @(44.5150 mm, 7.8850 mm): Pad 3 [COL_G_21] of D105 on F.Cu
[unconnected_items]: Missing connection between items
    Local override; error
    @(44.5150 mm, 7.8850 mm): Pad 3 [COL_G_21] of D105 on F.Cu
    @(44.5150 mm, 10.0850 mm): Pad 3 [COL_G_21] of D133 on F.Cu
[unconnected_items]: Missing connection between items
    Local override; error
    @(44.5150 mm, 10.0850 mm): Pad 3 [COL_G_21] of D133 on F.Cu
    @(44.5150 mm, 12.2850 mm): Pad 3 [COL_G_21] of D161 on F.Cu
[unconnected_items]: Missing connection between items
    Local override; error
    @(44.5150 mm, 12.2850 mm): Pad 3 [COL_G_21] of D161 on F.Cu
    @(44.5150 mm, 14.4850 mm): Pad 3 [COL_G_21] of D189 on F.Cu
[unconnected_items]: Missing connection between items
    Local override; error
    @(44.5150 mm, 14.4850 mm): Pad 3 [COL_G_21] of D189 on F.Cu
    @(44.5150 mm, 16.6850 mm): Pad 3 [COL_G_21] of D217 on F.Cu
[unconnected_items]: Missing connection between items
    Local override; error
    @(44.5150 mm, 16.6850 mm): Pad 3 [COL_G_21] of D217 on F.Cu
    @(44.5150 mm, 18.8850 mm): Pad 3 [COL_G_21] of D245 on F.Cu
[unconnected_items]: Missing connection between items
    Local override; error
    @(44.5150 mm, 18.8850 mm): Pad 3 [COL_G_21] of D245 on F.Cu
    @(44.5150 mm, 21.0850 mm): Pad 3 [COL_G_21] of D273 on F.Cu
[unconnected_items]: Missing connection between items
    Local override; error
    @(44.5150 mm, 21.0850 mm): Pad 3 [COL_G_21] of D273 on F.Cu
    @(44.5150 mm, 23.2850 mm): Pad 3 [COL_G_21] of D301 on F.Cu
[unconnected_items]: Missing connection between items
    Local override; error
    @(44.5150 mm, 23.2850 mm): Pad 3 [COL_G_21] of D301 on F.Cu
    @(44.5150 mm, 25.4850 mm): Pad 3 [COL_G_21] of D329 on F.Cu
[unconnected_items]: Missing connection between items
    Local override; error
    @(44.5150 mm, 25.4850 mm): Pad 3 [COL_G_21] of D329 on F.Cu
    @(44.5150 mm, 27.6850 mm): Pad 3 [COL_G_21] of D357 on F.Cu
[unconnected_items]: Missing connection between items
    Local override; error
    @(44.5150 mm, 27.6850 mm): Pad 3 [COL_G_21] of D357 on F.Cu
    @(44.5150 mm, 29.8850 mm): Pad 3 [COL_G_21] of D385 on F.Cu
[unconnected_items]: Missing connection between items
    Local override; error
    @(44.5150 mm, 29.8850 mm): Pad 3 [COL_G_21] of D385 on F.Cu
    @(44.5150 mm, 32.0850 mm): Pad 3 [COL_G_21] of D413 on F.Cu
[unconnected_items]: Missing connection between items
    Local override; error
    @(44.5150 mm, 32.0850 mm): Pad 3 [COL_G_21] of D413 on F.Cu
    @(44.5150 mm, 34.2850 mm): Pad 3 [COL_G_21] of D441 on F.Cu
[unconnected_items]: Missing connection between items
    Local override; error
    @(44.5150 mm, 34.2850 mm): Pad 3 [COL_G_21] of D441 on F.Cu
    @(44.5150 mm, 36.4850 mm): Pad 3 [COL_G_21] of D469 on F.Cu
[unconnected_items]: Missing connection between items
    Local override; error
    @(44.5150 mm, 36.4850 mm): Pad 3 [COL_G_21] of D469 on F.Cu
    @(44.5150 mm, 38.6850 mm): Pad 3 [COL_G_21] of D497 on F.Cu
[unconnected_items]: Missing connection between items
    Local override; error
    @(44.5150 mm, 38.6850 mm): Pad 3 [COL_G_21] of D497 on F.Cu
    @(44.5150 mm, 40.8850 mm): Pad 3 [COL_G_21] of D525 on F.Cu
[unconnected_items]: Missing connection between items
    Local override; error
    @(44.5150 mm, 40.8850 mm): Pad 3 [COL_G_21] of D525 on F.Cu
    @(44.5150 mm, 43.0850 mm): Pad 3 [COL_G_21] of D553 on F.Cu
[unconnected_items]: Missing connection between items
    Local override; error
    @(44.5150 mm, 43.0850 mm): Pad 3 [COL_G_21] of D553 on F.Cu
    @(44.5150 mm, 45.2850 mm): Pad 3 [COL_G_21] of D581 on F.Cu
[unconnected_items]: Missing connection between items
    Local override; error
    @(44.5150 mm, 45.2850 mm): Pad 3 [COL_G_21] of D581 on F.Cu
    @(44.5150 mm, 47.4850 mm): Pad 3 [COL_G_21] of D609 on F.Cu
[unconnected_items]: Missing connection between items
    Local override; error
    @(44.5150 mm, 47.4850 mm): Pad 3 [COL_G_21] of D609 on F.Cu
    @(44.5150 mm, 49.6850 mm): Pad 3 [COL_G_21] of D637 on F.Cu
[unconnected_items]: Missing connection between items
    Local override; error
    @(44.5150 mm, 49.6850 mm): Pad 3 [COL_G_21] of D637 on F.Cu
    @(44.5150 mm, 51.8850 mm): Pad 3 [COL_G_21] of D665 on F.Cu
[unconnected_items]: Missing connection between items
    Local override; error
    @(44.5150 mm, 51.8850 mm): Pad 3 [COL_G_21] of D665 on F.Cu
    @(44.5150 mm, 54.0850 mm): Pad 3 [COL_G_21] of D693 on F.Cu
[unconnected_items]: Missing connection between items
    Local override; error
    @(44.5150 mm, 54.0850 mm): Pad 3 [COL_G_21] of D693 on F.Cu
    @(44.5150 mm, 56.2850 mm): Pad 3 [COL_G_21] of D721 on F.Cu
[unconnected_items]: Missing connection between items
    Local override; error
    @(44.5150 mm, 56.2850 mm): Pad 3 [COL_G_21] of D721 on F.Cu
    @(44.5150 mm, 58.4850 mm): Pad 3 [COL_G_21] of D749 on F.Cu
[unconnected_items]: Missing connection between items
    Local override; error
    @(44.5150 mm, 58.4850 mm): Pad 3 [COL_G_21] of D749 on F.Cu
    @(44.5150 mm, 60.6850 mm): Pad 3 [COL_G_21] of D777 on F.Cu
[unconnected_items]: Missing connection between items
    Local override; error
    @(44.5150 mm, 0.5150 mm): Pad 4 [COL_B_21] of D21 on F.Cu
    @(44.5150 mm, 2.7150 mm): Pad 4 [COL_B_21] of D49 on F.Cu
[unconnected_items]: Missing connection between items
    Local override; error
    @(44.5150 mm, 2.7150 mm): Pad 4 [COL_B_21] of D49 on F.Cu
    @(44.5150 mm, 4.9150 mm): Pad 4 [COL_B_21] of D77 on F.Cu
[unconnected_items]: Missing connection between items
    Local override; error
    @(44.5150 mm, 4.9150 mm): Pad 4 [COL_B_21] of D77 on F.Cu
    @(44.5150 mm, 7.1150 mm): Pad 4 [COL_B_21] of D105 on F.Cu
[unconnected_items]: Missing connection between items
    Local override; error
    @(44.5150 mm, 7.1150 mm): Pad 4 [COL_B_21] of D105 on F.Cu
    @(44.5150 mm, 9.3150 mm): Pad 4 [COL_B_21] of D133 on F.Cu
[unconnected_items]: Missing connection between items
    Local override; error
    @(44.5150 mm, 9.3150 mm): Pad 4 [COL_B_21] of D133 on F.Cu
    @(44.5150 mm, 11.5150 mm): Pad 4 [COL_B_21] of D161 on F.Cu
[unconnected_items]: Missing connection between items
    Local override; error
    @(44.5150 mm, 11.5150 mm): Pad 4 [COL_B_21] of D161 on F.Cu
    @(44.5150 mm, 13.7150 mm): Pad 4 [COL_B_21] of D189 on F.Cu
[unconnected_items]: Missing connection between items
    Local override; error
    @(44.5150 mm, 13.7150 mm): Pad 4 [COL_B_21] of D189 on F.Cu
    @(44.5150 mm, 15.9150 mm): Pad 4 [COL_B_21] of D217 on F.Cu
[unconnected_items]: Missing connection between items
    Local override; error
    @(44.5150 mm, 15.9150 mm): Pad 4 [COL_B_21] of D217 on F.Cu
    @(44.5150 mm, 18.1150 mm): Pad 4 [COL_B_21] of D245 on F.Cu
[unconnected_items]: Missing connection between items
    Local override; error
    @(44.5150 mm, 18.1150 mm): Pad 4 [COL_B_21] of D245 on F.Cu
    @(44.5150 mm, 20.3150 mm): Pad 4 [COL_B_21] of D273 on F.Cu
[unconnected_items]: Missing connection between items
    Local override; error
    @(44.5150 mm, 20.3150 mm): Pad 4 [COL_B_21] of D273 on F.Cu
    @(44.5150 mm, 22.5150 mm): Pad 4 [COL_B_21] of D301 on F.Cu
[unconnected_items]: Missing connection between items
    Local override; error
    @(44.5150 mm, 22.5150 mm): Pad 4 [COL_B_21] of D301 on F.Cu
    @(44.5150 mm, 24.7150 mm): Pad 4 [COL_B_21] of D329 on F.Cu
[unconnected_items]: Missing connection between items
    Local override; error
    @(44.5150 mm, 24.7150 mm): Pad 4 [COL_B_21] of D329 on F.Cu
    @(44.5150 mm, 26.9150 mm): Pad 4 [COL_B_21] of D357 on F.Cu
[unconnected_items]: Missing connection between items
    Local override; error
    @(44.5150 mm, 26.9150 mm): Pad 4 [COL_B_21] of D357 on F.Cu
    @(44.5150 mm, 29.1150 mm): Pad 4 [COL_B_21] of D385 on F.Cu
[unconnected_items]: Missing connection between items
    Local override; error
    @(44.5150 mm, 29.1150 mm): Pad 4 [COL_B_21] of D385 on F.Cu
    @(44.5150 mm, 31.3150 mm): Pad 4 [COL_B_21] of D413 on F.Cu
[unconnected_items]: Missing connection between items
    Local override; error
    @(44.5150 mm, 31.3150 mm): Pad 4 [COL_B_21] of D413 on F.Cu
    @(44.5150 mm, 33.5150 mm): Pad 4 [COL_B_21] of D441 on F.Cu
[unconnected_items]: Missing connection between items
    Local override; error
    @(44.5150 mm, 33.5150 mm): Pad 4 [COL_B_21] of D441 on F.Cu
    @(44.5150 mm, 35.7150 mm): Pad 4 [COL_B_21] of D469 on F.Cu
[unconnected_items]: Missing connection between items
    Local override; error
    @(44.5150 mm, 35.7150 mm): Pad 4 [COL_B_21] of D469 on F.Cu
    @(44.5150 mm, 37.9150 mm): Pad 4 [COL_B_21] of D497 on F.Cu
[unconnected_items]: Missing connection between items
    Local override; error
    @(44.5150 mm, 37.9150 mm): Pad 4 [COL_B_21] of D497 on F.Cu
    @(44.5150 mm, 40.1150 mm): Pad 4 [COL_B_21] of D525 on F.Cu
[unconnected_items]: Missing connection between items
    Local override; error
    @(44.5150 mm, 40.1150 mm): Pad 4 [COL_B_21] of D525 on F.Cu
    @(44.5150 mm, 42.3150 mm): Pad 4 [COL_B_21] of D553 on F.Cu
[unconnected_items]: Missing connection between items
    Local override; error
    @(44.5150 mm, 42.3150 mm): Pad 4 [COL_B_21] of D553 on F.Cu
    @(44.5150 mm, 44.5150 mm): Pad 4 [COL_B_21] of D581 on F.Cu
[unconnected_items]: Missing connection between items
    Local override; error
    @(44.5150 mm, 44.5150 mm): Pad 4 [COL_B_21] of D581 on F.Cu
    @(44.5150 mm, 46.7150 mm): Pad 4 [COL_B_21] of D609 on F.Cu
[unconnected_items]: Missing connection between items
    Local override; error
    @(44.5150 mm, 46.7150 mm): Pad 4 [COL_B_21] of D609 on F.Cu
    @(44.5150 mm, 48.9150 mm): Pad 4 [COL_B_21] of D637 on F.Cu
[unconnected_items]: Missing connection between items
    Local override; error
    @(44.5150 mm, 48.9150 mm): Pad 4 [COL_B_21] of D637 on F.Cu
    @(44.5150 mm, 51.1150 mm): Pad 4 [COL_B_21] of D665 on F.Cu
[unconnected_items]: Missing connection between items
    Local override; error
    @(44.5150 mm, 51.1150 mm): Pad 4 [COL_B_21] of D665 on F.Cu
    @(44.5150 mm, 53.3150 mm): Pad 4 [COL_B_21] of D693 on F.Cu
[unconnected_items]: Missing connection between items
    Local override; error
    @(44.5150 mm, 53.3150 mm): Pad 4 [COL_B_21] of D693 on F.Cu
    @(44.5150 mm, 55.5150 mm): Pad 4 [COL_B_21] of D721 on F.Cu
[unconnected_items]: Missing connection between items
    Local override; error
    @(44.5150 mm, 55.5150 mm): Pad 4 [COL_B_21] of D721 on F.Cu
    @(44.5150 mm, 57.7150 mm): Pad 4 [COL_B_21] of D749 on F.Cu
[unconnected_items]: Missing connection between items
    Local override; error
    @(44.5150 mm, 57.7150 mm): Pad 4 [COL_B_21] of D749 on F.Cu
    @(44.5150 mm, 59.9150 mm): Pad 4 [COL_B_21] of D777 on F.Cu
[unconnected_items]: Missing connection between items
    Local override; error
    @(1.2850 mm, 51.1150 mm): Pad 1 [ROW_24_ANODE] of D645 on F.Cu
    @(3.4850 mm, 51.1150 mm): Pad 1 [ROW_24_ANODE] of D646 on F.Cu
[unconnected_items]: Missing connection between items
    Local override; error
    @(3.4850 mm, 51.1150 mm): Pad 1 [ROW_24_ANODE] of D646 on F.Cu
    @(5.6850 mm, 51.1150 mm): Pad 1 [ROW_24_ANODE] of D647 on F.Cu
[unconnected_items]: Missing connection between items
    Local override; error
    @(5.6850 mm, 51.1150 mm): Pad 1 [ROW_24_ANODE] of D647 on F.Cu
    @(7.8850 mm, 51.1150 mm): Pad 1 [ROW_24_ANODE] of D648 on F.Cu
[unconnected_items]: Missing connection between items
    Local override; error
    @(7.8850 mm, 51.1150 mm): Pad 1 [ROW_24_ANODE] of D648 on F.Cu
    @(10.0850 mm, 51.1150 mm): Pad 1 [ROW_24_ANODE] of D649 on F.Cu
[unconnected_items]: Missing connection between items
    Local override; error
    @(10.0850 mm, 51.1150 mm): Pad 1 [ROW_24_ANODE] of D649 on F.Cu
    @(12.2850 mm, 51.1150 mm): Pad 1 [ROW_24_ANODE] of D650 on F.Cu
[unconnected_items]: Missing connection between items
    Local override; error
    @(12.2850 mm, 51.1150 mm): Pad 1 [ROW_24_ANODE] of D650 on F.Cu
    @(14.4850 mm, 51.1150 mm): Pad 1 [ROW_24_ANODE] of D651 on F.Cu
[unconnected_items]: Missing connection between items
    Local override; error
    @(14.4850 mm, 51.1150 mm): Pad 1 [ROW_24_ANODE] of D651 on F.Cu
    @(16.6850 mm, 51.1150 mm): Pad 1 [ROW_24_ANODE] of D652 on F.Cu
[unconnected_items]: Missing connection between items
    Local override; error
    @(16.6850 mm, 51.1150 mm): Pad 1 [ROW_24_ANODE] of D652 on F.Cu
    @(18.8850 mm, 51.1150 mm): Pad 1 [ROW_24_ANODE] of D653 on F.Cu
[unconnected_items]: Missing connection between items
    Local override; error
    @(18.8850 mm, 51.1150 mm): Pad 1 [ROW_24_ANODE] of D653 on F.Cu
    @(21.0850 mm, 51.1150 mm): Pad 1 [ROW_24_ANODE] of D654 on F.Cu
[unconnected_items]: Missing connection between items
    Local override; error
    @(21.0850 mm, 51.1150 mm): Pad 1 [ROW_24_ANODE] of D654 on F.Cu
    @(23.2850 mm, 51.1150 mm): Pad 1 [ROW_24_ANODE] of D655 on F.Cu
[unconnected_items]: Missing connection between items
    Local override; error
    @(23.2850 mm, 51.1150 mm): Pad 1 [ROW_24_ANODE] of D655 on F.Cu
    @(25.4850 mm, 51.1150 mm): Pad 1 [ROW_24_ANODE] of D656 on F.Cu
[unconnected_items]: Missing connection between items
    Local override; error
    @(25.4850 mm, 51.1150 mm): Pad 1 [ROW_24_ANODE] of D656 on F.Cu
    @(27.6850 mm, 51.1150 mm): Pad 1 [ROW_24_ANODE] of D657 on F.Cu
[unconnected_items]: Missing connection between items
    Local override; error
    @(27.6850 mm, 51.1150 mm): Pad 1 [ROW_24_ANODE] of D657 on F.Cu
    @(29.8850 mm, 51.1150 mm): Pad 1 [ROW_24_ANODE] of D658 on F.Cu
[unconnected_items]: Missing connection between items
    Local override; error
    @(29.8850 mm, 51.1150 mm): Pad 1 [ROW_24_ANODE] of D658 on F.Cu
    @(32.0850 mm, 51.1150 mm): Pad 1 [ROW_24_ANODE] of D659 on F.Cu
[unconnected_items]: Missing connection between items
    Local override; error
    @(32.0850 mm, 51.1150 mm): Pad 1 [ROW_24_ANODE] of D659 on F.Cu
    @(34.2850 mm, 51.1150 mm): Pad 1 [ROW_24_ANODE] of D660 on F.Cu
[unconnected_items]: Missing connection between items
    Local override; error
    @(34.2850 mm, 51.1150 mm): Pad 1 [ROW_24_ANODE] of D660 on F.Cu
    @(36.4850 mm, 51.1150 mm): Pad 1 [ROW_24_ANODE] of D661 on F.Cu
[unconnected_items]: Missing connection between items
    Local override; error
    @(36.4850 mm, 51.1150 mm): Pad 1 [ROW_24_ANODE] of D661 on F.Cu
    @(38.6850 mm, 51.1150 mm): Pad 1 [ROW_24_ANODE] of D662 on F.Cu
[unconnected_items]: Missing connection between items
    Local override; error
    @(38.6850 mm, 51.1150 mm): Pad 1 [ROW_24_ANODE] of D662 on F.Cu
    @(40.8850 mm, 51.1150 mm): Pad 1 [ROW_24_ANODE] of D663 on F.Cu
[unconnected_items]: Missing connection between items
    Local override; error
    @(40.8850 mm, 51.1150 mm): Pad 1 [ROW_24_ANODE] of D663 on F.Cu
    @(43.0850 mm, 51.1150 mm): Pad 1 [ROW_24_ANODE] of D664 on F.Cu
[unconnected_items]: Missing connection between items
    Local override; error
    @(43.0850 mm, 51.1150 mm): Pad 1 [ROW_24_ANODE] of D664 on F.Cu
    @(45.2850 mm, 51.1150 mm): Pad 1 [ROW_24_ANODE] of D665 on F.Cu
[unconnected_items]: Missing connection between items
    Local override; error
    @(45.2850 mm, 51.1150 mm): Pad 1 [ROW_24_ANODE] of D665 on F.Cu
    @(47.4850 mm, 51.1150 mm): Pad 1 [ROW_24_ANODE] of D666 on F.Cu
[unconnected_items]: Missing connection between items
    Local override; error
    @(47.4850 mm, 51.1150 mm): Pad 1 [ROW_24_ANODE] of D666 on F.Cu
    @(49.6850 mm, 51.1150 mm): Pad 1 [ROW_24_ANODE] of D667 on F.Cu
[unconnected_items]: Missing connection between items
    Local override; error
    @(49.6850 mm, 51.1150 mm): Pad 1 [ROW_24_ANODE] of D667 on F.Cu
    @(51.8850 mm, 51.1150 mm): Pad 1 [ROW_24_ANODE] of D668 on F.Cu
[unconnected_items]: Missing connection between items
    Local override; error
    @(51.8850 mm, 51.1150 mm): Pad 1 [ROW_24_ANODE] of D668 on F.Cu
    @(54.0850 mm, 51.1150 mm): Pad 1 [ROW_24_ANODE] of D669 on F.Cu
[unconnected_items]: Missing connection between items
    Local override; error
    @(54.0850 mm, 51.1150 mm): Pad 1 [ROW_24_ANODE] of D669 on F.Cu
    @(56.2850 mm, 51.1150 mm): Pad 1 [ROW_24_ANODE] of D670 on F.Cu
[unconnected_items]: Missing connection between items
    Local override; error
    @(56.2850 mm, 51.1150 mm): Pad 1 [ROW_24_ANODE] of D670 on F.Cu
    @(58.4850 mm, 51.1150 mm): Pad 1 [ROW_24_ANODE] of D671 on F.Cu
[unconnected_items]: Missing connection between items
    Local override; error
    @(58.4850 mm, 51.1150 mm): Pad 1 [ROW_24_ANODE] of D671 on F.Cu
    @(60.6850 mm, 51.1150 mm): Pad 1 [ROW_24_ANODE] of D672 on F.Cu
[unconnected_items]: Missing connection between items
    Local override; error
    @(58.4850 mm, 1.2850 mm): Pad 2 [COL_R_27] of D27 on F.Cu
    @(58.4850 mm, 3.4850 mm): Pad 2 [COL_R_27] of D55 on F.Cu
[unconnected_items]: Missing connection between items
    Local override; error
    @(58.4850 mm, 3.4850 mm): Pad 2 [COL_R_27] of D55 on F.Cu
    @(58.4850 mm, 5.6850 mm): Pad 2 [COL_R_27] of D83 on F.Cu
[unconnected_items]: Missing connection between items
    Local override; error
    @(58.4850 mm, 5.6850 mm): Pad 2 [COL_R_27] of D83 on F.Cu
    @(58.4850 mm, 7.8850 mm): Pad 2 [COL_R_27] of D111 on F.Cu
[unconnected_items]: Missing connection between items
    Local override; error
    @(58.4850 mm, 7.8850 mm): Pad 2 [COL_R_27] of D111 on F.Cu
    @(58.4850 mm, 10.0850 mm): Pad 2 [COL_R_27] of D139 on F.Cu
[unconnected_items]: Missing connection between items
    Local override; error
    @(58.4850 mm, 10.0850 mm): Pad 2 [COL_R_27] of D139 on F.Cu
    @(58.4850 mm, 12.2850 mm): Pad 2 [COL_R_27] of D167 on F.Cu
[unconnected_items]: Missing connection between items
    Local override; error
    @(58.4850 mm, 12.2850 mm): Pad 2 [COL_R_27] of D167 on F.Cu
    @(58.4850 mm, 14.4850 mm): Pad 2 [COL_R_27] of D195 on F.Cu
[unconnected_items]: Missing connection between items
    Local override; error
    @(58.4850 mm, 14.4850 mm): Pad 2 [COL_R_27] of D195 on F.Cu
    @(58.4850 mm, 16.6850 mm): Pad 2 [COL_R_27] of D223 on F.Cu
[unconnected_items]: Missing connection between items
    Local override; error
    @(58.4850 mm, 16.6850 mm): Pad 2 [COL_R_27] of D223 on F.Cu
    @(58.4850 mm, 18.8850 mm): Pad 2 [COL_R_27] of D251 on F.Cu
[unconnected_items]: Missing connection between items
    Local override; error
    @(58.4850 mm, 18.8850 mm): Pad 2 [COL_R_27] of D251 on F.Cu
    @(58.4850 mm, 21.0850 mm): Pad 2 [COL_R_27] of D279 on F.Cu
[unconnected_items]: Missing connection between items
    Local override; error
    @(58.4850 mm, 21.0850 mm): Pad 2 [COL_R_27] of D279 on F.Cu
    @(58.4850 mm, 23.2850 mm): Pad 2 [COL_R_27] of D307 on F.Cu
[unconnected_items]: Missing connection between items
    Local override; error
    @(58.4850 mm, 23.2850 mm): Pad 2 [COL_R_27] of D307 on F.Cu
    @(58.4850 mm, 25.4850 mm): Pad 2 [COL_R_27] of D335 on F.Cu
[unconnected_items]: Missing connection between items
    Local override; error
    @(58.4850 mm, 25.4850 mm): Pad 2 [COL_R_27] of D335 on F.Cu
    @(58.4850 mm, 27.6850 mm): Pad 2 [COL_R_27] of D363 on F.Cu
[unconnected_items]: Missing connection between items
    Local override; error
    @(58.4850 mm, 27.6850 mm): Pad 2 [COL_R_27] of D363 on F.Cu
    @(58.4850 mm, 29.8850 mm): Pad 2 [COL_R_27] of D391 on F.Cu
[unconnected_items]: Missing connection between items
    Local override; error
    @(58.4850 mm, 29.8850 mm): Pad 2 [COL_R_27] of D391 on F.Cu
    @(58.4850 mm, 32.0850 mm): Pad 2 [COL_R_27] of D419 on F.Cu
[unconnected_items]: Missing connection between items
    Local override; error
    @(58.4850 mm, 32.0850 mm): Pad 2 [COL_R_27] of D419 on F.Cu
    @(58.4850 mm, 34.2850 mm): Pad 2 [COL_R_27] of D447 on F.Cu
[unconnected_items]: Missing connection between items
    Local override; error
    @(58.4850 mm, 34.2850 mm): Pad 2 [COL_R_27] of D447 on F.Cu
    @(58.4850 mm, 36.4850 mm): Pad 2 [COL_R_27] of D475 on F.Cu
[unconnected_items]: Missing connection between items
    Local override; error
    @(58.4850 mm, 36.4850 mm): Pad 2 [COL_R_27] of D475 on F.Cu
    @(58.4850 mm, 38.6850 mm): Pad 2 [COL_R_27] of D503 on F.Cu
[unconnected_items]: Missing connection between items
    Local override; error
    @(58.4850 mm, 38.6850 mm): Pad 2 [COL_R_27] of D503 on F.Cu
    @(58.4850 mm, 40.8850 mm): Pad 2 [COL_R_27] of D531 on F.Cu
[unconnected_items]: Missing connection between items
    Local override; error
    @(58.4850 mm, 40.8850 mm): Pad 2 [COL_R_27] of D531 on F.Cu
    @(58.4850 mm, 43.0850 mm): Pad 2 [COL_R_27] of D559 on F.Cu
[unconnected_items]: Missing connection between items
    Local override; error
    @(58.4850 mm, 43.0850 mm): Pad 2 [COL_R_27] of D559 on F.Cu
    @(58.4850 mm, 45.2850 mm): Pad 2 [COL_R_27] of D587 on F.Cu
[unconnected_items]: Missing connection between items
    Local override; error
    @(58.4850 mm, 45.2850 mm): Pad 2 [COL_R_27] of D587 on F.Cu
    @(58.4850 mm, 47.4850 mm): Pad 2 [COL_R_27] of D615 on F.Cu
[unconnected_items]: Missing connection between items
    Local override; error
    @(58.4850 mm, 47.4850 mm): Pad 2 [COL_R_27] of D615 on F.Cu
    @(58.4850 mm, 49.6850 mm): Pad 2 [COL_R_27] of D643 on F.Cu
[unconnected_items]: Missing connection between items
    Local override; error
    @(58.4850 mm, 49.6850 mm): Pad 2 [COL_R_27] of D643 on F.Cu
    @(58.4850 mm, 51.8850 mm): Pad 2 [COL_R_27] of D671 on F.Cu
[unconnected_items]: Missing connection between items
    Local override; error
    @(58.4850 mm, 51.8850 mm): Pad 2 [COL_R_27] of D671 on F.Cu
    @(58.4850 mm, 54.0850 mm): Pad 2 [COL_R_27] of D699 on F.Cu
[unconnected_items]: Missing connection between items
    Local override; error
    @(58.4850 mm, 54.0850 mm): Pad 2 [COL_R_27] of D699 on F.Cu
    @(58.4850 mm, 56.2850 mm): Pad 2 [COL_R_27] of D727 on F.Cu
[unconnected_items]: Missing connection between items
    Local override; error
    @(58.4850 mm, 56.2850 mm): Pad 2 [COL_R_27] of D727 on F.Cu
    @(58.4850 mm, 58.4850 mm): Pad 2 [COL_R_27] of D755 on F.Cu
[unconnected_items]: Missing connection between items
    Local override; error
    @(58.4850 mm, 58.4850 mm): Pad 2 [COL_R_27] of D755 on F.Cu
    @(58.4850 mm, 60.6850 mm): Pad 2 [COL_R_27] of D783 on F.Cu
[unconnected_items]: Missing connection between items
    Local override; error
    @(57.7150 mm, 1.2850 mm): Pad 3 [COL_G_27] of D27 on F.Cu
    @(57.7150 mm, 3.4850 mm): Pad 3 [COL_G_27] of D55 on F.Cu
[unconnected_items]: Missing connection between items
    Local override; error
    @(57.7150 mm, 3.4850 mm): Pad 3 [COL_G_27] of D55 on F.Cu
    @(57.7150 mm, 5.6850 mm): Pad 3 [COL_G_27] of D83 on F.Cu
[unconnected_items]: Missing connection between items
    Local override; error
    @(57.7150 mm, 5.6850 mm): Pad 3 [COL_G_27] of D83 on F.Cu
    @(57.7150 mm, 7.8850 mm): Pad 3 [COL_G_27] of D111 on F.Cu
[unconnected_items]: Missing connection between items
    Local override; error
    @(57.7150 mm, 7.8850 mm): Pad 3 [COL_G_27] of D111 on F.Cu
    @(57.7150 mm, 10.0850 mm): Pad 3 [COL_G_27] of D139 on F.Cu
[unconnected_items]: Missing connection between items
    Local override; error
    @(57.7150 mm, 10.0850 mm): Pad 3 [COL_G_27] of D139 on F.Cu
    @(57.7150 mm, 12.2850 mm): Pad 3 [COL_G_27] of D167 on F.Cu
[unconnected_items]: Missing connection between items
    Local override; error
    @(57.7150 mm, 12.2850 mm): Pad 3 [COL_G_27] of D167 on F.Cu
    @(57.7150 mm, 14.4850 mm): Pad 3 [COL_G_27] of D195 on F.Cu
[unconnected_items]: Missing connection between items
    Local override; error
    @(57.7150 mm, 14.4850 mm): Pad 3 [COL_G_27] of D195 on F.Cu
    @(57.7150 mm, 16.6850 mm): Pad 3 [COL_G_27] of D223 on F.Cu
[unconnected_items]: Missing connection between items
    Local override; error
    @(57.7150 mm, 16.6850 mm): Pad 3 [COL_G_27] of D223 on F.Cu
    @(57.7150 mm, 18.8850 mm): Pad 3 [COL_G_27] of D251 on F.Cu
[unconnected_items]: Missing connection between items
    Local override; error
    @(57.7150 mm, 18.8850 mm): Pad 3 [COL_G_27] of D251 on F.Cu
    @(57.7150 mm, 21.0850 mm): Pad 3 [COL_G_27] of D279 on F.Cu
[unconnected_items]: Missing connection between items
    Local override; error
    @(57.7150 mm, 21.0850 mm): Pad 3 [COL_G_27] of D279 on F.Cu
    @(57.7150 mm, 23.2850 mm): Pad 3 [COL_G_27] of D307 on F.Cu
[unconnected_items]: Missing connection between items
    Local override; error
    @(57.7150 mm, 23.2850 mm): Pad 3 [COL_G_27] of D307 on F.Cu
    @(57.7150 mm, 25.4850 mm): Pad 3 [COL_G_27] of D335 on F.Cu
[unconnected_items]: Missing connection between items
    Local override; error
    @(57.7150 mm, 25.4850 mm): Pad 3 [COL_G_27] of D335 on F.Cu
    @(57.7150 mm, 27.6850 mm): Pad 3 [COL_G_27] of D363 on F.Cu
[unconnected_items]: Missing connection between items
    Local override; error
    @(57.7150 mm, 27.6850 mm): Pad 3 [COL_G_27] of D363 on F.Cu
    @(57.7150 mm, 29.8850 mm): Pad 3 [COL_G_27] of D391 on F.Cu
[unconnected_items]: Missing connection between items
    Local override; error
    @(57.7150 mm, 29.8850 mm): Pad 3 [COL_G_27] of D391 on F.Cu
    @(57.7150 mm, 32.0850 mm): Pad 3 [COL_G_27] of D419 on F.Cu
[unconnected_items]: Missing connection between items
    Local override; error
    @(57.7150 mm, 32.0850 mm): Pad 3 [COL_G_27] of D419 on F.Cu
    @(57.7150 mm, 34.2850 mm): Pad 3 [COL_G_27] of D447 on F.Cu
[unconnected_items]: Missing connection between items
    Local override; error
    @(57.7150 mm, 34.2850 mm): Pad 3 [COL_G_27] of D447 on F.Cu
    @(57.7150 mm, 36.4850 mm): Pad 3 [COL_G_27] of D475 on F.Cu
[unconnected_items]: Missing connection between items
    Local override; error
    @(57.7150 mm, 36.4850 mm): Pad 3 [COL_G_27] of D475 on F.Cu
    @(57.7150 mm, 38.6850 mm): Pad 3 [COL_G_27] of D503 on F.Cu
[unconnected_items]: Missing connection between items
    Local override; error
    @(57.7150 mm, 38.6850 mm): Pad 3 [COL_G_27] of D503 on F.Cu
    @(57.7150 mm, 40.8850 mm): Pad 3 [COL_G_27] of D531 on F.Cu
[unconnected_items]: Missing connection between items
    Local override; error
    @(57.7150 mm, 40.8850 mm): Pad 3 [COL_G_27] of D531 on F.Cu
    @(57.7150 mm, 43.0850 mm): Pad 3 [COL_G_27] of D559 on F.Cu
[unconnected_items]: Missing connection between items
    Local override; error
    @(57.7150 mm, 43.0850 mm): Pad 3 [COL_G_27] of D559 on F.Cu
    @(57.7150 mm, 45.2850 mm): Pad 3 [COL_G_27] of D587 on F.Cu
[unconnected_items]: Missing connection between items
    Local override; error
    @(57.7150 mm, 45.2850 mm): Pad 3 [COL_G_27] of D587 on F.Cu
    @(57.7150 mm, 47.4850 mm): Pad 3 [COL_G_27] of D615 on F.Cu
[unconnected_items]: Missing connection between items
    Local override; error
    @(57.7150 mm, 47.4850 mm): Pad 3 [COL_G_27] of D615 on F.Cu
    @(57.7150 mm, 49.6850 mm): Pad 3 [COL_G_27] of D643 on F.Cu
[unconnected_items]: Missing connection between items
    Local override; error
    @(57.7150 mm, 49.6850 mm): Pad 3 [COL_G_27] of D643 on F.Cu
    @(57.7150 mm, 51.8850 mm): Pad 3 [COL_G_27] of D671 on F.Cu
[unconnected_items]: Missing connection between items
    Local override; error
    @(57.7150 mm, 51.8850 mm): Pad 3 [COL_G_27] of D671 on F.Cu
    @(57.7150 mm, 54.0850 mm): Pad 3 [COL_G_27] of D699 on F.Cu
[unconnected_items]: Missing connection between items
    Local override; error
    @(57.7150 mm, 54.0850 mm): Pad 3 [COL_G_27] of D699 on F.Cu
    @(57.7150 mm, 56.2850 mm): Pad 3 [COL_G_27] of D727 on F.Cu
[unconnected_items]: Missing connection between items
    Local override; error
    @(57.7150 mm, 56.2850 mm): Pad 3 [COL_G_27] of D727 on F.Cu
    @(57.7150 mm, 58.4850 mm): Pad 3 [COL_G_27] of D755 on F.Cu
[unconnected_items]: Missing connection between items
    Local override; error
    @(57.7150 mm, 58.4850 mm): Pad 3 [COL_G_27] of D755 on F.Cu
    @(57.7150 mm, 60.6850 mm): Pad 3 [COL_G_27] of D783 on F.Cu
[unconnected_items]: Missing connection between items
    Local override; error
    @(57.7150 mm, 0.5150 mm): Pad 4 [COL_B_27] of D27 on F.Cu
    @(57.7150 mm, 2.7150 mm): Pad 4 [COL_B_27] of D55 on F.Cu
[unconnected_items]: Missing connection between items
    Local override; error
    @(57.7150 mm, 2.7150 mm): Pad 4 [COL_B_27] of D55 on F.Cu
    @(57.7150 mm, 4.9150 mm): Pad 4 [COL_B_27] of D83 on F.Cu
[unconnected_items]: Missing connection between items
    Local override; error
    @(57.7150 mm, 4.9150 mm): Pad 4 [COL_B_27] of D83 on F.Cu
    @(57.7150 mm, 7.1150 mm): Pad 4 [COL_B_27] of D111 on F.Cu
[unconnected_items]: Missing connection between items
    Local override; error
    @(57.7150 mm, 7.1150 mm): Pad 4 [COL_B_27] of D111 on F.Cu
    @(57.7150 mm, 9.3150 mm): Pad 4 [COL_B_27] of D139 on F.Cu
[unconnected_items]: Missing connection between items
    Local override; error
    @(57.7150 mm, 9.3150 mm): Pad 4 [COL_B_27] of D139 on F.Cu
    @(57.7150 mm, 11.5150 mm): Pad 4 [COL_B_27] of D167 on F.Cu
[unconnected_items]: Missing connection between items
    Local override; error
    @(57.7150 mm, 11.5150 mm): Pad 4 [COL_B_27] of D167 on F.Cu
    @(57.7150 mm, 13.7150 mm): Pad 4 [COL_B_27] of D195 on F.Cu
[unconnected_items]: Missing connection between items
    Local override; error
    @(57.7150 mm, 13.7150 mm): Pad 4 [COL_B_27] of D195 on F.Cu
    @(57.7150 mm, 15.9150 mm): Pad 4 [COL_B_27] of D223 on F.Cu
[unconnected_items]: Missing connection between items
    Local override; error
    @(57.7150 mm, 15.9150 mm): Pad 4 [COL_B_27] of D223 on F.Cu
    @(57.7150 mm, 18.1150 mm): Pad 4 [COL_B_27] of D251 on F.Cu
[unconnected_items]: Missing connection between items
    Local override; error
    @(57.7150 mm, 18.1150 mm): Pad 4 [COL_B_27] of D251 on F.Cu
    @(57.7150 mm, 20.3150 mm): Pad 4 [COL_B_27] of D279 on F.Cu
[unconnected_items]: Missing connection between items
    Local override; error
    @(57.7150 mm, 20.3150 mm): Pad 4 [COL_B_27] of D279 on F.Cu
    @(57.7150 mm, 22.5150 mm): Pad 4 [COL_B_27] of D307 on F.Cu
[unconnected_items]: Missing connection between items
    Local override; error
    @(57.7150 mm, 22.5150 mm): Pad 4 [COL_B_27] of D307 on F.Cu
    @(57.7150 mm, 24.7150 mm): Pad 4 [COL_B_27] of D335 on F.Cu
[unconnected_items]: Missing connection between items
    Local override; error
    @(57.7150 mm, 24.7150 mm): Pad 4 [COL_B_27] of D335 on F.Cu
    @(57.7150 mm, 26.9150 mm): Pad 4 [COL_B_27] of D363 on F.Cu
[unconnected_items]: Missing connection between items
    Local override; error
    @(57.7150 mm, 26.9150 mm): Pad 4 [COL_B_27] of D363 on F.Cu
    @(57.7150 mm, 29.1150 mm): Pad 4 [COL_B_27] of D391 on F.Cu
[unconnected_items]: Missing connection between items
    Local override; error
    @(57.7150 mm, 29.1150 mm): Pad 4 [COL_B_27] of D391 on F.Cu
    @(57.7150 mm, 31.3150 mm): Pad 4 [COL_B_27] of D419 on F.Cu
[unconnected_items]: Missing connection between items
    Local override; error
    @(57.7150 mm, 31.3150 mm): Pad 4 [COL_B_27] of D419 on F.Cu
    @(57.7150 mm, 33.5150 mm): Pad 4 [COL_B_27] of D447 on F.Cu
[unconnected_items]: Missing connection between items
    Local override; error
    @(57.7150 mm, 33.5150 mm): Pad 4 [COL_B_27] of D447 on F.Cu
    @(57.7150 mm, 35.7150 mm): Pad 4 [COL_B_27] of D475 on F.Cu
[unconnected_items]: Missing connection between items
    Local override; error
    @(57.7150 mm, 35.7150 mm): Pad 4 [COL_B_27] of D475 on F.Cu
    @(57.7150 mm, 37.9150 mm): Pad 4 [COL_B_27] of D503 on F.Cu
[unconnected_items]: Missing connection between items
    Local override; error
    @(57.7150 mm, 37.9150 mm): Pad 4 [COL_B_27] of D503 on F.Cu
    @(57.7150 mm, 40.1150 mm): Pad 4 [COL_B_27] of D531 on F.Cu
[unconnected_items]: Missing connection between items
    Local override; error
    @(57.7150 mm, 40.1150 mm): Pad 4 [COL_B_27] of D531 on F.Cu
    @(57.7150 mm, 42.3150 mm): Pad 4 [COL_B_27] of D559 on F.Cu
[unconnected_items]: Missing connection between items
    Local override; error
    @(57.7150 mm, 42.3150 mm): Pad 4 [COL_B_27] of D559 on F.Cu
    @(57.7150 mm, 44.5150 mm): Pad 4 [COL_B_27] of D587 on F.Cu
[unconnected_items]: Missing connection between items
    Local override; error
    @(57.7150 mm, 44.5150 mm): Pad 4 [COL_B_27] of D587 on F.Cu
    @(57.7150 mm, 46.7150 mm): Pad 4 [COL_B_27] of D615 on F.Cu
[unconnected_items]: Missing connection between items
    Local override; error
    @(57.7150 mm, 46.7150 mm): Pad 4 [COL_B_27] of D615 on F.Cu
    @(57.7150 mm, 48.9150 mm): Pad 4 [COL_B_27] of D643 on F.Cu
[unconnected_items]: Missing connection between items
    Local override; error
    @(57.7150 mm, 48.9150 mm): Pad 4 [COL_B_27] of D643 on F.Cu
    @(57.7150 mm, 51.1150 mm): Pad 4 [COL_B_27] of D671 on F.Cu
[unconnected_items]: Missing connection between items
    Local override; error
    @(57.7150 mm, 51.1150 mm): Pad 4 [COL_B_27] of D671 on F.Cu
    @(57.7150 mm, 53.3150 mm): Pad 4 [COL_B_27] of D699 on F.Cu
[unconnected_items]: Missing connection between items
    Local override; error
    @(57.7150 mm, 53.3150 mm): Pad 4 [COL_B_27] of D699 on F.Cu
    @(57.7150 mm, 55.5150 mm): Pad 4 [COL_B_27] of D727 on F.Cu
[unconnected_items]: Missing connection between items
    Local override; error
    @(57.7150 mm, 55.5150 mm): Pad 4 [COL_B_27] of D727 on F.Cu
    @(57.7150 mm, 57.7150 mm): Pad 4 [COL_B_27] of D755 on F.Cu
[unconnected_items]: Missing connection between items
    Local override; error
    @(57.7150 mm, 57.7150 mm): Pad 4 [COL_B_27] of D755 on F.Cu
    @(57.7150 mm, 59.9150 mm): Pad 4 [COL_B_27] of D783 on F.Cu
[unconnected_items]: Missing connection between items
    Local override; error
    @(5.6850 mm, 2.7150 mm): Pad 1 [ROW_02_ANODE] of D31 on F.Cu
    @(4.0250 mm, 2.7150 mm): Via [ROW_02_ANODE] on F.Cu - B.Cu
[unconnected_items]: Missing connection between items
    Local override; error
    @(7.8850 mm, 2.7150 mm): Pad 1 [ROW_02_ANODE] of D32 on F.Cu
    @(5.6850 mm, 2.7150 mm): Pad 1 [ROW_02_ANODE] of D31 on F.Cu
[unconnected_items]: Missing connection between items
    Local override; error
    @(10.0850 mm, 2.7150 mm): Pad 1 [ROW_02_ANODE] of D33 on F.Cu
    @(7.8850 mm, 2.7150 mm): Pad 1 [ROW_02_ANODE] of D32 on F.Cu
[unconnected_items]: Missing connection between items
    Local override; error
    @(12.2850 mm, 2.7150 mm): Pad 1 [ROW_02_ANODE] of D34 on F.Cu
    @(10.0850 mm, 2.7150 mm): Pad 1 [ROW_02_ANODE] of D33 on F.Cu
[unconnected_items]: Missing connection between items
    Local override; error
    @(14.4850 mm, 2.7150 mm): Pad 1 [ROW_02_ANODE] of D35 on F.Cu
    @(12.2850 mm, 2.7150 mm): Pad 1 [ROW_02_ANODE] of D34 on F.Cu
[unconnected_items]: Missing connection between items
    Local override; error
    @(16.6850 mm, 2.7150 mm): Pad 1 [ROW_02_ANODE] of D36 on F.Cu
    @(14.4850 mm, 2.7150 mm): Pad 1 [ROW_02_ANODE] of D35 on F.Cu
[unconnected_items]: Missing connection between items
    Local override; error
    @(18.8850 mm, 2.7150 mm): Pad 1 [ROW_02_ANODE] of D37 on F.Cu
    @(16.6850 mm, 2.7150 mm): Pad 1 [ROW_02_ANODE] of D36 on F.Cu
[unconnected_items]: Missing connection between items
    Local override; error
    @(21.0850 mm, 2.7150 mm): Pad 1 [ROW_02_ANODE] of D38 on F.Cu
    @(18.8850 mm, 2.7150 mm): Pad 1 [ROW_02_ANODE] of D37 on F.Cu
[unconnected_items]: Missing connection between items
    Local override; error
    @(23.2850 mm, 2.7150 mm): Pad 1 [ROW_02_ANODE] of D39 on F.Cu
    @(21.0850 mm, 2.7150 mm): Pad 1 [ROW_02_ANODE] of D38 on F.Cu
[unconnected_items]: Missing connection between items
    Local override; error
    @(25.4850 mm, 2.7150 mm): Pad 1 [ROW_02_ANODE] of D40 on F.Cu
    @(23.2850 mm, 2.7150 mm): Pad 1 [ROW_02_ANODE] of D39 on F.Cu
[unconnected_items]: Missing connection between items
    Local override; error
    @(27.6850 mm, 2.7150 mm): Pad 1 [ROW_02_ANODE] of D41 on F.Cu
    @(25.4850 mm, 2.7150 mm): Pad 1 [ROW_02_ANODE] of D40 on F.Cu
[unconnected_items]: Missing connection between items
    Local override; error
    @(29.8850 mm, 2.7150 mm): Pad 1 [ROW_02_ANODE] of D42 on F.Cu
    @(27.6850 mm, 2.7150 mm): Pad 1 [ROW_02_ANODE] of D41 on F.Cu
[unconnected_items]: Missing connection between items
    Local override; error
    @(32.0850 mm, 2.7150 mm): Pad 1 [ROW_02_ANODE] of D43 on F.Cu
    @(29.8850 mm, 2.7150 mm): Pad 1 [ROW_02_ANODE] of D42 on F.Cu
[unconnected_items]: Missing connection between items
    Local override; error
    @(34.2850 mm, 2.7150 mm): Pad 1 [ROW_02_ANODE] of D44 on F.Cu
    @(32.0850 mm, 2.7150 mm): Pad 1 [ROW_02_ANODE] of D43 on F.Cu
[unconnected_items]: Missing connection between items
    Local override; error
    @(36.4850 mm, 2.7150 mm): Pad 1 [ROW_02_ANODE] of D45 on F.Cu
    @(34.2850 mm, 2.7150 mm): Pad 1 [ROW_02_ANODE] of D44 on F.Cu
[unconnected_items]: Missing connection between items
    Local override; error
    @(38.6850 mm, 2.7150 mm): Pad 1 [ROW_02_ANODE] of D46 on F.Cu
    @(36.4850 mm, 2.7150 mm): Pad 1 [ROW_02_ANODE] of D45 on F.Cu
[unconnected_items]: Missing connection between items
    Local override; error
    @(40.8850 mm, 2.7150 mm): Pad 1 [ROW_02_ANODE] of D47 on F.Cu
    @(38.6850 mm, 2.7150 mm): Pad 1 [ROW_02_ANODE] of D46 on F.Cu
[unconnected_items]: Missing connection between items
    Local override; error
    @(43.0850 mm, 2.7150 mm): Pad 1 [ROW_02_ANODE] of D48 on F.Cu
    @(40.8850 mm, 2.7150 mm): Pad 1 [ROW_02_ANODE] of D47 on F.Cu
[unconnected_items]: Missing connection between items
    Local override; error
    @(45.2850 mm, 2.7150 mm): Pad 1 [ROW_02_ANODE] of D49 on F.Cu
    @(43.0850 mm, 2.7150 mm): Pad 1 [ROW_02_ANODE] of D48 on F.Cu
[unconnected_items]: Missing connection between items
    Local override; error
    @(47.4850 mm, 2.7150 mm): Pad 1 [ROW_02_ANODE] of D50 on F.Cu
    @(45.2850 mm, 2.7150 mm): Pad 1 [ROW_02_ANODE] of D49 on F.Cu
[unconnected_items]: Missing connection between items
    Local override; error
    @(49.6850 mm, 2.7150 mm): Pad 1 [ROW_02_ANODE] of D51 on F.Cu
    @(47.4850 mm, 2.7150 mm): Pad 1 [ROW_02_ANODE] of D50 on F.Cu
[unconnected_items]: Missing connection between items
    Local override; error
    @(51.8850 mm, 2.7150 mm): Pad 1 [ROW_02_ANODE] of D52 on F.Cu
    @(49.6850 mm, 2.7150 mm): Pad 1 [ROW_02_ANODE] of D51 on F.Cu
[unconnected_items]: Missing connection between items
    Local override; error
    @(54.0850 mm, 2.7150 mm): Pad 1 [ROW_02_ANODE] of D53 on F.Cu
    @(51.8850 mm, 2.7150 mm): Pad 1 [ROW_02_ANODE] of D52 on F.Cu
[unconnected_items]: Missing connection between items
    Local override; error
    @(56.2850 mm, 2.7150 mm): Pad 1 [ROW_02_ANODE] of D54 on F.Cu
    @(54.0850 mm, 2.7150 mm): Pad 1 [ROW_02_ANODE] of D53 on F.Cu
[unconnected_items]: Missing connection between items
    Local override; error
    @(58.4850 mm, 2.7150 mm): Pad 1 [ROW_02_ANODE] of D55 on F.Cu
    @(56.2850 mm, 2.7150 mm): Pad 1 [ROW_02_ANODE] of D54 on F.Cu
[unconnected_items]: Missing connection between items
    Local override; error
    @(60.6850 mm, 2.7150 mm): Pad 1 [ROW_02_ANODE] of D56 on F.Cu
    @(58.4850 mm, 2.7150 mm): Pad 1 [ROW_02_ANODE] of D55 on F.Cu
[unconnected_items]: Missing connection between items
    Local override; error
    @(14.4850 mm, 1.2850 mm): Pad 2 [COL_R_07] of D7 on F.Cu
    @(14.4850 mm, 3.4850 mm): Pad 2 [COL_R_07] of D35 on F.Cu
[unconnected_items]: Missing connection between items
    Local override; error
    @(14.4850 mm, 3.4850 mm): Pad 2 [COL_R_07] of D35 on F.Cu
    @(14.4850 mm, 5.6850 mm): Pad 2 [COL_R_07] of D63 on F.Cu
[unconnected_items]: Missing connection between items
    Local override; error
    @(14.4850 mm, 5.6850 mm): Pad 2 [COL_R_07] of D63 on F.Cu
    @(14.4850 mm, 7.8850 mm): Pad 2 [COL_R_07] of D91 on F.Cu
[unconnected_items]: Missing connection between items
    Local override; error
    @(14.4850 mm, 7.8850 mm): Pad 2 [COL_R_07] of D91 on F.Cu
    @(14.4850 mm, 10.0850 mm): Pad 2 [COL_R_07] of D119 on F.Cu
[unconnected_items]: Missing connection between items
    Local override; error
    @(14.4850 mm, 10.0850 mm): Pad 2 [COL_R_07] of D119 on F.Cu
    @(14.4850 mm, 12.2850 mm): Pad 2 [COL_R_07] of D147 on F.Cu
[unconnected_items]: Missing connection between items
    Local override; error
    @(14.4850 mm, 12.2850 mm): Pad 2 [COL_R_07] of D147 on F.Cu
    @(14.4850 mm, 14.4850 mm): Pad 2 [COL_R_07] of D175 on F.Cu
[unconnected_items]: Missing connection between items
    Local override; error
    @(14.4850 mm, 14.4850 mm): Pad 2 [COL_R_07] of D175 on F.Cu
    @(14.4850 mm, 16.6850 mm): Pad 2 [COL_R_07] of D203 on F.Cu
[unconnected_items]: Missing connection between items
    Local override; error
    @(14.4850 mm, 16.6850 mm): Pad 2 [COL_R_07] of D203 on F.Cu
    @(14.4850 mm, 18.8850 mm): Pad 2 [COL_R_07] of D231 on F.Cu
[unconnected_items]: Missing connection between items
    Local override; error
    @(14.4850 mm, 18.8850 mm): Pad 2 [COL_R_07] of D231 on F.Cu
    @(14.4850 mm, 21.0850 mm): Pad 2 [COL_R_07] of D259 on F.Cu
[unconnected_items]: Missing connection between items
    Local override; error
    @(14.4850 mm, 21.0850 mm): Pad 2 [COL_R_07] of D259 on F.Cu
    @(14.4850 mm, 23.2850 mm): Pad 2 [COL_R_07] of D287 on F.Cu
[unconnected_items]: Missing connection between items
    Local override; error
    @(14.4850 mm, 23.2850 mm): Pad 2 [COL_R_07] of D287 on F.Cu
    @(14.4850 mm, 25.4850 mm): Pad 2 [COL_R_07] of D315 on F.Cu
[unconnected_items]: Missing connection between items
    Local override; error
    @(14.4850 mm, 25.4850 mm): Pad 2 [COL_R_07] of D315 on F.Cu
    @(14.4850 mm, 27.6850 mm): Pad 2 [COL_R_07] of D343 on F.Cu
[unconnected_items]: Missing connection between items
    Local override; error
    @(14.4850 mm, 27.6850 mm): Pad 2 [COL_R_07] of D343 on F.Cu
    @(14.4850 mm, 29.8850 mm): Pad 2 [COL_R_07] of D371 on F.Cu
[unconnected_items]: Missing connection between items
    Local override; error
    @(14.4850 mm, 29.8850 mm): Pad 2 [COL_R_07] of D371 on F.Cu
    @(14.4850 mm, 32.0850 mm): Pad 2 [COL_R_07] of D399 on F.Cu
[unconnected_items]: Missing connection between items
    Local override; error
    @(14.4850 mm, 32.0850 mm): Pad 2 [COL_R_07] of D399 on F.Cu
    @(14.4850 mm, 34.2850 mm): Pad 2 [COL_R_07] of D427 on F.Cu
[unconnected_items]: Missing connection between items
    Local override; error
    @(14.4850 mm, 34.2850 mm): Pad 2 [COL_R_07] of D427 on F.Cu
    @(14.4850 mm, 36.4850 mm): Pad 2 [COL_R_07] of D455 on F.Cu
[unconnected_items]: Missing connection between items
    Local override; error
    @(14.4850 mm, 36.4850 mm): Pad 2 [COL_R_07] of D455 on F.Cu
    @(14.4850 mm, 38.6850 mm): Pad 2 [COL_R_07] of D483 on F.Cu
[unconnected_items]: Missing connection between items
    Local override; error
    @(14.4850 mm, 38.6850 mm): Pad 2 [COL_R_07] of D483 on F.Cu
    @(14.4850 mm, 40.8850 mm): Pad 2 [COL_R_07] of D511 on F.Cu
[unconnected_items]: Missing connection between items
    Local override; error
    @(14.4850 mm, 40.8850 mm): Pad 2 [COL_R_07] of D511 on F.Cu
    @(14.4850 mm, 43.0850 mm): Pad 2 [COL_R_07] of D539 on F.Cu
[unconnected_items]: Missing connection between items
    Local override; error
    @(14.4850 mm, 43.0850 mm): Pad 2 [COL_R_07] of D539 on F.Cu
    @(14.4850 mm, 45.2850 mm): Pad 2 [COL_R_07] of D567 on F.Cu
[unconnected_items]: Missing connection between items
    Local override; error
    @(14.4850 mm, 45.2850 mm): Pad 2 [COL_R_07] of D567 on F.Cu
    @(14.4850 mm, 47.4850 mm): Pad 2 [COL_R_07] of D595 on F.Cu
[unconnected_items]: Missing connection between items
    Local override; error
    @(14.4850 mm, 47.4850 mm): Pad 2 [COL_R_07] of D595 on F.Cu
    @(14.4850 mm, 49.6850 mm): Pad 2 [COL_R_07] of D623 on F.Cu
[unconnected_items]: Missing connection between items
    Local override; error
    @(14.4850 mm, 49.6850 mm): Pad 2 [COL_R_07] of D623 on F.Cu
    @(14.4850 mm, 51.8850 mm): Pad 2 [COL_R_07] of D651 on F.Cu
[unconnected_items]: Missing connection between items
    Local override; error
    @(14.4850 mm, 51.8850 mm): Pad 2 [COL_R_07] of D651 on F.Cu
    @(14.4850 mm, 54.0850 mm): Pad 2 [COL_R_07] of D679 on F.Cu
[unconnected_items]: Missing connection between items
    Local override; error
    @(14.4850 mm, 54.0850 mm): Pad 2 [COL_R_07] of D679 on F.Cu
    @(14.4850 mm, 56.2850 mm): Pad 2 [COL_R_07] of D707 on F.Cu
[unconnected_items]: Missing connection between items
    Local override; error
    @(14.4850 mm, 56.2850 mm): Pad 2 [COL_R_07] of D707 on F.Cu
    @(14.4850 mm, 58.4850 mm): Pad 2 [COL_R_07] of D735 on F.Cu
[unconnected_items]: Missing connection between items
    Local override; error
    @(14.4850 mm, 58.4850 mm): Pad 2 [COL_R_07] of D735 on F.Cu
    @(14.4850 mm, 60.6850 mm): Pad 2 [COL_R_07] of D763 on F.Cu
[unconnected_items]: Missing connection between items
    Local override; error
    @(13.7150 mm, 1.2850 mm): Pad 3 [COL_G_07] of D7 on F.Cu
    @(13.7150 mm, 3.4850 mm): Pad 3 [COL_G_07] of D35 on F.Cu
[unconnected_items]: Missing connection between items
    Local override; error
    @(13.7150 mm, 3.4850 mm): Pad 3 [COL_G_07] of D35 on F.Cu
    @(13.7150 mm, 5.6850 mm): Pad 3 [COL_G_07] of D63 on F.Cu
[unconnected_items]: Missing connection between items
    Local override; error
    @(13.7150 mm, 5.6850 mm): Pad 3 [COL_G_07] of D63 on F.Cu
    @(13.7150 mm, 7.8850 mm): Pad 3 [COL_G_07] of D91 on F.Cu
[unconnected_items]: Missing connection between items
    Local override; error
    @(13.7150 mm, 7.8850 mm): Pad 3 [COL_G_07] of D91 on F.Cu
    @(13.7150 mm, 10.0850 mm): Pad 3 [COL_G_07] of D119 on F.Cu
[unconnected_items]: Missing connection between items
    Local override; error
    @(13.7150 mm, 10.0850 mm): Pad 3 [COL_G_07] of D119 on F.Cu
    @(13.7150 mm, 12.2850 mm): Pad 3 [COL_G_07] of D147 on F.Cu
[unconnected_items]: Missing connection between items
    Local override; error
    @(13.7150 mm, 12.2850 mm): Pad 3 [COL_G_07] of D147 on F.Cu
    @(13.7150 mm, 14.4850 mm): Pad 3 [COL_G_07] of D175 on F.Cu
[unconnected_items]: Missing connection between items
    Local override; error
    @(13.7150 mm, 14.4850 mm): Pad 3 [COL_G_07] of D175 on F.Cu
    @(13.7150 mm, 16.6850 mm): Pad 3 [COL_G_07] of D203 on F.Cu
[unconnected_items]: Missing connection between items
    Local override; error
    @(13.7150 mm, 16.6850 mm): Pad 3 [COL_G_07] of D203 on F.Cu
    @(13.7150 mm, 18.8850 mm): Pad 3 [COL_G_07] of D231 on F.Cu
[unconnected_items]: Missing connection between items
    Local override; error
    @(13.7150 mm, 18.8850 mm): Pad 3 [COL_G_07] of D231 on F.Cu
    @(13.7150 mm, 21.0850 mm): Pad 3 [COL_G_07] of D259 on F.Cu
[unconnected_items]: Missing connection between items
    Local override; error
    @(13.7150 mm, 21.0850 mm): Pad 3 [COL_G_07] of D259 on F.Cu
    @(13.7150 mm, 23.2850 mm): Pad 3 [COL_G_07] of D287 on F.Cu
[unconnected_items]: Missing connection between items
    Local override; error
    @(13.7150 mm, 23.2850 mm): Pad 3 [COL_G_07] of D287 on F.Cu
    @(13.7150 mm, 25.4850 mm): Pad 3 [COL_G_07] of D315 on F.Cu
[unconnected_items]: Missing connection between items
    Local override; error
    @(13.7150 mm, 25.4850 mm): Pad 3 [COL_G_07] of D315 on F.Cu
    @(13.7150 mm, 27.6850 mm): Pad 3 [COL_G_07] of D343 on F.Cu
[unconnected_items]: Missing connection between items
    Local override; error
    @(13.7150 mm, 27.6850 mm): Pad 3 [COL_G_07] of D343 on F.Cu
    @(13.7150 mm, 29.8850 mm): Pad 3 [COL_G_07] of D371 on F.Cu
[unconnected_items]: Missing connection between items
    Local override; error
    @(13.7150 mm, 29.8850 mm): Pad 3 [COL_G_07] of D371 on F.Cu
    @(13.7150 mm, 32.0850 mm): Pad 3 [COL_G_07] of D399 on F.Cu
[unconnected_items]: Missing connection between items
    Local override; error
    @(13.7150 mm, 32.0850 mm): Pad 3 [COL_G_07] of D399 on F.Cu
    @(13.7150 mm, 34.2850 mm): Pad 3 [COL_G_07] of D427 on F.Cu
[unconnected_items]: Missing connection between items
    Local override; error
    @(13.7150 mm, 34.2850 mm): Pad 3 [COL_G_07] of D427 on F.Cu
    @(13.7150 mm, 36.4850 mm): Pad 3 [COL_G_07] of D455 on F.Cu
[unconnected_items]: Missing connection between items
    Local override; error
    @(13.7150 mm, 36.4850 mm): Pad 3 [COL_G_07] of D455 on F.Cu
    @(13.7150 mm, 38.6850 mm): Pad 3 [COL_G_07] of D483 on F.Cu

** Found 0 Footprint errors **

** Ignored checks **
    - Footprint has no courtyard defined
    - Track endpoint not centered on via
    - Tuning profile track geometries
    - Footprint doesn't match symbol's footprint filters
    - Footprint component type doesn't match footprint pads

** End of Report **
