** Drc report for wearable_28x28_top_right_routing_probe.kicad_pcb **
** Created on 2026-10-08T04:40:32 **
** Report includes: Errors, Warnings **

** Found 0 DRC violations **

** Found 499 unconnected pads **
[unconnected_items]: Missing connection between items
    Local override; error
    @(1.2850 mm, 29.1150 mm): Pad 1 [ROW_14_ANODE] of D365 on F.Cu
    @(3.4850 mm, 29.1150 mm): Pad 1 [ROW_14_ANODE] of D366 on F.Cu
[unconnected_items]: Missing connection between items
    Local override; error
    @(3.4850 mm, 29.1150 mm): Pad 1 [ROW_14_ANODE] of D366 on F.Cu
    @(5.6850 mm, 29.1150 mm): Pad 1 [ROW_14_ANODE] of D367 on F.Cu
[unconnected_items]: Missing connection between items
    Local override; error
    @(5.6850 mm, 29.1150 mm): Pad 1 [ROW_14_ANODE] of D367 on F.Cu
    @(7.8850 mm, 29.1150 mm): Pad 1 [ROW_14_ANODE] of D368 on F.Cu
[unconnected_items]: Missing connection between items
    Local override; error
    @(7.8850 mm, 29.1150 mm): Pad 1 [ROW_14_ANODE] of D368 on F.Cu
    @(10.0850 mm, 29.1150 mm): Pad 1 [ROW_14_ANODE] of D369 on F.Cu
[unconnected_items]: Missing connection between items
    Local override; error
    @(10.0850 mm, 29.1150 mm): Pad 1 [ROW_14_ANODE] of D369 on F.Cu
    @(12.2850 mm, 29.1150 mm): Pad 1 [ROW_14_ANODE] of D370 on F.Cu
[unconnected_items]: Missing connection between items
    Local override; error
    @(12.2850 mm, 29.1150 mm): Pad 1 [ROW_14_ANODE] of D370 on F.Cu
    @(14.4850 mm, 29.1150 mm): Pad 1 [ROW_14_ANODE] of D371 on F.Cu
[unconnected_items]: Missing connection between items
    Local override; error
    @(14.4850 mm, 29.1150 mm): Pad 1 [ROW_14_ANODE] of D371 on F.Cu
    @(16.6850 mm, 29.1150 mm): Pad 1 [ROW_14_ANODE] of D372 on F.Cu
[unconnected_items]: Missing connection between items
    Local override; error
    @(16.6850 mm, 29.1150 mm): Pad 1 [ROW_14_ANODE] of D372 on F.Cu
    @(18.8850 mm, 29.1150 mm): Pad 1 [ROW_14_ANODE] of D373 on F.Cu
[unconnected_items]: Missing connection between items
    Local override; error
    @(18.8850 mm, 29.1150 mm): Pad 1 [ROW_14_ANODE] of D373 on F.Cu
    @(21.0850 mm, 29.1150 mm): Pad 1 [ROW_14_ANODE] of D374 on F.Cu
[unconnected_items]: Missing connection between items
    Local override; error
    @(21.0850 mm, 29.1150 mm): Pad 1 [ROW_14_ANODE] of D374 on F.Cu
    @(23.2850 mm, 29.1150 mm): Pad 1 [ROW_14_ANODE] of D375 on F.Cu
[unconnected_items]: Missing connection between items
    Local override; error
    @(23.2850 mm, 29.1150 mm): Pad 1 [ROW_14_ANODE] of D375 on F.Cu
    @(25.4850 mm, 29.1150 mm): Pad 1 [ROW_14_ANODE] of D376 on F.Cu
[unconnected_items]: Missing connection between items
    Local override; error
    @(25.4850 mm, 29.1150 mm): Pad 1 [ROW_14_ANODE] of D376 on F.Cu
    @(27.6850 mm, 29.1150 mm): Pad 1 [ROW_14_ANODE] of D377 on F.Cu
[unconnected_items]: Missing connection between items
    Local override; error
    @(27.6850 mm, 29.1150 mm): Pad 1 [ROW_14_ANODE] of D377 on F.Cu
    @(29.8850 mm, 29.1150 mm): Pad 1 [ROW_14_ANODE] of D378 on F.Cu
[unconnected_items]: Missing connection between items
    Local override; error
    @(29.8850 mm, 29.1150 mm): Pad 1 [ROW_14_ANODE] of D378 on F.Cu
    @(32.0850 mm, 29.1150 mm): Pad 1 [ROW_14_ANODE] of D379 on F.Cu
[unconnected_items]: Missing connection between items
    Local override; error
    @(32.0850 mm, 29.1150 mm): Pad 1 [ROW_14_ANODE] of D379 on F.Cu
    @(34.2850 mm, 29.1150 mm): Pad 1 [ROW_14_ANODE] of D380 on F.Cu
[unconnected_items]: Missing connection between items
    Local override; error
    @(34.2850 mm, 29.1150 mm): Pad 1 [ROW_14_ANODE] of D380 on F.Cu
    @(36.4850 mm, 29.1150 mm): Pad 1 [ROW_14_ANODE] of D381 on F.Cu
[unconnected_items]: Missing connection between items
    Local override; error
    @(36.4850 mm, 29.1150 mm): Pad 1 [ROW_14_ANODE] of D381 on F.Cu
    @(38.6850 mm, 29.1150 mm): Pad 1 [ROW_14_ANODE] of D382 on F.Cu
[unconnected_items]: Missing connection between items
    Local override; error
    @(38.6850 mm, 29.1150 mm): Pad 1 [ROW_14_ANODE] of D382 on F.Cu
    @(40.8850 mm, 29.1150 mm): Pad 1 [ROW_14_ANODE] of D383 on F.Cu
[unconnected_items]: Missing connection between items
    Local override; error
    @(40.8850 mm, 29.1150 mm): Pad 1 [ROW_14_ANODE] of D383 on F.Cu
    @(43.0850 mm, 29.1150 mm): Pad 1 [ROW_14_ANODE] of D384 on F.Cu
[unconnected_items]: Missing connection between items
    Local override; error
    @(43.0850 mm, 29.1150 mm): Pad 1 [ROW_14_ANODE] of D384 on F.Cu
    @(45.2850 mm, 29.1150 mm): Pad 1 [ROW_14_ANODE] of D385 on F.Cu
[unconnected_items]: Missing connection between items
    Local override; error
    @(45.2850 mm, 29.1150 mm): Pad 1 [ROW_14_ANODE] of D385 on F.Cu
    @(47.4850 mm, 29.1150 mm): Pad 1 [ROW_14_ANODE] of D386 on F.Cu
[unconnected_items]: Missing connection between items
    Local override; error
    @(47.4850 mm, 29.1150 mm): Pad 1 [ROW_14_ANODE] of D386 on F.Cu
    @(49.6850 mm, 29.1150 mm): Pad 1 [ROW_14_ANODE] of D387 on F.Cu
[unconnected_items]: Missing connection between items
    Local override; error
    @(49.6850 mm, 29.1150 mm): Pad 1 [ROW_14_ANODE] of D387 on F.Cu
    @(51.8850 mm, 29.1150 mm): Pad 1 [ROW_14_ANODE] of D388 on F.Cu
[unconnected_items]: Missing connection between items
    Local override; error
    @(51.8850 mm, 29.1150 mm): Pad 1 [ROW_14_ANODE] of D388 on F.Cu
    @(54.0850 mm, 29.1150 mm): Pad 1 [ROW_14_ANODE] of D389 on F.Cu
[unconnected_items]: Missing connection between items
    Local override; error
    @(54.0850 mm, 29.1150 mm): Pad 1 [ROW_14_ANODE] of D389 on F.Cu
    @(56.2850 mm, 29.1150 mm): Pad 1 [ROW_14_ANODE] of D390 on F.Cu
[unconnected_items]: Missing connection between items
    Local override; error
    @(56.2850 mm, 29.1150 mm): Pad 1 [ROW_14_ANODE] of D390 on F.Cu
    @(58.4850 mm, 29.1150 mm): Pad 1 [ROW_14_ANODE] of D391 on F.Cu
[unconnected_items]: Missing connection between items
    Local override; error
    @(58.4850 mm, 29.1150 mm): Pad 1 [ROW_14_ANODE] of D391 on F.Cu
    @(60.6850 mm, 29.1150 mm): Pad 1 [ROW_14_ANODE] of D392 on F.Cu
[unconnected_items]: Missing connection between items
    Local override; error
    @(18.8850 mm, 1.2850 mm): Pad 2 [COL_R_09] of D9 on F.Cu
    @(18.8850 mm, 3.4850 mm): Pad 2 [COL_R_09] of D37 on F.Cu
[unconnected_items]: Missing connection between items
    Local override; error
    @(18.8850 mm, 3.4850 mm): Pad 2 [COL_R_09] of D37 on F.Cu
    @(18.8850 mm, 5.6850 mm): Pad 2 [COL_R_09] of D65 on F.Cu
[unconnected_items]: Missing connection between items
    Local override; error
    @(18.8850 mm, 5.6850 mm): Pad 2 [COL_R_09] of D65 on F.Cu
    @(18.8850 mm, 7.8850 mm): Pad 2 [COL_R_09] of D93 on F.Cu
[unconnected_items]: Missing connection between items
    Local override; error
    @(18.8850 mm, 7.8850 mm): Pad 2 [COL_R_09] of D93 on F.Cu
    @(18.8850 mm, 10.0850 mm): Pad 2 [COL_R_09] of D121 on F.Cu
[unconnected_items]: Missing connection between items
    Local override; error
    @(18.8850 mm, 10.0850 mm): Pad 2 [COL_R_09] of D121 on F.Cu
    @(18.8850 mm, 12.2850 mm): Pad 2 [COL_R_09] of D149 on F.Cu
[unconnected_items]: Missing connection between items
    Local override; error
    @(18.8850 mm, 12.2850 mm): Pad 2 [COL_R_09] of D149 on F.Cu
    @(18.8850 mm, 14.4850 mm): Pad 2 [COL_R_09] of D177 on F.Cu
[unconnected_items]: Missing connection between items
    Local override; error
    @(18.8850 mm, 14.4850 mm): Pad 2 [COL_R_09] of D177 on F.Cu
    @(18.8850 mm, 16.6850 mm): Pad 2 [COL_R_09] of D205 on F.Cu
[unconnected_items]: Missing connection between items
    Local override; error
    @(18.8850 mm, 16.6850 mm): Pad 2 [COL_R_09] of D205 on F.Cu
    @(18.8850 mm, 18.8850 mm): Pad 2 [COL_R_09] of D233 on F.Cu
[unconnected_items]: Missing connection between items
    Local override; error
    @(18.8850 mm, 18.8850 mm): Pad 2 [COL_R_09] of D233 on F.Cu
    @(18.8850 mm, 21.0850 mm): Pad 2 [COL_R_09] of D261 on F.Cu
[unconnected_items]: Missing connection between items
    Local override; error
    @(18.8850 mm, 21.0850 mm): Pad 2 [COL_R_09] of D261 on F.Cu
    @(18.8850 mm, 23.2850 mm): Pad 2 [COL_R_09] of D289 on F.Cu
[unconnected_items]: Missing connection between items
    Local override; error
    @(18.8850 mm, 23.2850 mm): Pad 2 [COL_R_09] of D289 on F.Cu
    @(18.8850 mm, 25.4850 mm): Pad 2 [COL_R_09] of D317 on F.Cu
[unconnected_items]: Missing connection between items
    Local override; error
    @(18.8850 mm, 25.4850 mm): Pad 2 [COL_R_09] of D317 on F.Cu
    @(18.8850 mm, 27.6850 mm): Pad 2 [COL_R_09] of D345 on F.Cu
[unconnected_items]: Missing connection between items
    Local override; error
    @(18.8850 mm, 27.6850 mm): Pad 2 [COL_R_09] of D345 on F.Cu
    @(18.8850 mm, 29.8850 mm): Pad 2 [COL_R_09] of D373 on F.Cu
[unconnected_items]: Missing connection between items
    Local override; error
    @(18.8850 mm, 29.8850 mm): Pad 2 [COL_R_09] of D373 on F.Cu
    @(18.8850 mm, 32.0850 mm): Pad 2 [COL_R_09] of D401 on F.Cu
[unconnected_items]: Missing connection between items
    Local override; error
    @(18.8850 mm, 32.0850 mm): Pad 2 [COL_R_09] of D401 on F.Cu
    @(18.8850 mm, 34.2850 mm): Pad 2 [COL_R_09] of D429 on F.Cu
[unconnected_items]: Missing connection between items
    Local override; error
    @(18.8850 mm, 34.2850 mm): Pad 2 [COL_R_09] of D429 on F.Cu
    @(18.8850 mm, 36.4850 mm): Pad 2 [COL_R_09] of D457 on F.Cu
[unconnected_items]: Missing connection between items
    Local override; error
    @(18.8850 mm, 36.4850 mm): Pad 2 [COL_R_09] of D457 on F.Cu
    @(18.8850 mm, 38.6850 mm): Pad 2 [COL_R_09] of D485 on F.Cu
[unconnected_items]: Missing connection between items
    Local override; error
    @(18.8850 mm, 38.6850 mm): Pad 2 [COL_R_09] of D485 on F.Cu
    @(18.8850 mm, 40.8850 mm): Pad 2 [COL_R_09] of D513 on F.Cu
[unconnected_items]: Missing connection between items
    Local override; error
    @(18.8850 mm, 40.8850 mm): Pad 2 [COL_R_09] of D513 on F.Cu
    @(18.8850 mm, 43.0850 mm): Pad 2 [COL_R_09] of D541 on F.Cu
[unconnected_items]: Missing connection between items
    Local override; error
    @(18.8850 mm, 43.0850 mm): Pad 2 [COL_R_09] of D541 on F.Cu
    @(18.8850 mm, 45.2850 mm): Pad 2 [COL_R_09] of D569 on F.Cu
[unconnected_items]: Missing connection between items
    Local override; error
    @(18.8850 mm, 45.2850 mm): Pad 2 [COL_R_09] of D569 on F.Cu
    @(18.8850 mm, 47.4850 mm): Pad 2 [COL_R_09] of D597 on F.Cu
[unconnected_items]: Missing connection between items
    Local override; error
    @(18.8850 mm, 47.4850 mm): Pad 2 [COL_R_09] of D597 on F.Cu
    @(18.8850 mm, 49.6850 mm): Pad 2 [COL_R_09] of D625 on F.Cu
[unconnected_items]: Missing connection between items
    Local override; error
    @(18.8850 mm, 49.6850 mm): Pad 2 [COL_R_09] of D625 on F.Cu
    @(18.8850 mm, 51.8850 mm): Pad 2 [COL_R_09] of D653 on F.Cu
[unconnected_items]: Missing connection between items
    Local override; error
    @(18.8850 mm, 51.8850 mm): Pad 2 [COL_R_09] of D653 on F.Cu
    @(18.8850 mm, 54.0850 mm): Pad 2 [COL_R_09] of D681 on F.Cu
[unconnected_items]: Missing connection between items
    Local override; error
    @(18.8850 mm, 54.0850 mm): Pad 2 [COL_R_09] of D681 on F.Cu
    @(18.8850 mm, 56.2850 mm): Pad 2 [COL_R_09] of D709 on F.Cu
[unconnected_items]: Missing connection between items
    Local override; error
    @(18.8850 mm, 56.2850 mm): Pad 2 [COL_R_09] of D709 on F.Cu
    @(18.8850 mm, 58.4850 mm): Pad 2 [COL_R_09] of D737 on F.Cu
[unconnected_items]: Missing connection between items
    Local override; error
    @(18.8850 mm, 58.4850 mm): Pad 2 [COL_R_09] of D737 on F.Cu
    @(18.8850 mm, 60.6850 mm): Pad 2 [COL_R_09] of D765 on F.Cu
[unconnected_items]: Missing connection between items
    Local override; error
    @(18.1150 mm, 1.2850 mm): Pad 3 [COL_G_09] of D9 on F.Cu
    @(18.1150 mm, 3.4850 mm): Pad 3 [COL_G_09] of D37 on F.Cu
[unconnected_items]: Missing connection between items
    Local override; error
    @(18.1150 mm, 3.4850 mm): Pad 3 [COL_G_09] of D37 on F.Cu
    @(18.1150 mm, 5.6850 mm): Pad 3 [COL_G_09] of D65 on F.Cu
[unconnected_items]: Missing connection between items
    Local override; error
    @(18.1150 mm, 5.6850 mm): Pad 3 [COL_G_09] of D65 on F.Cu
    @(18.1150 mm, 7.8850 mm): Pad 3 [COL_G_09] of D93 on F.Cu
[unconnected_items]: Missing connection between items
    Local override; error
    @(18.1150 mm, 7.8850 mm): Pad 3 [COL_G_09] of D93 on F.Cu
    @(18.1150 mm, 10.0850 mm): Pad 3 [COL_G_09] of D121 on F.Cu
[unconnected_items]: Missing connection between items
    Local override; error
    @(18.1150 mm, 10.0850 mm): Pad 3 [COL_G_09] of D121 on F.Cu
    @(18.1150 mm, 12.2850 mm): Pad 3 [COL_G_09] of D149 on F.Cu
[unconnected_items]: Missing connection between items
    Local override; error
    @(18.1150 mm, 12.2850 mm): Pad 3 [COL_G_09] of D149 on F.Cu
    @(18.1150 mm, 14.4850 mm): Pad 3 [COL_G_09] of D177 on F.Cu
[unconnected_items]: Missing connection between items
    Local override; error
    @(18.1150 mm, 14.4850 mm): Pad 3 [COL_G_09] of D177 on F.Cu
    @(18.1150 mm, 16.6850 mm): Pad 3 [COL_G_09] of D205 on F.Cu
[unconnected_items]: Missing connection between items
    Local override; error
    @(18.1150 mm, 16.6850 mm): Pad 3 [COL_G_09] of D205 on F.Cu
    @(18.1150 mm, 18.8850 mm): Pad 3 [COL_G_09] of D233 on F.Cu
[unconnected_items]: Missing connection between items
    Local override; error
    @(18.1150 mm, 18.8850 mm): Pad 3 [COL_G_09] of D233 on F.Cu
    @(18.1150 mm, 21.0850 mm): Pad 3 [COL_G_09] of D261 on F.Cu
[unconnected_items]: Missing connection between items
    Local override; error
    @(18.1150 mm, 21.0850 mm): Pad 3 [COL_G_09] of D261 on F.Cu
    @(18.1150 mm, 23.2850 mm): Pad 3 [COL_G_09] of D289 on F.Cu
[unconnected_items]: Missing connection between items
    Local override; error
    @(18.1150 mm, 23.2850 mm): Pad 3 [COL_G_09] of D289 on F.Cu
    @(18.1150 mm, 25.4850 mm): Pad 3 [COL_G_09] of D317 on F.Cu
[unconnected_items]: Missing connection between items
    Local override; error
    @(18.1150 mm, 25.4850 mm): Pad 3 [COL_G_09] of D317 on F.Cu
    @(18.1150 mm, 27.6850 mm): Pad 3 [COL_G_09] of D345 on F.Cu
[unconnected_items]: Missing connection between items
    Local override; error
    @(18.1150 mm, 27.6850 mm): Pad 3 [COL_G_09] of D345 on F.Cu
    @(18.1150 mm, 29.8850 mm): Pad 3 [COL_G_09] of D373 on F.Cu
[unconnected_items]: Missing connection between items
    Local override; error
    @(18.1150 mm, 29.8850 mm): Pad 3 [COL_G_09] of D373 on F.Cu
    @(18.1150 mm, 32.0850 mm): Pad 3 [COL_G_09] of D401 on F.Cu
[unconnected_items]: Missing connection between items
    Local override; error
    @(18.1150 mm, 32.0850 mm): Pad 3 [COL_G_09] of D401 on F.Cu
    @(18.1150 mm, 34.2850 mm): Pad 3 [COL_G_09] of D429 on F.Cu
[unconnected_items]: Missing connection between items
    Local override; error
    @(18.1150 mm, 34.2850 mm): Pad 3 [COL_G_09] of D429 on F.Cu
    @(18.1150 mm, 36.4850 mm): Pad 3 [COL_G_09] of D457 on F.Cu
[unconnected_items]: Missing connection between items
    Local override; error
    @(18.1150 mm, 36.4850 mm): Pad 3 [COL_G_09] of D457 on F.Cu
    @(18.1150 mm, 38.6850 mm): Pad 3 [COL_G_09] of D485 on F.Cu
[unconnected_items]: Missing connection between items
    Local override; error
    @(18.1150 mm, 38.6850 mm): Pad 3 [COL_G_09] of D485 on F.Cu
    @(18.1150 mm, 40.8850 mm): Pad 3 [COL_G_09] of D513 on F.Cu
[unconnected_items]: Missing connection between items
    Local override; error
    @(18.1150 mm, 40.8850 mm): Pad 3 [COL_G_09] of D513 on F.Cu
    @(18.1150 mm, 43.0850 mm): Pad 3 [COL_G_09] of D541 on F.Cu
[unconnected_items]: Missing connection between items
    Local override; error
    @(18.1150 mm, 43.0850 mm): Pad 3 [COL_G_09] of D541 on F.Cu
    @(18.1150 mm, 45.2850 mm): Pad 3 [COL_G_09] of D569 on F.Cu
[unconnected_items]: Missing connection between items
    Local override; error
    @(18.1150 mm, 45.2850 mm): Pad 3 [COL_G_09] of D569 on F.Cu
    @(18.1150 mm, 47.4850 mm): Pad 3 [COL_G_09] of D597 on F.Cu
[unconnected_items]: Missing connection between items
    Local override; error
    @(18.1150 mm, 47.4850 mm): Pad 3 [COL_G_09] of D597 on F.Cu
    @(18.1150 mm, 49.6850 mm): Pad 3 [COL_G_09] of D625 on F.Cu
[unconnected_items]: Missing connection between items
    Local override; error
    @(18.1150 mm, 49.6850 mm): Pad 3 [COL_G_09] of D625 on F.Cu
    @(18.1150 mm, 51.8850 mm): Pad 3 [COL_G_09] of D653 on F.Cu
[unconnected_items]: Missing connection between items
    Local override; error
    @(18.1150 mm, 51.8850 mm): Pad 3 [COL_G_09] of D653 on F.Cu
    @(18.1150 mm, 54.0850 mm): Pad 3 [COL_G_09] of D681 on F.Cu
[unconnected_items]: Missing connection between items
    Local override; error
    @(18.1150 mm, 54.0850 mm): Pad 3 [COL_G_09] of D681 on F.Cu
    @(18.1150 mm, 56.2850 mm): Pad 3 [COL_G_09] of D709 on F.Cu
[unconnected_items]: Missing connection between items
    Local override; error
    @(18.1150 mm, 56.2850 mm): Pad 3 [COL_G_09] of D709 on F.Cu
    @(18.1150 mm, 58.4850 mm): Pad 3 [COL_G_09] of D737 on F.Cu
[unconnected_items]: Missing connection between items
    Local override; error
    @(18.1150 mm, 58.4850 mm): Pad 3 [COL_G_09] of D737 on F.Cu
    @(18.1150 mm, 60.6850 mm): Pad 3 [COL_G_09] of D765 on F.Cu
[unconnected_items]: Missing connection between items
    Local override; error
    @(18.1150 mm, 0.5150 mm): Pad 4 [COL_B_09] of D9 on F.Cu
    @(18.1150 mm, 2.7150 mm): Pad 4 [COL_B_09] of D37 on F.Cu
[unconnected_items]: Missing connection between items
    Local override; error
    @(18.1150 mm, 2.7150 mm): Pad 4 [COL_B_09] of D37 on F.Cu
    @(18.1150 mm, 4.9150 mm): Pad 4 [COL_B_09] of D65 on F.Cu
[unconnected_items]: Missing connection between items
    Local override; error
    @(18.1150 mm, 4.9150 mm): Pad 4 [COL_B_09] of D65 on F.Cu
    @(18.1150 mm, 7.1150 mm): Pad 4 [COL_B_09] of D93 on F.Cu
[unconnected_items]: Missing connection between items
    Local override; error
    @(18.1150 mm, 7.1150 mm): Pad 4 [COL_B_09] of D93 on F.Cu
    @(18.1150 mm, 9.3150 mm): Pad 4 [COL_B_09] of D121 on F.Cu
[unconnected_items]: Missing connection between items
    Local override; error
    @(18.1150 mm, 9.3150 mm): Pad 4 [COL_B_09] of D121 on F.Cu
    @(18.1150 mm, 11.5150 mm): Pad 4 [COL_B_09] of D149 on F.Cu
[unconnected_items]: Missing connection between items
    Local override; error
    @(18.1150 mm, 11.5150 mm): Pad 4 [COL_B_09] of D149 on F.Cu
    @(18.1150 mm, 13.7150 mm): Pad 4 [COL_B_09] of D177 on F.Cu
[unconnected_items]: Missing connection between items
    Local override; error
    @(18.1150 mm, 13.7150 mm): Pad 4 [COL_B_09] of D177 on F.Cu
    @(18.1150 mm, 15.9150 mm): Pad 4 [COL_B_09] of D205 on F.Cu
[unconnected_items]: Missing connection between items
    Local override; error
    @(18.1150 mm, 15.9150 mm): Pad 4 [COL_B_09] of D205 on F.Cu
    @(18.1150 mm, 18.1150 mm): Pad 4 [COL_B_09] of D233 on F.Cu
[unconnected_items]: Missing connection between items
    Local override; error
    @(18.1150 mm, 18.1150 mm): Pad 4 [COL_B_09] of D233 on F.Cu
    @(18.1150 mm, 20.3150 mm): Pad 4 [COL_B_09] of D261 on F.Cu
[unconnected_items]: Missing connection between items
    Local override; error
    @(18.1150 mm, 20.3150 mm): Pad 4 [COL_B_09] of D261 on F.Cu
    @(18.1150 mm, 22.5150 mm): Pad 4 [COL_B_09] of D289 on F.Cu
[unconnected_items]: Missing connection between items
    Local override; error
    @(18.1150 mm, 22.5150 mm): Pad 4 [COL_B_09] of D289 on F.Cu
    @(18.1150 mm, 24.7150 mm): Pad 4 [COL_B_09] of D317 on F.Cu
[unconnected_items]: Missing connection between items
    Local override; error
    @(18.1150 mm, 24.7150 mm): Pad 4 [COL_B_09] of D317 on F.Cu
    @(18.1150 mm, 26.9150 mm): Pad 4 [COL_B_09] of D345 on F.Cu
[unconnected_items]: Missing connection between items
    Local override; error
    @(18.1150 mm, 26.9150 mm): Pad 4 [COL_B_09] of D345 on F.Cu
    @(18.1150 mm, 29.1150 mm): Pad 4 [COL_B_09] of D373 on F.Cu
[unconnected_items]: Missing connection between items
    Local override; error
    @(18.1150 mm, 29.1150 mm): Pad 4 [COL_B_09] of D373 on F.Cu
    @(18.1150 mm, 31.3150 mm): Pad 4 [COL_B_09] of D401 on F.Cu
[unconnected_items]: Missing connection between items
    Local override; error
    @(18.1150 mm, 31.3150 mm): Pad 4 [COL_B_09] of D401 on F.Cu
    @(18.1150 mm, 33.5150 mm): Pad 4 [COL_B_09] of D429 on F.Cu
[unconnected_items]: Missing connection between items
    Local override; error
    @(18.1150 mm, 33.5150 mm): Pad 4 [COL_B_09] of D429 on F.Cu
    @(18.1150 mm, 35.7150 mm): Pad 4 [COL_B_09] of D457 on F.Cu
[unconnected_items]: Missing connection between items
    Local override; error
    @(18.1150 mm, 35.7150 mm): Pad 4 [COL_B_09] of D457 on F.Cu
    @(18.1150 mm, 37.9150 mm): Pad 4 [COL_B_09] of D485 on F.Cu
[unconnected_items]: Missing connection between items
    Local override; error
    @(18.1150 mm, 37.9150 mm): Pad 4 [COL_B_09] of D485 on F.Cu
    @(18.1150 mm, 40.1150 mm): Pad 4 [COL_B_09] of D513 on F.Cu
[unconnected_items]: Missing connection between items
    Local override; error
    @(18.1150 mm, 40.1150 mm): Pad 4 [COL_B_09] of D513 on F.Cu
    @(18.1150 mm, 42.3150 mm): Pad 4 [COL_B_09] of D541 on F.Cu
[unconnected_items]: Missing connection between items
    Local override; error
    @(18.1150 mm, 42.3150 mm): Pad 4 [COL_B_09] of D541 on F.Cu
    @(18.1150 mm, 44.5150 mm): Pad 4 [COL_B_09] of D569 on F.Cu
[unconnected_items]: Missing connection between items
    Local override; error
    @(18.1150 mm, 44.5150 mm): Pad 4 [COL_B_09] of D569 on F.Cu
    @(18.1150 mm, 46.7150 mm): Pad 4 [COL_B_09] of D597 on F.Cu
[unconnected_items]: Missing connection between items
    Local override; error
    @(18.1150 mm, 46.7150 mm): Pad 4 [COL_B_09] of D597 on F.Cu
    @(18.1150 mm, 48.9150 mm): Pad 4 [COL_B_09] of D625 on F.Cu
[unconnected_items]: Missing connection between items
    Local override; error
    @(18.1150 mm, 48.9150 mm): Pad 4 [COL_B_09] of D625 on F.Cu
    @(18.1150 mm, 51.1150 mm): Pad 4 [COL_B_09] of D653 on F.Cu
[unconnected_items]: Missing connection between items
    Local override; error
    @(18.1150 mm, 51.1150 mm): Pad 4 [COL_B_09] of D653 on F.Cu
    @(18.1150 mm, 53.3150 mm): Pad 4 [COL_B_09] of D681 on F.Cu
[unconnected_items]: Missing connection between items
    Local override; error
    @(18.1150 mm, 53.3150 mm): Pad 4 [COL_B_09] of D681 on F.Cu
    @(18.1150 mm, 55.5150 mm): Pad 4 [COL_B_09] of D709 on F.Cu
[unconnected_items]: Missing connection between items
    Local override; error
    @(18.1150 mm, 55.5150 mm): Pad 4 [COL_B_09] of D709 on F.Cu
    @(18.1150 mm, 57.7150 mm): Pad 4 [COL_B_09] of D737 on F.Cu
[unconnected_items]: Missing connection between items
    Local override; error
    @(18.1150 mm, 57.7150 mm): Pad 4 [COL_B_09] of D737 on F.Cu
    @(18.1150 mm, 59.9150 mm): Pad 4 [COL_B_09] of D765 on F.Cu
[unconnected_items]: Missing connection between items
    Local override; error
    @(1.2850 mm, 4.9150 mm): Pad 1 [ROW_03_ANODE] of D57 on F.Cu
    @(3.4850 mm, 4.9150 mm): Pad 1 [ROW_03_ANODE] of D58 on F.Cu
[unconnected_items]: Missing connection between items
    Local override; error
    @(3.4850 mm, 4.9150 mm): Pad 1 [ROW_03_ANODE] of D58 on F.Cu
    @(5.6850 mm, 4.9150 mm): Pad 1 [ROW_03_ANODE] of D59 on F.Cu
[unconnected_items]: Missing connection between items
    Local override; error
    @(5.6850 mm, 4.9150 mm): Pad 1 [ROW_03_ANODE] of D59 on F.Cu
    @(7.8850 mm, 4.9150 mm): Pad 1 [ROW_03_ANODE] of D60 on F.Cu
[unconnected_items]: Missing connection between items
    Local override; error
    @(7.8850 mm, 4.9150 mm): Pad 1 [ROW_03_ANODE] of D60 on F.Cu
    @(10.0850 mm, 4.9150 mm): Pad 1 [ROW_03_ANODE] of D61 on F.Cu
[unconnected_items]: Missing connection between items
    Local override; error
    @(10.0850 mm, 4.9150 mm): Pad 1 [ROW_03_ANODE] of D61 on F.Cu
    @(12.2850 mm, 4.9150 mm): Pad 1 [ROW_03_ANODE] of D62 on F.Cu
[unconnected_items]: Missing connection between items
    Local override; error
    @(12.2850 mm, 4.9150 mm): Pad 1 [ROW_03_ANODE] of D62 on F.Cu
    @(14.4850 mm, 4.9150 mm): Pad 1 [ROW_03_ANODE] of D63 on F.Cu
[unconnected_items]: Missing connection between items
    Local override; error
    @(14.4850 mm, 4.9150 mm): Pad 1 [ROW_03_ANODE] of D63 on F.Cu
    @(16.6850 mm, 4.9150 mm): Pad 1 [ROW_03_ANODE] of D64 on F.Cu
[unconnected_items]: Missing connection between items
    Local override; error
    @(16.6850 mm, 4.9150 mm): Pad 1 [ROW_03_ANODE] of D64 on F.Cu
    @(18.8850 mm, 4.9150 mm): Pad 1 [ROW_03_ANODE] of D65 on F.Cu
[unconnected_items]: Missing connection between items
    Local override; error
    @(18.8850 mm, 4.9150 mm): Pad 1 [ROW_03_ANODE] of D65 on F.Cu
    @(21.0850 mm, 4.9150 mm): Pad 1 [ROW_03_ANODE] of D66 on F.Cu
[unconnected_items]: Missing connection between items
    Local override; error
    @(21.0850 mm, 4.9150 mm): Pad 1 [ROW_03_ANODE] of D66 on F.Cu
    @(23.2850 mm, 4.9150 mm): Pad 1 [ROW_03_ANODE] of D67 on F.Cu
[unconnected_items]: Missing connection between items
    Local override; error
    @(23.2850 mm, 4.9150 mm): Pad 1 [ROW_03_ANODE] of D67 on F.Cu
    @(25.4850 mm, 4.9150 mm): Pad 1 [ROW_03_ANODE] of D68 on F.Cu
[unconnected_items]: Missing connection between items
    Local override; error
    @(25.4850 mm, 4.9150 mm): Pad 1 [ROW_03_ANODE] of D68 on F.Cu
    @(27.6850 mm, 4.9150 mm): Pad 1 [ROW_03_ANODE] of D69 on F.Cu
[unconnected_items]: Missing connection between items
    Local override; error
    @(27.6850 mm, 4.9150 mm): Pad 1 [ROW_03_ANODE] of D69 on F.Cu
    @(29.8850 mm, 4.9150 mm): Pad 1 [ROW_03_ANODE] of D70 on F.Cu
[unconnected_items]: Missing connection between items
    Local override; error
    @(29.8850 mm, 4.9150 mm): Pad 1 [ROW_03_ANODE] of D70 on F.Cu
    @(32.0850 mm, 4.9150 mm): Pad 1 [ROW_03_ANODE] of D71 on F.Cu
[unconnected_items]: Missing connection between items
    Local override; error
    @(32.0850 mm, 4.9150 mm): Pad 1 [ROW_03_ANODE] of D71 on F.Cu
    @(34.2850 mm, 4.9150 mm): Pad 1 [ROW_03_ANODE] of D72 on F.Cu
[unconnected_items]: Missing connection between items
    Local override; error
    @(34.2850 mm, 4.9150 mm): Pad 1 [ROW_03_ANODE] of D72 on F.Cu
    @(36.4850 mm, 4.9150 mm): Pad 1 [ROW_03_ANODE] of D73 on F.Cu
[unconnected_items]: Missing connection between items
    Local override; error
    @(36.4850 mm, 4.9150 mm): Pad 1 [ROW_03_ANODE] of D73 on F.Cu
    @(38.6850 mm, 4.9150 mm): Pad 1 [ROW_03_ANODE] of D74 on F.Cu
[unconnected_items]: Missing connection between items
    Local override; error
    @(38.6850 mm, 4.9150 mm): Pad 1 [ROW_03_ANODE] of D74 on F.Cu
    @(40.8850 mm, 4.9150 mm): Pad 1 [ROW_03_ANODE] of D75 on F.Cu
[unconnected_items]: Missing connection between items
    Local override; error
    @(40.8850 mm, 4.9150 mm): Pad 1 [ROW_03_ANODE] of D75 on F.Cu
    @(43.0850 mm, 4.9150 mm): Pad 1 [ROW_03_ANODE] of D76 on F.Cu
[unconnected_items]: Missing connection between items
    Local override; error
    @(43.0850 mm, 4.9150 mm): Pad 1 [ROW_03_ANODE] of D76 on F.Cu
    @(45.2850 mm, 4.9150 mm): Pad 1 [ROW_03_ANODE] of D77 on F.Cu
[unconnected_items]: Missing connection between items
    Local override; error
    @(45.2850 mm, 4.9150 mm): Pad 1 [ROW_03_ANODE] of D77 on F.Cu
    @(47.4850 mm, 4.9150 mm): Pad 1 [ROW_03_ANODE] of D78 on F.Cu
[unconnected_items]: Missing connection between items
    Local override; error
    @(47.4850 mm, 4.9150 mm): Pad 1 [ROW_03_ANODE] of D78 on F.Cu
    @(49.6850 mm, 4.9150 mm): Pad 1 [ROW_03_ANODE] of D79 on F.Cu
[unconnected_items]: Missing connection between items
    Local override; error
    @(49.6850 mm, 4.9150 mm): Pad 1 [ROW_03_ANODE] of D79 on F.Cu
    @(51.8850 mm, 4.9150 mm): Pad 1 [ROW_03_ANODE] of D80 on F.Cu
[unconnected_items]: Missing connection between items
    Local override; error
    @(51.8850 mm, 4.9150 mm): Pad 1 [ROW_03_ANODE] of D80 on F.Cu
    @(54.0850 mm, 4.9150 mm): Pad 1 [ROW_03_ANODE] of D81 on F.Cu
[unconnected_items]: Missing connection between items
    Local override; error
    @(54.0850 mm, 4.9150 mm): Pad 1 [ROW_03_ANODE] of D81 on F.Cu
    @(56.2850 mm, 4.9150 mm): Pad 1 [ROW_03_ANODE] of D82 on F.Cu
[unconnected_items]: Missing connection between items
    Local override; error
    @(56.2850 mm, 4.9150 mm): Pad 1 [ROW_03_ANODE] of D82 on F.Cu
    @(58.4850 mm, 4.9150 mm): Pad 1 [ROW_03_ANODE] of D83 on F.Cu
[unconnected_items]: Missing connection between items
    Local override; error
    @(58.4850 mm, 4.9150 mm): Pad 1 [ROW_03_ANODE] of D83 on F.Cu
    @(60.6850 mm, 4.9150 mm): Pad 1 [ROW_03_ANODE] of D84 on F.Cu
[unconnected_items]: Missing connection between items
    Local override; error
    @(49.6850 mm, 1.2850 mm): Pad 2 [COL_R_23] of D23 on F.Cu
    @(49.6850 mm, 3.4850 mm): Pad 2 [COL_R_23] of D51 on F.Cu
[unconnected_items]: Missing connection between items
    Local override; error
    @(49.6850 mm, 3.4850 mm): Pad 2 [COL_R_23] of D51 on F.Cu
    @(49.6850 mm, 5.6850 mm): Pad 2 [COL_R_23] of D79 on F.Cu
[unconnected_items]: Missing connection between items
    Local override; error
    @(49.6850 mm, 5.6850 mm): Pad 2 [COL_R_23] of D79 on F.Cu
    @(49.6850 mm, 7.8850 mm): Pad 2 [COL_R_23] of D107 on F.Cu
[unconnected_items]: Missing connection between items
    Local override; error
    @(49.6850 mm, 7.8850 mm): Pad 2 [COL_R_23] of D107 on F.Cu
    @(49.6850 mm, 10.0850 mm): Pad 2 [COL_R_23] of D135 on F.Cu
[unconnected_items]: Missing connection between items
    Local override; error
    @(49.6850 mm, 10.0850 mm): Pad 2 [COL_R_23] of D135 on F.Cu
    @(49.6850 mm, 12.2850 mm): Pad 2 [COL_R_23] of D163 on F.Cu
[unconnected_items]: Missing connection between items
    Local override; error
    @(49.6850 mm, 12.2850 mm): Pad 2 [COL_R_23] of D163 on F.Cu
    @(49.6850 mm, 14.4850 mm): Pad 2 [COL_R_23] of D191 on F.Cu
[unconnected_items]: Missing connection between items
    Local override; error
    @(49.6850 mm, 14.4850 mm): Pad 2 [COL_R_23] of D191 on F.Cu
    @(49.6850 mm, 16.6850 mm): Pad 2 [COL_R_23] of D219 on F.Cu
[unconnected_items]: Missing connection between items
    Local override; error
    @(49.6850 mm, 16.6850 mm): Pad 2 [COL_R_23] of D219 on F.Cu
    @(49.6850 mm, 18.8850 mm): Pad 2 [COL_R_23] of D247 on F.Cu
[unconnected_items]: Missing connection between items
    Local override; error
    @(49.6850 mm, 18.8850 mm): Pad 2 [COL_R_23] of D247 on F.Cu
    @(49.6850 mm, 21.0850 mm): Pad 2 [COL_R_23] of D275 on F.Cu
[unconnected_items]: Missing connection between items
    Local override; error
    @(49.6850 mm, 21.0850 mm): Pad 2 [COL_R_23] of D275 on F.Cu
    @(49.6850 mm, 23.2850 mm): Pad 2 [COL_R_23] of D303 on F.Cu
[unconnected_items]: Missing connection between items
    Local override; error
    @(49.6850 mm, 23.2850 mm): Pad 2 [COL_R_23] of D303 on F.Cu
    @(49.6850 mm, 25.4850 mm): Pad 2 [COL_R_23] of D331 on F.Cu
[unconnected_items]: Missing connection between items
    Local override; error
    @(49.6850 mm, 25.4850 mm): Pad 2 [COL_R_23] of D331 on F.Cu
    @(49.6850 mm, 27.6850 mm): Pad 2 [COL_R_23] of D359 on F.Cu
[unconnected_items]: Missing connection between items
    Local override; error
    @(49.6850 mm, 27.6850 mm): Pad 2 [COL_R_23] of D359 on F.Cu
    @(49.6850 mm, 29.8850 mm): Pad 2 [COL_R_23] of D387 on F.Cu
[unconnected_items]: Missing connection between items
    Local override; error
    @(49.6850 mm, 29.8850 mm): Pad 2 [COL_R_23] of D387 on F.Cu
    @(49.6850 mm, 32.0850 mm): Pad 2 [COL_R_23] of D415 on F.Cu
[unconnected_items]: Missing connection between items
    Local override; error
    @(49.6850 mm, 32.0850 mm): Pad 2 [COL_R_23] of D415 on F.Cu
    @(49.6850 mm, 34.2850 mm): Pad 2 [COL_R_23] of D443 on F.Cu
[unconnected_items]: Missing connection between items
    Local override; error
    @(49.6850 mm, 34.2850 mm): Pad 2 [COL_R_23] of D443 on F.Cu
    @(49.6850 mm, 36.4850 mm): Pad 2 [COL_R_23] of D471 on F.Cu
[unconnected_items]: Missing connection between items
    Local override; error
    @(49.6850 mm, 36.4850 mm): Pad 2 [COL_R_23] of D471 on F.Cu
    @(49.6850 mm, 38.6850 mm): Pad 2 [COL_R_23] of D499 on F.Cu
[unconnected_items]: Missing connection between items
    Local override; error
    @(49.6850 mm, 38.6850 mm): Pad 2 [COL_R_23] of D499 on F.Cu
    @(49.6850 mm, 40.8850 mm): Pad 2 [COL_R_23] of D527 on F.Cu
[unconnected_items]: Missing connection between items
    Local override; error
    @(49.6850 mm, 40.8850 mm): Pad 2 [COL_R_23] of D527 on F.Cu
    @(49.6850 mm, 43.0850 mm): Pad 2 [COL_R_23] of D555 on F.Cu
[unconnected_items]: Missing connection between items
    Local override; error
    @(49.6850 mm, 43.0850 mm): Pad 2 [COL_R_23] of D555 on F.Cu
    @(49.6850 mm, 45.2850 mm): Pad 2 [COL_R_23] of D583 on F.Cu
[unconnected_items]: Missing connection between items
    Local override; error
    @(49.6850 mm, 45.2850 mm): Pad 2 [COL_R_23] of D583 on F.Cu
    @(49.6850 mm, 47.4850 mm): Pad 2 [COL_R_23] of D611 on F.Cu
[unconnected_items]: Missing connection between items
    Local override; error
    @(49.6850 mm, 47.4850 mm): Pad 2 [COL_R_23] of D611 on F.Cu
    @(49.6850 mm, 49.6850 mm): Pad 2 [COL_R_23] of D639 on F.Cu
[unconnected_items]: Missing connection between items
    Local override; error
    @(49.6850 mm, 49.6850 mm): Pad 2 [COL_R_23] of D639 on F.Cu
    @(49.6850 mm, 51.8850 mm): Pad 2 [COL_R_23] of D667 on F.Cu
[unconnected_items]: Missing connection between items
    Local override; error
    @(49.6850 mm, 51.8850 mm): Pad 2 [COL_R_23] of D667 on F.Cu
    @(49.6850 mm, 54.0850 mm): Pad 2 [COL_R_23] of D695 on F.Cu
[unconnected_items]: Missing connection between items
    Local override; error
    @(49.6850 mm, 54.0850 mm): Pad 2 [COL_R_23] of D695 on F.Cu
    @(49.6850 mm, 56.2850 mm): Pad 2 [COL_R_23] of D723 on F.Cu
[unconnected_items]: Missing connection between items
    Local override; error
    @(49.6850 mm, 56.2850 mm): Pad 2 [COL_R_23] of D723 on F.Cu
    @(49.6850 mm, 58.4850 mm): Pad 2 [COL_R_23] of D751 on F.Cu
[unconnected_items]: Missing connection between items
    Local override; error
    @(49.6850 mm, 58.4850 mm): Pad 2 [COL_R_23] of D751 on F.Cu
    @(49.6850 mm, 60.6850 mm): Pad 2 [COL_R_23] of D779 on F.Cu
[unconnected_items]: Missing connection between items
    Local override; error
    @(48.9150 mm, 1.2850 mm): Pad 3 [COL_G_23] of D23 on F.Cu
    @(48.9150 mm, 3.4850 mm): Pad 3 [COL_G_23] of D51 on F.Cu
[unconnected_items]: Missing connection between items
    Local override; error
    @(48.9150 mm, 3.4850 mm): Pad 3 [COL_G_23] of D51 on F.Cu
    @(48.9150 mm, 5.6850 mm): Pad 3 [COL_G_23] of D79 on F.Cu
[unconnected_items]: Missing connection between items
    Local override; error
    @(48.9150 mm, 5.6850 mm): Pad 3 [COL_G_23] of D79 on F.Cu
    @(48.9150 mm, 7.8850 mm): Pad 3 [COL_G_23] of D107 on F.Cu
[unconnected_items]: Missing connection between items
    Local override; error
    @(48.9150 mm, 7.8850 mm): Pad 3 [COL_G_23] of D107 on F.Cu
    @(48.9150 mm, 10.0850 mm): Pad 3 [COL_G_23] of D135 on F.Cu
[unconnected_items]: Missing connection between items
    Local override; error
    @(48.9150 mm, 10.0850 mm): Pad 3 [COL_G_23] of D135 on F.Cu
    @(48.9150 mm, 12.2850 mm): Pad 3 [COL_G_23] of D163 on F.Cu
[unconnected_items]: Missing connection between items
    Local override; error
    @(48.9150 mm, 12.2850 mm): Pad 3 [COL_G_23] of D163 on F.Cu
    @(48.9150 mm, 14.4850 mm): Pad 3 [COL_G_23] of D191 on F.Cu
[unconnected_items]: Missing connection between items
    Local override; error
    @(48.9150 mm, 14.4850 mm): Pad 3 [COL_G_23] of D191 on F.Cu
    @(48.9150 mm, 16.6850 mm): Pad 3 [COL_G_23] of D219 on F.Cu
[unconnected_items]: Missing connection between items
    Local override; error
    @(48.9150 mm, 16.6850 mm): Pad 3 [COL_G_23] of D219 on F.Cu
    @(48.9150 mm, 18.8850 mm): Pad 3 [COL_G_23] of D247 on F.Cu
[unconnected_items]: Missing connection between items
    Local override; error
    @(48.9150 mm, 18.8850 mm): Pad 3 [COL_G_23] of D247 on F.Cu
    @(48.9150 mm, 21.0850 mm): Pad 3 [COL_G_23] of D275 on F.Cu
[unconnected_items]: Missing connection between items
    Local override; error
    @(48.9150 mm, 21.0850 mm): Pad 3 [COL_G_23] of D275 on F.Cu
    @(48.9150 mm, 23.2850 mm): Pad 3 [COL_G_23] of D303 on F.Cu
[unconnected_items]: Missing connection between items
    Local override; error
    @(48.9150 mm, 23.2850 mm): Pad 3 [COL_G_23] of D303 on F.Cu
    @(48.9150 mm, 25.4850 mm): Pad 3 [COL_G_23] of D331 on F.Cu
[unconnected_items]: Missing connection between items
    Local override; error
    @(48.9150 mm, 25.4850 mm): Pad 3 [COL_G_23] of D331 on F.Cu
    @(48.9150 mm, 27.6850 mm): Pad 3 [COL_G_23] of D359 on F.Cu
[unconnected_items]: Missing connection between items
    Local override; error
    @(48.9150 mm, 27.6850 mm): Pad 3 [COL_G_23] of D359 on F.Cu
    @(48.9150 mm, 29.8850 mm): Pad 3 [COL_G_23] of D387 on F.Cu
[unconnected_items]: Missing connection between items
    Local override; error
    @(48.9150 mm, 29.8850 mm): Pad 3 [COL_G_23] of D387 on F.Cu
    @(48.9150 mm, 32.0850 mm): Pad 3 [COL_G_23] of D415 on F.Cu
[unconnected_items]: Missing connection between items
    Local override; error
    @(48.9150 mm, 32.0850 mm): Pad 3 [COL_G_23] of D415 on F.Cu
    @(48.9150 mm, 34.2850 mm): Pad 3 [COL_G_23] of D443 on F.Cu
[unconnected_items]: Missing connection between items
    Local override; error
    @(48.9150 mm, 34.2850 mm): Pad 3 [COL_G_23] of D443 on F.Cu
    @(48.9150 mm, 36.4850 mm): Pad 3 [COL_G_23] of D471 on F.Cu
[unconnected_items]: Missing connection between items
    Local override; error
    @(48.9150 mm, 36.4850 mm): Pad 3 [COL_G_23] of D471 on F.Cu
    @(48.9150 mm, 38.6850 mm): Pad 3 [COL_G_23] of D499 on F.Cu
[unconnected_items]: Missing connection between items
    Local override; error
    @(48.9150 mm, 38.6850 mm): Pad 3 [COL_G_23] of D499 on F.Cu
    @(48.9150 mm, 40.8850 mm): Pad 3 [COL_G_23] of D527 on F.Cu
[unconnected_items]: Missing connection between items
    Local override; error
    @(48.9150 mm, 40.8850 mm): Pad 3 [COL_G_23] of D527 on F.Cu
    @(48.9150 mm, 43.0850 mm): Pad 3 [COL_G_23] of D555 on F.Cu
[unconnected_items]: Missing connection between items
    Local override; error
    @(48.9150 mm, 43.0850 mm): Pad 3 [COL_G_23] of D555 on F.Cu
    @(48.9150 mm, 45.2850 mm): Pad 3 [COL_G_23] of D583 on F.Cu
[unconnected_items]: Missing connection between items
    Local override; error
    @(48.9150 mm, 45.2850 mm): Pad 3 [COL_G_23] of D583 on F.Cu
    @(48.9150 mm, 47.4850 mm): Pad 3 [COL_G_23] of D611 on F.Cu
[unconnected_items]: Missing connection between items
    Local override; error
    @(48.9150 mm, 47.4850 mm): Pad 3 [COL_G_23] of D611 on F.Cu
    @(48.9150 mm, 49.6850 mm): Pad 3 [COL_G_23] of D639 on F.Cu
[unconnected_items]: Missing connection between items
    Local override; error
    @(48.9150 mm, 49.6850 mm): Pad 3 [COL_G_23] of D639 on F.Cu
    @(48.9150 mm, 51.8850 mm): Pad 3 [COL_G_23] of D667 on F.Cu
[unconnected_items]: Missing connection between items
    Local override; error
    @(48.9150 mm, 51.8850 mm): Pad 3 [COL_G_23] of D667 on F.Cu
    @(48.9150 mm, 54.0850 mm): Pad 3 [COL_G_23] of D695 on F.Cu
[unconnected_items]: Missing connection between items
    Local override; error
    @(48.9150 mm, 54.0850 mm): Pad 3 [COL_G_23] of D695 on F.Cu
    @(48.9150 mm, 56.2850 mm): Pad 3 [COL_G_23] of D723 on F.Cu
[unconnected_items]: Missing connection between items
    Local override; error
    @(48.9150 mm, 56.2850 mm): Pad 3 [COL_G_23] of D723 on F.Cu
    @(48.9150 mm, 58.4850 mm): Pad 3 [COL_G_23] of D751 on F.Cu
[unconnected_items]: Missing connection between items
    Local override; error
    @(48.9150 mm, 58.4850 mm): Pad 3 [COL_G_23] of D751 on F.Cu
    @(48.9150 mm, 60.6850 mm): Pad 3 [COL_G_23] of D779 on F.Cu
[unconnected_items]: Missing connection between items
    Local override; error
    @(48.9150 mm, 0.5150 mm): Pad 4 [COL_B_23] of D23 on F.Cu
    @(48.9150 mm, 2.7150 mm): Pad 4 [COL_B_23] of D51 on F.Cu
[unconnected_items]: Missing connection between items
    Local override; error
    @(48.9150 mm, 2.7150 mm): Pad 4 [COL_B_23] of D51 on F.Cu
    @(48.9150 mm, 4.9150 mm): Pad 4 [COL_B_23] of D79 on F.Cu
[unconnected_items]: Missing connection between items
    Local override; error
    @(48.9150 mm, 4.9150 mm): Pad 4 [COL_B_23] of D79 on F.Cu
    @(48.9150 mm, 7.1150 mm): Pad 4 [COL_B_23] of D107 on F.Cu
[unconnected_items]: Missing connection between items
    Local override; error
    @(48.9150 mm, 7.1150 mm): Pad 4 [COL_B_23] of D107 on F.Cu
    @(48.9150 mm, 9.3150 mm): Pad 4 [COL_B_23] of D135 on F.Cu
[unconnected_items]: Missing connection between items
    Local override; error
    @(48.9150 mm, 9.3150 mm): Pad 4 [COL_B_23] of D135 on F.Cu
    @(48.9150 mm, 11.5150 mm): Pad 4 [COL_B_23] of D163 on F.Cu
[unconnected_items]: Missing connection between items
    Local override; error
    @(48.9150 mm, 11.5150 mm): Pad 4 [COL_B_23] of D163 on F.Cu
    @(48.9150 mm, 13.7150 mm): Pad 4 [COL_B_23] of D191 on F.Cu
[unconnected_items]: Missing connection between items
    Local override; error
    @(48.9150 mm, 13.7150 mm): Pad 4 [COL_B_23] of D191 on F.Cu
    @(48.9150 mm, 15.9150 mm): Pad 4 [COL_B_23] of D219 on F.Cu
[unconnected_items]: Missing connection between items
    Local override; error
    @(48.9150 mm, 15.9150 mm): Pad 4 [COL_B_23] of D219 on F.Cu
    @(48.9150 mm, 18.1150 mm): Pad 4 [COL_B_23] of D247 on F.Cu
[unconnected_items]: Missing connection between items
    Local override; error
    @(48.9150 mm, 18.1150 mm): Pad 4 [COL_B_23] of D247 on F.Cu
    @(48.9150 mm, 20.3150 mm): Pad 4 [COL_B_23] of D275 on F.Cu
[unconnected_items]: Missing connection between items
    Local override; error
    @(48.9150 mm, 20.3150 mm): Pad 4 [COL_B_23] of D275 on F.Cu
    @(48.9150 mm, 22.5150 mm): Pad 4 [COL_B_23] of D303 on F.Cu
[unconnected_items]: Missing connection between items
    Local override; error
    @(48.9150 mm, 22.5150 mm): Pad 4 [COL_B_23] of D303 on F.Cu
    @(48.9150 mm, 24.7150 mm): Pad 4 [COL_B_23] of D331 on F.Cu
[unconnected_items]: Missing connection between items
    Local override; error
    @(48.9150 mm, 24.7150 mm): Pad 4 [COL_B_23] of D331 on F.Cu
    @(48.9150 mm, 26.9150 mm): Pad 4 [COL_B_23] of D359 on F.Cu
[unconnected_items]: Missing connection between items
    Local override; error
    @(48.9150 mm, 26.9150 mm): Pad 4 [COL_B_23] of D359 on F.Cu
    @(48.9150 mm, 29.1150 mm): Pad 4 [COL_B_23] of D387 on F.Cu
[unconnected_items]: Missing connection between items
    Local override; error
    @(48.9150 mm, 29.1150 mm): Pad 4 [COL_B_23] of D387 on F.Cu
    @(48.9150 mm, 31.3150 mm): Pad 4 [COL_B_23] of D415 on F.Cu
[unconnected_items]: Missing connection between items
    Local override; error
    @(48.9150 mm, 31.3150 mm): Pad 4 [COL_B_23] of D415 on F.Cu
    @(48.9150 mm, 33.5150 mm): Pad 4 [COL_B_23] of D443 on F.Cu
[unconnected_items]: Missing connection between items
    Local override; error
    @(48.9150 mm, 33.5150 mm): Pad 4 [COL_B_23] of D443 on F.Cu
    @(48.9150 mm, 35.7150 mm): Pad 4 [COL_B_23] of D471 on F.Cu
[unconnected_items]: Missing connection between items
    Local override; error
    @(48.9150 mm, 35.7150 mm): Pad 4 [COL_B_23] of D471 on F.Cu
    @(48.9150 mm, 37.9150 mm): Pad 4 [COL_B_23] of D499 on F.Cu
[unconnected_items]: Missing connection between items
    Local override; error
    @(48.9150 mm, 37.9150 mm): Pad 4 [COL_B_23] of D499 on F.Cu
    @(48.9150 mm, 40.1150 mm): Pad 4 [COL_B_23] of D527 on F.Cu
[unconnected_items]: Missing connection between items
    Local override; error
    @(48.9150 mm, 40.1150 mm): Pad 4 [COL_B_23] of D527 on F.Cu
    @(48.9150 mm, 42.3150 mm): Pad 4 [COL_B_23] of D555 on F.Cu
[unconnected_items]: Missing connection between items
    Local override; error
    @(48.9150 mm, 42.3150 mm): Pad 4 [COL_B_23] of D555 on F.Cu
    @(48.9150 mm, 44.5150 mm): Pad 4 [COL_B_23] of D583 on F.Cu
[unconnected_items]: Missing connection between items
    Local override; error
    @(48.9150 mm, 44.5150 mm): Pad 4 [COL_B_23] of D583 on F.Cu
    @(48.9150 mm, 46.7150 mm): Pad 4 [COL_B_23] of D611 on F.Cu
[unconnected_items]: Missing connection between items
    Local override; error
    @(48.9150 mm, 46.7150 mm): Pad 4 [COL_B_23] of D611 on F.Cu
    @(48.9150 mm, 48.9150 mm): Pad 4 [COL_B_23] of D639 on F.Cu
[unconnected_items]: Missing connection between items
    Local override; error
    @(48.9150 mm, 48.9150 mm): Pad 4 [COL_B_23] of D639 on F.Cu
    @(48.9150 mm, 51.1150 mm): Pad 4 [COL_B_23] of D667 on F.Cu
[unconnected_items]: Missing connection between items
    Local override; error
    @(48.9150 mm, 51.1150 mm): Pad 4 [COL_B_23] of D667 on F.Cu
    @(48.9150 mm, 53.3150 mm): Pad 4 [COL_B_23] of D695 on F.Cu
[unconnected_items]: Missing connection between items
    Local override; error
    @(48.9150 mm, 53.3150 mm): Pad 4 [COL_B_23] of D695 on F.Cu
    @(48.9150 mm, 55.5150 mm): Pad 4 [COL_B_23] of D723 on F.Cu
[unconnected_items]: Missing connection between items
    Local override; error
    @(48.9150 mm, 55.5150 mm): Pad 4 [COL_B_23] of D723 on F.Cu
    @(48.9150 mm, 57.7150 mm): Pad 4 [COL_B_23] of D751 on F.Cu
[unconnected_items]: Missing connection between items
    Local override; error
    @(48.9150 mm, 57.7150 mm): Pad 4 [COL_B_23] of D751 on F.Cu
    @(48.9150 mm, 59.9150 mm): Pad 4 [COL_B_23] of D779 on F.Cu
[unconnected_items]: Missing connection between items
    Local override; error
    @(1.2850 mm, 57.7150 mm): Pad 1 [ROW_27_ANODE] of D729 on F.Cu
    @(3.4850 mm, 57.7150 mm): Pad 1 [ROW_27_ANODE] of D730 on F.Cu
[unconnected_items]: Missing connection between items
    Local override; error
    @(3.4850 mm, 57.7150 mm): Pad 1 [ROW_27_ANODE] of D730 on F.Cu
    @(5.6850 mm, 57.7150 mm): Pad 1 [ROW_27_ANODE] of D731 on F.Cu
[unconnected_items]: Missing connection between items
    Local override; error
    @(5.6850 mm, 57.7150 mm): Pad 1 [ROW_27_ANODE] of D731 on F.Cu
    @(7.8850 mm, 57.7150 mm): Pad 1 [ROW_27_ANODE] of D732 on F.Cu
[unconnected_items]: Missing connection between items
    Local override; error
    @(7.8850 mm, 57.7150 mm): Pad 1 [ROW_27_ANODE] of D732 on F.Cu
    @(10.0850 mm, 57.7150 mm): Pad 1 [ROW_27_ANODE] of D733 on F.Cu
[unconnected_items]: Missing connection between items
    Local override; error
    @(10.0850 mm, 57.7150 mm): Pad 1 [ROW_27_ANODE] of D733 on F.Cu
    @(12.2850 mm, 57.7150 mm): Pad 1 [ROW_27_ANODE] of D734 on F.Cu
[unconnected_items]: Missing connection between items
    Local override; error
    @(12.2850 mm, 57.7150 mm): Pad 1 [ROW_27_ANODE] of D734 on F.Cu
    @(14.4850 mm, 57.7150 mm): Pad 1 [ROW_27_ANODE] of D735 on F.Cu
[unconnected_items]: Missing connection between items
    Local override; error
    @(14.4850 mm, 57.7150 mm): Pad 1 [ROW_27_ANODE] of D735 on F.Cu
    @(16.6850 mm, 57.7150 mm): Pad 1 [ROW_27_ANODE] of D736 on F.Cu
[unconnected_items]: Missing connection between items
    Local override; error
    @(16.6850 mm, 57.7150 mm): Pad 1 [ROW_27_ANODE] of D736 on F.Cu
    @(18.8850 mm, 57.7150 mm): Pad 1 [ROW_27_ANODE] of D737 on F.Cu
[unconnected_items]: Missing connection between items
    Local override; error
    @(18.8850 mm, 57.7150 mm): Pad 1 [ROW_27_ANODE] of D737 on F.Cu
    @(21.0850 mm, 57.7150 mm): Pad 1 [ROW_27_ANODE] of D738 on F.Cu
[unconnected_items]: Missing connection between items
    Local override; error
    @(21.0850 mm, 57.7150 mm): Pad 1 [ROW_27_ANODE] of D738 on F.Cu
    @(23.2850 mm, 57.7150 mm): Pad 1 [ROW_27_ANODE] of D739 on F.Cu
[unconnected_items]: Missing connection between items
    Local override; error
    @(23.2850 mm, 57.7150 mm): Pad 1 [ROW_27_ANODE] of D739 on F.Cu
    @(25.4850 mm, 57.7150 mm): Pad 1 [ROW_27_ANODE] of D740 on F.Cu
[unconnected_items]: Missing connection between items
    Local override; error
    @(25.4850 mm, 57.7150 mm): Pad 1 [ROW_27_ANODE] of D740 on F.Cu
    @(27.6850 mm, 57.7150 mm): Pad 1 [ROW_27_ANODE] of D741 on F.Cu
[unconnected_items]: Missing connection between items
    Local override; error
    @(27.6850 mm, 57.7150 mm): Pad 1 [ROW_27_ANODE] of D741 on F.Cu
    @(29.8850 mm, 57.7150 mm): Pad 1 [ROW_27_ANODE] of D742 on F.Cu
[unconnected_items]: Missing connection between items
    Local override; error
    @(29.8850 mm, 57.7150 mm): Pad 1 [ROW_27_ANODE] of D742 on F.Cu
    @(32.0850 mm, 57.7150 mm): Pad 1 [ROW_27_ANODE] of D743 on F.Cu
[unconnected_items]: Missing connection between items
    Local override; error
    @(32.0850 mm, 57.7150 mm): Pad 1 [ROW_27_ANODE] of D743 on F.Cu
    @(34.2850 mm, 57.7150 mm): Pad 1 [ROW_27_ANODE] of D744 on F.Cu
[unconnected_items]: Missing connection between items
    Local override; error
    @(34.2850 mm, 57.7150 mm): Pad 1 [ROW_27_ANODE] of D744 on F.Cu
    @(36.4850 mm, 57.7150 mm): Pad 1 [ROW_27_ANODE] of D745 on F.Cu
[unconnected_items]: Missing connection between items
    Local override; error
    @(36.4850 mm, 57.7150 mm): Pad 1 [ROW_27_ANODE] of D745 on F.Cu
    @(38.6850 mm, 57.7150 mm): Pad 1 [ROW_27_ANODE] of D746 on F.Cu
[unconnected_items]: Missing connection between items
    Local override; error
    @(38.6850 mm, 57.7150 mm): Pad 1 [ROW_27_ANODE] of D746 on F.Cu
    @(40.8850 mm, 57.7150 mm): Pad 1 [ROW_27_ANODE] of D747 on F.Cu
[unconnected_items]: Missing connection between items
    Local override; error
    @(40.8850 mm, 57.7150 mm): Pad 1 [ROW_27_ANODE] of D747 on F.Cu
    @(43.0850 mm, 57.7150 mm): Pad 1 [ROW_27_ANODE] of D748 on F.Cu
[unconnected_items]: Missing connection between items
    Local override; error
    @(43.0850 mm, 57.7150 mm): Pad 1 [ROW_27_ANODE] of D748 on F.Cu
    @(45.2850 mm, 57.7150 mm): Pad 1 [ROW_27_ANODE] of D749 on F.Cu
[unconnected_items]: Missing connection between items
    Local override; error
    @(45.2850 mm, 57.7150 mm): Pad 1 [ROW_27_ANODE] of D749 on F.Cu
    @(47.4850 mm, 57.7150 mm): Pad 1 [ROW_27_ANODE] of D750 on F.Cu
[unconnected_items]: Missing connection between items
    Local override; error
    @(47.4850 mm, 57.7150 mm): Pad 1 [ROW_27_ANODE] of D750 on F.Cu
    @(49.6850 mm, 57.7150 mm): Pad 1 [ROW_27_ANODE] of D751 on F.Cu
[unconnected_items]: Missing connection between items
    Local override; error
    @(49.6850 mm, 57.7150 mm): Pad 1 [ROW_27_ANODE] of D751 on F.Cu
    @(51.8850 mm, 57.7150 mm): Pad 1 [ROW_27_ANODE] of D752 on F.Cu
[unconnected_items]: Missing connection between items
    Local override; error
    @(51.8850 mm, 57.7150 mm): Pad 1 [ROW_27_ANODE] of D752 on F.Cu
    @(54.0850 mm, 57.7150 mm): Pad 1 [ROW_27_ANODE] of D753 on F.Cu
[unconnected_items]: Missing connection between items
    Local override; error
    @(54.0850 mm, 57.7150 mm): Pad 1 [ROW_27_ANODE] of D753 on F.Cu
    @(56.2850 mm, 57.7150 mm): Pad 1 [ROW_27_ANODE] of D754 on F.Cu
[unconnected_items]: Missing connection between items
    Local override; error
    @(56.2850 mm, 57.7150 mm): Pad 1 [ROW_27_ANODE] of D754 on F.Cu
    @(58.4850 mm, 57.7150 mm): Pad 1 [ROW_27_ANODE] of D755 on F.Cu
[unconnected_items]: Missing connection between items
    Local override; error
    @(58.4850 mm, 57.7150 mm): Pad 1 [ROW_27_ANODE] of D755 on F.Cu
    @(60.6850 mm, 57.7150 mm): Pad 1 [ROW_27_ANODE] of D756 on F.Cu
[unconnected_items]: Missing connection between items
    Local override; error
    @(36.4850 mm, 1.2850 mm): Pad 2 [COL_R_17] of D17 on F.Cu
    @(36.4850 mm, 3.4850 mm): Pad 2 [COL_R_17] of D45 on F.Cu
[unconnected_items]: Missing connection between items
    Local override; error
    @(36.4850 mm, 3.4850 mm): Pad 2 [COL_R_17] of D45 on F.Cu
    @(36.4850 mm, 5.6850 mm): Pad 2 [COL_R_17] of D73 on F.Cu
[unconnected_items]: Missing connection between items
    Local override; error
    @(36.4850 mm, 5.6850 mm): Pad 2 [COL_R_17] of D73 on F.Cu
    @(36.4850 mm, 7.8850 mm): Pad 2 [COL_R_17] of D101 on F.Cu
[unconnected_items]: Missing connection between items
    Local override; error
    @(36.4850 mm, 7.8850 mm): Pad 2 [COL_R_17] of D101 on F.Cu
    @(36.4850 mm, 10.0850 mm): Pad 2 [COL_R_17] of D129 on F.Cu
[unconnected_items]: Missing connection between items
    Local override; error
    @(36.4850 mm, 10.0850 mm): Pad 2 [COL_R_17] of D129 on F.Cu
    @(36.4850 mm, 12.2850 mm): Pad 2 [COL_R_17] of D157 on F.Cu
[unconnected_items]: Missing connection between items
    Local override; error
    @(36.4850 mm, 12.2850 mm): Pad 2 [COL_R_17] of D157 on F.Cu
    @(36.4850 mm, 14.4850 mm): Pad 2 [COL_R_17] of D185 on F.Cu
[unconnected_items]: Missing connection between items
    Local override; error
    @(36.4850 mm, 14.4850 mm): Pad 2 [COL_R_17] of D185 on F.Cu
    @(36.4850 mm, 16.6850 mm): Pad 2 [COL_R_17] of D213 on F.Cu
[unconnected_items]: Missing connection between items
    Local override; error
    @(36.4850 mm, 16.6850 mm): Pad 2 [COL_R_17] of D213 on F.Cu
    @(36.4850 mm, 18.8850 mm): Pad 2 [COL_R_17] of D241 on F.Cu
[unconnected_items]: Missing connection between items
    Local override; error
    @(36.4850 mm, 18.8850 mm): Pad 2 [COL_R_17] of D241 on F.Cu
    @(36.4850 mm, 21.0850 mm): Pad 2 [COL_R_17] of D269 on F.Cu
[unconnected_items]: Missing connection between items
    Local override; error
    @(36.4850 mm, 21.0850 mm): Pad 2 [COL_R_17] of D269 on F.Cu
    @(36.4850 mm, 23.2850 mm): Pad 2 [COL_R_17] of D297 on F.Cu
[unconnected_items]: Missing connection between items
    Local override; error
    @(36.4850 mm, 23.2850 mm): Pad 2 [COL_R_17] of D297 on F.Cu
    @(36.4850 mm, 25.4850 mm): Pad 2 [COL_R_17] of D325 on F.Cu
[unconnected_items]: Missing connection between items
    Local override; error
    @(36.4850 mm, 25.4850 mm): Pad 2 [COL_R_17] of D325 on F.Cu
    @(36.4850 mm, 27.6850 mm): Pad 2 [COL_R_17] of D353 on F.Cu
[unconnected_items]: Missing connection between items
    Local override; error
    @(36.4850 mm, 27.6850 mm): Pad 2 [COL_R_17] of D353 on F.Cu
    @(36.4850 mm, 29.8850 mm): Pad 2 [COL_R_17] of D381 on F.Cu
[unconnected_items]: Missing connection between items
    Local override; error
    @(36.4850 mm, 29.8850 mm): Pad 2 [COL_R_17] of D381 on F.Cu
    @(36.4850 mm, 32.0850 mm): Pad 2 [COL_R_17] of D409 on F.Cu
[unconnected_items]: Missing connection between items
    Local override; error
    @(36.4850 mm, 32.0850 mm): Pad 2 [COL_R_17] of D409 on F.Cu
    @(36.4850 mm, 34.2850 mm): Pad 2 [COL_R_17] of D437 on F.Cu
[unconnected_items]: Missing connection between items
    Local override; error
    @(36.4850 mm, 34.2850 mm): Pad 2 [COL_R_17] of D437 on F.Cu
    @(36.4850 mm, 36.4850 mm): Pad 2 [COL_R_17] of D465 on F.Cu
[unconnected_items]: Missing connection between items
    Local override; error
    @(36.4850 mm, 36.4850 mm): Pad 2 [COL_R_17] of D465 on F.Cu
    @(36.4850 mm, 38.6850 mm): Pad 2 [COL_R_17] of D493 on F.Cu
[unconnected_items]: Missing connection between items
    Local override; error
    @(36.4850 mm, 38.6850 mm): Pad 2 [COL_R_17] of D493 on F.Cu
    @(36.4850 mm, 40.8850 mm): Pad 2 [COL_R_17] of D521 on F.Cu
[unconnected_items]: Missing connection between items
    Local override; error
    @(36.4850 mm, 40.8850 mm): Pad 2 [COL_R_17] of D521 on F.Cu
    @(36.4850 mm, 43.0850 mm): Pad 2 [COL_R_17] of D549 on F.Cu
[unconnected_items]: Missing connection between items
    Local override; error
    @(36.4850 mm, 43.0850 mm): Pad 2 [COL_R_17] of D549 on F.Cu
    @(36.4850 mm, 45.2850 mm): Pad 2 [COL_R_17] of D577 on F.Cu
[unconnected_items]: Missing connection between items
    Local override; error
    @(36.4850 mm, 45.2850 mm): Pad 2 [COL_R_17] of D577 on F.Cu
    @(36.4850 mm, 47.4850 mm): Pad 2 [COL_R_17] of D605 on F.Cu
[unconnected_items]: Missing connection between items
    Local override; error
    @(36.4850 mm, 47.4850 mm): Pad 2 [COL_R_17] of D605 on F.Cu
    @(36.4850 mm, 49.6850 mm): Pad 2 [COL_R_17] of D633 on F.Cu
[unconnected_items]: Missing connection between items
    Local override; error
    @(36.4850 mm, 49.6850 mm): Pad 2 [COL_R_17] of D633 on F.Cu
    @(36.4850 mm, 51.8850 mm): Pad 2 [COL_R_17] of D661 on F.Cu
[unconnected_items]: Missing connection between items
    Local override; error
    @(36.4850 mm, 51.8850 mm): Pad 2 [COL_R_17] of D661 on F.Cu
    @(36.4850 mm, 54.0850 mm): Pad 2 [COL_R_17] of D689 on F.Cu
[unconnected_items]: Missing connection between items
    Local override; error
    @(36.4850 mm, 54.0850 mm): Pad 2 [COL_R_17] of D689 on F.Cu
    @(36.4850 mm, 56.2850 mm): Pad 2 [COL_R_17] of D717 on F.Cu
[unconnected_items]: Missing connection between items
    Local override; error
    @(36.4850 mm, 56.2850 mm): Pad 2 [COL_R_17] of D717 on F.Cu
    @(36.4850 mm, 58.4850 mm): Pad 2 [COL_R_17] of D745 on F.Cu
[unconnected_items]: Missing connection between items
    Local override; error
    @(36.4850 mm, 58.4850 mm): Pad 2 [COL_R_17] of D745 on F.Cu
    @(36.4850 mm, 60.6850 mm): Pad 2 [COL_R_17] of D773 on F.Cu
[unconnected_items]: Missing connection between items
    Local override; error
    @(35.7150 mm, 1.2850 mm): Pad 3 [COL_G_17] of D17 on F.Cu
    @(35.7150 mm, 3.4850 mm): Pad 3 [COL_G_17] of D45 on F.Cu
[unconnected_items]: Missing connection between items
    Local override; error
    @(35.7150 mm, 3.4850 mm): Pad 3 [COL_G_17] of D45 on F.Cu
    @(35.7150 mm, 5.6850 mm): Pad 3 [COL_G_17] of D73 on F.Cu
[unconnected_items]: Missing connection between items
    Local override; error
    @(35.7150 mm, 5.6850 mm): Pad 3 [COL_G_17] of D73 on F.Cu
    @(35.7150 mm, 7.8850 mm): Pad 3 [COL_G_17] of D101 on F.Cu
[unconnected_items]: Missing connection between items
    Local override; error
    @(35.7150 mm, 7.8850 mm): Pad 3 [COL_G_17] of D101 on F.Cu
    @(35.7150 mm, 10.0850 mm): Pad 3 [COL_G_17] of D129 on F.Cu
[unconnected_items]: Missing connection between items
    Local override; error
    @(35.7150 mm, 10.0850 mm): Pad 3 [COL_G_17] of D129 on F.Cu
    @(35.7150 mm, 12.2850 mm): Pad 3 [COL_G_17] of D157 on F.Cu
[unconnected_items]: Missing connection between items
    Local override; error
    @(35.7150 mm, 12.2850 mm): Pad 3 [COL_G_17] of D157 on F.Cu
    @(35.7150 mm, 14.4850 mm): Pad 3 [COL_G_17] of D185 on F.Cu
[unconnected_items]: Missing connection between items
    Local override; error
    @(35.7150 mm, 14.4850 mm): Pad 3 [COL_G_17] of D185 on F.Cu
    @(35.7150 mm, 16.6850 mm): Pad 3 [COL_G_17] of D213 on F.Cu
[unconnected_items]: Missing connection between items
    Local override; error
    @(35.7150 mm, 16.6850 mm): Pad 3 [COL_G_17] of D213 on F.Cu
    @(35.7150 mm, 18.8850 mm): Pad 3 [COL_G_17] of D241 on F.Cu
[unconnected_items]: Missing connection between items
    Local override; error
    @(35.7150 mm, 18.8850 mm): Pad 3 [COL_G_17] of D241 on F.Cu
    @(35.7150 mm, 21.0850 mm): Pad 3 [COL_G_17] of D269 on F.Cu
[unconnected_items]: Missing connection between items
    Local override; error
    @(35.7150 mm, 21.0850 mm): Pad 3 [COL_G_17] of D269 on F.Cu
    @(35.7150 mm, 23.2850 mm): Pad 3 [COL_G_17] of D297 on F.Cu
[unconnected_items]: Missing connection between items
    Local override; error
    @(35.7150 mm, 23.2850 mm): Pad 3 [COL_G_17] of D297 on F.Cu
    @(35.7150 mm, 25.4850 mm): Pad 3 [COL_G_17] of D325 on F.Cu
[unconnected_items]: Missing connection between items
    Local override; error
    @(35.7150 mm, 25.4850 mm): Pad 3 [COL_G_17] of D325 on F.Cu
    @(35.7150 mm, 27.6850 mm): Pad 3 [COL_G_17] of D353 on F.Cu
[unconnected_items]: Missing connection between items
    Local override; error
    @(35.7150 mm, 27.6850 mm): Pad 3 [COL_G_17] of D353 on F.Cu
    @(35.7150 mm, 29.8850 mm): Pad 3 [COL_G_17] of D381 on F.Cu
[unconnected_items]: Missing connection between items
    Local override; error
    @(35.7150 mm, 29.8850 mm): Pad 3 [COL_G_17] of D381 on F.Cu
    @(35.7150 mm, 32.0850 mm): Pad 3 [COL_G_17] of D409 on F.Cu
[unconnected_items]: Missing connection between items
    Local override; error
    @(35.7150 mm, 32.0850 mm): Pad 3 [COL_G_17] of D409 on F.Cu
    @(35.7150 mm, 34.2850 mm): Pad 3 [COL_G_17] of D437 on F.Cu
[unconnected_items]: Missing connection between items
    Local override; error
    @(35.7150 mm, 34.2850 mm): Pad 3 [COL_G_17] of D437 on F.Cu
    @(35.7150 mm, 36.4850 mm): Pad 3 [COL_G_17] of D465 on F.Cu
[unconnected_items]: Missing connection between items
    Local override; error
    @(35.7150 mm, 36.4850 mm): Pad 3 [COL_G_17] of D465 on F.Cu
    @(35.7150 mm, 38.6850 mm): Pad 3 [COL_G_17] of D493 on F.Cu
[unconnected_items]: Missing connection between items
    Local override; error
    @(35.7150 mm, 38.6850 mm): Pad 3 [COL_G_17] of D493 on F.Cu
    @(35.7150 mm, 40.8850 mm): Pad 3 [COL_G_17] of D521 on F.Cu
[unconnected_items]: Missing connection between items
    Local override; error
    @(35.7150 mm, 40.8850 mm): Pad 3 [COL_G_17] of D521 on F.Cu
    @(35.7150 mm, 43.0850 mm): Pad 3 [COL_G_17] of D549 on F.Cu
[unconnected_items]: Missing connection between items
    Local override; error
    @(35.7150 mm, 43.0850 mm): Pad 3 [COL_G_17] of D549 on F.Cu
    @(35.7150 mm, 45.2850 mm): Pad 3 [COL_G_17] of D577 on F.Cu
[unconnected_items]: Missing connection between items
    Local override; error
    @(35.7150 mm, 45.2850 mm): Pad 3 [COL_G_17] of D577 on F.Cu
    @(35.7150 mm, 47.4850 mm): Pad 3 [COL_G_17] of D605 on F.Cu
[unconnected_items]: Missing connection between items
    Local override; error
    @(35.7150 mm, 47.4850 mm): Pad 3 [COL_G_17] of D605 on F.Cu
    @(35.7150 mm, 49.6850 mm): Pad 3 [COL_G_17] of D633 on F.Cu
[unconnected_items]: Missing connection between items
    Local override; error
    @(35.7150 mm, 49.6850 mm): Pad 3 [COL_G_17] of D633 on F.Cu
    @(35.7150 mm, 51.8850 mm): Pad 3 [COL_G_17] of D661 on F.Cu
[unconnected_items]: Missing connection between items
    Local override; error
    @(35.7150 mm, 51.8850 mm): Pad 3 [COL_G_17] of D661 on F.Cu
    @(35.7150 mm, 54.0850 mm): Pad 3 [COL_G_17] of D689 on F.Cu
[unconnected_items]: Missing connection between items
    Local override; error
    @(35.7150 mm, 54.0850 mm): Pad 3 [COL_G_17] of D689 on F.Cu
    @(35.7150 mm, 56.2850 mm): Pad 3 [COL_G_17] of D717 on F.Cu
[unconnected_items]: Missing connection between items
    Local override; error
    @(35.7150 mm, 56.2850 mm): Pad 3 [COL_G_17] of D717 on F.Cu
    @(35.7150 mm, 58.4850 mm): Pad 3 [COL_G_17] of D745 on F.Cu
[unconnected_items]: Missing connection between items
    Local override; error
    @(35.7150 mm, 58.4850 mm): Pad 3 [COL_G_17] of D745 on F.Cu
    @(35.7150 mm, 60.6850 mm): Pad 3 [COL_G_17] of D773 on F.Cu
[unconnected_items]: Missing connection between items
    Local override; error
    @(35.7150 mm, 0.5150 mm): Pad 4 [COL_B_17] of D17 on F.Cu
    @(35.7150 mm, 2.7150 mm): Pad 4 [COL_B_17] of D45 on F.Cu
[unconnected_items]: Missing connection between items
    Local override; error
    @(35.7150 mm, 2.7150 mm): Pad 4 [COL_B_17] of D45 on F.Cu
    @(35.7150 mm, 4.9150 mm): Pad 4 [COL_B_17] of D73 on F.Cu
[unconnected_items]: Missing connection between items
    Local override; error
    @(35.7150 mm, 4.9150 mm): Pad 4 [COL_B_17] of D73 on F.Cu
    @(35.7150 mm, 7.1150 mm): Pad 4 [COL_B_17] of D101 on F.Cu
[unconnected_items]: Missing connection between items
    Local override; error
    @(35.7150 mm, 7.1150 mm): Pad 4 [COL_B_17] of D101 on F.Cu
    @(35.7150 mm, 9.3150 mm): Pad 4 [COL_B_17] of D129 on F.Cu
[unconnected_items]: Missing connection between items
    Local override; error
    @(35.7150 mm, 9.3150 mm): Pad 4 [COL_B_17] of D129 on F.Cu
    @(35.7150 mm, 11.5150 mm): Pad 4 [COL_B_17] of D157 on F.Cu
[unconnected_items]: Missing connection between items
    Local override; error
    @(35.7150 mm, 11.5150 mm): Pad 4 [COL_B_17] of D157 on F.Cu
    @(35.7150 mm, 13.7150 mm): Pad 4 [COL_B_17] of D185 on F.Cu
[unconnected_items]: Missing connection between items
    Local override; error
    @(35.7150 mm, 13.7150 mm): Pad 4 [COL_B_17] of D185 on F.Cu
    @(35.7150 mm, 15.9150 mm): Pad 4 [COL_B_17] of D213 on F.Cu
[unconnected_items]: Missing connection between items
    Local override; error
    @(35.7150 mm, 15.9150 mm): Pad 4 [COL_B_17] of D213 on F.Cu
    @(35.7150 mm, 18.1150 mm): Pad 4 [COL_B_17] of D241 on F.Cu
[unconnected_items]: Missing connection between items
    Local override; error
    @(35.7150 mm, 18.1150 mm): Pad 4 [COL_B_17] of D241 on F.Cu
    @(35.7150 mm, 20.3150 mm): Pad 4 [COL_B_17] of D269 on F.Cu
[unconnected_items]: Missing connection between items
    Local override; error
    @(35.7150 mm, 20.3150 mm): Pad 4 [COL_B_17] of D269 on F.Cu
    @(35.7150 mm, 22.5150 mm): Pad 4 [COL_B_17] of D297 on F.Cu
[unconnected_items]: Missing connection between items
    Local override; error
    @(35.7150 mm, 22.5150 mm): Pad 4 [COL_B_17] of D297 on F.Cu
    @(35.7150 mm, 24.7150 mm): Pad 4 [COL_B_17] of D325 on F.Cu
[unconnected_items]: Missing connection between items
    Local override; error
    @(35.7150 mm, 24.7150 mm): Pad 4 [COL_B_17] of D325 on F.Cu
    @(35.7150 mm, 26.9150 mm): Pad 4 [COL_B_17] of D353 on F.Cu
[unconnected_items]: Missing connection between items
    Local override; error
    @(35.7150 mm, 26.9150 mm): Pad 4 [COL_B_17] of D353 on F.Cu
    @(35.7150 mm, 29.1150 mm): Pad 4 [COL_B_17] of D381 on F.Cu
[unconnected_items]: Missing connection between items
    Local override; error
    @(35.7150 mm, 29.1150 mm): Pad 4 [COL_B_17] of D381 on F.Cu
    @(35.7150 mm, 31.3150 mm): Pad 4 [COL_B_17] of D409 on F.Cu
[unconnected_items]: Missing connection between items
    Local override; error
    @(35.7150 mm, 31.3150 mm): Pad 4 [COL_B_17] of D409 on F.Cu
    @(35.7150 mm, 33.5150 mm): Pad 4 [COL_B_17] of D437 on F.Cu
[unconnected_items]: Missing connection between items
    Local override; error
    @(35.7150 mm, 33.5150 mm): Pad 4 [COL_B_17] of D437 on F.Cu
    @(35.7150 mm, 35.7150 mm): Pad 4 [COL_B_17] of D465 on F.Cu
[unconnected_items]: Missing connection between items
    Local override; error
    @(35.7150 mm, 35.7150 mm): Pad 4 [COL_B_17] of D465 on F.Cu
    @(35.7150 mm, 37.9150 mm): Pad 4 [COL_B_17] of D493 on F.Cu
[unconnected_items]: Missing connection between items
    Local override; error
    @(35.7150 mm, 37.9150 mm): Pad 4 [COL_B_17] of D493 on F.Cu
    @(35.7150 mm, 40.1150 mm): Pad 4 [COL_B_17] of D521 on F.Cu
[unconnected_items]: Missing connection between items
    Local override; error
    @(35.7150 mm, 40.1150 mm): Pad 4 [COL_B_17] of D521 on F.Cu
    @(35.7150 mm, 42.3150 mm): Pad 4 [COL_B_17] of D549 on F.Cu
[unconnected_items]: Missing connection between items
    Local override; error
    @(35.7150 mm, 42.3150 mm): Pad 4 [COL_B_17] of D549 on F.Cu
    @(35.7150 mm, 44.5150 mm): Pad 4 [COL_B_17] of D577 on F.Cu
[unconnected_items]: Missing connection between items
    Local override; error
    @(35.7150 mm, 44.5150 mm): Pad 4 [COL_B_17] of D577 on F.Cu
    @(35.7150 mm, 46.7150 mm): Pad 4 [COL_B_17] of D605 on F.Cu
[unconnected_items]: Missing connection between items
    Local override; error
    @(35.7150 mm, 46.7150 mm): Pad 4 [COL_B_17] of D605 on F.Cu
    @(35.7150 mm, 48.9150 mm): Pad 4 [COL_B_17] of D633 on F.Cu
[unconnected_items]: Missing connection between items
    Local override; error
    @(35.7150 mm, 48.9150 mm): Pad 4 [COL_B_17] of D633 on F.Cu
    @(35.7150 mm, 51.1150 mm): Pad 4 [COL_B_17] of D661 on F.Cu
[unconnected_items]: Missing connection between items
    Local override; error
    @(35.7150 mm, 51.1150 mm): Pad 4 [COL_B_17] of D661 on F.Cu
    @(35.7150 mm, 53.3150 mm): Pad 4 [COL_B_17] of D689 on F.Cu
[unconnected_items]: Missing connection between items
    Local override; error
    @(35.7150 mm, 53.3150 mm): Pad 4 [COL_B_17] of D689 on F.Cu
    @(35.7150 mm, 55.5150 mm): Pad 4 [COL_B_17] of D717 on F.Cu
[unconnected_items]: Missing connection between items
    Local override; error
    @(35.7150 mm, 55.5150 mm): Pad 4 [COL_B_17] of D717 on F.Cu
    @(35.7150 mm, 57.7150 mm): Pad 4 [COL_B_17] of D745 on F.Cu
[unconnected_items]: Missing connection between items
    Local override; error
    @(35.7150 mm, 57.7150 mm): Pad 4 [COL_B_17] of D745 on F.Cu
    @(35.7150 mm, 59.9150 mm): Pad 4 [COL_B_17] of D773 on F.Cu
[unconnected_items]: Missing connection between items
    Local override; error
    @(1.2850 mm, 48.9150 mm): Pad 1 [ROW_23_ANODE] of D617 on F.Cu
    @(3.4850 mm, 48.9150 mm): Pad 1 [ROW_23_ANODE] of D618 on F.Cu
[unconnected_items]: Missing connection between items
    Local override; error
    @(3.4850 mm, 48.9150 mm): Pad 1 [ROW_23_ANODE] of D618 on F.Cu
    @(5.6850 mm, 48.9150 mm): Pad 1 [ROW_23_ANODE] of D619 on F.Cu
[unconnected_items]: Missing connection between items
    Local override; error
    @(5.6850 mm, 48.9150 mm): Pad 1 [ROW_23_ANODE] of D619 on F.Cu
    @(7.8850 mm, 48.9150 mm): Pad 1 [ROW_23_ANODE] of D620 on F.Cu
[unconnected_items]: Missing connection between items
    Local override; error
    @(7.8850 mm, 48.9150 mm): Pad 1 [ROW_23_ANODE] of D620 on F.Cu
    @(10.0850 mm, 48.9150 mm): Pad 1 [ROW_23_ANODE] of D621 on F.Cu
[unconnected_items]: Missing connection between items
    Local override; error
    @(10.0850 mm, 48.9150 mm): Pad 1 [ROW_23_ANODE] of D621 on F.Cu
    @(12.2850 mm, 48.9150 mm): Pad 1 [ROW_23_ANODE] of D622 on F.Cu
[unconnected_items]: Missing connection between items
    Local override; error
    @(12.2850 mm, 48.9150 mm): Pad 1 [ROW_23_ANODE] of D622 on F.Cu
    @(14.4850 mm, 48.9150 mm): Pad 1 [ROW_23_ANODE] of D623 on F.Cu
[unconnected_items]: Missing connection between items
    Local override; error
    @(14.4850 mm, 48.9150 mm): Pad 1 [ROW_23_ANODE] of D623 on F.Cu
    @(16.6850 mm, 48.9150 mm): Pad 1 [ROW_23_ANODE] of D624 on F.Cu
[unconnected_items]: Missing connection between items
    Local override; error
    @(16.6850 mm, 48.9150 mm): Pad 1 [ROW_23_ANODE] of D624 on F.Cu
    @(18.8850 mm, 48.9150 mm): Pad 1 [ROW_23_ANODE] of D625 on F.Cu
[unconnected_items]: Missing connection between items
    Local override; error
    @(18.8850 mm, 48.9150 mm): Pad 1 [ROW_23_ANODE] of D625 on F.Cu
    @(21.0850 mm, 48.9150 mm): Pad 1 [ROW_23_ANODE] of D626 on F.Cu
[unconnected_items]: Missing connection between items
    Local override; error
    @(21.0850 mm, 48.9150 mm): Pad 1 [ROW_23_ANODE] of D626 on F.Cu
    @(23.2850 mm, 48.9150 mm): Pad 1 [ROW_23_ANODE] of D627 on F.Cu
[unconnected_items]: Missing connection between items
    Local override; error
    @(23.2850 mm, 48.9150 mm): Pad 1 [ROW_23_ANODE] of D627 on F.Cu
    @(25.4850 mm, 48.9150 mm): Pad 1 [ROW_23_ANODE] of D628 on F.Cu
[unconnected_items]: Missing connection between items
    Local override; error
    @(25.4850 mm, 48.9150 mm): Pad 1 [ROW_23_ANODE] of D628 on F.Cu
    @(27.6850 mm, 48.9150 mm): Pad 1 [ROW_23_ANODE] of D629 on F.Cu
[unconnected_items]: Missing connection between items
    Local override; error
    @(27.6850 mm, 48.9150 mm): Pad 1 [ROW_23_ANODE] of D629 on F.Cu
    @(29.8850 mm, 48.9150 mm): Pad 1 [ROW_23_ANODE] of D630 on F.Cu
[unconnected_items]: Missing connection between items
    Local override; error
    @(29.8850 mm, 48.9150 mm): Pad 1 [ROW_23_ANODE] of D630 on F.Cu
    @(32.0850 mm, 48.9150 mm): Pad 1 [ROW_23_ANODE] of D631 on F.Cu
[unconnected_items]: Missing connection between items
    Local override; error
    @(32.0850 mm, 48.9150 mm): Pad 1 [ROW_23_ANODE] of D631 on F.Cu
    @(34.2850 mm, 48.9150 mm): Pad 1 [ROW_23_ANODE] of D632 on F.Cu
[unconnected_items]: Missing connection between items
    Local override; error
    @(34.2850 mm, 48.9150 mm): Pad 1 [ROW_23_ANODE] of D632 on F.Cu
    @(36.4850 mm, 48.9150 mm): Pad 1 [ROW_23_ANODE] of D633 on F.Cu
[unconnected_items]: Missing connection between items
    Local override; error
    @(36.4850 mm, 48.9150 mm): Pad 1 [ROW_23_ANODE] of D633 on F.Cu
    @(38.6850 mm, 48.9150 mm): Pad 1 [ROW_23_ANODE] of D634 on F.Cu
[unconnected_items]: Missing connection between items
    Local override; error
    @(38.6850 mm, 48.9150 mm): Pad 1 [ROW_23_ANODE] of D634 on F.Cu
    @(40.8850 mm, 48.9150 mm): Pad 1 [ROW_23_ANODE] of D635 on F.Cu
[unconnected_items]: Missing connection between items
    Local override; error
    @(40.8850 mm, 48.9150 mm): Pad 1 [ROW_23_ANODE] of D635 on F.Cu
    @(43.0850 mm, 48.9150 mm): Pad 1 [ROW_23_ANODE] of D636 on F.Cu
[unconnected_items]: Missing connection between items
    Local override; error
    @(43.0850 mm, 48.9150 mm): Pad 1 [ROW_23_ANODE] of D636 on F.Cu
    @(45.2850 mm, 48.9150 mm): Pad 1 [ROW_23_ANODE] of D637 on F.Cu
[unconnected_items]: Missing connection between items
    Local override; error
    @(45.2850 mm, 48.9150 mm): Pad 1 [ROW_23_ANODE] of D637 on F.Cu
    @(47.4850 mm, 48.9150 mm): Pad 1 [ROW_23_ANODE] of D638 on F.Cu
[unconnected_items]: Missing connection between items
    Local override; error
    @(47.4850 mm, 48.9150 mm): Pad 1 [ROW_23_ANODE] of D638 on F.Cu
    @(49.6850 mm, 48.9150 mm): Pad 1 [ROW_23_ANODE] of D639 on F.Cu
[unconnected_items]: Missing connection between items
    Local override; error
    @(49.6850 mm, 48.9150 mm): Pad 1 [ROW_23_ANODE] of D639 on F.Cu
    @(51.8850 mm, 48.9150 mm): Pad 1 [ROW_23_ANODE] of D640 on F.Cu
[unconnected_items]: Missing connection between items
    Local override; error
    @(51.8850 mm, 48.9150 mm): Pad 1 [ROW_23_ANODE] of D640 on F.Cu
    @(54.0850 mm, 48.9150 mm): Pad 1 [ROW_23_ANODE] of D641 on F.Cu
[unconnected_items]: Missing connection between items
    Local override; error
    @(54.0850 mm, 48.9150 mm): Pad 1 [ROW_23_ANODE] of D641 on F.Cu
    @(56.2850 mm, 48.9150 mm): Pad 1 [ROW_23_ANODE] of D642 on F.Cu
[unconnected_items]: Missing connection between items
    Local override; error
    @(56.2850 mm, 48.9150 mm): Pad 1 [ROW_23_ANODE] of D642 on F.Cu
    @(58.4850 mm, 48.9150 mm): Pad 1 [ROW_23_ANODE] of D643 on F.Cu
[unconnected_items]: Missing connection between items
    Local override; error
    @(58.4850 mm, 48.9150 mm): Pad 1 [ROW_23_ANODE] of D643 on F.Cu
    @(60.6850 mm, 48.9150 mm): Pad 1 [ROW_23_ANODE] of D644 on F.Cu
[unconnected_items]: Missing connection between items
    Local override; error
    @(1.2850 mm, 11.5150 mm): Pad 1 [ROW_06_ANODE] of D141 on F.Cu
    @(3.4850 mm, 11.5150 mm): Pad 1 [ROW_06_ANODE] of D142 on F.Cu
[unconnected_items]: Missing connection between items
    Local override; error
    @(3.4850 mm, 11.5150 mm): Pad 1 [ROW_06_ANODE] of D142 on F.Cu
    @(5.6850 mm, 11.5150 mm): Pad 1 [ROW_06_ANODE] of D143 on F.Cu
[unconnected_items]: Missing connection between items
    Local override; error
    @(5.6850 mm, 11.5150 mm): Pad 1 [ROW_06_ANODE] of D143 on F.Cu
    @(7.8850 mm, 11.5150 mm): Pad 1 [ROW_06_ANODE] of D144 on F.Cu
[unconnected_items]: Missing connection between items
    Local override; error
    @(7.8850 mm, 11.5150 mm): Pad 1 [ROW_06_ANODE] of D144 on F.Cu
    @(10.0850 mm, 11.5150 mm): Pad 1 [ROW_06_ANODE] of D145 on F.Cu
[unconnected_items]: Missing connection between items
    Local override; error
    @(10.0850 mm, 11.5150 mm): Pad 1 [ROW_06_ANODE] of D145 on F.Cu
    @(12.2850 mm, 11.5150 mm): Pad 1 [ROW_06_ANODE] of D146 on F.Cu
[unconnected_items]: Missing connection between items
    Local override; error
    @(12.2850 mm, 11.5150 mm): Pad 1 [ROW_06_ANODE] of D146 on F.Cu
    @(14.4850 mm, 11.5150 mm): Pad 1 [ROW_06_ANODE] of D147 on F.Cu
[unconnected_items]: Missing connection between items
    Local override; error
    @(14.4850 mm, 11.5150 mm): Pad 1 [ROW_06_ANODE] of D147 on F.Cu
    @(16.6850 mm, 11.5150 mm): Pad 1 [ROW_06_ANODE] of D148 on F.Cu
[unconnected_items]: Missing connection between items
    Local override; error
    @(16.6850 mm, 11.5150 mm): Pad 1 [ROW_06_ANODE] of D148 on F.Cu
    @(18.8850 mm, 11.5150 mm): Pad 1 [ROW_06_ANODE] of D149 on F.Cu
[unconnected_items]: Missing connection between items
    Local override; error
    @(18.8850 mm, 11.5150 mm): Pad 1 [ROW_06_ANODE] of D149 on F.Cu
    @(21.0850 mm, 11.5150 mm): Pad 1 [ROW_06_ANODE] of D150 on F.Cu
[unconnected_items]: Missing connection between items
    Local override; error
    @(21.0850 mm, 11.5150 mm): Pad 1 [ROW_06_ANODE] of D150 on F.Cu
    @(23.2850 mm, 11.5150 mm): Pad 1 [ROW_06_ANODE] of D151 on F.Cu
[unconnected_items]: Missing connection between items
    Local override; error
    @(23.2850 mm, 11.5150 mm): Pad 1 [ROW_06_ANODE] of D151 on F.Cu
    @(25.4850 mm, 11.5150 mm): Pad 1 [ROW_06_ANODE] of D152 on F.Cu
[unconnected_items]: Missing connection between items
    Local override; error
    @(25.4850 mm, 11.5150 mm): Pad 1 [ROW_06_ANODE] of D152 on F.Cu
    @(27.6850 mm, 11.5150 mm): Pad 1 [ROW_06_ANODE] of D153 on F.Cu
[unconnected_items]: Missing connection between items
    Local override; error
    @(27.6850 mm, 11.5150 mm): Pad 1 [ROW_06_ANODE] of D153 on F.Cu
    @(29.8850 mm, 11.5150 mm): Pad 1 [ROW_06_ANODE] of D154 on F.Cu
[unconnected_items]: Missing connection between items
    Local override; error
    @(29.8850 mm, 11.5150 mm): Pad 1 [ROW_06_ANODE] of D154 on F.Cu
    @(32.0850 mm, 11.5150 mm): Pad 1 [ROW_06_ANODE] of D155 on F.Cu
[unconnected_items]: Missing connection between items
    Local override; error
    @(32.0850 mm, 11.5150 mm): Pad 1 [ROW_06_ANODE] of D155 on F.Cu
    @(34.2850 mm, 11.5150 mm): Pad 1 [ROW_06_ANODE] of D156 on F.Cu
[unconnected_items]: Missing connection between items
    Local override; error
    @(34.2850 mm, 11.5150 mm): Pad 1 [ROW_06_ANODE] of D156 on F.Cu
    @(36.4850 mm, 11.5150 mm): Pad 1 [ROW_06_ANODE] of D157 on F.Cu
[unconnected_items]: Missing connection between items
    Local override; error
    @(36.4850 mm, 11.5150 mm): Pad 1 [ROW_06_ANODE] of D157 on F.Cu
    @(38.6850 mm, 11.5150 mm): Pad 1 [ROW_06_ANODE] of D158 on F.Cu
[unconnected_items]: Missing connection between items
    Local override; error
    @(38.6850 mm, 11.5150 mm): Pad 1 [ROW_06_ANODE] of D158 on F.Cu
    @(40.8850 mm, 11.5150 mm): Pad 1 [ROW_06_ANODE] of D159 on F.Cu
[unconnected_items]: Missing connection between items
    Local override; error
    @(40.8850 mm, 11.5150 mm): Pad 1 [ROW_06_ANODE] of D159 on F.Cu
    @(43.0850 mm, 11.5150 mm): Pad 1 [ROW_06_ANODE] of D160 on F.Cu
[unconnected_items]: Missing connection between items
    Local override; error
    @(43.0850 mm, 11.5150 mm): Pad 1 [ROW_06_ANODE] of D160 on F.Cu
    @(45.2850 mm, 11.5150 mm): Pad 1 [ROW_06_ANODE] of D161 on F.Cu
[unconnected_items]: Missing connection between items
    Local override; error
    @(45.2850 mm, 11.5150 mm): Pad 1 [ROW_06_ANODE] of D161 on F.Cu
    @(47.4850 mm, 11.5150 mm): Pad 1 [ROW_06_ANODE] of D162 on F.Cu
[unconnected_items]: Missing connection between items
    Local override; error
    @(47.4850 mm, 11.5150 mm): Pad 1 [ROW_06_ANODE] of D162 on F.Cu
    @(49.6850 mm, 11.5150 mm): Pad 1 [ROW_06_ANODE] of D163 on F.Cu
[unconnected_items]: Missing connection between items
    Local override; error
    @(49.6850 mm, 11.5150 mm): Pad 1 [ROW_06_ANODE] of D163 on F.Cu
    @(51.8850 mm, 11.5150 mm): Pad 1 [ROW_06_ANODE] of D164 on F.Cu
[unconnected_items]: Missing connection between items
    Local override; error
    @(51.8850 mm, 11.5150 mm): Pad 1 [ROW_06_ANODE] of D164 on F.Cu
    @(54.0850 mm, 11.5150 mm): Pad 1 [ROW_06_ANODE] of D165 on F.Cu
[unconnected_items]: Missing connection between items
    Local override; error
    @(54.0850 mm, 11.5150 mm): Pad 1 [ROW_06_ANODE] of D165 on F.Cu
    @(56.2850 mm, 11.5150 mm): Pad 1 [ROW_06_ANODE] of D166 on F.Cu
[unconnected_items]: Missing connection between items
    Local override; error
    @(56.2850 mm, 11.5150 mm): Pad 1 [ROW_06_ANODE] of D166 on F.Cu
    @(58.4850 mm, 11.5150 mm): Pad 1 [ROW_06_ANODE] of D167 on F.Cu
[unconnected_items]: Missing connection between items
    Local override; error
    @(58.4850 mm, 11.5150 mm): Pad 1 [ROW_06_ANODE] of D167 on F.Cu
    @(60.6850 mm, 11.5150 mm): Pad 1 [ROW_06_ANODE] of D168 on F.Cu
[unconnected_items]: Missing connection between items
    Local override; error
    @(27.6850 mm, 1.2850 mm): Pad 2 [COL_R_13] of D13 on F.Cu
    @(27.6850 mm, 3.4850 mm): Pad 2 [COL_R_13] of D41 on F.Cu
[unconnected_items]: Missing connection between items
    Local override; error
    @(27.6850 mm, 3.4850 mm): Pad 2 [COL_R_13] of D41 on F.Cu
    @(27.6850 mm, 5.6850 mm): Pad 2 [COL_R_13] of D69 on F.Cu
[unconnected_items]: Missing connection between items
    Local override; error
    @(27.6850 mm, 5.6850 mm): Pad 2 [COL_R_13] of D69 on F.Cu
    @(27.6850 mm, 7.8850 mm): Pad 2 [COL_R_13] of D97 on F.Cu
[unconnected_items]: Missing connection between items
    Local override; error
    @(27.6850 mm, 7.8850 mm): Pad 2 [COL_R_13] of D97 on F.Cu
    @(27.6850 mm, 10.0850 mm): Pad 2 [COL_R_13] of D125 on F.Cu
[unconnected_items]: Missing connection between items
    Local override; error
    @(27.6850 mm, 10.0850 mm): Pad 2 [COL_R_13] of D125 on F.Cu
    @(27.6850 mm, 12.2850 mm): Pad 2 [COL_R_13] of D153 on F.Cu
[unconnected_items]: Missing connection between items
    Local override; error
    @(27.6850 mm, 12.2850 mm): Pad 2 [COL_R_13] of D153 on F.Cu
    @(27.6850 mm, 14.4850 mm): Pad 2 [COL_R_13] of D181 on F.Cu
[unconnected_items]: Missing connection between items
    Local override; error
    @(27.6850 mm, 14.4850 mm): Pad 2 [COL_R_13] of D181 on F.Cu
    @(27.6850 mm, 16.6850 mm): Pad 2 [COL_R_13] of D209 on F.Cu
[unconnected_items]: Missing connection between items
    Local override; error
    @(27.6850 mm, 16.6850 mm): Pad 2 [COL_R_13] of D209 on F.Cu
    @(27.6850 mm, 18.8850 mm): Pad 2 [COL_R_13] of D237 on F.Cu
[unconnected_items]: Missing connection between items
    Local override; error
    @(27.6850 mm, 18.8850 mm): Pad 2 [COL_R_13] of D237 on F.Cu
    @(27.6850 mm, 21.0850 mm): Pad 2 [COL_R_13] of D265 on F.Cu
[unconnected_items]: Missing connection between items
    Local override; error
    @(27.6850 mm, 21.0850 mm): Pad 2 [COL_R_13] of D265 on F.Cu
    @(27.6850 mm, 23.2850 mm): Pad 2 [COL_R_13] of D293 on F.Cu
[unconnected_items]: Missing connection between items
    Local override; error
    @(27.6850 mm, 23.2850 mm): Pad 2 [COL_R_13] of D293 on F.Cu
    @(27.6850 mm, 25.4850 mm): Pad 2 [COL_R_13] of D321 on F.Cu
[unconnected_items]: Missing connection between items
    Local override; error
    @(27.6850 mm, 25.4850 mm): Pad 2 [COL_R_13] of D321 on F.Cu
    @(27.6850 mm, 27.6850 mm): Pad 2 [COL_R_13] of D349 on F.Cu
[unconnected_items]: Missing connection between items
    Local override; error
    @(27.6850 mm, 27.6850 mm): Pad 2 [COL_R_13] of D349 on F.Cu
    @(27.6850 mm, 29.8850 mm): Pad 2 [COL_R_13] of D377 on F.Cu
[unconnected_items]: Missing connection between items
    Local override; error
    @(27.6850 mm, 29.8850 mm): Pad 2 [COL_R_13] of D377 on F.Cu
    @(27.6850 mm, 32.0850 mm): Pad 2 [COL_R_13] of D405 on F.Cu
[unconnected_items]: Missing connection between items
    Local override; error
    @(27.6850 mm, 32.0850 mm): Pad 2 [COL_R_13] of D405 on F.Cu
    @(27.6850 mm, 34.2850 mm): Pad 2 [COL_R_13] of D433 on F.Cu
[unconnected_items]: Missing connection between items
    Local override; error
    @(27.6850 mm, 34.2850 mm): Pad 2 [COL_R_13] of D433 on F.Cu
    @(27.6850 mm, 36.4850 mm): Pad 2 [COL_R_13] of D461 on F.Cu
[unconnected_items]: Missing connection between items
    Local override; error
    @(27.6850 mm, 36.4850 mm): Pad 2 [COL_R_13] of D461 on F.Cu
    @(27.6850 mm, 38.6850 mm): Pad 2 [COL_R_13] of D489 on F.Cu
[unconnected_items]: Missing connection between items
    Local override; error
    @(27.6850 mm, 38.6850 mm): Pad 2 [COL_R_13] of D489 on F.Cu
    @(27.6850 mm, 40.8850 mm): Pad 2 [COL_R_13] of D517 on F.Cu
[unconnected_items]: Missing connection between items
    Local override; error
    @(27.6850 mm, 40.8850 mm): Pad 2 [COL_R_13] of D517 on F.Cu
    @(27.6850 mm, 43.0850 mm): Pad 2 [COL_R_13] of D545 on F.Cu
[unconnected_items]: Missing connection between items
    Local override; error
    @(27.6850 mm, 43.0850 mm): Pad 2 [COL_R_13] of D545 on F.Cu
    @(27.6850 mm, 45.2850 mm): Pad 2 [COL_R_13] of D573 on F.Cu
[unconnected_items]: Missing connection between items
    Local override; error
    @(27.6850 mm, 45.2850 mm): Pad 2 [COL_R_13] of D573 on F.Cu
    @(27.6850 mm, 47.4850 mm): Pad 2 [COL_R_13] of D601 on F.Cu
[unconnected_items]: Missing connection between items
    Local override; error
    @(27.6850 mm, 47.4850 mm): Pad 2 [COL_R_13] of D601 on F.Cu
    @(27.6850 mm, 49.6850 mm): Pad 2 [COL_R_13] of D629 on F.Cu
[unconnected_items]: Missing connection between items
    Local override; error
    @(27.6850 mm, 49.6850 mm): Pad 2 [COL_R_13] of D629 on F.Cu
    @(27.6850 mm, 51.8850 mm): Pad 2 [COL_R_13] of D657 on F.Cu
[unconnected_items]: Missing connection between items
    Local override; error
    @(27.6850 mm, 51.8850 mm): Pad 2 [COL_R_13] of D657 on F.Cu
    @(27.6850 mm, 54.0850 mm): Pad 2 [COL_R_13] of D685 on F.Cu
[unconnected_items]: Missing connection between items
    Local override; error
    @(27.6850 mm, 54.0850 mm): Pad 2 [COL_R_13] of D685 on F.Cu
    @(27.6850 mm, 56.2850 mm): Pad 2 [COL_R_13] of D713 on F.Cu
[unconnected_items]: Missing connection between items
    Local override; error
    @(27.6850 mm, 56.2850 mm): Pad 2 [COL_R_13] of D713 on F.Cu
    @(27.6850 mm, 58.4850 mm): Pad 2 [COL_R_13] of D741 on F.Cu
[unconnected_items]: Missing connection between items
    Local override; error
    @(27.6850 mm, 58.4850 mm): Pad 2 [COL_R_13] of D741 on F.Cu
    @(27.6850 mm, 60.6850 mm): Pad 2 [COL_R_13] of D769 on F.Cu
[unconnected_items]: Missing connection between items
    Local override; error
    @(26.9150 mm, 1.2850 mm): Pad 3 [COL_G_13] of D13 on F.Cu
    @(26.9150 mm, 3.4850 mm): Pad 3 [COL_G_13] of D41 on F.Cu
[unconnected_items]: Missing connection between items
    Local override; error
    @(26.9150 mm, 3.4850 mm): Pad 3 [COL_G_13] of D41 on F.Cu
    @(26.9150 mm, 5.6850 mm): Pad 3 [COL_G_13] of D69 on F.Cu
[unconnected_items]: Missing connection between items
    Local override; error
    @(26.9150 mm, 5.6850 mm): Pad 3 [COL_G_13] of D69 on F.Cu
    @(26.9150 mm, 7.8850 mm): Pad 3 [COL_G_13] of D97 on F.Cu
[unconnected_items]: Missing connection between items
    Local override; error
    @(26.9150 mm, 7.8850 mm): Pad 3 [COL_G_13] of D97 on F.Cu
    @(26.9150 mm, 10.0850 mm): Pad 3 [COL_G_13] of D125 on F.Cu
[unconnected_items]: Missing connection between items
    Local override; error
    @(26.9150 mm, 10.0850 mm): Pad 3 [COL_G_13] of D125 on F.Cu
    @(26.9150 mm, 12.2850 mm): Pad 3 [COL_G_13] of D153 on F.Cu
[unconnected_items]: Missing connection between items
    Local override; error
    @(26.9150 mm, 12.2850 mm): Pad 3 [COL_G_13] of D153 on F.Cu
    @(26.9150 mm, 14.4850 mm): Pad 3 [COL_G_13] of D181 on F.Cu
[unconnected_items]: Missing connection between items
    Local override; error
    @(26.9150 mm, 14.4850 mm): Pad 3 [COL_G_13] of D181 on F.Cu
    @(26.9150 mm, 16.6850 mm): Pad 3 [COL_G_13] of D209 on F.Cu
[unconnected_items]: Missing connection between items
    Local override; error
    @(26.9150 mm, 16.6850 mm): Pad 3 [COL_G_13] of D209 on F.Cu
    @(26.9150 mm, 18.8850 mm): Pad 3 [COL_G_13] of D237 on F.Cu
[unconnected_items]: Missing connection between items
    Local override; error
    @(26.9150 mm, 18.8850 mm): Pad 3 [COL_G_13] of D237 on F.Cu
    @(26.9150 mm, 21.0850 mm): Pad 3 [COL_G_13] of D265 on F.Cu
[unconnected_items]: Missing connection between items
    Local override; error
    @(26.9150 mm, 21.0850 mm): Pad 3 [COL_G_13] of D265 on F.Cu
    @(26.9150 mm, 23.2850 mm): Pad 3 [COL_G_13] of D293 on F.Cu
[unconnected_items]: Missing connection between items
    Local override; error
    @(26.9150 mm, 23.2850 mm): Pad 3 [COL_G_13] of D293 on F.Cu
    @(26.9150 mm, 25.4850 mm): Pad 3 [COL_G_13] of D321 on F.Cu
[unconnected_items]: Missing connection between items
    Local override; error
    @(26.9150 mm, 25.4850 mm): Pad 3 [COL_G_13] of D321 on F.Cu
    @(26.9150 mm, 27.6850 mm): Pad 3 [COL_G_13] of D349 on F.Cu
[unconnected_items]: Missing connection between items
    Local override; error
    @(26.9150 mm, 27.6850 mm): Pad 3 [COL_G_13] of D349 on F.Cu
    @(26.9150 mm, 29.8850 mm): Pad 3 [COL_G_13] of D377 on F.Cu
[unconnected_items]: Missing connection between items
    Local override; error
    @(26.9150 mm, 29.8850 mm): Pad 3 [COL_G_13] of D377 on F.Cu
    @(26.9150 mm, 32.0850 mm): Pad 3 [COL_G_13] of D405 on F.Cu
[unconnected_items]: Missing connection between items
    Local override; error
    @(26.9150 mm, 32.0850 mm): Pad 3 [COL_G_13] of D405 on F.Cu
    @(26.9150 mm, 34.2850 mm): Pad 3 [COL_G_13] of D433 on F.Cu
[unconnected_items]: Missing connection between items
    Local override; error
    @(26.9150 mm, 34.2850 mm): Pad 3 [COL_G_13] of D433 on F.Cu
    @(26.9150 mm, 36.4850 mm): Pad 3 [COL_G_13] of D461 on F.Cu
[unconnected_items]: Missing connection between items
    Local override; error
    @(26.9150 mm, 36.4850 mm): Pad 3 [COL_G_13] of D461 on F.Cu
    @(26.9150 mm, 38.6850 mm): Pad 3 [COL_G_13] of D489 on F.Cu
[unconnected_items]: Missing connection between items
    Local override; error
    @(26.9150 mm, 38.6850 mm): Pad 3 [COL_G_13] of D489 on F.Cu
    @(26.9150 mm, 40.8850 mm): Pad 3 [COL_G_13] of D517 on F.Cu
[unconnected_items]: Missing connection between items
    Local override; error
    @(26.9150 mm, 40.8850 mm): Pad 3 [COL_G_13] of D517 on F.Cu
    @(26.9150 mm, 43.0850 mm): Pad 3 [COL_G_13] of D545 on F.Cu
[unconnected_items]: Missing connection between items
    Local override; error
    @(26.9150 mm, 43.0850 mm): Pad 3 [COL_G_13] of D545 on F.Cu
    @(26.9150 mm, 45.2850 mm): Pad 3 [COL_G_13] of D573 on F.Cu
[unconnected_items]: Missing connection between items
    Local override; error
    @(26.9150 mm, 45.2850 mm): Pad 3 [COL_G_13] of D573 on F.Cu
    @(26.9150 mm, 47.4850 mm): Pad 3 [COL_G_13] of D601 on F.Cu
[unconnected_items]: Missing connection between items
    Local override; error
    @(26.9150 mm, 47.4850 mm): Pad 3 [COL_G_13] of D601 on F.Cu
    @(26.9150 mm, 49.6850 mm): Pad 3 [COL_G_13] of D629 on F.Cu
[unconnected_items]: Missing connection between items
    Local override; error
    @(26.9150 mm, 49.6850 mm): Pad 3 [COL_G_13] of D629 on F.Cu
    @(26.9150 mm, 51.8850 mm): Pad 3 [COL_G_13] of D657 on F.Cu
[unconnected_items]: Missing connection between items
    Local override; error
    @(26.9150 mm, 51.8850 mm): Pad 3 [COL_G_13] of D657 on F.Cu
    @(26.9150 mm, 54.0850 mm): Pad 3 [COL_G_13] of D685 on F.Cu
[unconnected_items]: Missing connection between items
    Local override; error
    @(26.9150 mm, 54.0850 mm): Pad 3 [COL_G_13] of D685 on F.Cu
    @(26.9150 mm, 56.2850 mm): Pad 3 [COL_G_13] of D713 on F.Cu
[unconnected_items]: Missing connection between items
    Local override; error
    @(26.9150 mm, 56.2850 mm): Pad 3 [COL_G_13] of D713 on F.Cu
    @(26.9150 mm, 58.4850 mm): Pad 3 [COL_G_13] of D741 on F.Cu
[unconnected_items]: Missing connection between items
    Local override; error
    @(26.9150 mm, 58.4850 mm): Pad 3 [COL_G_13] of D741 on F.Cu
    @(26.9150 mm, 60.6850 mm): Pad 3 [COL_G_13] of D769 on F.Cu
[unconnected_items]: Missing connection between items
    Local override; error
    @(26.9150 mm, 0.5150 mm): Pad 4 [COL_B_13] of D13 on F.Cu
    @(26.9150 mm, 2.7150 mm): Pad 4 [COL_B_13] of D41 on F.Cu
[unconnected_items]: Missing connection between items
    Local override; error
    @(26.9150 mm, 2.7150 mm): Pad 4 [COL_B_13] of D41 on F.Cu
    @(26.9150 mm, 4.9150 mm): Pad 4 [COL_B_13] of D69 on F.Cu
[unconnected_items]: Missing connection between items
    Local override; error
    @(26.9150 mm, 4.9150 mm): Pad 4 [COL_B_13] of D69 on F.Cu
    @(26.9150 mm, 7.1150 mm): Pad 4 [COL_B_13] of D97 on F.Cu
[unconnected_items]: Missing connection between items
    Local override; error
    @(26.9150 mm, 7.1150 mm): Pad 4 [COL_B_13] of D97 on F.Cu
    @(26.9150 mm, 9.3150 mm): Pad 4 [COL_B_13] of D125 on F.Cu
[unconnected_items]: Missing connection between items
    Local override; error
    @(26.9150 mm, 9.3150 mm): Pad 4 [COL_B_13] of D125 on F.Cu
    @(26.9150 mm, 11.5150 mm): Pad 4 [COL_B_13] of D153 on F.Cu
[unconnected_items]: Missing connection between items
    Local override; error
    @(26.9150 mm, 11.5150 mm): Pad 4 [COL_B_13] of D153 on F.Cu
    @(26.9150 mm, 13.7150 mm): Pad 4 [COL_B_13] of D181 on F.Cu
[unconnected_items]: Missing connection between items
    Local override; error
    @(26.9150 mm, 13.7150 mm): Pad 4 [COL_B_13] of D181 on F.Cu
    @(26.9150 mm, 15.9150 mm): Pad 4 [COL_B_13] of D209 on F.Cu
[unconnected_items]: Missing connection between items
    Local override; error
    @(26.9150 mm, 15.9150 mm): Pad 4 [COL_B_13] of D209 on F.Cu
    @(26.9150 mm, 18.1150 mm): Pad 4 [COL_B_13] of D237 on F.Cu
[unconnected_items]: Missing connection between items
    Local override; error
    @(26.9150 mm, 18.1150 mm): Pad 4 [COL_B_13] of D237 on F.Cu
    @(26.9150 mm, 20.3150 mm): Pad 4 [COL_B_13] of D265 on F.Cu
[unconnected_items]: Missing connection between items
    Local override; error
    @(26.9150 mm, 20.3150 mm): Pad 4 [COL_B_13] of D265 on F.Cu
    @(26.9150 mm, 22.5150 mm): Pad 4 [COL_B_13] of D293 on F.Cu
[unconnected_items]: Missing connection between items
    Local override; error
    @(26.9150 mm, 22.5150 mm): Pad 4 [COL_B_13] of D293 on F.Cu
    @(26.9150 mm, 24.7150 mm): Pad 4 [COL_B_13] of D321 on F.Cu
[unconnected_items]: Missing connection between items
    Local override; error
    @(26.9150 mm, 24.7150 mm): Pad 4 [COL_B_13] of D321 on F.Cu
    @(26.9150 mm, 26.9150 mm): Pad 4 [COL_B_13] of D349 on F.Cu
[unconnected_items]: Missing connection between items
    Local override; error
    @(26.9150 mm, 26.9150 mm): Pad 4 [COL_B_13] of D349 on F.Cu
    @(26.9150 mm, 29.1150 mm): Pad 4 [COL_B_13] of D377 on F.Cu
[unconnected_items]: Missing connection between items
    Local override; error
    @(26.9150 mm, 29.1150 mm): Pad 4 [COL_B_13] of D377 on F.Cu
    @(26.9150 mm, 31.3150 mm): Pad 4 [COL_B_13] of D405 on F.Cu
[unconnected_items]: Missing connection between items
    Local override; error
    @(26.9150 mm, 31.3150 mm): Pad 4 [COL_B_13] of D405 on F.Cu
    @(26.9150 mm, 33.5150 mm): Pad 4 [COL_B_13] of D433 on F.Cu
[unconnected_items]: Missing connection between items
    Local override; error
    @(26.9150 mm, 33.5150 mm): Pad 4 [COL_B_13] of D433 on F.Cu
    @(26.9150 mm, 35.7150 mm): Pad 4 [COL_B_13] of D461 on F.Cu
[unconnected_items]: Missing connection between items
    Local override; error
    @(26.9150 mm, 35.7150 mm): Pad 4 [COL_B_13] of D461 on F.Cu
    @(26.9150 mm, 37.9150 mm): Pad 4 [COL_B_13] of D489 on F.Cu
[unconnected_items]: Missing connection between items
    Local override; error
    @(26.9150 mm, 37.9150 mm): Pad 4 [COL_B_13] of D489 on F.Cu
    @(26.9150 mm, 40.1150 mm): Pad 4 [COL_B_13] of D517 on F.Cu
[unconnected_items]: Missing connection between items
    Local override; error
    @(26.9150 mm, 40.1150 mm): Pad 4 [COL_B_13] of D517 on F.Cu
    @(26.9150 mm, 42.3150 mm): Pad 4 [COL_B_13] of D545 on F.Cu
[unconnected_items]: Missing connection between items
    Local override; error
    @(26.9150 mm, 42.3150 mm): Pad 4 [COL_B_13] of D545 on F.Cu
    @(26.9150 mm, 44.5150 mm): Pad 4 [COL_B_13] of D573 on F.Cu
[unconnected_items]: Missing connection between items
    Local override; error
    @(26.9150 mm, 44.5150 mm): Pad 4 [COL_B_13] of D573 on F.Cu
    @(26.9150 mm, 46.7150 mm): Pad 4 [COL_B_13] of D601 on F.Cu
[unconnected_items]: Missing connection between items
    Local override; error
    @(26.9150 mm, 46.7150 mm): Pad 4 [COL_B_13] of D601 on F.Cu
    @(26.9150 mm, 48.9150 mm): Pad 4 [COL_B_13] of D629 on F.Cu
[unconnected_items]: Missing connection between items
    Local override; error
    @(26.9150 mm, 48.9150 mm): Pad 4 [COL_B_13] of D629 on F.Cu
    @(26.9150 mm, 51.1150 mm): Pad 4 [COL_B_13] of D657 on F.Cu
[unconnected_items]: Missing connection between items
    Local override; error
    @(26.9150 mm, 51.1150 mm): Pad 4 [COL_B_13] of D657 on F.Cu
    @(26.9150 mm, 53.3150 mm): Pad 4 [COL_B_13] of D685 on F.Cu
[unconnected_items]: Missing connection between items
    Local override; error
    @(26.9150 mm, 53.3150 mm): Pad 4 [COL_B_13] of D685 on F.Cu
    @(26.9150 mm, 55.5150 mm): Pad 4 [COL_B_13] of D713 on F.Cu
[unconnected_items]: Missing connection between items
    Local override; error
    @(26.9150 mm, 55.5150 mm): Pad 4 [COL_B_13] of D713 on F.Cu
    @(26.9150 mm, 57.7150 mm): Pad 4 [COL_B_13] of D741 on F.Cu
[unconnected_items]: Missing connection between items
    Local override; error
    @(26.9150 mm, 57.7150 mm): Pad 4 [COL_B_13] of D741 on F.Cu
    @(26.9150 mm, 59.9150 mm): Pad 4 [COL_B_13] of D769 on F.Cu
[unconnected_items]: Missing connection between items
    Local override; error
    @(1.2850 mm, 53.3150 mm): Pad 1 [ROW_25_ANODE] of D673 on F.Cu
    @(3.4850 mm, 53.3150 mm): Pad 1 [ROW_25_ANODE] of D674 on F.Cu
[unconnected_items]: Missing connection between items
    Local override; error
    @(3.4850 mm, 53.3150 mm): Pad 1 [ROW_25_ANODE] of D674 on F.Cu
    @(5.6850 mm, 53.3150 mm): Pad 1 [ROW_25_ANODE] of D675 on F.Cu
[unconnected_items]: Missing connection between items
    Local override; error
    @(5.6850 mm, 53.3150 mm): Pad 1 [ROW_25_ANODE] of D675 on F.Cu
    @(7.8850 mm, 53.3150 mm): Pad 1 [ROW_25_ANODE] of D676 on F.Cu
[unconnected_items]: Missing connection between items
    Local override; error
    @(7.8850 mm, 53.3150 mm): Pad 1 [ROW_25_ANODE] of D676 on F.Cu
    @(10.0850 mm, 53.3150 mm): Pad 1 [ROW_25_ANODE] of D677 on F.Cu
[unconnected_items]: Missing connection between items
    Local override; error
    @(10.0850 mm, 53.3150 mm): Pad 1 [ROW_25_ANODE] of D677 on F.Cu
    @(12.2850 mm, 53.3150 mm): Pad 1 [ROW_25_ANODE] of D678 on F.Cu
[unconnected_items]: Missing connection between items
    Local override; error
    @(12.2850 mm, 53.3150 mm): Pad 1 [ROW_25_ANODE] of D678 on F.Cu
    @(14.4850 mm, 53.3150 mm): Pad 1 [ROW_25_ANODE] of D679 on F.Cu
[unconnected_items]: Missing connection between items
    Local override; error
    @(14.4850 mm, 53.3150 mm): Pad 1 [ROW_25_ANODE] of D679 on F.Cu
    @(16.6850 mm, 53.3150 mm): Pad 1 [ROW_25_ANODE] of D680 on F.Cu
[unconnected_items]: Missing connection between items
    Local override; error
    @(16.6850 mm, 53.3150 mm): Pad 1 [ROW_25_ANODE] of D680 on F.Cu
    @(18.8850 mm, 53.3150 mm): Pad 1 [ROW_25_ANODE] of D681 on F.Cu
[unconnected_items]: Missing connection between items
    Local override; error
    @(18.8850 mm, 53.3150 mm): Pad 1 [ROW_25_ANODE] of D681 on F.Cu
    @(21.0850 mm, 53.3150 mm): Pad 1 [ROW_25_ANODE] of D682 on F.Cu
[unconnected_items]: Missing connection between items
    Local override; error
    @(21.0850 mm, 53.3150 mm): Pad 1 [ROW_25_ANODE] of D682 on F.Cu
    @(23.2850 mm, 53.3150 mm): Pad 1 [ROW_25_ANODE] of D683 on F.Cu
[unconnected_items]: Missing connection between items
    Local override; error
    @(23.2850 mm, 53.3150 mm): Pad 1 [ROW_25_ANODE] of D683 on F.Cu
    @(25.4850 mm, 53.3150 mm): Pad 1 [ROW_25_ANODE] of D684 on F.Cu
[unconnected_items]: Missing connection between items
    Local override; error
    @(25.4850 mm, 53.3150 mm): Pad 1 [ROW_25_ANODE] of D684 on F.Cu
    @(27.6850 mm, 53.3150 mm): Pad 1 [ROW_25_ANODE] of D685 on F.Cu
[unconnected_items]: Missing connection between items
    Local override; error
    @(27.6850 mm, 53.3150 mm): Pad 1 [ROW_25_ANODE] of D685 on F.Cu
    @(29.8850 mm, 53.3150 mm): Pad 1 [ROW_25_ANODE] of D686 on F.Cu
[unconnected_items]: Missing connection between items
    Local override; error
    @(29.8850 mm, 53.3150 mm): Pad 1 [ROW_25_ANODE] of D686 on F.Cu
    @(32.0850 mm, 53.3150 mm): Pad 1 [ROW_25_ANODE] of D687 on F.Cu
[unconnected_items]: Missing connection between items
    Local override; error
    @(32.0850 mm, 53.3150 mm): Pad 1 [ROW_25_ANODE] of D687 on F.Cu
    @(34.2850 mm, 53.3150 mm): Pad 1 [ROW_25_ANODE] of D688 on F.Cu
[unconnected_items]: Missing connection between items
    Local override; error
    @(34.2850 mm, 53.3150 mm): Pad 1 [ROW_25_ANODE] of D688 on F.Cu
    @(36.4850 mm, 53.3150 mm): Pad 1 [ROW_25_ANODE] of D689 on F.Cu
[unconnected_items]: Missing connection between items
    Local override; error
    @(36.4850 mm, 53.3150 mm): Pad 1 [ROW_25_ANODE] of D689 on F.Cu
    @(38.6850 mm, 53.3150 mm): Pad 1 [ROW_25_ANODE] of D690 on F.Cu
[unconnected_items]: Missing connection between items
    Local override; error
    @(38.6850 mm, 53.3150 mm): Pad 1 [ROW_25_ANODE] of D690 on F.Cu
    @(40.8850 mm, 53.3150 mm): Pad 1 [ROW_25_ANODE] of D691 on F.Cu
[unconnected_items]: Missing connection between items
    Local override; error
    @(40.8850 mm, 53.3150 mm): Pad 1 [ROW_25_ANODE] of D691 on F.Cu
    @(43.0850 mm, 53.3150 mm): Pad 1 [ROW_25_ANODE] of D692 on F.Cu
[unconnected_items]: Missing connection between items
    Local override; error
    @(43.0850 mm, 53.3150 mm): Pad 1 [ROW_25_ANODE] of D692 on F.Cu
    @(45.2850 mm, 53.3150 mm): Pad 1 [ROW_25_ANODE] of D693 on F.Cu
[unconnected_items]: Missing connection between items
    Local override; error
    @(45.2850 mm, 53.3150 mm): Pad 1 [ROW_25_ANODE] of D693 on F.Cu
    @(47.4850 mm, 53.3150 mm): Pad 1 [ROW_25_ANODE] of D694 on F.Cu
[unconnected_items]: Missing connection between items
    Local override; error
    @(47.4850 mm, 53.3150 mm): Pad 1 [ROW_25_ANODE] of D694 on F.Cu
    @(49.6850 mm, 53.3150 mm): Pad 1 [ROW_25_ANODE] of D695 on F.Cu
[unconnected_items]: Missing connection between items
    Local override; error
    @(49.6850 mm, 53.3150 mm): Pad 1 [ROW_25_ANODE] of D695 on F.Cu
    @(51.8850 mm, 53.3150 mm): Pad 1 [ROW_25_ANODE] of D696 on F.Cu
[unconnected_items]: Missing connection between items
    Local override; error
    @(51.8850 mm, 53.3150 mm): Pad 1 [ROW_25_ANODE] of D696 on F.Cu
    @(54.0850 mm, 53.3150 mm): Pad 1 [ROW_25_ANODE] of D697 on F.Cu
[unconnected_items]: Missing connection between items
    Local override; error
    @(54.0850 mm, 53.3150 mm): Pad 1 [ROW_25_ANODE] of D697 on F.Cu
    @(56.2850 mm, 53.3150 mm): Pad 1 [ROW_25_ANODE] of D698 on F.Cu
[unconnected_items]: Missing connection between items
    Local override; error
    @(56.2850 mm, 53.3150 mm): Pad 1 [ROW_25_ANODE] of D698 on F.Cu
    @(58.4850 mm, 53.3150 mm): Pad 1 [ROW_25_ANODE] of D699 on F.Cu
[unconnected_items]: Missing connection between items
    Local override; error
    @(58.4850 mm, 53.3150 mm): Pad 1 [ROW_25_ANODE] of D699 on F.Cu
    @(60.6850 mm, 53.3150 mm): Pad 1 [ROW_25_ANODE] of D700 on F.Cu
[unconnected_items]: Missing connection between items
    Local override; error
    @(1.2850 mm, 1.2850 mm): Pad 2 [COL_R_01] of D1 on F.Cu
    @(1.2850 mm, 3.4850 mm): Pad 2 [COL_R_01] of D29 on F.Cu
[unconnected_items]: Missing connection between items
    Local override; error
    @(1.2850 mm, 3.4850 mm): Pad 2 [COL_R_01] of D29 on F.Cu
    @(1.2850 mm, 5.6850 mm): Pad 2 [COL_R_01] of D57 on F.Cu
[unconnected_items]: Missing connection between items
    Local override; error
    @(1.2850 mm, 5.6850 mm): Pad 2 [COL_R_01] of D57 on F.Cu
    @(1.2850 mm, 7.8850 mm): Pad 2 [COL_R_01] of D85 on F.Cu
[unconnected_items]: Missing connection between items
    Local override; error
    @(1.2850 mm, 7.8850 mm): Pad 2 [COL_R_01] of D85 on F.Cu
    @(1.2850 mm, 10.0850 mm): Pad 2 [COL_R_01] of D113 on F.Cu
[unconnected_items]: Missing connection between items
    Local override; error
    @(1.2850 mm, 10.0850 mm): Pad 2 [COL_R_01] of D113 on F.Cu
    @(1.2850 mm, 12.2850 mm): Pad 2 [COL_R_01] of D141 on F.Cu
[unconnected_items]: Missing connection between items
    Local override; error
    @(1.2850 mm, 12.2850 mm): Pad 2 [COL_R_01] of D141 on F.Cu
    @(1.2850 mm, 14.4850 mm): Pad 2 [COL_R_01] of D169 on F.Cu
[unconnected_items]: Missing connection between items
    Local override; error
    @(1.2850 mm, 14.4850 mm): Pad 2 [COL_R_01] of D169 on F.Cu
    @(1.2850 mm, 16.6850 mm): Pad 2 [COL_R_01] of D197 on F.Cu
[unconnected_items]: Missing connection between items
    Local override; error
    @(1.2850 mm, 16.6850 mm): Pad 2 [COL_R_01] of D197 on F.Cu
    @(1.2850 mm, 18.8850 mm): Pad 2 [COL_R_01] of D225 on F.Cu
[unconnected_items]: Missing connection between items
    Local override; error
    @(1.2850 mm, 18.8850 mm): Pad 2 [COL_R_01] of D225 on F.Cu
    @(1.2850 mm, 21.0850 mm): Pad 2 [COL_R_01] of D253 on F.Cu
[unconnected_items]: Missing connection between items
    Local override; error
    @(1.2850 mm, 21.0850 mm): Pad 2 [COL_R_01] of D253 on F.Cu
    @(1.2850 mm, 23.2850 mm): Pad 2 [COL_R_01] of D281 on F.Cu
[unconnected_items]: Missing connection between items
    Local override; error
    @(1.2850 mm, 23.2850 mm): Pad 2 [COL_R_01] of D281 on F.Cu
    @(1.2850 mm, 25.4850 mm): Pad 2 [COL_R_01] of D309 on F.Cu
[unconnected_items]: Missing connection between items
    Local override; error
    @(1.2850 mm, 25.4850 mm): Pad 2 [COL_R_01] of D309 on F.Cu
    @(1.2850 mm, 27.6850 mm): Pad 2 [COL_R_01] of D337 on F.Cu
[unconnected_items]: Missing connection between items
    Local override; error
    @(1.2850 mm, 27.6850 mm): Pad 2 [COL_R_01] of D337 on F.Cu
    @(1.2850 mm, 29.8850 mm): Pad 2 [COL_R_01] of D365 on F.Cu

** Found 0 Footprint errors **

** Ignored checks **
    - Footprint has no courtyard defined
    - Track endpoint not centered on via
    - Tuning profile track geometries
    - Footprint doesn't match symbol's footprint filters
    - Footprint component type doesn't match footprint pads

** End of Report **
