** Drc report for wearable_28x28_bottom_left_row_boundary_routing_probe.kicad_pcb **
** Created on 2026-10-08T04:40:23 **
** Report includes: Errors, Warnings **

** Found 0 DRC violations **

** Found 499 unconnected pads **
[unconnected_items]: Missing connection between items
    Local override; error
    @(1.2850 mm, 9.3150 mm): Pad 1 [ROW_05_ANODE] of D113 on F.Cu
    @(3.4850 mm, 9.3150 mm): Pad 1 [ROW_05_ANODE] of D114 on F.Cu
[unconnected_items]: Missing connection between items
    Local override; error
    @(3.4850 mm, 9.3150 mm): Pad 1 [ROW_05_ANODE] of D114 on F.Cu
    @(5.6850 mm, 9.3150 mm): Pad 1 [ROW_05_ANODE] of D115 on F.Cu
[unconnected_items]: Missing connection between items
    Local override; error
    @(5.6850 mm, 9.3150 mm): Pad 1 [ROW_05_ANODE] of D115 on F.Cu
    @(7.8850 mm, 9.3150 mm): Pad 1 [ROW_05_ANODE] of D116 on F.Cu
[unconnected_items]: Missing connection between items
    Local override; error
    @(7.8850 mm, 9.3150 mm): Pad 1 [ROW_05_ANODE] of D116 on F.Cu
    @(10.0850 mm, 9.3150 mm): Pad 1 [ROW_05_ANODE] of D117 on F.Cu
[unconnected_items]: Missing connection between items
    Local override; error
    @(10.0850 mm, 9.3150 mm): Pad 1 [ROW_05_ANODE] of D117 on F.Cu
    @(12.2850 mm, 9.3150 mm): Pad 1 [ROW_05_ANODE] of D118 on F.Cu
[unconnected_items]: Missing connection between items
    Local override; error
    @(12.2850 mm, 9.3150 mm): Pad 1 [ROW_05_ANODE] of D118 on F.Cu
    @(14.4850 mm, 9.3150 mm): Pad 1 [ROW_05_ANODE] of D119 on F.Cu
[unconnected_items]: Missing connection between items
    Local override; error
    @(14.4850 mm, 9.3150 mm): Pad 1 [ROW_05_ANODE] of D119 on F.Cu
    @(16.6850 mm, 9.3150 mm): Pad 1 [ROW_05_ANODE] of D120 on F.Cu
[unconnected_items]: Missing connection between items
    Local override; error
    @(16.6850 mm, 9.3150 mm): Pad 1 [ROW_05_ANODE] of D120 on F.Cu
    @(18.8850 mm, 9.3150 mm): Pad 1 [ROW_05_ANODE] of D121 on F.Cu
[unconnected_items]: Missing connection between items
    Local override; error
    @(18.8850 mm, 9.3150 mm): Pad 1 [ROW_05_ANODE] of D121 on F.Cu
    @(21.0850 mm, 9.3150 mm): Pad 1 [ROW_05_ANODE] of D122 on F.Cu
[unconnected_items]: Missing connection between items
    Local override; error
    @(21.0850 mm, 9.3150 mm): Pad 1 [ROW_05_ANODE] of D122 on F.Cu
    @(23.2850 mm, 9.3150 mm): Pad 1 [ROW_05_ANODE] of D123 on F.Cu
[unconnected_items]: Missing connection between items
    Local override; error
    @(23.2850 mm, 9.3150 mm): Pad 1 [ROW_05_ANODE] of D123 on F.Cu
    @(25.4850 mm, 9.3150 mm): Pad 1 [ROW_05_ANODE] of D124 on F.Cu
[unconnected_items]: Missing connection between items
    Local override; error
    @(25.4850 mm, 9.3150 mm): Pad 1 [ROW_05_ANODE] of D124 on F.Cu
    @(27.6850 mm, 9.3150 mm): Pad 1 [ROW_05_ANODE] of D125 on F.Cu
[unconnected_items]: Missing connection between items
    Local override; error
    @(27.6850 mm, 9.3150 mm): Pad 1 [ROW_05_ANODE] of D125 on F.Cu
    @(29.8850 mm, 9.3150 mm): Pad 1 [ROW_05_ANODE] of D126 on F.Cu
[unconnected_items]: Missing connection between items
    Local override; error
    @(29.8850 mm, 9.3150 mm): Pad 1 [ROW_05_ANODE] of D126 on F.Cu
    @(32.0850 mm, 9.3150 mm): Pad 1 [ROW_05_ANODE] of D127 on F.Cu
[unconnected_items]: Missing connection between items
    Local override; error
    @(32.0850 mm, 9.3150 mm): Pad 1 [ROW_05_ANODE] of D127 on F.Cu
    @(34.2850 mm, 9.3150 mm): Pad 1 [ROW_05_ANODE] of D128 on F.Cu
[unconnected_items]: Missing connection between items
    Local override; error
    @(34.2850 mm, 9.3150 mm): Pad 1 [ROW_05_ANODE] of D128 on F.Cu
    @(36.4850 mm, 9.3150 mm): Pad 1 [ROW_05_ANODE] of D129 on F.Cu
[unconnected_items]: Missing connection between items
    Local override; error
    @(36.4850 mm, 9.3150 mm): Pad 1 [ROW_05_ANODE] of D129 on F.Cu
    @(38.6850 mm, 9.3150 mm): Pad 1 [ROW_05_ANODE] of D130 on F.Cu
[unconnected_items]: Missing connection between items
    Local override; error
    @(38.6850 mm, 9.3150 mm): Pad 1 [ROW_05_ANODE] of D130 on F.Cu
    @(40.8850 mm, 9.3150 mm): Pad 1 [ROW_05_ANODE] of D131 on F.Cu
[unconnected_items]: Missing connection between items
    Local override; error
    @(40.8850 mm, 9.3150 mm): Pad 1 [ROW_05_ANODE] of D131 on F.Cu
    @(43.0850 mm, 9.3150 mm): Pad 1 [ROW_05_ANODE] of D132 on F.Cu
[unconnected_items]: Missing connection between items
    Local override; error
    @(43.0850 mm, 9.3150 mm): Pad 1 [ROW_05_ANODE] of D132 on F.Cu
    @(45.2850 mm, 9.3150 mm): Pad 1 [ROW_05_ANODE] of D133 on F.Cu
[unconnected_items]: Missing connection between items
    Local override; error
    @(45.2850 mm, 9.3150 mm): Pad 1 [ROW_05_ANODE] of D133 on F.Cu
    @(47.4850 mm, 9.3150 mm): Pad 1 [ROW_05_ANODE] of D134 on F.Cu
[unconnected_items]: Missing connection between items
    Local override; error
    @(47.4850 mm, 9.3150 mm): Pad 1 [ROW_05_ANODE] of D134 on F.Cu
    @(49.6850 mm, 9.3150 mm): Pad 1 [ROW_05_ANODE] of D135 on F.Cu
[unconnected_items]: Missing connection between items
    Local override; error
    @(49.6850 mm, 9.3150 mm): Pad 1 [ROW_05_ANODE] of D135 on F.Cu
    @(51.8850 mm, 9.3150 mm): Pad 1 [ROW_05_ANODE] of D136 on F.Cu
[unconnected_items]: Missing connection between items
    Local override; error
    @(51.8850 mm, 9.3150 mm): Pad 1 [ROW_05_ANODE] of D136 on F.Cu
    @(54.0850 mm, 9.3150 mm): Pad 1 [ROW_05_ANODE] of D137 on F.Cu
[unconnected_items]: Missing connection between items
    Local override; error
    @(54.0850 mm, 9.3150 mm): Pad 1 [ROW_05_ANODE] of D137 on F.Cu
    @(56.2850 mm, 9.3150 mm): Pad 1 [ROW_05_ANODE] of D138 on F.Cu
[unconnected_items]: Missing connection between items
    Local override; error
    @(56.2850 mm, 9.3150 mm): Pad 1 [ROW_05_ANODE] of D138 on F.Cu
    @(58.4850 mm, 9.3150 mm): Pad 1 [ROW_05_ANODE] of D139 on F.Cu
[unconnected_items]: Missing connection between items
    Local override; error
    @(58.4850 mm, 9.3150 mm): Pad 1 [ROW_05_ANODE] of D139 on F.Cu
    @(60.6850 mm, 9.3150 mm): Pad 1 [ROW_05_ANODE] of D140 on F.Cu
[unconnected_items]: Missing connection between items
    Local override; error
    @(23.2850 mm, 1.2850 mm): Pad 2 [COL_R_11] of D11 on F.Cu
    @(23.2850 mm, 3.4850 mm): Pad 2 [COL_R_11] of D39 on F.Cu
[unconnected_items]: Missing connection between items
    Local override; error
    @(23.2850 mm, 3.4850 mm): Pad 2 [COL_R_11] of D39 on F.Cu
    @(23.2850 mm, 5.6850 mm): Pad 2 [COL_R_11] of D67 on F.Cu
[unconnected_items]: Missing connection between items
    Local override; error
    @(23.2850 mm, 5.6850 mm): Pad 2 [COL_R_11] of D67 on F.Cu
    @(23.2850 mm, 7.8850 mm): Pad 2 [COL_R_11] of D95 on F.Cu
[unconnected_items]: Missing connection between items
    Local override; error
    @(23.2850 mm, 7.8850 mm): Pad 2 [COL_R_11] of D95 on F.Cu
    @(23.2850 mm, 10.0850 mm): Pad 2 [COL_R_11] of D123 on F.Cu
[unconnected_items]: Missing connection between items
    Local override; error
    @(23.2850 mm, 10.0850 mm): Pad 2 [COL_R_11] of D123 on F.Cu
    @(23.2850 mm, 12.2850 mm): Pad 2 [COL_R_11] of D151 on F.Cu
[unconnected_items]: Missing connection between items
    Local override; error
    @(23.2850 mm, 12.2850 mm): Pad 2 [COL_R_11] of D151 on F.Cu
    @(23.2850 mm, 14.4850 mm): Pad 2 [COL_R_11] of D179 on F.Cu
[unconnected_items]: Missing connection between items
    Local override; error
    @(23.2850 mm, 14.4850 mm): Pad 2 [COL_R_11] of D179 on F.Cu
    @(23.2850 mm, 16.6850 mm): Pad 2 [COL_R_11] of D207 on F.Cu
[unconnected_items]: Missing connection between items
    Local override; error
    @(23.2850 mm, 16.6850 mm): Pad 2 [COL_R_11] of D207 on F.Cu
    @(23.2850 mm, 18.8850 mm): Pad 2 [COL_R_11] of D235 on F.Cu
[unconnected_items]: Missing connection between items
    Local override; error
    @(23.2850 mm, 18.8850 mm): Pad 2 [COL_R_11] of D235 on F.Cu
    @(23.2850 mm, 21.0850 mm): Pad 2 [COL_R_11] of D263 on F.Cu
[unconnected_items]: Missing connection between items
    Local override; error
    @(23.2850 mm, 21.0850 mm): Pad 2 [COL_R_11] of D263 on F.Cu
    @(23.2850 mm, 23.2850 mm): Pad 2 [COL_R_11] of D291 on F.Cu
[unconnected_items]: Missing connection between items
    Local override; error
    @(23.2850 mm, 23.2850 mm): Pad 2 [COL_R_11] of D291 on F.Cu
    @(23.2850 mm, 25.4850 mm): Pad 2 [COL_R_11] of D319 on F.Cu
[unconnected_items]: Missing connection between items
    Local override; error
    @(23.2850 mm, 25.4850 mm): Pad 2 [COL_R_11] of D319 on F.Cu
    @(23.2850 mm, 27.6850 mm): Pad 2 [COL_R_11] of D347 on F.Cu
[unconnected_items]: Missing connection between items
    Local override; error
    @(23.2850 mm, 27.6850 mm): Pad 2 [COL_R_11] of D347 on F.Cu
    @(23.2850 mm, 29.8850 mm): Pad 2 [COL_R_11] of D375 on F.Cu
[unconnected_items]: Missing connection between items
    Local override; error
    @(23.2850 mm, 29.8850 mm): Pad 2 [COL_R_11] of D375 on F.Cu
    @(23.2850 mm, 32.0850 mm): Pad 2 [COL_R_11] of D403 on F.Cu
[unconnected_items]: Missing connection between items
    Local override; error
    @(23.2850 mm, 32.0850 mm): Pad 2 [COL_R_11] of D403 on F.Cu
    @(23.2850 mm, 34.2850 mm): Pad 2 [COL_R_11] of D431 on F.Cu
[unconnected_items]: Missing connection between items
    Local override; error
    @(23.2850 mm, 34.2850 mm): Pad 2 [COL_R_11] of D431 on F.Cu
    @(23.2850 mm, 36.4850 mm): Pad 2 [COL_R_11] of D459 on F.Cu
[unconnected_items]: Missing connection between items
    Local override; error
    @(23.2850 mm, 36.4850 mm): Pad 2 [COL_R_11] of D459 on F.Cu
    @(23.2850 mm, 38.6850 mm): Pad 2 [COL_R_11] of D487 on F.Cu
[unconnected_items]: Missing connection between items
    Local override; error
    @(23.2850 mm, 38.6850 mm): Pad 2 [COL_R_11] of D487 on F.Cu
    @(23.2850 mm, 40.8850 mm): Pad 2 [COL_R_11] of D515 on F.Cu
[unconnected_items]: Missing connection between items
    Local override; error
    @(23.2850 mm, 40.8850 mm): Pad 2 [COL_R_11] of D515 on F.Cu
    @(23.2850 mm, 43.0850 mm): Pad 2 [COL_R_11] of D543 on F.Cu
[unconnected_items]: Missing connection between items
    Local override; error
    @(23.2850 mm, 43.0850 mm): Pad 2 [COL_R_11] of D543 on F.Cu
    @(23.2850 mm, 45.2850 mm): Pad 2 [COL_R_11] of D571 on F.Cu
[unconnected_items]: Missing connection between items
    Local override; error
    @(23.2850 mm, 45.2850 mm): Pad 2 [COL_R_11] of D571 on F.Cu
    @(23.2850 mm, 47.4850 mm): Pad 2 [COL_R_11] of D599 on F.Cu
[unconnected_items]: Missing connection between items
    Local override; error
    @(23.2850 mm, 47.4850 mm): Pad 2 [COL_R_11] of D599 on F.Cu
    @(23.2850 mm, 49.6850 mm): Pad 2 [COL_R_11] of D627 on F.Cu
[unconnected_items]: Missing connection between items
    Local override; error
    @(23.2850 mm, 49.6850 mm): Pad 2 [COL_R_11] of D627 on F.Cu
    @(23.2850 mm, 51.8850 mm): Pad 2 [COL_R_11] of D655 on F.Cu
[unconnected_items]: Missing connection between items
    Local override; error
    @(23.2850 mm, 51.8850 mm): Pad 2 [COL_R_11] of D655 on F.Cu
    @(23.2850 mm, 54.0850 mm): Pad 2 [COL_R_11] of D683 on F.Cu
[unconnected_items]: Missing connection between items
    Local override; error
    @(23.2850 mm, 54.0850 mm): Pad 2 [COL_R_11] of D683 on F.Cu
    @(23.2850 mm, 56.2850 mm): Pad 2 [COL_R_11] of D711 on F.Cu
[unconnected_items]: Missing connection between items
    Local override; error
    @(23.2850 mm, 56.2850 mm): Pad 2 [COL_R_11] of D711 on F.Cu
    @(23.2850 mm, 58.4850 mm): Pad 2 [COL_R_11] of D739 on F.Cu
[unconnected_items]: Missing connection between items
    Local override; error
    @(23.2850 mm, 58.4850 mm): Pad 2 [COL_R_11] of D739 on F.Cu
    @(23.2850 mm, 60.6850 mm): Pad 2 [COL_R_11] of D767 on F.Cu
[unconnected_items]: Missing connection between items
    Local override; error
    @(22.5150 mm, 1.2850 mm): Pad 3 [COL_G_11] of D11 on F.Cu
    @(22.5150 mm, 3.4850 mm): Pad 3 [COL_G_11] of D39 on F.Cu
[unconnected_items]: Missing connection between items
    Local override; error
    @(22.5150 mm, 3.4850 mm): Pad 3 [COL_G_11] of D39 on F.Cu
    @(22.5150 mm, 5.6850 mm): Pad 3 [COL_G_11] of D67 on F.Cu
[unconnected_items]: Missing connection between items
    Local override; error
    @(22.5150 mm, 5.6850 mm): Pad 3 [COL_G_11] of D67 on F.Cu
    @(22.5150 mm, 7.8850 mm): Pad 3 [COL_G_11] of D95 on F.Cu
[unconnected_items]: Missing connection between items
    Local override; error
    @(22.5150 mm, 7.8850 mm): Pad 3 [COL_G_11] of D95 on F.Cu
    @(22.5150 mm, 10.0850 mm): Pad 3 [COL_G_11] of D123 on F.Cu
[unconnected_items]: Missing connection between items
    Local override; error
    @(22.5150 mm, 10.0850 mm): Pad 3 [COL_G_11] of D123 on F.Cu
    @(22.5150 mm, 12.2850 mm): Pad 3 [COL_G_11] of D151 on F.Cu
[unconnected_items]: Missing connection between items
    Local override; error
    @(22.5150 mm, 12.2850 mm): Pad 3 [COL_G_11] of D151 on F.Cu
    @(22.5150 mm, 14.4850 mm): Pad 3 [COL_G_11] of D179 on F.Cu
[unconnected_items]: Missing connection between items
    Local override; error
    @(22.5150 mm, 14.4850 mm): Pad 3 [COL_G_11] of D179 on F.Cu
    @(22.5150 mm, 16.6850 mm): Pad 3 [COL_G_11] of D207 on F.Cu
[unconnected_items]: Missing connection between items
    Local override; error
    @(22.5150 mm, 16.6850 mm): Pad 3 [COL_G_11] of D207 on F.Cu
    @(22.5150 mm, 18.8850 mm): Pad 3 [COL_G_11] of D235 on F.Cu
[unconnected_items]: Missing connection between items
    Local override; error
    @(22.5150 mm, 18.8850 mm): Pad 3 [COL_G_11] of D235 on F.Cu
    @(22.5150 mm, 21.0850 mm): Pad 3 [COL_G_11] of D263 on F.Cu
[unconnected_items]: Missing connection between items
    Local override; error
    @(22.5150 mm, 21.0850 mm): Pad 3 [COL_G_11] of D263 on F.Cu
    @(22.5150 mm, 23.2850 mm): Pad 3 [COL_G_11] of D291 on F.Cu
[unconnected_items]: Missing connection between items
    Local override; error
    @(22.5150 mm, 23.2850 mm): Pad 3 [COL_G_11] of D291 on F.Cu
    @(22.5150 mm, 25.4850 mm): Pad 3 [COL_G_11] of D319 on F.Cu
[unconnected_items]: Missing connection between items
    Local override; error
    @(22.5150 mm, 25.4850 mm): Pad 3 [COL_G_11] of D319 on F.Cu
    @(22.5150 mm, 27.6850 mm): Pad 3 [COL_G_11] of D347 on F.Cu
[unconnected_items]: Missing connection between items
    Local override; error
    @(22.5150 mm, 27.6850 mm): Pad 3 [COL_G_11] of D347 on F.Cu
    @(22.5150 mm, 29.8850 mm): Pad 3 [COL_G_11] of D375 on F.Cu
[unconnected_items]: Missing connection between items
    Local override; error
    @(22.5150 mm, 29.8850 mm): Pad 3 [COL_G_11] of D375 on F.Cu
    @(22.5150 mm, 32.0850 mm): Pad 3 [COL_G_11] of D403 on F.Cu
[unconnected_items]: Missing connection between items
    Local override; error
    @(22.5150 mm, 32.0850 mm): Pad 3 [COL_G_11] of D403 on F.Cu
    @(22.5150 mm, 34.2850 mm): Pad 3 [COL_G_11] of D431 on F.Cu
[unconnected_items]: Missing connection between items
    Local override; error
    @(22.5150 mm, 34.2850 mm): Pad 3 [COL_G_11] of D431 on F.Cu
    @(22.5150 mm, 36.4850 mm): Pad 3 [COL_G_11] of D459 on F.Cu
[unconnected_items]: Missing connection between items
    Local override; error
    @(22.5150 mm, 36.4850 mm): Pad 3 [COL_G_11] of D459 on F.Cu
    @(22.5150 mm, 38.6850 mm): Pad 3 [COL_G_11] of D487 on F.Cu
[unconnected_items]: Missing connection between items
    Local override; error
    @(22.5150 mm, 38.6850 mm): Pad 3 [COL_G_11] of D487 on F.Cu
    @(22.5150 mm, 40.8850 mm): Pad 3 [COL_G_11] of D515 on F.Cu
[unconnected_items]: Missing connection between items
    Local override; error
    @(22.5150 mm, 40.8850 mm): Pad 3 [COL_G_11] of D515 on F.Cu
    @(22.5150 mm, 43.0850 mm): Pad 3 [COL_G_11] of D543 on F.Cu
[unconnected_items]: Missing connection between items
    Local override; error
    @(22.5150 mm, 43.0850 mm): Pad 3 [COL_G_11] of D543 on F.Cu
    @(22.5150 mm, 45.2850 mm): Pad 3 [COL_G_11] of D571 on F.Cu
[unconnected_items]: Missing connection between items
    Local override; error
    @(22.5150 mm, 45.2850 mm): Pad 3 [COL_G_11] of D571 on F.Cu
    @(22.5150 mm, 47.4850 mm): Pad 3 [COL_G_11] of D599 on F.Cu
[unconnected_items]: Missing connection between items
    Local override; error
    @(22.5150 mm, 47.4850 mm): Pad 3 [COL_G_11] of D599 on F.Cu
    @(22.5150 mm, 49.6850 mm): Pad 3 [COL_G_11] of D627 on F.Cu
[unconnected_items]: Missing connection between items
    Local override; error
    @(22.5150 mm, 49.6850 mm): Pad 3 [COL_G_11] of D627 on F.Cu
    @(22.5150 mm, 51.8850 mm): Pad 3 [COL_G_11] of D655 on F.Cu
[unconnected_items]: Missing connection between items
    Local override; error
    @(22.5150 mm, 51.8850 mm): Pad 3 [COL_G_11] of D655 on F.Cu
    @(22.5150 mm, 54.0850 mm): Pad 3 [COL_G_11] of D683 on F.Cu
[unconnected_items]: Missing connection between items
    Local override; error
    @(22.5150 mm, 54.0850 mm): Pad 3 [COL_G_11] of D683 on F.Cu
    @(22.5150 mm, 56.2850 mm): Pad 3 [COL_G_11] of D711 on F.Cu
[unconnected_items]: Missing connection between items
    Local override; error
    @(22.5150 mm, 56.2850 mm): Pad 3 [COL_G_11] of D711 on F.Cu
    @(22.5150 mm, 58.4850 mm): Pad 3 [COL_G_11] of D739 on F.Cu
[unconnected_items]: Missing connection between items
    Local override; error
    @(22.5150 mm, 58.4850 mm): Pad 3 [COL_G_11] of D739 on F.Cu
    @(22.5150 mm, 60.6850 mm): Pad 3 [COL_G_11] of D767 on F.Cu
[unconnected_items]: Missing connection between items
    Local override; error
    @(22.5150 mm, 0.5150 mm): Pad 4 [COL_B_11] of D11 on F.Cu
    @(22.5150 mm, 2.7150 mm): Pad 4 [COL_B_11] of D39 on F.Cu
[unconnected_items]: Missing connection between items
    Local override; error
    @(22.5150 mm, 2.7150 mm): Pad 4 [COL_B_11] of D39 on F.Cu
    @(22.5150 mm, 4.9150 mm): Pad 4 [COL_B_11] of D67 on F.Cu
[unconnected_items]: Missing connection between items
    Local override; error
    @(22.5150 mm, 4.9150 mm): Pad 4 [COL_B_11] of D67 on F.Cu
    @(22.5150 mm, 7.1150 mm): Pad 4 [COL_B_11] of D95 on F.Cu
[unconnected_items]: Missing connection between items
    Local override; error
    @(22.5150 mm, 7.1150 mm): Pad 4 [COL_B_11] of D95 on F.Cu
    @(22.5150 mm, 9.3150 mm): Pad 4 [COL_B_11] of D123 on F.Cu
[unconnected_items]: Missing connection between items
    Local override; error
    @(22.5150 mm, 9.3150 mm): Pad 4 [COL_B_11] of D123 on F.Cu
    @(22.5150 mm, 11.5150 mm): Pad 4 [COL_B_11] of D151 on F.Cu
[unconnected_items]: Missing connection between items
    Local override; error
    @(22.5150 mm, 11.5150 mm): Pad 4 [COL_B_11] of D151 on F.Cu
    @(22.5150 mm, 13.7150 mm): Pad 4 [COL_B_11] of D179 on F.Cu
[unconnected_items]: Missing connection between items
    Local override; error
    @(22.5150 mm, 13.7150 mm): Pad 4 [COL_B_11] of D179 on F.Cu
    @(22.5150 mm, 15.9150 mm): Pad 4 [COL_B_11] of D207 on F.Cu
[unconnected_items]: Missing connection between items
    Local override; error
    @(22.5150 mm, 15.9150 mm): Pad 4 [COL_B_11] of D207 on F.Cu
    @(22.5150 mm, 18.1150 mm): Pad 4 [COL_B_11] of D235 on F.Cu
[unconnected_items]: Missing connection between items
    Local override; error
    @(22.5150 mm, 18.1150 mm): Pad 4 [COL_B_11] of D235 on F.Cu
    @(22.5150 mm, 20.3150 mm): Pad 4 [COL_B_11] of D263 on F.Cu
[unconnected_items]: Missing connection between items
    Local override; error
    @(22.5150 mm, 20.3150 mm): Pad 4 [COL_B_11] of D263 on F.Cu
    @(22.5150 mm, 22.5150 mm): Pad 4 [COL_B_11] of D291 on F.Cu
[unconnected_items]: Missing connection between items
    Local override; error
    @(22.5150 mm, 22.5150 mm): Pad 4 [COL_B_11] of D291 on F.Cu
    @(22.5150 mm, 24.7150 mm): Pad 4 [COL_B_11] of D319 on F.Cu
[unconnected_items]: Missing connection between items
    Local override; error
    @(22.5150 mm, 24.7150 mm): Pad 4 [COL_B_11] of D319 on F.Cu
    @(22.5150 mm, 26.9150 mm): Pad 4 [COL_B_11] of D347 on F.Cu
[unconnected_items]: Missing connection between items
    Local override; error
    @(22.5150 mm, 26.9150 mm): Pad 4 [COL_B_11] of D347 on F.Cu
    @(22.5150 mm, 29.1150 mm): Pad 4 [COL_B_11] of D375 on F.Cu
[unconnected_items]: Missing connection between items
    Local override; error
    @(22.5150 mm, 29.1150 mm): Pad 4 [COL_B_11] of D375 on F.Cu
    @(22.5150 mm, 31.3150 mm): Pad 4 [COL_B_11] of D403 on F.Cu
[unconnected_items]: Missing connection between items
    Local override; error
    @(22.5150 mm, 31.3150 mm): Pad 4 [COL_B_11] of D403 on F.Cu
    @(22.5150 mm, 33.5150 mm): Pad 4 [COL_B_11] of D431 on F.Cu
[unconnected_items]: Missing connection between items
    Local override; error
    @(22.5150 mm, 33.5150 mm): Pad 4 [COL_B_11] of D431 on F.Cu
    @(22.5150 mm, 35.7150 mm): Pad 4 [COL_B_11] of D459 on F.Cu
[unconnected_items]: Missing connection between items
    Local override; error
    @(22.5150 mm, 35.7150 mm): Pad 4 [COL_B_11] of D459 on F.Cu
    @(22.5150 mm, 37.9150 mm): Pad 4 [COL_B_11] of D487 on F.Cu
[unconnected_items]: Missing connection between items
    Local override; error
    @(22.5150 mm, 37.9150 mm): Pad 4 [COL_B_11] of D487 on F.Cu
    @(22.5150 mm, 40.1150 mm): Pad 4 [COL_B_11] of D515 on F.Cu
[unconnected_items]: Missing connection between items
    Local override; error
    @(22.5150 mm, 40.1150 mm): Pad 4 [COL_B_11] of D515 on F.Cu
    @(22.5150 mm, 42.3150 mm): Pad 4 [COL_B_11] of D543 on F.Cu
[unconnected_items]: Missing connection between items
    Local override; error
    @(22.5150 mm, 42.3150 mm): Pad 4 [COL_B_11] of D543 on F.Cu
    @(22.5150 mm, 44.5150 mm): Pad 4 [COL_B_11] of D571 on F.Cu
[unconnected_items]: Missing connection between items
    Local override; error
    @(22.5150 mm, 44.5150 mm): Pad 4 [COL_B_11] of D571 on F.Cu
    @(22.5150 mm, 46.7150 mm): Pad 4 [COL_B_11] of D599 on F.Cu
[unconnected_items]: Missing connection between items
    Local override; error
    @(22.5150 mm, 46.7150 mm): Pad 4 [COL_B_11] of D599 on F.Cu
    @(22.5150 mm, 48.9150 mm): Pad 4 [COL_B_11] of D627 on F.Cu
[unconnected_items]: Missing connection between items
    Local override; error
    @(22.5150 mm, 48.9150 mm): Pad 4 [COL_B_11] of D627 on F.Cu
    @(22.5150 mm, 51.1150 mm): Pad 4 [COL_B_11] of D655 on F.Cu
[unconnected_items]: Missing connection between items
    Local override; error
    @(22.5150 mm, 51.1150 mm): Pad 4 [COL_B_11] of D655 on F.Cu
    @(22.5150 mm, 53.3150 mm): Pad 4 [COL_B_11] of D683 on F.Cu
[unconnected_items]: Missing connection between items
    Local override; error
    @(22.5150 mm, 53.3150 mm): Pad 4 [COL_B_11] of D683 on F.Cu
    @(22.5150 mm, 55.5150 mm): Pad 4 [COL_B_11] of D711 on F.Cu
[unconnected_items]: Missing connection between items
    Local override; error
    @(22.5150 mm, 55.5150 mm): Pad 4 [COL_B_11] of D711 on F.Cu
    @(22.5150 mm, 57.7150 mm): Pad 4 [COL_B_11] of D739 on F.Cu
[unconnected_items]: Missing connection between items
    Local override; error
    @(22.5150 mm, 57.7150 mm): Pad 4 [COL_B_11] of D739 on F.Cu
    @(22.5150 mm, 59.9150 mm): Pad 4 [COL_B_11] of D767 on F.Cu
[unconnected_items]: Missing connection between items
    Local override; error
    @(1.2850 mm, 33.5150 mm): Pad 1 [ROW_16_ANODE] of D421 on F.Cu
    @(3.4850 mm, 33.5150 mm): Pad 1 [ROW_16_ANODE] of D422 on F.Cu
[unconnected_items]: Missing connection between items
    Local override; error
    @(3.4850 mm, 33.5150 mm): Pad 1 [ROW_16_ANODE] of D422 on F.Cu
    @(5.6850 mm, 33.5150 mm): Pad 1 [ROW_16_ANODE] of D423 on F.Cu
[unconnected_items]: Missing connection between items
    Local override; error
    @(5.6850 mm, 33.5150 mm): Pad 1 [ROW_16_ANODE] of D423 on F.Cu
    @(7.8850 mm, 33.5150 mm): Pad 1 [ROW_16_ANODE] of D424 on F.Cu
[unconnected_items]: Missing connection between items
    Local override; error
    @(7.8850 mm, 33.5150 mm): Pad 1 [ROW_16_ANODE] of D424 on F.Cu
    @(10.0850 mm, 33.5150 mm): Pad 1 [ROW_16_ANODE] of D425 on F.Cu
[unconnected_items]: Missing connection between items
    Local override; error
    @(10.0850 mm, 33.5150 mm): Pad 1 [ROW_16_ANODE] of D425 on F.Cu
    @(12.2850 mm, 33.5150 mm): Pad 1 [ROW_16_ANODE] of D426 on F.Cu
[unconnected_items]: Missing connection between items
    Local override; error
    @(12.2850 mm, 33.5150 mm): Pad 1 [ROW_16_ANODE] of D426 on F.Cu
    @(14.4850 mm, 33.5150 mm): Pad 1 [ROW_16_ANODE] of D427 on F.Cu
[unconnected_items]: Missing connection between items
    Local override; error
    @(14.4850 mm, 33.5150 mm): Pad 1 [ROW_16_ANODE] of D427 on F.Cu
    @(16.6850 mm, 33.5150 mm): Pad 1 [ROW_16_ANODE] of D428 on F.Cu
[unconnected_items]: Missing connection between items
    Local override; error
    @(16.6850 mm, 33.5150 mm): Pad 1 [ROW_16_ANODE] of D428 on F.Cu
    @(18.8850 mm, 33.5150 mm): Pad 1 [ROW_16_ANODE] of D429 on F.Cu
[unconnected_items]: Missing connection between items
    Local override; error
    @(18.8850 mm, 33.5150 mm): Pad 1 [ROW_16_ANODE] of D429 on F.Cu
    @(21.0850 mm, 33.5150 mm): Pad 1 [ROW_16_ANODE] of D430 on F.Cu
[unconnected_items]: Missing connection between items
    Local override; error
    @(21.0850 mm, 33.5150 mm): Pad 1 [ROW_16_ANODE] of D430 on F.Cu
    @(23.2850 mm, 33.5150 mm): Pad 1 [ROW_16_ANODE] of D431 on F.Cu
[unconnected_items]: Missing connection between items
    Local override; error
    @(23.2850 mm, 33.5150 mm): Pad 1 [ROW_16_ANODE] of D431 on F.Cu
    @(25.4850 mm, 33.5150 mm): Pad 1 [ROW_16_ANODE] of D432 on F.Cu
[unconnected_items]: Missing connection between items
    Local override; error
    @(25.4850 mm, 33.5150 mm): Pad 1 [ROW_16_ANODE] of D432 on F.Cu
    @(27.6850 mm, 33.5150 mm): Pad 1 [ROW_16_ANODE] of D433 on F.Cu
[unconnected_items]: Missing connection between items
    Local override; error
    @(27.6850 mm, 33.5150 mm): Pad 1 [ROW_16_ANODE] of D433 on F.Cu
    @(29.8850 mm, 33.5150 mm): Pad 1 [ROW_16_ANODE] of D434 on F.Cu
[unconnected_items]: Missing connection between items
    Local override; error
    @(29.8850 mm, 33.5150 mm): Pad 1 [ROW_16_ANODE] of D434 on F.Cu
    @(32.0850 mm, 33.5150 mm): Pad 1 [ROW_16_ANODE] of D435 on F.Cu
[unconnected_items]: Missing connection between items
    Local override; error
    @(32.0850 mm, 33.5150 mm): Pad 1 [ROW_16_ANODE] of D435 on F.Cu
    @(34.2850 mm, 33.5150 mm): Pad 1 [ROW_16_ANODE] of D436 on F.Cu
[unconnected_items]: Missing connection between items
    Local override; error
    @(34.2850 mm, 33.5150 mm): Pad 1 [ROW_16_ANODE] of D436 on F.Cu
    @(36.4850 mm, 33.5150 mm): Pad 1 [ROW_16_ANODE] of D437 on F.Cu
[unconnected_items]: Missing connection between items
    Local override; error
    @(36.4850 mm, 33.5150 mm): Pad 1 [ROW_16_ANODE] of D437 on F.Cu
    @(38.6850 mm, 33.5150 mm): Pad 1 [ROW_16_ANODE] of D438 on F.Cu
[unconnected_items]: Missing connection between items
    Local override; error
    @(38.6850 mm, 33.5150 mm): Pad 1 [ROW_16_ANODE] of D438 on F.Cu
    @(40.8850 mm, 33.5150 mm): Pad 1 [ROW_16_ANODE] of D439 on F.Cu
[unconnected_items]: Missing connection between items
    Local override; error
    @(40.8850 mm, 33.5150 mm): Pad 1 [ROW_16_ANODE] of D439 on F.Cu
    @(43.0850 mm, 33.5150 mm): Pad 1 [ROW_16_ANODE] of D440 on F.Cu
[unconnected_items]: Missing connection between items
    Local override; error
    @(43.0850 mm, 33.5150 mm): Pad 1 [ROW_16_ANODE] of D440 on F.Cu
    @(45.2850 mm, 33.5150 mm): Pad 1 [ROW_16_ANODE] of D441 on F.Cu
[unconnected_items]: Missing connection between items
    Local override; error
    @(45.2850 mm, 33.5150 mm): Pad 1 [ROW_16_ANODE] of D441 on F.Cu
    @(47.4850 mm, 33.5150 mm): Pad 1 [ROW_16_ANODE] of D442 on F.Cu
[unconnected_items]: Missing connection between items
    Local override; error
    @(47.4850 mm, 33.5150 mm): Pad 1 [ROW_16_ANODE] of D442 on F.Cu
    @(49.6850 mm, 33.5150 mm): Pad 1 [ROW_16_ANODE] of D443 on F.Cu
[unconnected_items]: Missing connection between items
    Local override; error
    @(49.6850 mm, 33.5150 mm): Pad 1 [ROW_16_ANODE] of D443 on F.Cu
    @(51.8850 mm, 33.5150 mm): Pad 1 [ROW_16_ANODE] of D444 on F.Cu
[unconnected_items]: Missing connection between items
    Local override; error
    @(51.8850 mm, 33.5150 mm): Pad 1 [ROW_16_ANODE] of D444 on F.Cu
    @(54.0850 mm, 33.5150 mm): Pad 1 [ROW_16_ANODE] of D445 on F.Cu
[unconnected_items]: Missing connection between items
    Local override; error
    @(54.0850 mm, 33.5150 mm): Pad 1 [ROW_16_ANODE] of D445 on F.Cu
    @(56.2850 mm, 33.5150 mm): Pad 1 [ROW_16_ANODE] of D446 on F.Cu
[unconnected_items]: Missing connection between items
    Local override; error
    @(56.2850 mm, 33.5150 mm): Pad 1 [ROW_16_ANODE] of D446 on F.Cu
    @(58.4850 mm, 33.5150 mm): Pad 1 [ROW_16_ANODE] of D447 on F.Cu
[unconnected_items]: Missing connection between items
    Local override; error
    @(58.4850 mm, 33.5150 mm): Pad 1 [ROW_16_ANODE] of D447 on F.Cu
    @(60.6850 mm, 33.5150 mm): Pad 1 [ROW_16_ANODE] of D448 on F.Cu
[unconnected_items]: Missing connection between items
    Local override; error
    @(0.5150 mm, 32.0850 mm): Track [COL_R_01] on F.Cu, length 0.5445 mm
    @(1.2850 mm, 34.2850 mm): Pad 2 [COL_R_01] of D421 on F.Cu
[unconnected_items]: Missing connection between items
    Local override; error
    @(1.2850 mm, 1.2850 mm): Pad 2 [COL_R_01] of D1 on F.Cu
    @(1.2850 mm, 3.4850 mm): Pad 2 [COL_R_01] of D29 on F.Cu
[unconnected_items]: Missing connection between items
    Local override; error
    @(1.2850 mm, 3.4850 mm): Pad 2 [COL_R_01] of D29 on F.Cu
    @(1.2850 mm, 5.6850 mm): Pad 2 [COL_R_01] of D57 on F.Cu
[unconnected_items]: Missing connection between items
    Local override; error
    @(1.2850 mm, 5.6850 mm): Pad 2 [COL_R_01] of D57 on F.Cu
    @(1.2850 mm, 7.8850 mm): Pad 2 [COL_R_01] of D85 on F.Cu
[unconnected_items]: Missing connection between items
    Local override; error
    @(1.2850 mm, 10.0850 mm): Pad 2 [COL_R_01] of D113 on F.Cu
    @(1.2850 mm, 12.2850 mm): Pad 2 [COL_R_01] of D141 on F.Cu
[unconnected_items]: Missing connection between items
    Local override; error
    @(1.2850 mm, 10.0850 mm): Pad 2 [COL_R_01] of D113 on F.Cu
    @(1.2850 mm, 7.8850 mm): Pad 2 [COL_R_01] of D85 on F.Cu
[unconnected_items]: Missing connection between items
    Local override; error
    @(1.2850 mm, 12.2850 mm): Pad 2 [COL_R_01] of D141 on F.Cu
    @(1.2850 mm, 14.4850 mm): Pad 2 [COL_R_01] of D169 on F.Cu
[unconnected_items]: Missing connection between items
    Local override; error
    @(1.2850 mm, 14.4850 mm): Pad 2 [COL_R_01] of D169 on F.Cu
    @(1.2850 mm, 16.6850 mm): Pad 2 [COL_R_01] of D197 on F.Cu
[unconnected_items]: Missing connection between items
    Local override; error
    @(1.2850 mm, 16.6850 mm): Pad 2 [COL_R_01] of D197 on F.Cu
    @(1.2850 mm, 18.8850 mm): Pad 2 [COL_R_01] of D225 on F.Cu
[unconnected_items]: Missing connection between items
    Local override; error
    @(1.2850 mm, 18.8850 mm): Pad 2 [COL_R_01] of D225 on F.Cu
    @(1.2850 mm, 21.0850 mm): Pad 2 [COL_R_01] of D253 on F.Cu
[unconnected_items]: Missing connection between items
    Local override; error
    @(1.2850 mm, 21.0850 mm): Pad 2 [COL_R_01] of D253 on F.Cu
    @(1.2850 mm, 23.2850 mm): Pad 2 [COL_R_01] of D281 on F.Cu
[unconnected_items]: Missing connection between items
    Local override; error
    @(1.2850 mm, 23.2850 mm): Pad 2 [COL_R_01] of D281 on F.Cu
    @(1.2850 mm, 25.4850 mm): Pad 2 [COL_R_01] of D309 on F.Cu
[unconnected_items]: Missing connection between items
    Local override; error
    @(1.2850 mm, 27.6850 mm): Pad 2 [COL_R_01] of D337 on F.Cu
    @(1.2850 mm, 25.4850 mm): Pad 2 [COL_R_01] of D309 on F.Cu
[unconnected_items]: Missing connection between items
    Local override; error
    @(1.2850 mm, 27.6850 mm): Pad 2 [COL_R_01] of D337 on F.Cu
    @(1.2850 mm, 29.8850 mm): Track [COL_R_01] on F.Cu, length 0.6650 mm
[unconnected_items]: Missing connection between items
    Local override; error
    @(1.2850 mm, 36.4850 mm): Pad 2 [COL_R_01] of D449 on F.Cu
    @(1.2850 mm, 34.2850 mm): Pad 2 [COL_R_01] of D421 on F.Cu
[unconnected_items]: Missing connection between items
    Local override; error
    @(1.2850 mm, 38.6850 mm): Pad 2 [COL_R_01] of D477 on F.Cu
    @(1.2850 mm, 40.8850 mm): Pad 2 [COL_R_01] of D505 on F.Cu
[unconnected_items]: Missing connection between items
    Local override; error
    @(1.2850 mm, 38.6850 mm): Pad 2 [COL_R_01] of D477 on F.Cu
    @(1.2850 mm, 36.4850 mm): Pad 2 [COL_R_01] of D449 on F.Cu
[unconnected_items]: Missing connection between items
    Local override; error
    @(1.2850 mm, 43.0850 mm): Pad 2 [COL_R_01] of D533 on F.Cu
    @(1.2850 mm, 40.8850 mm): Pad 2 [COL_R_01] of D505 on F.Cu
[unconnected_items]: Missing connection between items
    Local override; error
    @(1.2850 mm, 45.2850 mm): Pad 2 [COL_R_01] of D561 on F.Cu
    @(1.2850 mm, 47.4850 mm): Pad 2 [COL_R_01] of D589 on F.Cu
[unconnected_items]: Missing connection between items
    Local override; error
    @(1.2850 mm, 45.2850 mm): Pad 2 [COL_R_01] of D561 on F.Cu
    @(1.2850 mm, 43.0850 mm): Pad 2 [COL_R_01] of D533 on F.Cu
[unconnected_items]: Missing connection between items
    Local override; error
    @(1.2850 mm, 49.6850 mm): Pad 2 [COL_R_01] of D617 on F.Cu
    @(1.2850 mm, 47.4850 mm): Pad 2 [COL_R_01] of D589 on F.Cu
[unconnected_items]: Missing connection between items
    Local override; error
    @(1.2850 mm, 51.8850 mm): Pad 2 [COL_R_01] of D645 on F.Cu
    @(1.2850 mm, 49.6850 mm): Pad 2 [COL_R_01] of D617 on F.Cu
[unconnected_items]: Missing connection between items
    Local override; error
    @(1.2850 mm, 54.0850 mm): Pad 2 [COL_R_01] of D673 on F.Cu
    @(1.2850 mm, 56.2850 mm): Pad 2 [COL_R_01] of D701 on F.Cu
[unconnected_items]: Missing connection between items
    Local override; error
    @(1.2850 mm, 54.0850 mm): Pad 2 [COL_R_01] of D673 on F.Cu
    @(1.2850 mm, 51.8850 mm): Pad 2 [COL_R_01] of D645 on F.Cu
[unconnected_items]: Missing connection between items
    Local override; error
    @(1.2850 mm, 56.2850 mm): Pad 2 [COL_R_01] of D701 on F.Cu
    @(1.2850 mm, 58.4850 mm): Pad 2 [COL_R_01] of D729 on F.Cu
[unconnected_items]: Missing connection between items
    Local override; error
    @(1.2850 mm, 60.6850 mm): Pad 2 [COL_R_01] of D757 on F.Cu
    @(1.2850 mm, 58.4850 mm): Pad 2 [COL_R_01] of D729 on F.Cu
[unconnected_items]: Missing connection between items
    Local override; error
    @(0.5150 mm, 3.4850 mm): Pad 3 [COL_G_01] of D29 on F.Cu
    @(0.5150 mm, 1.2850 mm): Pad 3 [COL_G_01] of D1 on F.Cu
[unconnected_items]: Missing connection between items
    Local override; error
    @(0.5150 mm, 5.6850 mm): Pad 3 [COL_G_01] of D57 on F.Cu
    @(0.5150 mm, 3.4850 mm): Pad 3 [COL_G_01] of D29 on F.Cu
[unconnected_items]: Missing connection between items
    Local override; error
    @(0.5150 mm, 7.8850 mm): Pad 3 [COL_G_01] of D85 on F.Cu
    @(0.5150 mm, 5.6850 mm): Pad 3 [COL_G_01] of D57 on F.Cu
[unconnected_items]: Missing connection between items
    Local override; error
    @(0.5150 mm, 10.0850 mm): Pad 3 [COL_G_01] of D113 on F.Cu
    @(0.5150 mm, 7.8850 mm): Pad 3 [COL_G_01] of D85 on F.Cu
[unconnected_items]: Missing connection between items
    Local override; error
    @(0.5150 mm, 12.2850 mm): Pad 3 [COL_G_01] of D141 on F.Cu
    @(0.5150 mm, 10.0850 mm): Pad 3 [COL_G_01] of D113 on F.Cu
[unconnected_items]: Missing connection between items
    Local override; error
    @(0.5150 mm, 14.4850 mm): Pad 3 [COL_G_01] of D169 on F.Cu
    @(0.5150 mm, 12.2850 mm): Pad 3 [COL_G_01] of D141 on F.Cu
[unconnected_items]: Missing connection between items
    Local override; error
    @(0.5150 mm, 16.6850 mm): Pad 3 [COL_G_01] of D197 on F.Cu
    @(0.5150 mm, 14.4850 mm): Pad 3 [COL_G_01] of D169 on F.Cu
[unconnected_items]: Missing connection between items
    Local override; error
    @(0.5150 mm, 18.8850 mm): Pad 3 [COL_G_01] of D225 on F.Cu
    @(0.5150 mm, 16.6850 mm): Pad 3 [COL_G_01] of D197 on F.Cu
[unconnected_items]: Missing connection between items
    Local override; error
    @(0.5150 mm, 21.0850 mm): Pad 3 [COL_G_01] of D253 on F.Cu
    @(0.5150 mm, 18.8850 mm): Pad 3 [COL_G_01] of D225 on F.Cu
[unconnected_items]: Missing connection between items
    Local override; error
    @(0.5150 mm, 23.2850 mm): Pad 3 [COL_G_01] of D281 on F.Cu
    @(0.5150 mm, 21.0850 mm): Pad 3 [COL_G_01] of D253 on F.Cu
[unconnected_items]: Missing connection between items
    Local override; error
    @(0.5150 mm, 25.4850 mm): Pad 3 [COL_G_01] of D309 on F.Cu
    @(0.5150 mm, 23.2850 mm): Pad 3 [COL_G_01] of D281 on F.Cu
[unconnected_items]: Missing connection between items
    Local override; error
    @(0.5150 mm, 27.6850 mm): Pad 3 [COL_G_01] of D337 on F.Cu
    @(0.5150 mm, 25.4850 mm): Pad 3 [COL_G_01] of D309 on F.Cu
[unconnected_items]: Missing connection between items
    Local override; error
    @(0.5150 mm, 29.8850 mm): Track [COL_G_01] on F.Cu, length 0.7152 mm
    @(0.5150 mm, 27.6850 mm): Pad 3 [COL_G_01] of D337 on F.Cu
[unconnected_items]: Missing connection between items
    Local override; error
    @(0.5150 mm, 34.2850 mm): Pad 3 [COL_G_01] of D421 on F.Cu
    @(0.5150 mm, 31.3150 mm): Track [COL_G_01] on F.Cu, length 0.7152 mm
[unconnected_items]: Missing connection between items
    Local override; error
    @(0.5150 mm, 36.4850 mm): Pad 3 [COL_G_01] of D449 on F.Cu
    @(0.5150 mm, 34.2850 mm): Pad 3 [COL_G_01] of D421 on F.Cu
[unconnected_items]: Missing connection between items
    Local override; error
    @(0.5150 mm, 38.6850 mm): Pad 3 [COL_G_01] of D477 on F.Cu
    @(0.5150 mm, 36.4850 mm): Pad 3 [COL_G_01] of D449 on F.Cu
[unconnected_items]: Missing connection between items
    Local override; error
    @(0.5150 mm, 40.8850 mm): Pad 3 [COL_G_01] of D505 on F.Cu
    @(0.5150 mm, 38.6850 mm): Pad 3 [COL_G_01] of D477 on F.Cu
[unconnected_items]: Missing connection between items
    Local override; error
    @(0.5150 mm, 43.0850 mm): Pad 3 [COL_G_01] of D533 on F.Cu
    @(0.5150 mm, 40.8850 mm): Pad 3 [COL_G_01] of D505 on F.Cu
[unconnected_items]: Missing connection between items
    Local override; error
    @(0.5150 mm, 45.2850 mm): Pad 3 [COL_G_01] of D561 on F.Cu
    @(0.5150 mm, 43.0850 mm): Pad 3 [COL_G_01] of D533 on F.Cu
[unconnected_items]: Missing connection between items
    Local override; error
    @(0.5150 mm, 47.4850 mm): Pad 3 [COL_G_01] of D589 on F.Cu
    @(0.5150 mm, 45.2850 mm): Pad 3 [COL_G_01] of D561 on F.Cu
[unconnected_items]: Missing connection between items
    Local override; error
    @(0.5150 mm, 49.6850 mm): Pad 3 [COL_G_01] of D617 on F.Cu
    @(0.5150 mm, 47.4850 mm): Pad 3 [COL_G_01] of D589 on F.Cu
[unconnected_items]: Missing connection between items
    Local override; error
    @(0.5150 mm, 51.8850 mm): Pad 3 [COL_G_01] of D645 on F.Cu
    @(0.5150 mm, 49.6850 mm): Pad 3 [COL_G_01] of D617 on F.Cu
[unconnected_items]: Missing connection between items
    Local override; error
    @(0.5150 mm, 54.0850 mm): Pad 3 [COL_G_01] of D673 on F.Cu
    @(0.5150 mm, 51.8850 mm): Pad 3 [COL_G_01] of D645 on F.Cu
[unconnected_items]: Missing connection between items
    Local override; error
    @(0.5150 mm, 56.2850 mm): Pad 3 [COL_G_01] of D701 on F.Cu
    @(0.5150 mm, 54.0850 mm): Pad 3 [COL_G_01] of D673 on F.Cu
[unconnected_items]: Missing connection between items
    Local override; error
    @(0.5150 mm, 58.4850 mm): Pad 3 [COL_G_01] of D729 on F.Cu
    @(0.5150 mm, 56.2850 mm): Pad 3 [COL_G_01] of D701 on F.Cu
[unconnected_items]: Missing connection between items
    Local override; error
    @(0.5150 mm, 60.6850 mm): Pad 3 [COL_G_01] of D757 on F.Cu
    @(0.5150 mm, 58.4850 mm): Pad 3 [COL_G_01] of D729 on F.Cu
[unconnected_items]: Missing connection between items
    Local override; error
    @(0.5150 mm, 0.5150 mm): Pad 4 [COL_B_01] of D1 on F.Cu
    @(0.5150 mm, 2.7150 mm): Pad 4 [COL_B_01] of D29 on F.Cu
[unconnected_items]: Missing connection between items
    Local override; error
    @(0.5150 mm, 2.7150 mm): Pad 4 [COL_B_01] of D29 on F.Cu
    @(0.5150 mm, 4.9150 mm): Pad 4 [COL_B_01] of D57 on F.Cu
[unconnected_items]: Missing connection between items
    Local override; error
    @(0.5150 mm, 4.9150 mm): Pad 4 [COL_B_01] of D57 on F.Cu
    @(0.5150 mm, 7.1150 mm): Pad 4 [COL_B_01] of D85 on F.Cu
[unconnected_items]: Missing connection between items
    Local override; error
    @(0.5150 mm, 7.1150 mm): Pad 4 [COL_B_01] of D85 on F.Cu
    @(0.5150 mm, 9.3150 mm): Pad 4 [COL_B_01] of D113 on F.Cu
[unconnected_items]: Missing connection between items
    Local override; error
    @(0.5150 mm, 9.3150 mm): Pad 4 [COL_B_01] of D113 on F.Cu
    @(0.5150 mm, 11.5150 mm): Pad 4 [COL_B_01] of D141 on F.Cu
[unconnected_items]: Missing connection between items
    Local override; error
    @(0.5150 mm, 11.5150 mm): Pad 4 [COL_B_01] of D141 on F.Cu
    @(0.5150 mm, 13.7150 mm): Pad 4 [COL_B_01] of D169 on F.Cu
[unconnected_items]: Missing connection between items
    Local override; error
    @(0.5150 mm, 13.7150 mm): Pad 4 [COL_B_01] of D169 on F.Cu
    @(0.5150 mm, 15.9150 mm): Pad 4 [COL_B_01] of D197 on F.Cu
[unconnected_items]: Missing connection between items
    Local override; error
    @(0.5150 mm, 15.9150 mm): Pad 4 [COL_B_01] of D197 on F.Cu
    @(0.5150 mm, 18.1150 mm): Pad 4 [COL_B_01] of D225 on F.Cu
[unconnected_items]: Missing connection between items
    Local override; error
    @(0.5150 mm, 18.1150 mm): Pad 4 [COL_B_01] of D225 on F.Cu
    @(0.5150 mm, 20.3150 mm): Pad 4 [COL_B_01] of D253 on F.Cu
[unconnected_items]: Missing connection between items
    Local override; error
    @(0.5150 mm, 20.3150 mm): Pad 4 [COL_B_01] of D253 on F.Cu
    @(0.5150 mm, 22.5150 mm): Pad 4 [COL_B_01] of D281 on F.Cu
[unconnected_items]: Missing connection between items
    Local override; error
    @(0.5150 mm, 22.5150 mm): Pad 4 [COL_B_01] of D281 on F.Cu
    @(0.5150 mm, 24.7150 mm): Pad 4 [COL_B_01] of D309 on F.Cu
[unconnected_items]: Missing connection between items
    Local override; error
    @(0.5150 mm, 24.7150 mm): Pad 4 [COL_B_01] of D309 on F.Cu
    @(0.5150 mm, 26.9150 mm): Pad 4 [COL_B_01] of D337 on F.Cu
[unconnected_items]: Missing connection between items
    Local override; error
    @(0.5150 mm, 26.9150 mm): Pad 4 [COL_B_01] of D337 on F.Cu
    @(0.5150 mm, 29.1150 mm): Track [COL_B_01] on F.Cu, length 0.5445 mm
[unconnected_items]: Missing connection between items
    Local override; error
    @(0.5150 mm, 33.5150 mm): Pad 4 [COL_B_01] of D421 on F.Cu
    @(0.5150 mm, 35.7150 mm): Pad 4 [COL_B_01] of D449 on F.Cu
[unconnected_items]: Missing connection between items
    Local override; error
    @(0.5150 mm, 33.5150 mm): Pad 4 [COL_B_01] of D421 on F.Cu
    @(1.2850 mm, 31.3150 mm): Track [COL_B_01] on F.Cu, length 0.6650 mm
[unconnected_items]: Missing connection between items
    Local override; error
    @(0.5150 mm, 35.7150 mm): Pad 4 [COL_B_01] of D449 on F.Cu
    @(0.5150 mm, 37.9150 mm): Pad 4 [COL_B_01] of D477 on F.Cu
[unconnected_items]: Missing connection between items
    Local override; error
    @(0.5150 mm, 37.9150 mm): Pad 4 [COL_B_01] of D477 on F.Cu
    @(0.5150 mm, 40.1150 mm): Pad 4 [COL_B_01] of D505 on F.Cu
[unconnected_items]: Missing connection between items
    Local override; error
    @(0.5150 mm, 40.1150 mm): Pad 4 [COL_B_01] of D505 on F.Cu
    @(0.5150 mm, 42.3150 mm): Pad 4 [COL_B_01] of D533 on F.Cu
[unconnected_items]: Missing connection between items
    Local override; error
    @(0.5150 mm, 42.3150 mm): Pad 4 [COL_B_01] of D533 on F.Cu
    @(0.5150 mm, 44.5150 mm): Pad 4 [COL_B_01] of D561 on F.Cu
[unconnected_items]: Missing connection between items
    Local override; error
    @(0.5150 mm, 44.5150 mm): Pad 4 [COL_B_01] of D561 on F.Cu
    @(0.5150 mm, 46.7150 mm): Pad 4 [COL_B_01] of D589 on F.Cu
[unconnected_items]: Missing connection between items
    Local override; error
    @(0.5150 mm, 46.7150 mm): Pad 4 [COL_B_01] of D589 on F.Cu
    @(0.5150 mm, 48.9150 mm): Pad 4 [COL_B_01] of D617 on F.Cu
[unconnected_items]: Missing connection between items
    Local override; error
    @(0.5150 mm, 48.9150 mm): Pad 4 [COL_B_01] of D617 on F.Cu
    @(0.5150 mm, 51.1150 mm): Pad 4 [COL_B_01] of D645 on F.Cu
[unconnected_items]: Missing connection between items
    Local override; error
    @(0.5150 mm, 51.1150 mm): Pad 4 [COL_B_01] of D645 on F.Cu
    @(0.5150 mm, 53.3150 mm): Pad 4 [COL_B_01] of D673 on F.Cu
[unconnected_items]: Missing connection between items
    Local override; error
    @(0.5150 mm, 53.3150 mm): Pad 4 [COL_B_01] of D673 on F.Cu
    @(0.5150 mm, 55.5150 mm): Pad 4 [COL_B_01] of D701 on F.Cu
[unconnected_items]: Missing connection between items
    Local override; error
    @(0.5150 mm, 55.5150 mm): Pad 4 [COL_B_01] of D701 on F.Cu
    @(0.5150 mm, 57.7150 mm): Pad 4 [COL_B_01] of D729 on F.Cu
[unconnected_items]: Missing connection between items
    Local override; error
    @(0.5150 mm, 57.7150 mm): Pad 4 [COL_B_01] of D729 on F.Cu
    @(0.5150 mm, 59.9150 mm): Pad 4 [COL_B_01] of D757 on F.Cu
[unconnected_items]: Missing connection between items
    Local override; error
    @(56.2850 mm, 1.2850 mm): Pad 2 [COL_R_26] of D26 on F.Cu
    @(56.2850 mm, 3.4850 mm): Pad 2 [COL_R_26] of D54 on F.Cu
[unconnected_items]: Missing connection between items
    Local override; error
    @(56.2850 mm, 3.4850 mm): Pad 2 [COL_R_26] of D54 on F.Cu
    @(56.2850 mm, 5.6850 mm): Pad 2 [COL_R_26] of D82 on F.Cu
[unconnected_items]: Missing connection between items
    Local override; error
    @(56.2850 mm, 5.6850 mm): Pad 2 [COL_R_26] of D82 on F.Cu
    @(56.2850 mm, 7.8850 mm): Pad 2 [COL_R_26] of D110 on F.Cu
[unconnected_items]: Missing connection between items
    Local override; error
    @(56.2850 mm, 7.8850 mm): Pad 2 [COL_R_26] of D110 on F.Cu
    @(56.2850 mm, 10.0850 mm): Pad 2 [COL_R_26] of D138 on F.Cu
[unconnected_items]: Missing connection between items
    Local override; error
    @(56.2850 mm, 10.0850 mm): Pad 2 [COL_R_26] of D138 on F.Cu
    @(56.2850 mm, 12.2850 mm): Pad 2 [COL_R_26] of D166 on F.Cu
[unconnected_items]: Missing connection between items
    Local override; error
    @(56.2850 mm, 12.2850 mm): Pad 2 [COL_R_26] of D166 on F.Cu
    @(56.2850 mm, 14.4850 mm): Pad 2 [COL_R_26] of D194 on F.Cu
[unconnected_items]: Missing connection between items
    Local override; error
    @(56.2850 mm, 14.4850 mm): Pad 2 [COL_R_26] of D194 on F.Cu
    @(56.2850 mm, 16.6850 mm): Pad 2 [COL_R_26] of D222 on F.Cu
[unconnected_items]: Missing connection between items
    Local override; error
    @(56.2850 mm, 16.6850 mm): Pad 2 [COL_R_26] of D222 on F.Cu
    @(56.2850 mm, 18.8850 mm): Pad 2 [COL_R_26] of D250 on F.Cu
[unconnected_items]: Missing connection between items
    Local override; error
    @(56.2850 mm, 18.8850 mm): Pad 2 [COL_R_26] of D250 on F.Cu
    @(56.2850 mm, 21.0850 mm): Pad 2 [COL_R_26] of D278 on F.Cu
[unconnected_items]: Missing connection between items
    Local override; error
    @(56.2850 mm, 21.0850 mm): Pad 2 [COL_R_26] of D278 on F.Cu
    @(56.2850 mm, 23.2850 mm): Pad 2 [COL_R_26] of D306 on F.Cu
[unconnected_items]: Missing connection between items
    Local override; error
    @(56.2850 mm, 23.2850 mm): Pad 2 [COL_R_26] of D306 on F.Cu
    @(56.2850 mm, 25.4850 mm): Pad 2 [COL_R_26] of D334 on F.Cu
[unconnected_items]: Missing connection between items
    Local override; error
    @(56.2850 mm, 25.4850 mm): Pad 2 [COL_R_26] of D334 on F.Cu
    @(56.2850 mm, 27.6850 mm): Pad 2 [COL_R_26] of D362 on F.Cu
[unconnected_items]: Missing connection between items
    Local override; error
    @(56.2850 mm, 27.6850 mm): Pad 2 [COL_R_26] of D362 on F.Cu
    @(56.2850 mm, 29.8850 mm): Pad 2 [COL_R_26] of D390 on F.Cu
[unconnected_items]: Missing connection between items
    Local override; error
    @(56.2850 mm, 29.8850 mm): Pad 2 [COL_R_26] of D390 on F.Cu
    @(56.2850 mm, 32.0850 mm): Pad 2 [COL_R_26] of D418 on F.Cu
[unconnected_items]: Missing connection between items
    Local override; error
    @(56.2850 mm, 32.0850 mm): Pad 2 [COL_R_26] of D418 on F.Cu
    @(56.2850 mm, 34.2850 mm): Pad 2 [COL_R_26] of D446 on F.Cu
[unconnected_items]: Missing connection between items
    Local override; error
    @(56.2850 mm, 34.2850 mm): Pad 2 [COL_R_26] of D446 on F.Cu
    @(56.2850 mm, 36.4850 mm): Pad 2 [COL_R_26] of D474 on F.Cu
[unconnected_items]: Missing connection between items
    Local override; error
    @(56.2850 mm, 36.4850 mm): Pad 2 [COL_R_26] of D474 on F.Cu
    @(56.2850 mm, 38.6850 mm): Pad 2 [COL_R_26] of D502 on F.Cu
[unconnected_items]: Missing connection between items
    Local override; error
    @(56.2850 mm, 38.6850 mm): Pad 2 [COL_R_26] of D502 on F.Cu
    @(56.2850 mm, 40.8850 mm): Pad 2 [COL_R_26] of D530 on F.Cu
[unconnected_items]: Missing connection between items
    Local override; error
    @(56.2850 mm, 40.8850 mm): Pad 2 [COL_R_26] of D530 on F.Cu
    @(56.2850 mm, 43.0850 mm): Pad 2 [COL_R_26] of D558 on F.Cu
[unconnected_items]: Missing connection between items
    Local override; error
    @(56.2850 mm, 43.0850 mm): Pad 2 [COL_R_26] of D558 on F.Cu
    @(56.2850 mm, 45.2850 mm): Pad 2 [COL_R_26] of D586 on F.Cu
[unconnected_items]: Missing connection between items
    Local override; error
    @(56.2850 mm, 45.2850 mm): Pad 2 [COL_R_26] of D586 on F.Cu
    @(56.2850 mm, 47.4850 mm): Pad 2 [COL_R_26] of D614 on F.Cu
[unconnected_items]: Missing connection between items
    Local override; error
    @(56.2850 mm, 47.4850 mm): Pad 2 [COL_R_26] of D614 on F.Cu
    @(56.2850 mm, 49.6850 mm): Pad 2 [COL_R_26] of D642 on F.Cu
[unconnected_items]: Missing connection between items
    Local override; error
    @(56.2850 mm, 49.6850 mm): Pad 2 [COL_R_26] of D642 on F.Cu
    @(56.2850 mm, 51.8850 mm): Pad 2 [COL_R_26] of D670 on F.Cu
[unconnected_items]: Missing connection between items
    Local override; error
    @(56.2850 mm, 51.8850 mm): Pad 2 [COL_R_26] of D670 on F.Cu
    @(56.2850 mm, 54.0850 mm): Pad 2 [COL_R_26] of D698 on F.Cu
[unconnected_items]: Missing connection between items
    Local override; error
    @(56.2850 mm, 54.0850 mm): Pad 2 [COL_R_26] of D698 on F.Cu
    @(56.2850 mm, 56.2850 mm): Pad 2 [COL_R_26] of D726 on F.Cu
[unconnected_items]: Missing connection between items
    Local override; error
    @(56.2850 mm, 56.2850 mm): Pad 2 [COL_R_26] of D726 on F.Cu
    @(56.2850 mm, 58.4850 mm): Pad 2 [COL_R_26] of D754 on F.Cu
[unconnected_items]: Missing connection between items
    Local override; error
    @(56.2850 mm, 58.4850 mm): Pad 2 [COL_R_26] of D754 on F.Cu
    @(56.2850 mm, 60.6850 mm): Pad 2 [COL_R_26] of D782 on F.Cu
[unconnected_items]: Missing connection between items
    Local override; error
    @(55.5150 mm, 1.2850 mm): Pad 3 [COL_G_26] of D26 on F.Cu
    @(55.5150 mm, 3.4850 mm): Pad 3 [COL_G_26] of D54 on F.Cu
[unconnected_items]: Missing connection between items
    Local override; error
    @(55.5150 mm, 3.4850 mm): Pad 3 [COL_G_26] of D54 on F.Cu
    @(55.5150 mm, 5.6850 mm): Pad 3 [COL_G_26] of D82 on F.Cu
[unconnected_items]: Missing connection between items
    Local override; error
    @(55.5150 mm, 5.6850 mm): Pad 3 [COL_G_26] of D82 on F.Cu
    @(55.5150 mm, 7.8850 mm): Pad 3 [COL_G_26] of D110 on F.Cu
[unconnected_items]: Missing connection between items
    Local override; error
    @(55.5150 mm, 7.8850 mm): Pad 3 [COL_G_26] of D110 on F.Cu
    @(55.5150 mm, 10.0850 mm): Pad 3 [COL_G_26] of D138 on F.Cu
[unconnected_items]: Missing connection between items
    Local override; error
    @(55.5150 mm, 10.0850 mm): Pad 3 [COL_G_26] of D138 on F.Cu
    @(55.5150 mm, 12.2850 mm): Pad 3 [COL_G_26] of D166 on F.Cu
[unconnected_items]: Missing connection between items
    Local override; error
    @(55.5150 mm, 12.2850 mm): Pad 3 [COL_G_26] of D166 on F.Cu
    @(55.5150 mm, 14.4850 mm): Pad 3 [COL_G_26] of D194 on F.Cu
[unconnected_items]: Missing connection between items
    Local override; error
    @(55.5150 mm, 14.4850 mm): Pad 3 [COL_G_26] of D194 on F.Cu
    @(55.5150 mm, 16.6850 mm): Pad 3 [COL_G_26] of D222 on F.Cu
[unconnected_items]: Missing connection between items
    Local override; error
    @(55.5150 mm, 16.6850 mm): Pad 3 [COL_G_26] of D222 on F.Cu
    @(55.5150 mm, 18.8850 mm): Pad 3 [COL_G_26] of D250 on F.Cu
[unconnected_items]: Missing connection between items
    Local override; error
    @(55.5150 mm, 18.8850 mm): Pad 3 [COL_G_26] of D250 on F.Cu
    @(55.5150 mm, 21.0850 mm): Pad 3 [COL_G_26] of D278 on F.Cu
[unconnected_items]: Missing connection between items
    Local override; error
    @(55.5150 mm, 21.0850 mm): Pad 3 [COL_G_26] of D278 on F.Cu
    @(55.5150 mm, 23.2850 mm): Pad 3 [COL_G_26] of D306 on F.Cu
[unconnected_items]: Missing connection between items
    Local override; error
    @(55.5150 mm, 23.2850 mm): Pad 3 [COL_G_26] of D306 on F.Cu
    @(55.5150 mm, 25.4850 mm): Pad 3 [COL_G_26] of D334 on F.Cu
[unconnected_items]: Missing connection between items
    Local override; error
    @(55.5150 mm, 25.4850 mm): Pad 3 [COL_G_26] of D334 on F.Cu
    @(55.5150 mm, 27.6850 mm): Pad 3 [COL_G_26] of D362 on F.Cu
[unconnected_items]: Missing connection between items
    Local override; error
    @(55.5150 mm, 27.6850 mm): Pad 3 [COL_G_26] of D362 on F.Cu
    @(55.5150 mm, 29.8850 mm): Pad 3 [COL_G_26] of D390 on F.Cu
[unconnected_items]: Missing connection between items
    Local override; error
    @(55.5150 mm, 29.8850 mm): Pad 3 [COL_G_26] of D390 on F.Cu
    @(55.5150 mm, 32.0850 mm): Pad 3 [COL_G_26] of D418 on F.Cu
[unconnected_items]: Missing connection between items
    Local override; error
    @(55.5150 mm, 32.0850 mm): Pad 3 [COL_G_26] of D418 on F.Cu
    @(55.5150 mm, 34.2850 mm): Pad 3 [COL_G_26] of D446 on F.Cu
[unconnected_items]: Missing connection between items
    Local override; error
    @(55.5150 mm, 34.2850 mm): Pad 3 [COL_G_26] of D446 on F.Cu
    @(55.5150 mm, 36.4850 mm): Pad 3 [COL_G_26] of D474 on F.Cu
[unconnected_items]: Missing connection between items
    Local override; error
    @(55.5150 mm, 36.4850 mm): Pad 3 [COL_G_26] of D474 on F.Cu
    @(55.5150 mm, 38.6850 mm): Pad 3 [COL_G_26] of D502 on F.Cu
[unconnected_items]: Missing connection between items
    Local override; error
    @(55.5150 mm, 38.6850 mm): Pad 3 [COL_G_26] of D502 on F.Cu
    @(55.5150 mm, 40.8850 mm): Pad 3 [COL_G_26] of D530 on F.Cu
[unconnected_items]: Missing connection between items
    Local override; error
    @(55.5150 mm, 40.8850 mm): Pad 3 [COL_G_26] of D530 on F.Cu
    @(55.5150 mm, 43.0850 mm): Pad 3 [COL_G_26] of D558 on F.Cu
[unconnected_items]: Missing connection between items
    Local override; error
    @(55.5150 mm, 43.0850 mm): Pad 3 [COL_G_26] of D558 on F.Cu
    @(55.5150 mm, 45.2850 mm): Pad 3 [COL_G_26] of D586 on F.Cu
[unconnected_items]: Missing connection between items
    Local override; error
    @(55.5150 mm, 45.2850 mm): Pad 3 [COL_G_26] of D586 on F.Cu
    @(55.5150 mm, 47.4850 mm): Pad 3 [COL_G_26] of D614 on F.Cu
[unconnected_items]: Missing connection between items
    Local override; error
    @(55.5150 mm, 47.4850 mm): Pad 3 [COL_G_26] of D614 on F.Cu
    @(55.5150 mm, 49.6850 mm): Pad 3 [COL_G_26] of D642 on F.Cu
[unconnected_items]: Missing connection between items
    Local override; error
    @(55.5150 mm, 49.6850 mm): Pad 3 [COL_G_26] of D642 on F.Cu
    @(55.5150 mm, 51.8850 mm): Pad 3 [COL_G_26] of D670 on F.Cu
[unconnected_items]: Missing connection between items
    Local override; error
    @(55.5150 mm, 51.8850 mm): Pad 3 [COL_G_26] of D670 on F.Cu
    @(55.5150 mm, 54.0850 mm): Pad 3 [COL_G_26] of D698 on F.Cu
[unconnected_items]: Missing connection between items
    Local override; error
    @(55.5150 mm, 54.0850 mm): Pad 3 [COL_G_26] of D698 on F.Cu
    @(55.5150 mm, 56.2850 mm): Pad 3 [COL_G_26] of D726 on F.Cu
[unconnected_items]: Missing connection between items
    Local override; error
    @(55.5150 mm, 56.2850 mm): Pad 3 [COL_G_26] of D726 on F.Cu
    @(55.5150 mm, 58.4850 mm): Pad 3 [COL_G_26] of D754 on F.Cu
[unconnected_items]: Missing connection between items
    Local override; error
    @(55.5150 mm, 58.4850 mm): Pad 3 [COL_G_26] of D754 on F.Cu
    @(55.5150 mm, 60.6850 mm): Pad 3 [COL_G_26] of D782 on F.Cu
[unconnected_items]: Missing connection between items
    Local override; error
    @(55.5150 mm, 0.5150 mm): Pad 4 [COL_B_26] of D26 on F.Cu
    @(55.5150 mm, 2.7150 mm): Pad 4 [COL_B_26] of D54 on F.Cu
[unconnected_items]: Missing connection between items
    Local override; error
    @(55.5150 mm, 2.7150 mm): Pad 4 [COL_B_26] of D54 on F.Cu
    @(55.5150 mm, 4.9150 mm): Pad 4 [COL_B_26] of D82 on F.Cu
[unconnected_items]: Missing connection between items
    Local override; error
    @(55.5150 mm, 4.9150 mm): Pad 4 [COL_B_26] of D82 on F.Cu
    @(55.5150 mm, 7.1150 mm): Pad 4 [COL_B_26] of D110 on F.Cu
[unconnected_items]: Missing connection between items
    Local override; error
    @(55.5150 mm, 7.1150 mm): Pad 4 [COL_B_26] of D110 on F.Cu
    @(55.5150 mm, 9.3150 mm): Pad 4 [COL_B_26] of D138 on F.Cu
[unconnected_items]: Missing connection between items
    Local override; error
    @(55.5150 mm, 9.3150 mm): Pad 4 [COL_B_26] of D138 on F.Cu
    @(55.5150 mm, 11.5150 mm): Pad 4 [COL_B_26] of D166 on F.Cu
[unconnected_items]: Missing connection between items
    Local override; error
    @(55.5150 mm, 11.5150 mm): Pad 4 [COL_B_26] of D166 on F.Cu
    @(55.5150 mm, 13.7150 mm): Pad 4 [COL_B_26] of D194 on F.Cu
[unconnected_items]: Missing connection between items
    Local override; error
    @(55.5150 mm, 13.7150 mm): Pad 4 [COL_B_26] of D194 on F.Cu
    @(55.5150 mm, 15.9150 mm): Pad 4 [COL_B_26] of D222 on F.Cu
[unconnected_items]: Missing connection between items
    Local override; error
    @(55.5150 mm, 15.9150 mm): Pad 4 [COL_B_26] of D222 on F.Cu
    @(55.5150 mm, 18.1150 mm): Pad 4 [COL_B_26] of D250 on F.Cu
[unconnected_items]: Missing connection between items
    Local override; error
    @(55.5150 mm, 18.1150 mm): Pad 4 [COL_B_26] of D250 on F.Cu
    @(55.5150 mm, 20.3150 mm): Pad 4 [COL_B_26] of D278 on F.Cu
[unconnected_items]: Missing connection between items
    Local override; error
    @(55.5150 mm, 20.3150 mm): Pad 4 [COL_B_26] of D278 on F.Cu
    @(55.5150 mm, 22.5150 mm): Pad 4 [COL_B_26] of D306 on F.Cu
[unconnected_items]: Missing connection between items
    Local override; error
    @(55.5150 mm, 22.5150 mm): Pad 4 [COL_B_26] of D306 on F.Cu
    @(55.5150 mm, 24.7150 mm): Pad 4 [COL_B_26] of D334 on F.Cu
[unconnected_items]: Missing connection between items
    Local override; error
    @(55.5150 mm, 24.7150 mm): Pad 4 [COL_B_26] of D334 on F.Cu
    @(55.5150 mm, 26.9150 mm): Pad 4 [COL_B_26] of D362 on F.Cu
[unconnected_items]: Missing connection between items
    Local override; error
    @(55.5150 mm, 26.9150 mm): Pad 4 [COL_B_26] of D362 on F.Cu
    @(55.5150 mm, 29.1150 mm): Pad 4 [COL_B_26] of D390 on F.Cu
[unconnected_items]: Missing connection between items
    Local override; error
    @(55.5150 mm, 29.1150 mm): Pad 4 [COL_B_26] of D390 on F.Cu
    @(55.5150 mm, 31.3150 mm): Pad 4 [COL_B_26] of D418 on F.Cu
[unconnected_items]: Missing connection between items
    Local override; error
    @(55.5150 mm, 31.3150 mm): Pad 4 [COL_B_26] of D418 on F.Cu
    @(55.5150 mm, 33.5150 mm): Pad 4 [COL_B_26] of D446 on F.Cu
[unconnected_items]: Missing connection between items
    Local override; error
    @(55.5150 mm, 33.5150 mm): Pad 4 [COL_B_26] of D446 on F.Cu
    @(55.5150 mm, 35.7150 mm): Pad 4 [COL_B_26] of D474 on F.Cu
[unconnected_items]: Missing connection between items
    Local override; error
    @(55.5150 mm, 35.7150 mm): Pad 4 [COL_B_26] of D474 on F.Cu
    @(55.5150 mm, 37.9150 mm): Pad 4 [COL_B_26] of D502 on F.Cu
[unconnected_items]: Missing connection between items
    Local override; error
    @(55.5150 mm, 37.9150 mm): Pad 4 [COL_B_26] of D502 on F.Cu
    @(55.5150 mm, 40.1150 mm): Pad 4 [COL_B_26] of D530 on F.Cu
[unconnected_items]: Missing connection between items
    Local override; error
    @(55.5150 mm, 40.1150 mm): Pad 4 [COL_B_26] of D530 on F.Cu
    @(55.5150 mm, 42.3150 mm): Pad 4 [COL_B_26] of D558 on F.Cu
[unconnected_items]: Missing connection between items
    Local override; error
    @(55.5150 mm, 42.3150 mm): Pad 4 [COL_B_26] of D558 on F.Cu
    @(55.5150 mm, 44.5150 mm): Pad 4 [COL_B_26] of D586 on F.Cu
[unconnected_items]: Missing connection between items
    Local override; error
    @(55.5150 mm, 44.5150 mm): Pad 4 [COL_B_26] of D586 on F.Cu
    @(55.5150 mm, 46.7150 mm): Pad 4 [COL_B_26] of D614 on F.Cu
[unconnected_items]: Missing connection between items
    Local override; error
    @(55.5150 mm, 46.7150 mm): Pad 4 [COL_B_26] of D614 on F.Cu
    @(55.5150 mm, 48.9150 mm): Pad 4 [COL_B_26] of D642 on F.Cu
[unconnected_items]: Missing connection between items
    Local override; error
    @(55.5150 mm, 48.9150 mm): Pad 4 [COL_B_26] of D642 on F.Cu
    @(55.5150 mm, 51.1150 mm): Pad 4 [COL_B_26] of D670 on F.Cu
[unconnected_items]: Missing connection between items
    Local override; error
    @(55.5150 mm, 51.1150 mm): Pad 4 [COL_B_26] of D670 on F.Cu
    @(55.5150 mm, 53.3150 mm): Pad 4 [COL_B_26] of D698 on F.Cu
[unconnected_items]: Missing connection between items
    Local override; error
    @(55.5150 mm, 53.3150 mm): Pad 4 [COL_B_26] of D698 on F.Cu
    @(55.5150 mm, 55.5150 mm): Pad 4 [COL_B_26] of D726 on F.Cu
[unconnected_items]: Missing connection between items
    Local override; error
    @(55.5150 mm, 55.5150 mm): Pad 4 [COL_B_26] of D726 on F.Cu
    @(55.5150 mm, 57.7150 mm): Pad 4 [COL_B_26] of D754 on F.Cu
[unconnected_items]: Missing connection between items
    Local override; error
    @(55.5150 mm, 57.7150 mm): Pad 4 [COL_B_26] of D754 on F.Cu
    @(55.5150 mm, 59.9150 mm): Pad 4 [COL_B_26] of D782 on F.Cu
[unconnected_items]: Missing connection between items
    Local override; error
    @(1.2850 mm, 44.5150 mm): Pad 1 [ROW_21_ANODE] of D561 on F.Cu
    @(3.4850 mm, 44.5150 mm): Pad 1 [ROW_21_ANODE] of D562 on F.Cu
[unconnected_items]: Missing connection between items
    Local override; error
    @(3.4850 mm, 44.5150 mm): Pad 1 [ROW_21_ANODE] of D562 on F.Cu
    @(5.6850 mm, 44.5150 mm): Pad 1 [ROW_21_ANODE] of D563 on F.Cu
[unconnected_items]: Missing connection between items
    Local override; error
    @(5.6850 mm, 44.5150 mm): Pad 1 [ROW_21_ANODE] of D563 on F.Cu
    @(7.8850 mm, 44.5150 mm): Pad 1 [ROW_21_ANODE] of D564 on F.Cu
[unconnected_items]: Missing connection between items
    Local override; error
    @(7.8850 mm, 44.5150 mm): Pad 1 [ROW_21_ANODE] of D564 on F.Cu
    @(10.0850 mm, 44.5150 mm): Pad 1 [ROW_21_ANODE] of D565 on F.Cu
[unconnected_items]: Missing connection between items
    Local override; error
    @(10.0850 mm, 44.5150 mm): Pad 1 [ROW_21_ANODE] of D565 on F.Cu
    @(12.2850 mm, 44.5150 mm): Pad 1 [ROW_21_ANODE] of D566 on F.Cu
[unconnected_items]: Missing connection between items
    Local override; error
    @(12.2850 mm, 44.5150 mm): Pad 1 [ROW_21_ANODE] of D566 on F.Cu
    @(14.4850 mm, 44.5150 mm): Pad 1 [ROW_21_ANODE] of D567 on F.Cu
[unconnected_items]: Missing connection between items
    Local override; error
    @(14.4850 mm, 44.5150 mm): Pad 1 [ROW_21_ANODE] of D567 on F.Cu
    @(16.6850 mm, 44.5150 mm): Pad 1 [ROW_21_ANODE] of D568 on F.Cu
[unconnected_items]: Missing connection between items
    Local override; error
    @(16.6850 mm, 44.5150 mm): Pad 1 [ROW_21_ANODE] of D568 on F.Cu
    @(18.8850 mm, 44.5150 mm): Pad 1 [ROW_21_ANODE] of D569 on F.Cu
[unconnected_items]: Missing connection between items
    Local override; error
    @(18.8850 mm, 44.5150 mm): Pad 1 [ROW_21_ANODE] of D569 on F.Cu
    @(21.0850 mm, 44.5150 mm): Pad 1 [ROW_21_ANODE] of D570 on F.Cu
[unconnected_items]: Missing connection between items
    Local override; error
    @(21.0850 mm, 44.5150 mm): Pad 1 [ROW_21_ANODE] of D570 on F.Cu
    @(23.2850 mm, 44.5150 mm): Pad 1 [ROW_21_ANODE] of D571 on F.Cu
[unconnected_items]: Missing connection between items
    Local override; error
    @(23.2850 mm, 44.5150 mm): Pad 1 [ROW_21_ANODE] of D571 on F.Cu
    @(25.4850 mm, 44.5150 mm): Pad 1 [ROW_21_ANODE] of D572 on F.Cu
[unconnected_items]: Missing connection between items
    Local override; error
    @(25.4850 mm, 44.5150 mm): Pad 1 [ROW_21_ANODE] of D572 on F.Cu
    @(27.6850 mm, 44.5150 mm): Pad 1 [ROW_21_ANODE] of D573 on F.Cu
[unconnected_items]: Missing connection between items
    Local override; error
    @(27.6850 mm, 44.5150 mm): Pad 1 [ROW_21_ANODE] of D573 on F.Cu
    @(29.8850 mm, 44.5150 mm): Pad 1 [ROW_21_ANODE] of D574 on F.Cu
[unconnected_items]: Missing connection between items
    Local override; error
    @(29.8850 mm, 44.5150 mm): Pad 1 [ROW_21_ANODE] of D574 on F.Cu
    @(32.0850 mm, 44.5150 mm): Pad 1 [ROW_21_ANODE] of D575 on F.Cu
[unconnected_items]: Missing connection between items
    Local override; error
    @(32.0850 mm, 44.5150 mm): Pad 1 [ROW_21_ANODE] of D575 on F.Cu
    @(34.2850 mm, 44.5150 mm): Pad 1 [ROW_21_ANODE] of D576 on F.Cu
[unconnected_items]: Missing connection between items
    Local override; error
    @(34.2850 mm, 44.5150 mm): Pad 1 [ROW_21_ANODE] of D576 on F.Cu
    @(36.4850 mm, 44.5150 mm): Pad 1 [ROW_21_ANODE] of D577 on F.Cu
[unconnected_items]: Missing connection between items
    Local override; error
    @(36.4850 mm, 44.5150 mm): Pad 1 [ROW_21_ANODE] of D577 on F.Cu
    @(38.6850 mm, 44.5150 mm): Pad 1 [ROW_21_ANODE] of D578 on F.Cu
[unconnected_items]: Missing connection between items
    Local override; error
    @(38.6850 mm, 44.5150 mm): Pad 1 [ROW_21_ANODE] of D578 on F.Cu
    @(40.8850 mm, 44.5150 mm): Pad 1 [ROW_21_ANODE] of D579 on F.Cu
[unconnected_items]: Missing connection between items
    Local override; error
    @(40.8850 mm, 44.5150 mm): Pad 1 [ROW_21_ANODE] of D579 on F.Cu
    @(43.0850 mm, 44.5150 mm): Pad 1 [ROW_21_ANODE] of D580 on F.Cu
[unconnected_items]: Missing connection between items
    Local override; error
    @(43.0850 mm, 44.5150 mm): Pad 1 [ROW_21_ANODE] of D580 on F.Cu
    @(45.2850 mm, 44.5150 mm): Pad 1 [ROW_21_ANODE] of D581 on F.Cu
[unconnected_items]: Missing connection between items
    Local override; error
    @(45.2850 mm, 44.5150 mm): Pad 1 [ROW_21_ANODE] of D581 on F.Cu
    @(47.4850 mm, 44.5150 mm): Pad 1 [ROW_21_ANODE] of D582 on F.Cu
[unconnected_items]: Missing connection between items
    Local override; error
    @(47.4850 mm, 44.5150 mm): Pad 1 [ROW_21_ANODE] of D582 on F.Cu
    @(49.6850 mm, 44.5150 mm): Pad 1 [ROW_21_ANODE] of D583 on F.Cu
[unconnected_items]: Missing connection between items
    Local override; error
    @(49.6850 mm, 44.5150 mm): Pad 1 [ROW_21_ANODE] of D583 on F.Cu
    @(51.8850 mm, 44.5150 mm): Pad 1 [ROW_21_ANODE] of D584 on F.Cu
[unconnected_items]: Missing connection between items
    Local override; error
    @(51.8850 mm, 44.5150 mm): Pad 1 [ROW_21_ANODE] of D584 on F.Cu
    @(54.0850 mm, 44.5150 mm): Pad 1 [ROW_21_ANODE] of D585 on F.Cu
[unconnected_items]: Missing connection between items
    Local override; error
    @(54.0850 mm, 44.5150 mm): Pad 1 [ROW_21_ANODE] of D585 on F.Cu
    @(56.2850 mm, 44.5150 mm): Pad 1 [ROW_21_ANODE] of D586 on F.Cu
[unconnected_items]: Missing connection between items
    Local override; error
    @(56.2850 mm, 44.5150 mm): Pad 1 [ROW_21_ANODE] of D586 on F.Cu
    @(58.4850 mm, 44.5150 mm): Pad 1 [ROW_21_ANODE] of D587 on F.Cu
[unconnected_items]: Missing connection between items
    Local override; error
    @(58.4850 mm, 44.5150 mm): Pad 1 [ROW_21_ANODE] of D587 on F.Cu
    @(60.6850 mm, 44.5150 mm): Pad 1 [ROW_21_ANODE] of D588 on F.Cu
[unconnected_items]: Missing connection between items
    Local override; error
    @(47.4850 mm, 1.2850 mm): Pad 2 [COL_R_22] of D22 on F.Cu
    @(47.4850 mm, 3.4850 mm): Pad 2 [COL_R_22] of D50 on F.Cu
[unconnected_items]: Missing connection between items
    Local override; error
    @(47.4850 mm, 3.4850 mm): Pad 2 [COL_R_22] of D50 on F.Cu
    @(47.4850 mm, 5.6850 mm): Pad 2 [COL_R_22] of D78 on F.Cu
[unconnected_items]: Missing connection between items
    Local override; error
    @(47.4850 mm, 5.6850 mm): Pad 2 [COL_R_22] of D78 on F.Cu
    @(47.4850 mm, 7.8850 mm): Pad 2 [COL_R_22] of D106 on F.Cu
[unconnected_items]: Missing connection between items
    Local override; error
    @(47.4850 mm, 7.8850 mm): Pad 2 [COL_R_22] of D106 on F.Cu
    @(47.4850 mm, 10.0850 mm): Pad 2 [COL_R_22] of D134 on F.Cu
[unconnected_items]: Missing connection between items
    Local override; error
    @(47.4850 mm, 10.0850 mm): Pad 2 [COL_R_22] of D134 on F.Cu
    @(47.4850 mm, 12.2850 mm): Pad 2 [COL_R_22] of D162 on F.Cu
[unconnected_items]: Missing connection between items
    Local override; error
    @(47.4850 mm, 12.2850 mm): Pad 2 [COL_R_22] of D162 on F.Cu
    @(47.4850 mm, 14.4850 mm): Pad 2 [COL_R_22] of D190 on F.Cu
[unconnected_items]: Missing connection between items
    Local override; error
    @(47.4850 mm, 14.4850 mm): Pad 2 [COL_R_22] of D190 on F.Cu
    @(47.4850 mm, 16.6850 mm): Pad 2 [COL_R_22] of D218 on F.Cu
[unconnected_items]: Missing connection between items
    Local override; error
    @(47.4850 mm, 16.6850 mm): Pad 2 [COL_R_22] of D218 on F.Cu
    @(47.4850 mm, 18.8850 mm): Pad 2 [COL_R_22] of D246 on F.Cu
[unconnected_items]: Missing connection between items
    Local override; error
    @(47.4850 mm, 18.8850 mm): Pad 2 [COL_R_22] of D246 on F.Cu
    @(47.4850 mm, 21.0850 mm): Pad 2 [COL_R_22] of D274 on F.Cu
[unconnected_items]: Missing connection between items
    Local override; error
    @(47.4850 mm, 21.0850 mm): Pad 2 [COL_R_22] of D274 on F.Cu
    @(47.4850 mm, 23.2850 mm): Pad 2 [COL_R_22] of D302 on F.Cu
[unconnected_items]: Missing connection between items
    Local override; error
    @(47.4850 mm, 23.2850 mm): Pad 2 [COL_R_22] of D302 on F.Cu
    @(47.4850 mm, 25.4850 mm): Pad 2 [COL_R_22] of D330 on F.Cu
[unconnected_items]: Missing connection between items
    Local override; error
    @(47.4850 mm, 25.4850 mm): Pad 2 [COL_R_22] of D330 on F.Cu
    @(47.4850 mm, 27.6850 mm): Pad 2 [COL_R_22] of D358 on F.Cu
[unconnected_items]: Missing connection between items
    Local override; error
    @(47.4850 mm, 27.6850 mm): Pad 2 [COL_R_22] of D358 on F.Cu
    @(47.4850 mm, 29.8850 mm): Pad 2 [COL_R_22] of D386 on F.Cu
[unconnected_items]: Missing connection between items
    Local override; error
    @(47.4850 mm, 29.8850 mm): Pad 2 [COL_R_22] of D386 on F.Cu
    @(47.4850 mm, 32.0850 mm): Pad 2 [COL_R_22] of D414 on F.Cu
[unconnected_items]: Missing connection between items
    Local override; error
    @(47.4850 mm, 32.0850 mm): Pad 2 [COL_R_22] of D414 on F.Cu
    @(47.4850 mm, 34.2850 mm): Pad 2 [COL_R_22] of D442 on F.Cu
[unconnected_items]: Missing connection between items
    Local override; error
    @(47.4850 mm, 34.2850 mm): Pad 2 [COL_R_22] of D442 on F.Cu
    @(47.4850 mm, 36.4850 mm): Pad 2 [COL_R_22] of D470 on F.Cu
[unconnected_items]: Missing connection between items
    Local override; error
    @(47.4850 mm, 36.4850 mm): Pad 2 [COL_R_22] of D470 on F.Cu
    @(47.4850 mm, 38.6850 mm): Pad 2 [COL_R_22] of D498 on F.Cu
[unconnected_items]: Missing connection between items
    Local override; error
    @(47.4850 mm, 38.6850 mm): Pad 2 [COL_R_22] of D498 on F.Cu
    @(47.4850 mm, 40.8850 mm): Pad 2 [COL_R_22] of D526 on F.Cu
[unconnected_items]: Missing connection between items
    Local override; error
    @(47.4850 mm, 40.8850 mm): Pad 2 [COL_R_22] of D526 on F.Cu
    @(47.4850 mm, 43.0850 mm): Pad 2 [COL_R_22] of D554 on F.Cu
[unconnected_items]: Missing connection between items
    Local override; error
    @(47.4850 mm, 43.0850 mm): Pad 2 [COL_R_22] of D554 on F.Cu
    @(47.4850 mm, 45.2850 mm): Pad 2 [COL_R_22] of D582 on F.Cu
[unconnected_items]: Missing connection between items
    Local override; error
    @(47.4850 mm, 45.2850 mm): Pad 2 [COL_R_22] of D582 on F.Cu
    @(47.4850 mm, 47.4850 mm): Pad 2 [COL_R_22] of D610 on F.Cu
[unconnected_items]: Missing connection between items
    Local override; error
    @(47.4850 mm, 47.4850 mm): Pad 2 [COL_R_22] of D610 on F.Cu
    @(47.4850 mm, 49.6850 mm): Pad 2 [COL_R_22] of D638 on F.Cu
[unconnected_items]: Missing connection between items
    Local override; error
    @(47.4850 mm, 49.6850 mm): Pad 2 [COL_R_22] of D638 on F.Cu
    @(47.4850 mm, 51.8850 mm): Pad 2 [COL_R_22] of D666 on F.Cu
[unconnected_items]: Missing connection between items
    Local override; error
    @(47.4850 mm, 51.8850 mm): Pad 2 [COL_R_22] of D666 on F.Cu
    @(47.4850 mm, 54.0850 mm): Pad 2 [COL_R_22] of D694 on F.Cu
[unconnected_items]: Missing connection between items
    Local override; error
    @(47.4850 mm, 54.0850 mm): Pad 2 [COL_R_22] of D694 on F.Cu
    @(47.4850 mm, 56.2850 mm): Pad 2 [COL_R_22] of D722 on F.Cu
[unconnected_items]: Missing connection between items
    Local override; error
    @(47.4850 mm, 56.2850 mm): Pad 2 [COL_R_22] of D722 on F.Cu
    @(47.4850 mm, 58.4850 mm): Pad 2 [COL_R_22] of D750 on F.Cu
[unconnected_items]: Missing connection between items
    Local override; error
    @(47.4850 mm, 58.4850 mm): Pad 2 [COL_R_22] of D750 on F.Cu
    @(47.4850 mm, 60.6850 mm): Pad 2 [COL_R_22] of D778 on F.Cu
[unconnected_items]: Missing connection between items
    Local override; error
    @(46.7150 mm, 1.2850 mm): Pad 3 [COL_G_22] of D22 on F.Cu
    @(46.7150 mm, 3.4850 mm): Pad 3 [COL_G_22] of D50 on F.Cu
[unconnected_items]: Missing connection between items
    Local override; error
    @(46.7150 mm, 3.4850 mm): Pad 3 [COL_G_22] of D50 on F.Cu
    @(46.7150 mm, 5.6850 mm): Pad 3 [COL_G_22] of D78 on F.Cu
[unconnected_items]: Missing connection between items
    Local override; error
    @(46.7150 mm, 5.6850 mm): Pad 3 [COL_G_22] of D78 on F.Cu
    @(46.7150 mm, 7.8850 mm): Pad 3 [COL_G_22] of D106 on F.Cu
[unconnected_items]: Missing connection between items
    Local override; error
    @(46.7150 mm, 7.8850 mm): Pad 3 [COL_G_22] of D106 on F.Cu
    @(46.7150 mm, 10.0850 mm): Pad 3 [COL_G_22] of D134 on F.Cu
[unconnected_items]: Missing connection between items
    Local override; error
    @(46.7150 mm, 10.0850 mm): Pad 3 [COL_G_22] of D134 on F.Cu
    @(46.7150 mm, 12.2850 mm): Pad 3 [COL_G_22] of D162 on F.Cu
[unconnected_items]: Missing connection between items
    Local override; error
    @(46.7150 mm, 12.2850 mm): Pad 3 [COL_G_22] of D162 on F.Cu
    @(46.7150 mm, 14.4850 mm): Pad 3 [COL_G_22] of D190 on F.Cu
[unconnected_items]: Missing connection between items
    Local override; error
    @(46.7150 mm, 14.4850 mm): Pad 3 [COL_G_22] of D190 on F.Cu
    @(46.7150 mm, 16.6850 mm): Pad 3 [COL_G_22] of D218 on F.Cu
[unconnected_items]: Missing connection between items
    Local override; error
    @(46.7150 mm, 16.6850 mm): Pad 3 [COL_G_22] of D218 on F.Cu
    @(46.7150 mm, 18.8850 mm): Pad 3 [COL_G_22] of D246 on F.Cu
[unconnected_items]: Missing connection between items
    Local override; error
    @(46.7150 mm, 18.8850 mm): Pad 3 [COL_G_22] of D246 on F.Cu
    @(46.7150 mm, 21.0850 mm): Pad 3 [COL_G_22] of D274 on F.Cu
[unconnected_items]: Missing connection between items
    Local override; error
    @(46.7150 mm, 21.0850 mm): Pad 3 [COL_G_22] of D274 on F.Cu
    @(46.7150 mm, 23.2850 mm): Pad 3 [COL_G_22] of D302 on F.Cu
[unconnected_items]: Missing connection between items
    Local override; error
    @(46.7150 mm, 23.2850 mm): Pad 3 [COL_G_22] of D302 on F.Cu
    @(46.7150 mm, 25.4850 mm): Pad 3 [COL_G_22] of D330 on F.Cu
[unconnected_items]: Missing connection between items
    Local override; error
    @(46.7150 mm, 25.4850 mm): Pad 3 [COL_G_22] of D330 on F.Cu
    @(46.7150 mm, 27.6850 mm): Pad 3 [COL_G_22] of D358 on F.Cu
[unconnected_items]: Missing connection between items
    Local override; error
    @(46.7150 mm, 27.6850 mm): Pad 3 [COL_G_22] of D358 on F.Cu
    @(46.7150 mm, 29.8850 mm): Pad 3 [COL_G_22] of D386 on F.Cu
[unconnected_items]: Missing connection between items
    Local override; error
    @(46.7150 mm, 29.8850 mm): Pad 3 [COL_G_22] of D386 on F.Cu
    @(46.7150 mm, 32.0850 mm): Pad 3 [COL_G_22] of D414 on F.Cu
[unconnected_items]: Missing connection between items
    Local override; error
    @(46.7150 mm, 32.0850 mm): Pad 3 [COL_G_22] of D414 on F.Cu
    @(46.7150 mm, 34.2850 mm): Pad 3 [COL_G_22] of D442 on F.Cu
[unconnected_items]: Missing connection between items
    Local override; error
    @(46.7150 mm, 34.2850 mm): Pad 3 [COL_G_22] of D442 on F.Cu
    @(46.7150 mm, 36.4850 mm): Pad 3 [COL_G_22] of D470 on F.Cu
[unconnected_items]: Missing connection between items
    Local override; error
    @(46.7150 mm, 36.4850 mm): Pad 3 [COL_G_22] of D470 on F.Cu
    @(46.7150 mm, 38.6850 mm): Pad 3 [COL_G_22] of D498 on F.Cu
[unconnected_items]: Missing connection between items
    Local override; error
    @(46.7150 mm, 38.6850 mm): Pad 3 [COL_G_22] of D498 on F.Cu
    @(46.7150 mm, 40.8850 mm): Pad 3 [COL_G_22] of D526 on F.Cu
[unconnected_items]: Missing connection between items
    Local override; error
    @(46.7150 mm, 40.8850 mm): Pad 3 [COL_G_22] of D526 on F.Cu
    @(46.7150 mm, 43.0850 mm): Pad 3 [COL_G_22] of D554 on F.Cu
[unconnected_items]: Missing connection between items
    Local override; error
    @(46.7150 mm, 43.0850 mm): Pad 3 [COL_G_22] of D554 on F.Cu
    @(46.7150 mm, 45.2850 mm): Pad 3 [COL_G_22] of D582 on F.Cu
[unconnected_items]: Missing connection between items
    Local override; error
    @(46.7150 mm, 45.2850 mm): Pad 3 [COL_G_22] of D582 on F.Cu
    @(46.7150 mm, 47.4850 mm): Pad 3 [COL_G_22] of D610 on F.Cu
[unconnected_items]: Missing connection between items
    Local override; error
    @(46.7150 mm, 47.4850 mm): Pad 3 [COL_G_22] of D610 on F.Cu
    @(46.7150 mm, 49.6850 mm): Pad 3 [COL_G_22] of D638 on F.Cu
[unconnected_items]: Missing connection between items
    Local override; error
    @(46.7150 mm, 49.6850 mm): Pad 3 [COL_G_22] of D638 on F.Cu
    @(46.7150 mm, 51.8850 mm): Pad 3 [COL_G_22] of D666 on F.Cu
[unconnected_items]: Missing connection between items
    Local override; error
    @(46.7150 mm, 51.8850 mm): Pad 3 [COL_G_22] of D666 on F.Cu
    @(46.7150 mm, 54.0850 mm): Pad 3 [COL_G_22] of D694 on F.Cu
[unconnected_items]: Missing connection between items
    Local override; error
    @(46.7150 mm, 54.0850 mm): Pad 3 [COL_G_22] of D694 on F.Cu
    @(46.7150 mm, 56.2850 mm): Pad 3 [COL_G_22] of D722 on F.Cu
[unconnected_items]: Missing connection between items
    Local override; error
    @(46.7150 mm, 56.2850 mm): Pad 3 [COL_G_22] of D722 on F.Cu
    @(46.7150 mm, 58.4850 mm): Pad 3 [COL_G_22] of D750 on F.Cu
[unconnected_items]: Missing connection between items
    Local override; error
    @(46.7150 mm, 58.4850 mm): Pad 3 [COL_G_22] of D750 on F.Cu
    @(46.7150 mm, 60.6850 mm): Pad 3 [COL_G_22] of D778 on F.Cu
[unconnected_items]: Missing connection between items
    Local override; error
    @(46.7150 mm, 0.5150 mm): Pad 4 [COL_B_22] of D22 on F.Cu
    @(46.7150 mm, 2.7150 mm): Pad 4 [COL_B_22] of D50 on F.Cu
[unconnected_items]: Missing connection between items
    Local override; error
    @(46.7150 mm, 2.7150 mm): Pad 4 [COL_B_22] of D50 on F.Cu
    @(46.7150 mm, 4.9150 mm): Pad 4 [COL_B_22] of D78 on F.Cu
[unconnected_items]: Missing connection between items
    Local override; error
    @(46.7150 mm, 4.9150 mm): Pad 4 [COL_B_22] of D78 on F.Cu
    @(46.7150 mm, 7.1150 mm): Pad 4 [COL_B_22] of D106 on F.Cu
[unconnected_items]: Missing connection between items
    Local override; error
    @(46.7150 mm, 7.1150 mm): Pad 4 [COL_B_22] of D106 on F.Cu
    @(46.7150 mm, 9.3150 mm): Pad 4 [COL_B_22] of D134 on F.Cu
[unconnected_items]: Missing connection between items
    Local override; error
    @(46.7150 mm, 9.3150 mm): Pad 4 [COL_B_22] of D134 on F.Cu
    @(46.7150 mm, 11.5150 mm): Pad 4 [COL_B_22] of D162 on F.Cu
[unconnected_items]: Missing connection between items
    Local override; error
    @(46.7150 mm, 11.5150 mm): Pad 4 [COL_B_22] of D162 on F.Cu
    @(46.7150 mm, 13.7150 mm): Pad 4 [COL_B_22] of D190 on F.Cu
[unconnected_items]: Missing connection between items
    Local override; error
    @(46.7150 mm, 13.7150 mm): Pad 4 [COL_B_22] of D190 on F.Cu
    @(46.7150 mm, 15.9150 mm): Pad 4 [COL_B_22] of D218 on F.Cu
[unconnected_items]: Missing connection between items
    Local override; error
    @(46.7150 mm, 15.9150 mm): Pad 4 [COL_B_22] of D218 on F.Cu
    @(46.7150 mm, 18.1150 mm): Pad 4 [COL_B_22] of D246 on F.Cu
[unconnected_items]: Missing connection between items
    Local override; error
    @(46.7150 mm, 18.1150 mm): Pad 4 [COL_B_22] of D246 on F.Cu
    @(46.7150 mm, 20.3150 mm): Pad 4 [COL_B_22] of D274 on F.Cu
[unconnected_items]: Missing connection between items
    Local override; error
    @(46.7150 mm, 20.3150 mm): Pad 4 [COL_B_22] of D274 on F.Cu
    @(46.7150 mm, 22.5150 mm): Pad 4 [COL_B_22] of D302 on F.Cu
[unconnected_items]: Missing connection between items
    Local override; error
    @(46.7150 mm, 22.5150 mm): Pad 4 [COL_B_22] of D302 on F.Cu
    @(46.7150 mm, 24.7150 mm): Pad 4 [COL_B_22] of D330 on F.Cu
[unconnected_items]: Missing connection between items
    Local override; error
    @(46.7150 mm, 24.7150 mm): Pad 4 [COL_B_22] of D330 on F.Cu
    @(46.7150 mm, 26.9150 mm): Pad 4 [COL_B_22] of D358 on F.Cu
[unconnected_items]: Missing connection between items
    Local override; error
    @(46.7150 mm, 26.9150 mm): Pad 4 [COL_B_22] of D358 on F.Cu
    @(46.7150 mm, 29.1150 mm): Pad 4 [COL_B_22] of D386 on F.Cu
[unconnected_items]: Missing connection between items
    Local override; error
    @(46.7150 mm, 29.1150 mm): Pad 4 [COL_B_22] of D386 on F.Cu
    @(46.7150 mm, 31.3150 mm): Pad 4 [COL_B_22] of D414 on F.Cu
[unconnected_items]: Missing connection between items
    Local override; error
    @(46.7150 mm, 31.3150 mm): Pad 4 [COL_B_22] of D414 on F.Cu
    @(46.7150 mm, 33.5150 mm): Pad 4 [COL_B_22] of D442 on F.Cu
[unconnected_items]: Missing connection between items
    Local override; error
    @(46.7150 mm, 33.5150 mm): Pad 4 [COL_B_22] of D442 on F.Cu
    @(46.7150 mm, 35.7150 mm): Pad 4 [COL_B_22] of D470 on F.Cu
[unconnected_items]: Missing connection between items
    Local override; error
    @(46.7150 mm, 35.7150 mm): Pad 4 [COL_B_22] of D470 on F.Cu
    @(46.7150 mm, 37.9150 mm): Pad 4 [COL_B_22] of D498 on F.Cu
[unconnected_items]: Missing connection between items
    Local override; error
    @(46.7150 mm, 37.9150 mm): Pad 4 [COL_B_22] of D498 on F.Cu
    @(46.7150 mm, 40.1150 mm): Pad 4 [COL_B_22] of D526 on F.Cu
[unconnected_items]: Missing connection between items
    Local override; error
    @(46.7150 mm, 40.1150 mm): Pad 4 [COL_B_22] of D526 on F.Cu
    @(46.7150 mm, 42.3150 mm): Pad 4 [COL_B_22] of D554 on F.Cu
[unconnected_items]: Missing connection between items
    Local override; error
    @(46.7150 mm, 42.3150 mm): Pad 4 [COL_B_22] of D554 on F.Cu
    @(46.7150 mm, 44.5150 mm): Pad 4 [COL_B_22] of D582 on F.Cu
[unconnected_items]: Missing connection between items
    Local override; error
    @(46.7150 mm, 44.5150 mm): Pad 4 [COL_B_22] of D582 on F.Cu
    @(46.7150 mm, 46.7150 mm): Pad 4 [COL_B_22] of D610 on F.Cu
[unconnected_items]: Missing connection between items
    Local override; error
    @(46.7150 mm, 46.7150 mm): Pad 4 [COL_B_22] of D610 on F.Cu
    @(46.7150 mm, 48.9150 mm): Pad 4 [COL_B_22] of D638 on F.Cu
[unconnected_items]: Missing connection between items
    Local override; error
    @(46.7150 mm, 48.9150 mm): Pad 4 [COL_B_22] of D638 on F.Cu
    @(46.7150 mm, 51.1150 mm): Pad 4 [COL_B_22] of D666 on F.Cu
[unconnected_items]: Missing connection between items
    Local override; error
    @(46.7150 mm, 51.1150 mm): Pad 4 [COL_B_22] of D666 on F.Cu
    @(46.7150 mm, 53.3150 mm): Pad 4 [COL_B_22] of D694 on F.Cu
[unconnected_items]: Missing connection between items
    Local override; error
    @(46.7150 mm, 53.3150 mm): Pad 4 [COL_B_22] of D694 on F.Cu
    @(46.7150 mm, 55.5150 mm): Pad 4 [COL_B_22] of D722 on F.Cu
[unconnected_items]: Missing connection between items
    Local override; error
    @(46.7150 mm, 55.5150 mm): Pad 4 [COL_B_22] of D722 on F.Cu
    @(46.7150 mm, 57.7150 mm): Pad 4 [COL_B_22] of D750 on F.Cu
[unconnected_items]: Missing connection between items
    Local override; error
    @(46.7150 mm, 57.7150 mm): Pad 4 [COL_B_22] of D750 on F.Cu
    @(46.7150 mm, 59.9150 mm): Pad 4 [COL_B_22] of D778 on F.Cu
[unconnected_items]: Missing connection between items
    Local override; error
    @(18.8850 mm, 1.2850 mm): Pad 2 [COL_R_09] of D9 on F.Cu
    @(18.8850 mm, 3.4850 mm): Pad 2 [COL_R_09] of D37 on F.Cu
[unconnected_items]: Missing connection between items
    Local override; error
    @(18.8850 mm, 3.4850 mm): Pad 2 [COL_R_09] of D37 on F.Cu
    @(18.8850 mm, 5.6850 mm): Pad 2 [COL_R_09] of D65 on F.Cu
[unconnected_items]: Missing connection between items
    Local override; error
    @(18.8850 mm, 5.6850 mm): Pad 2 [COL_R_09] of D65 on F.Cu
    @(18.8850 mm, 7.8850 mm): Pad 2 [COL_R_09] of D93 on F.Cu
[unconnected_items]: Missing connection between items
    Local override; error
    @(18.8850 mm, 7.8850 mm): Pad 2 [COL_R_09] of D93 on F.Cu
    @(18.8850 mm, 10.0850 mm): Pad 2 [COL_R_09] of D121 on F.Cu
[unconnected_items]: Missing connection between items
    Local override; error
    @(18.8850 mm, 10.0850 mm): Pad 2 [COL_R_09] of D121 on F.Cu
    @(18.8850 mm, 12.2850 mm): Pad 2 [COL_R_09] of D149 on F.Cu
[unconnected_items]: Missing connection between items
    Local override; error
    @(18.8850 mm, 12.2850 mm): Pad 2 [COL_R_09] of D149 on F.Cu
    @(18.8850 mm, 14.4850 mm): Pad 2 [COL_R_09] of D177 on F.Cu
[unconnected_items]: Missing connection between items
    Local override; error
    @(18.8850 mm, 14.4850 mm): Pad 2 [COL_R_09] of D177 on F.Cu
    @(18.8850 mm, 16.6850 mm): Pad 2 [COL_R_09] of D205 on F.Cu
[unconnected_items]: Missing connection between items
    Local override; error
    @(18.8850 mm, 16.6850 mm): Pad 2 [COL_R_09] of D205 on F.Cu
    @(18.8850 mm, 18.8850 mm): Pad 2 [COL_R_09] of D233 on F.Cu
[unconnected_items]: Missing connection between items
    Local override; error
    @(18.8850 mm, 18.8850 mm): Pad 2 [COL_R_09] of D233 on F.Cu
    @(18.8850 mm, 21.0850 mm): Pad 2 [COL_R_09] of D261 on F.Cu
[unconnected_items]: Missing connection between items
    Local override; error
    @(18.8850 mm, 21.0850 mm): Pad 2 [COL_R_09] of D261 on F.Cu
    @(18.8850 mm, 23.2850 mm): Pad 2 [COL_R_09] of D289 on F.Cu
[unconnected_items]: Missing connection between items
    Local override; error
    @(18.8850 mm, 23.2850 mm): Pad 2 [COL_R_09] of D289 on F.Cu
    @(18.8850 mm, 25.4850 mm): Pad 2 [COL_R_09] of D317 on F.Cu
[unconnected_items]: Missing connection between items
    Local override; error
    @(18.8850 mm, 25.4850 mm): Pad 2 [COL_R_09] of D317 on F.Cu
    @(18.8850 mm, 27.6850 mm): Pad 2 [COL_R_09] of D345 on F.Cu
[unconnected_items]: Missing connection between items
    Local override; error
    @(18.8850 mm, 27.6850 mm): Pad 2 [COL_R_09] of D345 on F.Cu
    @(18.8850 mm, 29.8850 mm): Pad 2 [COL_R_09] of D373 on F.Cu
[unconnected_items]: Missing connection between items
    Local override; error
    @(18.8850 mm, 29.8850 mm): Pad 2 [COL_R_09] of D373 on F.Cu
    @(18.8850 mm, 32.0850 mm): Pad 2 [COL_R_09] of D401 on F.Cu
[unconnected_items]: Missing connection between items
    Local override; error
    @(18.8850 mm, 32.0850 mm): Pad 2 [COL_R_09] of D401 on F.Cu
    @(18.8850 mm, 34.2850 mm): Pad 2 [COL_R_09] of D429 on F.Cu
[unconnected_items]: Missing connection between items
    Local override; error
    @(18.8850 mm, 34.2850 mm): Pad 2 [COL_R_09] of D429 on F.Cu
    @(18.8850 mm, 36.4850 mm): Pad 2 [COL_R_09] of D457 on F.Cu
[unconnected_items]: Missing connection between items
    Local override; error
    @(18.8850 mm, 36.4850 mm): Pad 2 [COL_R_09] of D457 on F.Cu
    @(18.8850 mm, 38.6850 mm): Pad 2 [COL_R_09] of D485 on F.Cu
[unconnected_items]: Missing connection between items
    Local override; error
    @(18.8850 mm, 38.6850 mm): Pad 2 [COL_R_09] of D485 on F.Cu
    @(18.8850 mm, 40.8850 mm): Pad 2 [COL_R_09] of D513 on F.Cu
[unconnected_items]: Missing connection between items
    Local override; error
    @(18.8850 mm, 40.8850 mm): Pad 2 [COL_R_09] of D513 on F.Cu
    @(18.8850 mm, 43.0850 mm): Pad 2 [COL_R_09] of D541 on F.Cu
[unconnected_items]: Missing connection between items
    Local override; error
    @(18.8850 mm, 43.0850 mm): Pad 2 [COL_R_09] of D541 on F.Cu
    @(18.8850 mm, 45.2850 mm): Pad 2 [COL_R_09] of D569 on F.Cu
[unconnected_items]: Missing connection between items
    Local override; error
    @(18.8850 mm, 45.2850 mm): Pad 2 [COL_R_09] of D569 on F.Cu
    @(18.8850 mm, 47.4850 mm): Pad 2 [COL_R_09] of D597 on F.Cu
[unconnected_items]: Missing connection between items
    Local override; error
    @(18.8850 mm, 47.4850 mm): Pad 2 [COL_R_09] of D597 on F.Cu
    @(18.8850 mm, 49.6850 mm): Pad 2 [COL_R_09] of D625 on F.Cu
[unconnected_items]: Missing connection between items
    Local override; error
    @(18.8850 mm, 49.6850 mm): Pad 2 [COL_R_09] of D625 on F.Cu
    @(18.8850 mm, 51.8850 mm): Pad 2 [COL_R_09] of D653 on F.Cu
[unconnected_items]: Missing connection between items
    Local override; error
    @(18.8850 mm, 51.8850 mm): Pad 2 [COL_R_09] of D653 on F.Cu
    @(18.8850 mm, 54.0850 mm): Pad 2 [COL_R_09] of D681 on F.Cu
[unconnected_items]: Missing connection between items
    Local override; error
    @(18.8850 mm, 54.0850 mm): Pad 2 [COL_R_09] of D681 on F.Cu
    @(18.8850 mm, 56.2850 mm): Pad 2 [COL_R_09] of D709 on F.Cu
[unconnected_items]: Missing connection between items
    Local override; error
    @(18.8850 mm, 56.2850 mm): Pad 2 [COL_R_09] of D709 on F.Cu
    @(18.8850 mm, 58.4850 mm): Pad 2 [COL_R_09] of D737 on F.Cu
[unconnected_items]: Missing connection between items
    Local override; error
    @(18.8850 mm, 58.4850 mm): Pad 2 [COL_R_09] of D737 on F.Cu
    @(18.8850 mm, 60.6850 mm): Pad 2 [COL_R_09] of D765 on F.Cu
[unconnected_items]: Missing connection between items
    Local override; error
    @(18.1150 mm, 1.2850 mm): Pad 3 [COL_G_09] of D9 on F.Cu
    @(18.1150 mm, 3.4850 mm): Pad 3 [COL_G_09] of D37 on F.Cu
[unconnected_items]: Missing connection between items
    Local override; error
    @(18.1150 mm, 3.4850 mm): Pad 3 [COL_G_09] of D37 on F.Cu
    @(18.1150 mm, 5.6850 mm): Pad 3 [COL_G_09] of D65 on F.Cu
[unconnected_items]: Missing connection between items
    Local override; error
    @(18.1150 mm, 5.6850 mm): Pad 3 [COL_G_09] of D65 on F.Cu
    @(18.1150 mm, 7.8850 mm): Pad 3 [COL_G_09] of D93 on F.Cu
[unconnected_items]: Missing connection between items
    Local override; error
    @(18.1150 mm, 7.8850 mm): Pad 3 [COL_G_09] of D93 on F.Cu
    @(18.1150 mm, 10.0850 mm): Pad 3 [COL_G_09] of D121 on F.Cu
[unconnected_items]: Missing connection between items
    Local override; error
    @(18.1150 mm, 10.0850 mm): Pad 3 [COL_G_09] of D121 on F.Cu
    @(18.1150 mm, 12.2850 mm): Pad 3 [COL_G_09] of D149 on F.Cu
[unconnected_items]: Missing connection between items
    Local override; error
    @(18.1150 mm, 12.2850 mm): Pad 3 [COL_G_09] of D149 on F.Cu
    @(18.1150 mm, 14.4850 mm): Pad 3 [COL_G_09] of D177 on F.Cu
[unconnected_items]: Missing connection between items
    Local override; error
    @(18.1150 mm, 14.4850 mm): Pad 3 [COL_G_09] of D177 on F.Cu
    @(18.1150 mm, 16.6850 mm): Pad 3 [COL_G_09] of D205 on F.Cu
[unconnected_items]: Missing connection between items
    Local override; error
    @(18.1150 mm, 16.6850 mm): Pad 3 [COL_G_09] of D205 on F.Cu
    @(18.1150 mm, 18.8850 mm): Pad 3 [COL_G_09] of D233 on F.Cu
[unconnected_items]: Missing connection between items
    Local override; error
    @(18.1150 mm, 18.8850 mm): Pad 3 [COL_G_09] of D233 on F.Cu
    @(18.1150 mm, 21.0850 mm): Pad 3 [COL_G_09] of D261 on F.Cu
[unconnected_items]: Missing connection between items
    Local override; error
    @(18.1150 mm, 21.0850 mm): Pad 3 [COL_G_09] of D261 on F.Cu
    @(18.1150 mm, 23.2850 mm): Pad 3 [COL_G_09] of D289 on F.Cu
[unconnected_items]: Missing connection between items
    Local override; error
    @(18.1150 mm, 23.2850 mm): Pad 3 [COL_G_09] of D289 on F.Cu
    @(18.1150 mm, 25.4850 mm): Pad 3 [COL_G_09] of D317 on F.Cu
[unconnected_items]: Missing connection between items
    Local override; error
    @(18.1150 mm, 25.4850 mm): Pad 3 [COL_G_09] of D317 on F.Cu
    @(18.1150 mm, 27.6850 mm): Pad 3 [COL_G_09] of D345 on F.Cu
[unconnected_items]: Missing connection between items
    Local override; error
    @(18.1150 mm, 27.6850 mm): Pad 3 [COL_G_09] of D345 on F.Cu
    @(18.1150 mm, 29.8850 mm): Pad 3 [COL_G_09] of D373 on F.Cu
[unconnected_items]: Missing connection between items
    Local override; error
    @(18.1150 mm, 29.8850 mm): Pad 3 [COL_G_09] of D373 on F.Cu
    @(18.1150 mm, 32.0850 mm): Pad 3 [COL_G_09] of D401 on F.Cu
[unconnected_items]: Missing connection between items
    Local override; error
    @(18.1150 mm, 32.0850 mm): Pad 3 [COL_G_09] of D401 on F.Cu
    @(18.1150 mm, 34.2850 mm): Pad 3 [COL_G_09] of D429 on F.Cu
[unconnected_items]: Missing connection between items
    Local override; error
    @(18.1150 mm, 34.2850 mm): Pad 3 [COL_G_09] of D429 on F.Cu
    @(18.1150 mm, 36.4850 mm): Pad 3 [COL_G_09] of D457 on F.Cu
[unconnected_items]: Missing connection between items
    Local override; error
    @(18.1150 mm, 36.4850 mm): Pad 3 [COL_G_09] of D457 on F.Cu
    @(18.1150 mm, 38.6850 mm): Pad 3 [COL_G_09] of D485 on F.Cu
[unconnected_items]: Missing connection between items
    Local override; error
    @(18.1150 mm, 38.6850 mm): Pad 3 [COL_G_09] of D485 on F.Cu
    @(18.1150 mm, 40.8850 mm): Pad 3 [COL_G_09] of D513 on F.Cu
[unconnected_items]: Missing connection between items
    Local override; error
    @(18.1150 mm, 40.8850 mm): Pad 3 [COL_G_09] of D513 on F.Cu
    @(18.1150 mm, 43.0850 mm): Pad 3 [COL_G_09] of D541 on F.Cu
[unconnected_items]: Missing connection between items
    Local override; error
    @(18.1150 mm, 43.0850 mm): Pad 3 [COL_G_09] of D541 on F.Cu
    @(18.1150 mm, 45.2850 mm): Pad 3 [COL_G_09] of D569 on F.Cu
[unconnected_items]: Missing connection between items
    Local override; error
    @(18.1150 mm, 45.2850 mm): Pad 3 [COL_G_09] of D569 on F.Cu
    @(18.1150 mm, 47.4850 mm): Pad 3 [COL_G_09] of D597 on F.Cu
[unconnected_items]: Missing connection between items
    Local override; error
    @(18.1150 mm, 47.4850 mm): Pad 3 [COL_G_09] of D597 on F.Cu
    @(18.1150 mm, 49.6850 mm): Pad 3 [COL_G_09] of D625 on F.Cu
[unconnected_items]: Missing connection between items
    Local override; error
    @(18.1150 mm, 49.6850 mm): Pad 3 [COL_G_09] of D625 on F.Cu
    @(18.1150 mm, 51.8850 mm): Pad 3 [COL_G_09] of D653 on F.Cu
[unconnected_items]: Missing connection between items
    Local override; error
    @(18.1150 mm, 51.8850 mm): Pad 3 [COL_G_09] of D653 on F.Cu
    @(18.1150 mm, 54.0850 mm): Pad 3 [COL_G_09] of D681 on F.Cu
[unconnected_items]: Missing connection between items
    Local override; error
    @(18.1150 mm, 54.0850 mm): Pad 3 [COL_G_09] of D681 on F.Cu
    @(18.1150 mm, 56.2850 mm): Pad 3 [COL_G_09] of D709 on F.Cu
[unconnected_items]: Missing connection between items
    Local override; error
    @(18.1150 mm, 56.2850 mm): Pad 3 [COL_G_09] of D709 on F.Cu
    @(18.1150 mm, 58.4850 mm): Pad 3 [COL_G_09] of D737 on F.Cu
[unconnected_items]: Missing connection between items
    Local override; error
    @(18.1150 mm, 58.4850 mm): Pad 3 [COL_G_09] of D737 on F.Cu
    @(18.1150 mm, 60.6850 mm): Pad 3 [COL_G_09] of D765 on F.Cu
[unconnected_items]: Missing connection between items
    Local override; error
    @(18.1150 mm, 0.5150 mm): Pad 4 [COL_B_09] of D9 on F.Cu
    @(18.1150 mm, 2.7150 mm): Pad 4 [COL_B_09] of D37 on F.Cu
[unconnected_items]: Missing connection between items
    Local override; error
    @(18.1150 mm, 2.7150 mm): Pad 4 [COL_B_09] of D37 on F.Cu
    @(18.1150 mm, 4.9150 mm): Pad 4 [COL_B_09] of D65 on F.Cu
[unconnected_items]: Missing connection between items
    Local override; error
    @(18.1150 mm, 4.9150 mm): Pad 4 [COL_B_09] of D65 on F.Cu
    @(18.1150 mm, 7.1150 mm): Pad 4 [COL_B_09] of D93 on F.Cu
[unconnected_items]: Missing connection between items
    Local override; error
    @(18.1150 mm, 7.1150 mm): Pad 4 [COL_B_09] of D93 on F.Cu
    @(18.1150 mm, 9.3150 mm): Pad 4 [COL_B_09] of D121 on F.Cu
[unconnected_items]: Missing connection between items
    Local override; error
    @(18.1150 mm, 9.3150 mm): Pad 4 [COL_B_09] of D121 on F.Cu
    @(18.1150 mm, 11.5150 mm): Pad 4 [COL_B_09] of D149 on F.Cu
[unconnected_items]: Missing connection between items
    Local override; error
    @(18.1150 mm, 11.5150 mm): Pad 4 [COL_B_09] of D149 on F.Cu
    @(18.1150 mm, 13.7150 mm): Pad 4 [COL_B_09] of D177 on F.Cu
[unconnected_items]: Missing connection between items
    Local override; error
    @(18.1150 mm, 13.7150 mm): Pad 4 [COL_B_09] of D177 on F.Cu
    @(18.1150 mm, 15.9150 mm): Pad 4 [COL_B_09] of D205 on F.Cu
[unconnected_items]: Missing connection between items
    Local override; error
    @(18.1150 mm, 15.9150 mm): Pad 4 [COL_B_09] of D205 on F.Cu
    @(18.1150 mm, 18.1150 mm): Pad 4 [COL_B_09] of D233 on F.Cu
[unconnected_items]: Missing connection between items
    Local override; error
    @(18.1150 mm, 18.1150 mm): Pad 4 [COL_B_09] of D233 on F.Cu
    @(18.1150 mm, 20.3150 mm): Pad 4 [COL_B_09] of D261 on F.Cu
[unconnected_items]: Missing connection between items
    Local override; error
    @(18.1150 mm, 20.3150 mm): Pad 4 [COL_B_09] of D261 on F.Cu
    @(18.1150 mm, 22.5150 mm): Pad 4 [COL_B_09] of D289 on F.Cu
[unconnected_items]: Missing connection between items
    Local override; error
    @(18.1150 mm, 22.5150 mm): Pad 4 [COL_B_09] of D289 on F.Cu
    @(18.1150 mm, 24.7150 mm): Pad 4 [COL_B_09] of D317 on F.Cu
[unconnected_items]: Missing connection between items
    Local override; error
    @(18.1150 mm, 24.7150 mm): Pad 4 [COL_B_09] of D317 on F.Cu
    @(18.1150 mm, 26.9150 mm): Pad 4 [COL_B_09] of D345 on F.Cu
[unconnected_items]: Missing connection between items
    Local override; error
    @(18.1150 mm, 26.9150 mm): Pad 4 [COL_B_09] of D345 on F.Cu
    @(18.1150 mm, 29.1150 mm): Pad 4 [COL_B_09] of D373 on F.Cu
[unconnected_items]: Missing connection between items
    Local override; error
    @(18.1150 mm, 29.1150 mm): Pad 4 [COL_B_09] of D373 on F.Cu
    @(18.1150 mm, 31.3150 mm): Pad 4 [COL_B_09] of D401 on F.Cu
[unconnected_items]: Missing connection between items
    Local override; error
    @(18.1150 mm, 31.3150 mm): Pad 4 [COL_B_09] of D401 on F.Cu
    @(18.1150 mm, 33.5150 mm): Pad 4 [COL_B_09] of D429 on F.Cu
[unconnected_items]: Missing connection between items
    Local override; error
    @(18.1150 mm, 33.5150 mm): Pad 4 [COL_B_09] of D429 on F.Cu
    @(18.1150 mm, 35.7150 mm): Pad 4 [COL_B_09] of D457 on F.Cu
[unconnected_items]: Missing connection between items
    Local override; error
    @(18.1150 mm, 35.7150 mm): Pad 4 [COL_B_09] of D457 on F.Cu
    @(18.1150 mm, 37.9150 mm): Pad 4 [COL_B_09] of D485 on F.Cu
[unconnected_items]: Missing connection between items
    Local override; error
    @(18.1150 mm, 37.9150 mm): Pad 4 [COL_B_09] of D485 on F.Cu
    @(18.1150 mm, 40.1150 mm): Pad 4 [COL_B_09] of D513 on F.Cu
[unconnected_items]: Missing connection between items
    Local override; error
    @(18.1150 mm, 40.1150 mm): Pad 4 [COL_B_09] of D513 on F.Cu
    @(18.1150 mm, 42.3150 mm): Pad 4 [COL_B_09] of D541 on F.Cu
[unconnected_items]: Missing connection between items
    Local override; error
    @(18.1150 mm, 42.3150 mm): Pad 4 [COL_B_09] of D541 on F.Cu
    @(18.1150 mm, 44.5150 mm): Pad 4 [COL_B_09] of D569 on F.Cu
[unconnected_items]: Missing connection between items
    Local override; error
    @(18.1150 mm, 44.5150 mm): Pad 4 [COL_B_09] of D569 on F.Cu
    @(18.1150 mm, 46.7150 mm): Pad 4 [COL_B_09] of D597 on F.Cu
[unconnected_items]: Missing connection between items
    Local override; error
    @(18.1150 mm, 46.7150 mm): Pad 4 [COL_B_09] of D597 on F.Cu
    @(18.1150 mm, 48.9150 mm): Pad 4 [COL_B_09] of D625 on F.Cu
[unconnected_items]: Missing connection between items
    Local override; error
    @(18.1150 mm, 48.9150 mm): Pad 4 [COL_B_09] of D625 on F.Cu
    @(18.1150 mm, 51.1150 mm): Pad 4 [COL_B_09] of D653 on F.Cu
[unconnected_items]: Missing connection between items
    Local override; error
    @(18.1150 mm, 51.1150 mm): Pad 4 [COL_B_09] of D653 on F.Cu
    @(18.1150 mm, 53.3150 mm): Pad 4 [COL_B_09] of D681 on F.Cu
[unconnected_items]: Missing connection between items
    Local override; error
    @(18.1150 mm, 53.3150 mm): Pad 4 [COL_B_09] of D681 on F.Cu
    @(18.1150 mm, 55.5150 mm): Pad 4 [COL_B_09] of D709 on F.Cu
[unconnected_items]: Missing connection between items
    Local override; error
    @(18.1150 mm, 55.5150 mm): Pad 4 [COL_B_09] of D709 on F.Cu
    @(18.1150 mm, 57.7150 mm): Pad 4 [COL_B_09] of D737 on F.Cu
[unconnected_items]: Missing connection between items
    Local override; error
    @(18.1150 mm, 57.7150 mm): Pad 4 [COL_B_09] of D737 on F.Cu
    @(18.1150 mm, 59.9150 mm): Pad 4 [COL_B_09] of D765 on F.Cu
[unconnected_items]: Missing connection between items
    Local override; error
    @(1.2850 mm, 55.5150 mm): Pad 1 [ROW_26_ANODE] of D701 on F.Cu
    @(3.4850 mm, 55.5150 mm): Pad 1 [ROW_26_ANODE] of D702 on F.Cu
[unconnected_items]: Missing connection between items
    Local override; error
    @(3.4850 mm, 55.5150 mm): Pad 1 [ROW_26_ANODE] of D702 on F.Cu
    @(5.6850 mm, 55.5150 mm): Pad 1 [ROW_26_ANODE] of D703 on F.Cu
[unconnected_items]: Missing connection between items
    Local override; error
    @(5.6850 mm, 55.5150 mm): Pad 1 [ROW_26_ANODE] of D703 on F.Cu
    @(7.8850 mm, 55.5150 mm): Pad 1 [ROW_26_ANODE] of D704 on F.Cu
[unconnected_items]: Missing connection between items
    Local override; error
    @(7.8850 mm, 55.5150 mm): Pad 1 [ROW_26_ANODE] of D704 on F.Cu
    @(10.0850 mm, 55.5150 mm): Pad 1 [ROW_26_ANODE] of D705 on F.Cu
[unconnected_items]: Missing connection between items
    Local override; error
    @(10.0850 mm, 55.5150 mm): Pad 1 [ROW_26_ANODE] of D705 on F.Cu
    @(12.2850 mm, 55.5150 mm): Pad 1 [ROW_26_ANODE] of D706 on F.Cu
[unconnected_items]: Missing connection between items
    Local override; error
    @(12.2850 mm, 55.5150 mm): Pad 1 [ROW_26_ANODE] of D706 on F.Cu
    @(14.4850 mm, 55.5150 mm): Pad 1 [ROW_26_ANODE] of D707 on F.Cu
[unconnected_items]: Missing connection between items
    Local override; error
    @(14.4850 mm, 55.5150 mm): Pad 1 [ROW_26_ANODE] of D707 on F.Cu
    @(16.6850 mm, 55.5150 mm): Pad 1 [ROW_26_ANODE] of D708 on F.Cu
[unconnected_items]: Missing connection between items
    Local override; error
    @(16.6850 mm, 55.5150 mm): Pad 1 [ROW_26_ANODE] of D708 on F.Cu
    @(18.8850 mm, 55.5150 mm): Pad 1 [ROW_26_ANODE] of D709 on F.Cu
[unconnected_items]: Missing connection between items
    Local override; error
    @(18.8850 mm, 55.5150 mm): Pad 1 [ROW_26_ANODE] of D709 on F.Cu
    @(21.0850 mm, 55.5150 mm): Pad 1 [ROW_26_ANODE] of D710 on F.Cu
[unconnected_items]: Missing connection between items
    Local override; error
    @(21.0850 mm, 55.5150 mm): Pad 1 [ROW_26_ANODE] of D710 on F.Cu
    @(23.2850 mm, 55.5150 mm): Pad 1 [ROW_26_ANODE] of D711 on F.Cu
[unconnected_items]: Missing connection between items
    Local override; error
    @(23.2850 mm, 55.5150 mm): Pad 1 [ROW_26_ANODE] of D711 on F.Cu
    @(25.4850 mm, 55.5150 mm): Pad 1 [ROW_26_ANODE] of D712 on F.Cu
[unconnected_items]: Missing connection between items
    Local override; error
    @(25.4850 mm, 55.5150 mm): Pad 1 [ROW_26_ANODE] of D712 on F.Cu
    @(27.6850 mm, 55.5150 mm): Pad 1 [ROW_26_ANODE] of D713 on F.Cu
[unconnected_items]: Missing connection between items
    Local override; error
    @(27.6850 mm, 55.5150 mm): Pad 1 [ROW_26_ANODE] of D713 on F.Cu
    @(29.8850 mm, 55.5150 mm): Pad 1 [ROW_26_ANODE] of D714 on F.Cu
[unconnected_items]: Missing connection between items
    Local override; error
    @(29.8850 mm, 55.5150 mm): Pad 1 [ROW_26_ANODE] of D714 on F.Cu
    @(32.0850 mm, 55.5150 mm): Pad 1 [ROW_26_ANODE] of D715 on F.Cu
[unconnected_items]: Missing connection between items
    Local override; error
    @(32.0850 mm, 55.5150 mm): Pad 1 [ROW_26_ANODE] of D715 on F.Cu
    @(34.2850 mm, 55.5150 mm): Pad 1 [ROW_26_ANODE] of D716 on F.Cu
[unconnected_items]: Missing connection between items
    Local override; error
    @(34.2850 mm, 55.5150 mm): Pad 1 [ROW_26_ANODE] of D716 on F.Cu
    @(36.4850 mm, 55.5150 mm): Pad 1 [ROW_26_ANODE] of D717 on F.Cu

** Found 0 Footprint errors **

** Ignored checks **
    - Footprint has no courtyard defined
    - Track endpoint not centered on via
    - Tuning profile track geometries
    - Footprint doesn't match symbol's footprint filters
    - Footprint component type doesn't match footprint pads

** End of Report **
