** Drc report for wearable_20x20_edge_routing_probe.kicad_pcb **
** Created on 2026-10-08T04:40:14 **
** Report includes: Errors, Warnings **

** Found 0 DRC violations **

** Found 499 unconnected pads **
[unconnected_items]: Missing connection between items
    Local override; error
    @(11.1350 mm, 52.8650 mm): Pad 1 [ROW_18_ANODE] of D341 on F.Cu
    @(13.6350 mm, 52.8650 mm): Pad 1 [ROW_18_ANODE] of D342 on F.Cu
[unconnected_items]: Missing connection between items
    Local override; error
    @(13.6350 mm, 52.8650 mm): Pad 1 [ROW_18_ANODE] of D342 on F.Cu
    @(16.1350 mm, 52.8650 mm): Pad 1 [ROW_18_ANODE] of D343 on F.Cu
[unconnected_items]: Missing connection between items
    Local override; error
    @(16.1350 mm, 52.8650 mm): Pad 1 [ROW_18_ANODE] of D343 on F.Cu
    @(18.6350 mm, 52.8650 mm): Pad 1 [ROW_18_ANODE] of D344 on F.Cu
[unconnected_items]: Missing connection between items
    Local override; error
    @(18.6350 mm, 52.8650 mm): Pad 1 [ROW_18_ANODE] of D344 on F.Cu
    @(21.1350 mm, 52.8650 mm): Pad 1 [ROW_18_ANODE] of D345 on F.Cu
[unconnected_items]: Missing connection between items
    Local override; error
    @(21.1350 mm, 52.8650 mm): Pad 1 [ROW_18_ANODE] of D345 on F.Cu
    @(23.6350 mm, 52.8650 mm): Pad 1 [ROW_18_ANODE] of D346 on F.Cu
[unconnected_items]: Missing connection between items
    Local override; error
    @(23.6350 mm, 52.8650 mm): Pad 1 [ROW_18_ANODE] of D346 on F.Cu
    @(26.1350 mm, 52.8650 mm): Pad 1 [ROW_18_ANODE] of D347 on F.Cu
[unconnected_items]: Missing connection between items
    Local override; error
    @(26.1350 mm, 52.8650 mm): Pad 1 [ROW_18_ANODE] of D347 on F.Cu
    @(28.6350 mm, 52.8650 mm): Pad 1 [ROW_18_ANODE] of D348 on F.Cu
[unconnected_items]: Missing connection between items
    Local override; error
    @(28.6350 mm, 52.8650 mm): Pad 1 [ROW_18_ANODE] of D348 on F.Cu
    @(31.1350 mm, 52.8650 mm): Pad 1 [ROW_18_ANODE] of D349 on F.Cu
[unconnected_items]: Missing connection between items
    Local override; error
    @(31.1350 mm, 52.8650 mm): Pad 1 [ROW_18_ANODE] of D349 on F.Cu
    @(33.6350 mm, 52.8650 mm): Pad 1 [ROW_18_ANODE] of D350 on F.Cu
[unconnected_items]: Missing connection between items
    Local override; error
    @(33.6350 mm, 52.8650 mm): Pad 1 [ROW_18_ANODE] of D350 on F.Cu
    @(36.1350 mm, 52.8650 mm): Pad 1 [ROW_18_ANODE] of D351 on F.Cu
[unconnected_items]: Missing connection between items
    Local override; error
    @(36.1350 mm, 52.8650 mm): Pad 1 [ROW_18_ANODE] of D351 on F.Cu
    @(38.6350 mm, 52.8650 mm): Pad 1 [ROW_18_ANODE] of D352 on F.Cu
[unconnected_items]: Missing connection between items
    Local override; error
    @(38.6350 mm, 52.8650 mm): Pad 1 [ROW_18_ANODE] of D352 on F.Cu
    @(41.1350 mm, 52.8650 mm): Pad 1 [ROW_18_ANODE] of D353 on F.Cu
[unconnected_items]: Missing connection between items
    Local override; error
    @(41.1350 mm, 52.8650 mm): Pad 1 [ROW_18_ANODE] of D353 on F.Cu
    @(43.6350 mm, 52.8650 mm): Pad 1 [ROW_18_ANODE] of D354 on F.Cu
[unconnected_items]: Missing connection between items
    Local override; error
    @(43.6350 mm, 52.8650 mm): Pad 1 [ROW_18_ANODE] of D354 on F.Cu
    @(46.1350 mm, 52.8650 mm): Pad 1 [ROW_18_ANODE] of D355 on F.Cu
[unconnected_items]: Missing connection between items
    Local override; error
    @(46.1350 mm, 52.8650 mm): Pad 1 [ROW_18_ANODE] of D355 on F.Cu
    @(48.6350 mm, 52.8650 mm): Pad 1 [ROW_18_ANODE] of D356 on F.Cu
[unconnected_items]: Missing connection between items
    Local override; error
    @(48.6350 mm, 52.8650 mm): Pad 1 [ROW_18_ANODE] of D356 on F.Cu
    @(51.1350 mm, 52.8650 mm): Pad 1 [ROW_18_ANODE] of D357 on F.Cu
[unconnected_items]: Missing connection between items
    Local override; error
    @(51.1350 mm, 52.8650 mm): Pad 1 [ROW_18_ANODE] of D357 on F.Cu
    @(53.6350 mm, 52.8650 mm): Pad 1 [ROW_18_ANODE] of D358 on F.Cu
[unconnected_items]: Missing connection between items
    Local override; error
    @(53.6350 mm, 52.8650 mm): Pad 1 [ROW_18_ANODE] of D358 on F.Cu
    @(56.1350 mm, 52.8650 mm): Pad 1 [ROW_18_ANODE] of D359 on F.Cu
[unconnected_items]: Missing connection between items
    Local override; error
    @(56.1350 mm, 52.8650 mm): Pad 1 [ROW_18_ANODE] of D359 on F.Cu
    @(58.6350 mm, 52.8650 mm): Pad 1 [ROW_18_ANODE] of D360 on F.Cu
[unconnected_items]: Missing connection between items
    Local override; error
    @(58.6350 mm, 11.1350 mm): Pad 2 [COL_R_20] of D20 on F.Cu
    @(58.6350 mm, 13.6350 mm): Pad 2 [COL_R_20] of D40 on F.Cu
[unconnected_items]: Missing connection between items
    Local override; error
    @(58.6350 mm, 13.6350 mm): Pad 2 [COL_R_20] of D40 on F.Cu
    @(58.6350 mm, 16.1350 mm): Pad 2 [COL_R_20] of D60 on F.Cu
[unconnected_items]: Missing connection between items
    Local override; error
    @(58.6350 mm, 16.1350 mm): Pad 2 [COL_R_20] of D60 on F.Cu
    @(58.6350 mm, 18.6350 mm): Pad 2 [COL_R_20] of D80 on F.Cu
[unconnected_items]: Missing connection between items
    Local override; error
    @(58.6350 mm, 18.6350 mm): Pad 2 [COL_R_20] of D80 on F.Cu
    @(58.6350 mm, 21.1350 mm): Pad 2 [COL_R_20] of D100 on F.Cu
[unconnected_items]: Missing connection between items
    Local override; error
    @(58.6350 mm, 21.1350 mm): Pad 2 [COL_R_20] of D100 on F.Cu
    @(58.6350 mm, 23.6350 mm): Pad 2 [COL_R_20] of D120 on F.Cu
[unconnected_items]: Missing connection between items
    Local override; error
    @(58.6350 mm, 23.6350 mm): Pad 2 [COL_R_20] of D120 on F.Cu
    @(58.6350 mm, 26.1350 mm): Pad 2 [COL_R_20] of D140 on F.Cu
[unconnected_items]: Missing connection between items
    Local override; error
    @(58.6350 mm, 26.1350 mm): Pad 2 [COL_R_20] of D140 on F.Cu
    @(58.6350 mm, 28.6350 mm): Pad 2 [COL_R_20] of D160 on F.Cu
[unconnected_items]: Missing connection between items
    Local override; error
    @(58.6350 mm, 28.6350 mm): Pad 2 [COL_R_20] of D160 on F.Cu
    @(58.6350 mm, 31.1350 mm): Pad 2 [COL_R_20] of D180 on F.Cu
[unconnected_items]: Missing connection between items
    Local override; error
    @(58.6350 mm, 31.1350 mm): Pad 2 [COL_R_20] of D180 on F.Cu
    @(58.6350 mm, 33.6350 mm): Pad 2 [COL_R_20] of D200 on F.Cu
[unconnected_items]: Missing connection between items
    Local override; error
    @(58.6350 mm, 33.6350 mm): Pad 2 [COL_R_20] of D200 on F.Cu
    @(58.6350 mm, 36.1350 mm): Pad 2 [COL_R_20] of D220 on F.Cu
[unconnected_items]: Missing connection between items
    Local override; error
    @(58.6350 mm, 36.1350 mm): Pad 2 [COL_R_20] of D220 on F.Cu
    @(58.6350 mm, 38.6350 mm): Pad 2 [COL_R_20] of D240 on F.Cu
[unconnected_items]: Missing connection between items
    Local override; error
    @(58.6350 mm, 38.6350 mm): Pad 2 [COL_R_20] of D240 on F.Cu
    @(58.6350 mm, 41.1350 mm): Pad 2 [COL_R_20] of D260 on F.Cu
[unconnected_items]: Missing connection between items
    Local override; error
    @(58.6350 mm, 41.1350 mm): Pad 2 [COL_R_20] of D260 on F.Cu
    @(58.6350 mm, 43.6350 mm): Pad 2 [COL_R_20] of D280 on F.Cu
[unconnected_items]: Missing connection between items
    Local override; error
    @(58.6350 mm, 43.6350 mm): Pad 2 [COL_R_20] of D280 on F.Cu
    @(58.6350 mm, 46.1350 mm): Pad 2 [COL_R_20] of D300 on F.Cu
[unconnected_items]: Missing connection between items
    Local override; error
    @(58.6350 mm, 46.1350 mm): Pad 2 [COL_R_20] of D300 on F.Cu
    @(58.6350 mm, 48.6350 mm): Pad 2 [COL_R_20] of D320 on F.Cu
[unconnected_items]: Missing connection between items
    Local override; error
    @(58.6350 mm, 48.6350 mm): Pad 2 [COL_R_20] of D320 on F.Cu
    @(58.6350 mm, 51.1350 mm): Pad 2 [COL_R_20] of D340 on F.Cu
[unconnected_items]: Missing connection between items
    Local override; error
    @(58.6350 mm, 51.1350 mm): Pad 2 [COL_R_20] of D340 on F.Cu
    @(58.6350 mm, 53.6350 mm): Pad 2 [COL_R_20] of D360 on F.Cu
[unconnected_items]: Missing connection between items
    Local override; error
    @(58.6350 mm, 53.6350 mm): Pad 2 [COL_R_20] of D360 on F.Cu
    @(58.6350 mm, 56.1350 mm): Pad 2 [COL_R_20] of D380 on F.Cu
[unconnected_items]: Missing connection between items
    Local override; error
    @(58.6350 mm, 56.1350 mm): Pad 2 [COL_R_20] of D380 on F.Cu
    @(58.6350 mm, 58.6350 mm): Pad 2 [COL_R_20] of D400 on F.Cu
[unconnected_items]: Missing connection between items
    Local override; error
    @(57.8650 mm, 11.1350 mm): Pad 3 [COL_G_20] of D20 on F.Cu
    @(57.8650 mm, 13.6350 mm): Pad 3 [COL_G_20] of D40 on F.Cu
[unconnected_items]: Missing connection between items
    Local override; error
    @(57.8650 mm, 13.6350 mm): Pad 3 [COL_G_20] of D40 on F.Cu
    @(57.8650 mm, 16.1350 mm): Pad 3 [COL_G_20] of D60 on F.Cu
[unconnected_items]: Missing connection between items
    Local override; error
    @(57.8650 mm, 16.1350 mm): Pad 3 [COL_G_20] of D60 on F.Cu
    @(57.8650 mm, 18.6350 mm): Pad 3 [COL_G_20] of D80 on F.Cu
[unconnected_items]: Missing connection between items
    Local override; error
    @(57.8650 mm, 18.6350 mm): Pad 3 [COL_G_20] of D80 on F.Cu
    @(57.8650 mm, 21.1350 mm): Pad 3 [COL_G_20] of D100 on F.Cu
[unconnected_items]: Missing connection between items
    Local override; error
    @(57.8650 mm, 21.1350 mm): Pad 3 [COL_G_20] of D100 on F.Cu
    @(57.8650 mm, 23.6350 mm): Pad 3 [COL_G_20] of D120 on F.Cu
[unconnected_items]: Missing connection between items
    Local override; error
    @(57.8650 mm, 23.6350 mm): Pad 3 [COL_G_20] of D120 on F.Cu
    @(57.8650 mm, 26.1350 mm): Pad 3 [COL_G_20] of D140 on F.Cu
[unconnected_items]: Missing connection between items
    Local override; error
    @(57.8650 mm, 26.1350 mm): Pad 3 [COL_G_20] of D140 on F.Cu
    @(57.8650 mm, 28.6350 mm): Pad 3 [COL_G_20] of D160 on F.Cu
[unconnected_items]: Missing connection between items
    Local override; error
    @(57.8650 mm, 28.6350 mm): Pad 3 [COL_G_20] of D160 on F.Cu
    @(57.8650 mm, 31.1350 mm): Pad 3 [COL_G_20] of D180 on F.Cu
[unconnected_items]: Missing connection between items
    Local override; error
    @(57.8650 mm, 31.1350 mm): Pad 3 [COL_G_20] of D180 on F.Cu
    @(57.8650 mm, 33.6350 mm): Pad 3 [COL_G_20] of D200 on F.Cu
[unconnected_items]: Missing connection between items
    Local override; error
    @(57.8650 mm, 33.6350 mm): Pad 3 [COL_G_20] of D200 on F.Cu
    @(57.8650 mm, 36.1350 mm): Pad 3 [COL_G_20] of D220 on F.Cu
[unconnected_items]: Missing connection between items
    Local override; error
    @(57.8650 mm, 36.1350 mm): Pad 3 [COL_G_20] of D220 on F.Cu
    @(57.8650 mm, 38.6350 mm): Pad 3 [COL_G_20] of D240 on F.Cu
[unconnected_items]: Missing connection between items
    Local override; error
    @(57.8650 mm, 38.6350 mm): Pad 3 [COL_G_20] of D240 on F.Cu
    @(57.8650 mm, 41.1350 mm): Pad 3 [COL_G_20] of D260 on F.Cu
[unconnected_items]: Missing connection between items
    Local override; error
    @(57.8650 mm, 41.1350 mm): Pad 3 [COL_G_20] of D260 on F.Cu
    @(57.8650 mm, 43.6350 mm): Pad 3 [COL_G_20] of D280 on F.Cu
[unconnected_items]: Missing connection between items
    Local override; error
    @(57.8650 mm, 43.6350 mm): Pad 3 [COL_G_20] of D280 on F.Cu
    @(57.8650 mm, 46.1350 mm): Pad 3 [COL_G_20] of D300 on F.Cu
[unconnected_items]: Missing connection between items
    Local override; error
    @(57.8650 mm, 46.1350 mm): Pad 3 [COL_G_20] of D300 on F.Cu
    @(57.8650 mm, 48.6350 mm): Pad 3 [COL_G_20] of D320 on F.Cu
[unconnected_items]: Missing connection between items
    Local override; error
    @(57.8650 mm, 48.6350 mm): Pad 3 [COL_G_20] of D320 on F.Cu
    @(57.8650 mm, 51.1350 mm): Pad 3 [COL_G_20] of D340 on F.Cu
[unconnected_items]: Missing connection between items
    Local override; error
    @(57.8650 mm, 51.1350 mm): Pad 3 [COL_G_20] of D340 on F.Cu
    @(57.8650 mm, 53.6350 mm): Pad 3 [COL_G_20] of D360 on F.Cu
[unconnected_items]: Missing connection between items
    Local override; error
    @(57.8650 mm, 53.6350 mm): Pad 3 [COL_G_20] of D360 on F.Cu
    @(57.8650 mm, 56.1350 mm): Pad 3 [COL_G_20] of D380 on F.Cu
[unconnected_items]: Missing connection between items
    Local override; error
    @(57.8650 mm, 56.1350 mm): Pad 3 [COL_G_20] of D380 on F.Cu
    @(57.8650 mm, 58.6350 mm): Pad 3 [COL_G_20] of D400 on F.Cu
[unconnected_items]: Missing connection between items
    Local override; error
    @(57.8650 mm, 10.3650 mm): Pad 4 [COL_B_20] of D20 on F.Cu
    @(57.8650 mm, 12.8650 mm): Pad 4 [COL_B_20] of D40 on F.Cu
[unconnected_items]: Missing connection between items
    Local override; error
    @(57.8650 mm, 12.8650 mm): Pad 4 [COL_B_20] of D40 on F.Cu
    @(57.8650 mm, 15.3650 mm): Pad 4 [COL_B_20] of D60 on F.Cu
[unconnected_items]: Missing connection between items
    Local override; error
    @(57.8650 mm, 15.3650 mm): Pad 4 [COL_B_20] of D60 on F.Cu
    @(57.8650 mm, 17.8650 mm): Pad 4 [COL_B_20] of D80 on F.Cu
[unconnected_items]: Missing connection between items
    Local override; error
    @(57.8650 mm, 17.8650 mm): Pad 4 [COL_B_20] of D80 on F.Cu
    @(57.8650 mm, 20.3650 mm): Pad 4 [COL_B_20] of D100 on F.Cu
[unconnected_items]: Missing connection between items
    Local override; error
    @(57.8650 mm, 20.3650 mm): Pad 4 [COL_B_20] of D100 on F.Cu
    @(57.8650 mm, 22.8650 mm): Pad 4 [COL_B_20] of D120 on F.Cu
[unconnected_items]: Missing connection between items
    Local override; error
    @(57.8650 mm, 22.8650 mm): Pad 4 [COL_B_20] of D120 on F.Cu
    @(57.8650 mm, 25.3650 mm): Pad 4 [COL_B_20] of D140 on F.Cu
[unconnected_items]: Missing connection between items
    Local override; error
    @(57.8650 mm, 25.3650 mm): Pad 4 [COL_B_20] of D140 on F.Cu
    @(57.8650 mm, 27.8650 mm): Pad 4 [COL_B_20] of D160 on F.Cu
[unconnected_items]: Missing connection between items
    Local override; error
    @(57.8650 mm, 27.8650 mm): Pad 4 [COL_B_20] of D160 on F.Cu
    @(57.8650 mm, 30.3650 mm): Pad 4 [COL_B_20] of D180 on F.Cu
[unconnected_items]: Missing connection between items
    Local override; error
    @(57.8650 mm, 30.3650 mm): Pad 4 [COL_B_20] of D180 on F.Cu
    @(57.8650 mm, 32.8650 mm): Pad 4 [COL_B_20] of D200 on F.Cu
[unconnected_items]: Missing connection between items
    Local override; error
    @(57.8650 mm, 32.8650 mm): Pad 4 [COL_B_20] of D200 on F.Cu
    @(57.8650 mm, 35.3650 mm): Pad 4 [COL_B_20] of D220 on F.Cu
[unconnected_items]: Missing connection between items
    Local override; error
    @(57.8650 mm, 35.3650 mm): Pad 4 [COL_B_20] of D220 on F.Cu
    @(57.8650 mm, 37.8650 mm): Pad 4 [COL_B_20] of D240 on F.Cu
[unconnected_items]: Missing connection between items
    Local override; error
    @(57.8650 mm, 37.8650 mm): Pad 4 [COL_B_20] of D240 on F.Cu
    @(57.8650 mm, 40.3650 mm): Pad 4 [COL_B_20] of D260 on F.Cu
[unconnected_items]: Missing connection between items
    Local override; error
    @(57.8650 mm, 40.3650 mm): Pad 4 [COL_B_20] of D260 on F.Cu
    @(57.8650 mm, 42.8650 mm): Pad 4 [COL_B_20] of D280 on F.Cu
[unconnected_items]: Missing connection between items
    Local override; error
    @(57.8650 mm, 42.8650 mm): Pad 4 [COL_B_20] of D280 on F.Cu
    @(57.8650 mm, 45.3650 mm): Pad 4 [COL_B_20] of D300 on F.Cu
[unconnected_items]: Missing connection between items
    Local override; error
    @(57.8650 mm, 45.3650 mm): Pad 4 [COL_B_20] of D300 on F.Cu
    @(57.8650 mm, 47.8650 mm): Pad 4 [COL_B_20] of D320 on F.Cu
[unconnected_items]: Missing connection between items
    Local override; error
    @(57.8650 mm, 47.8650 mm): Pad 4 [COL_B_20] of D320 on F.Cu
    @(57.8650 mm, 50.3650 mm): Pad 4 [COL_B_20] of D340 on F.Cu
[unconnected_items]: Missing connection between items
    Local override; error
    @(57.8650 mm, 50.3650 mm): Pad 4 [COL_B_20] of D340 on F.Cu
    @(57.8650 mm, 52.8650 mm): Pad 4 [COL_B_20] of D360 on F.Cu
[unconnected_items]: Missing connection between items
    Local override; error
    @(57.8650 mm, 52.8650 mm): Pad 4 [COL_B_20] of D360 on F.Cu
    @(57.8650 mm, 55.3650 mm): Pad 4 [COL_B_20] of D380 on F.Cu
[unconnected_items]: Missing connection between items
    Local override; error
    @(57.8650 mm, 55.3650 mm): Pad 4 [COL_B_20] of D380 on F.Cu
    @(57.8650 mm, 57.8650 mm): Pad 4 [COL_B_20] of D400 on F.Cu
[unconnected_items]: Missing connection between items
    Local override; error
    @(11.1350 mm, 35.3650 mm): Pad 1 [ROW_11_ANODE] of D201 on F.Cu
    @(13.6350 mm, 35.3650 mm): Pad 1 [ROW_11_ANODE] of D202 on F.Cu
[unconnected_items]: Missing connection between items
    Local override; error
    @(13.6350 mm, 35.3650 mm): Pad 1 [ROW_11_ANODE] of D202 on F.Cu
    @(16.1350 mm, 35.3650 mm): Pad 1 [ROW_11_ANODE] of D203 on F.Cu
[unconnected_items]: Missing connection between items
    Local override; error
    @(16.1350 mm, 35.3650 mm): Pad 1 [ROW_11_ANODE] of D203 on F.Cu
    @(18.6350 mm, 35.3650 mm): Pad 1 [ROW_11_ANODE] of D204 on F.Cu
[unconnected_items]: Missing connection between items
    Local override; error
    @(18.6350 mm, 35.3650 mm): Pad 1 [ROW_11_ANODE] of D204 on F.Cu
    @(21.1350 mm, 35.3650 mm): Pad 1 [ROW_11_ANODE] of D205 on F.Cu
[unconnected_items]: Missing connection between items
    Local override; error
    @(21.1350 mm, 35.3650 mm): Pad 1 [ROW_11_ANODE] of D205 on F.Cu
    @(23.6350 mm, 35.3650 mm): Pad 1 [ROW_11_ANODE] of D206 on F.Cu
[unconnected_items]: Missing connection between items
    Local override; error
    @(23.6350 mm, 35.3650 mm): Pad 1 [ROW_11_ANODE] of D206 on F.Cu
    @(26.1350 mm, 35.3650 mm): Pad 1 [ROW_11_ANODE] of D207 on F.Cu
[unconnected_items]: Missing connection between items
    Local override; error
    @(26.1350 mm, 35.3650 mm): Pad 1 [ROW_11_ANODE] of D207 on F.Cu
    @(28.6350 mm, 35.3650 mm): Pad 1 [ROW_11_ANODE] of D208 on F.Cu
[unconnected_items]: Missing connection between items
    Local override; error
    @(28.6350 mm, 35.3650 mm): Pad 1 [ROW_11_ANODE] of D208 on F.Cu
    @(31.1350 mm, 35.3650 mm): Pad 1 [ROW_11_ANODE] of D209 on F.Cu
[unconnected_items]: Missing connection between items
    Local override; error
    @(31.1350 mm, 35.3650 mm): Pad 1 [ROW_11_ANODE] of D209 on F.Cu
    @(33.6350 mm, 35.3650 mm): Pad 1 [ROW_11_ANODE] of D210 on F.Cu
[unconnected_items]: Missing connection between items
    Local override; error
    @(33.6350 mm, 35.3650 mm): Pad 1 [ROW_11_ANODE] of D210 on F.Cu
    @(36.1350 mm, 35.3650 mm): Pad 1 [ROW_11_ANODE] of D211 on F.Cu
[unconnected_items]: Missing connection between items
    Local override; error
    @(36.1350 mm, 35.3650 mm): Pad 1 [ROW_11_ANODE] of D211 on F.Cu
    @(38.6350 mm, 35.3650 mm): Pad 1 [ROW_11_ANODE] of D212 on F.Cu
[unconnected_items]: Missing connection between items
    Local override; error
    @(38.6350 mm, 35.3650 mm): Pad 1 [ROW_11_ANODE] of D212 on F.Cu
    @(41.1350 mm, 35.3650 mm): Pad 1 [ROW_11_ANODE] of D213 on F.Cu
[unconnected_items]: Missing connection between items
    Local override; error
    @(41.1350 mm, 35.3650 mm): Pad 1 [ROW_11_ANODE] of D213 on F.Cu
    @(43.6350 mm, 35.3650 mm): Pad 1 [ROW_11_ANODE] of D214 on F.Cu
[unconnected_items]: Missing connection between items
    Local override; error
    @(43.6350 mm, 35.3650 mm): Pad 1 [ROW_11_ANODE] of D214 on F.Cu
    @(46.1350 mm, 35.3650 mm): Pad 1 [ROW_11_ANODE] of D215 on F.Cu
[unconnected_items]: Missing connection between items
    Local override; error
    @(46.1350 mm, 35.3650 mm): Pad 1 [ROW_11_ANODE] of D215 on F.Cu
    @(48.6350 mm, 35.3650 mm): Pad 1 [ROW_11_ANODE] of D216 on F.Cu
[unconnected_items]: Missing connection between items
    Local override; error
    @(48.6350 mm, 35.3650 mm): Pad 1 [ROW_11_ANODE] of D216 on F.Cu
    @(51.1350 mm, 35.3650 mm): Pad 1 [ROW_11_ANODE] of D217 on F.Cu
[unconnected_items]: Missing connection between items
    Local override; error
    @(51.1350 mm, 35.3650 mm): Pad 1 [ROW_11_ANODE] of D217 on F.Cu
    @(53.6350 mm, 35.3650 mm): Pad 1 [ROW_11_ANODE] of D218 on F.Cu
[unconnected_items]: Missing connection between items
    Local override; error
    @(53.6350 mm, 35.3650 mm): Pad 1 [ROW_11_ANODE] of D218 on F.Cu
    @(56.1350 mm, 35.3650 mm): Pad 1 [ROW_11_ANODE] of D219 on F.Cu
[unconnected_items]: Missing connection between items
    Local override; error
    @(56.1350 mm, 35.3650 mm): Pad 1 [ROW_11_ANODE] of D219 on F.Cu
    @(58.6350 mm, 35.3650 mm): Pad 1 [ROW_11_ANODE] of D220 on F.Cu
[unconnected_items]: Missing connection between items
    Local override; error
    @(26.1350 mm, 11.1350 mm): Pad 2 [COL_R_07] of D7 on F.Cu
    @(26.1350 mm, 13.6350 mm): Pad 2 [COL_R_07] of D27 on F.Cu
[unconnected_items]: Missing connection between items
    Local override; error
    @(26.1350 mm, 13.6350 mm): Pad 2 [COL_R_07] of D27 on F.Cu
    @(26.1350 mm, 16.1350 mm): Pad 2 [COL_R_07] of D47 on F.Cu
[unconnected_items]: Missing connection between items
    Local override; error
    @(26.1350 mm, 16.1350 mm): Pad 2 [COL_R_07] of D47 on F.Cu
    @(26.1350 mm, 18.6350 mm): Pad 2 [COL_R_07] of D67 on F.Cu
[unconnected_items]: Missing connection between items
    Local override; error
    @(26.1350 mm, 18.6350 mm): Pad 2 [COL_R_07] of D67 on F.Cu
    @(26.1350 mm, 21.1350 mm): Pad 2 [COL_R_07] of D87 on F.Cu
[unconnected_items]: Missing connection between items
    Local override; error
    @(26.1350 mm, 21.1350 mm): Pad 2 [COL_R_07] of D87 on F.Cu
    @(26.1350 mm, 23.6350 mm): Pad 2 [COL_R_07] of D107 on F.Cu
[unconnected_items]: Missing connection between items
    Local override; error
    @(26.1350 mm, 23.6350 mm): Pad 2 [COL_R_07] of D107 on F.Cu
    @(26.1350 mm, 26.1350 mm): Pad 2 [COL_R_07] of D127 on F.Cu
[unconnected_items]: Missing connection between items
    Local override; error
    @(26.1350 mm, 26.1350 mm): Pad 2 [COL_R_07] of D127 on F.Cu
    @(26.1350 mm, 28.6350 mm): Pad 2 [COL_R_07] of D147 on F.Cu
[unconnected_items]: Missing connection between items
    Local override; error
    @(26.1350 mm, 28.6350 mm): Pad 2 [COL_R_07] of D147 on F.Cu
    @(26.1350 mm, 31.1350 mm): Pad 2 [COL_R_07] of D167 on F.Cu
[unconnected_items]: Missing connection between items
    Local override; error
    @(26.1350 mm, 31.1350 mm): Pad 2 [COL_R_07] of D167 on F.Cu
    @(26.1350 mm, 33.6350 mm): Pad 2 [COL_R_07] of D187 on F.Cu
[unconnected_items]: Missing connection between items
    Local override; error
    @(26.1350 mm, 33.6350 mm): Pad 2 [COL_R_07] of D187 on F.Cu
    @(26.1350 mm, 36.1350 mm): Pad 2 [COL_R_07] of D207 on F.Cu
[unconnected_items]: Missing connection between items
    Local override; error
    @(26.1350 mm, 36.1350 mm): Pad 2 [COL_R_07] of D207 on F.Cu
    @(26.1350 mm, 38.6350 mm): Pad 2 [COL_R_07] of D227 on F.Cu
[unconnected_items]: Missing connection between items
    Local override; error
    @(26.1350 mm, 38.6350 mm): Pad 2 [COL_R_07] of D227 on F.Cu
    @(26.1350 mm, 41.1350 mm): Pad 2 [COL_R_07] of D247 on F.Cu
[unconnected_items]: Missing connection between items
    Local override; error
    @(26.1350 mm, 41.1350 mm): Pad 2 [COL_R_07] of D247 on F.Cu
    @(26.1350 mm, 43.6350 mm): Pad 2 [COL_R_07] of D267 on F.Cu
[unconnected_items]: Missing connection between items
    Local override; error
    @(26.1350 mm, 43.6350 mm): Pad 2 [COL_R_07] of D267 on F.Cu
    @(26.1350 mm, 46.1350 mm): Pad 2 [COL_R_07] of D287 on F.Cu
[unconnected_items]: Missing connection between items
    Local override; error
    @(26.1350 mm, 46.1350 mm): Pad 2 [COL_R_07] of D287 on F.Cu
    @(26.1350 mm, 48.6350 mm): Pad 2 [COL_R_07] of D307 on F.Cu
[unconnected_items]: Missing connection between items
    Local override; error
    @(26.1350 mm, 48.6350 mm): Pad 2 [COL_R_07] of D307 on F.Cu
    @(26.1350 mm, 51.1350 mm): Pad 2 [COL_R_07] of D327 on F.Cu
[unconnected_items]: Missing connection between items
    Local override; error
    @(26.1350 mm, 51.1350 mm): Pad 2 [COL_R_07] of D327 on F.Cu
    @(26.1350 mm, 53.6350 mm): Pad 2 [COL_R_07] of D347 on F.Cu
[unconnected_items]: Missing connection between items
    Local override; error
    @(26.1350 mm, 53.6350 mm): Pad 2 [COL_R_07] of D347 on F.Cu
    @(26.1350 mm, 56.1350 mm): Pad 2 [COL_R_07] of D367 on F.Cu
[unconnected_items]: Missing connection between items
    Local override; error
    @(26.1350 mm, 56.1350 mm): Pad 2 [COL_R_07] of D367 on F.Cu
    @(26.1350 mm, 58.6350 mm): Pad 2 [COL_R_07] of D387 on F.Cu
[unconnected_items]: Missing connection between items
    Local override; error
    @(25.3650 mm, 11.1350 mm): Pad 3 [COL_G_07] of D7 on F.Cu
    @(25.3650 mm, 13.6350 mm): Pad 3 [COL_G_07] of D27 on F.Cu
[unconnected_items]: Missing connection between items
    Local override; error
    @(25.3650 mm, 13.6350 mm): Pad 3 [COL_G_07] of D27 on F.Cu
    @(25.3650 mm, 16.1350 mm): Pad 3 [COL_G_07] of D47 on F.Cu
[unconnected_items]: Missing connection between items
    Local override; error
    @(25.3650 mm, 16.1350 mm): Pad 3 [COL_G_07] of D47 on F.Cu
    @(25.3650 mm, 18.6350 mm): Pad 3 [COL_G_07] of D67 on F.Cu
[unconnected_items]: Missing connection between items
    Local override; error
    @(25.3650 mm, 18.6350 mm): Pad 3 [COL_G_07] of D67 on F.Cu
    @(25.3650 mm, 21.1350 mm): Pad 3 [COL_G_07] of D87 on F.Cu
[unconnected_items]: Missing connection between items
    Local override; error
    @(25.3650 mm, 21.1350 mm): Pad 3 [COL_G_07] of D87 on F.Cu
    @(25.3650 mm, 23.6350 mm): Pad 3 [COL_G_07] of D107 on F.Cu
[unconnected_items]: Missing connection between items
    Local override; error
    @(25.3650 mm, 23.6350 mm): Pad 3 [COL_G_07] of D107 on F.Cu
    @(25.3650 mm, 26.1350 mm): Pad 3 [COL_G_07] of D127 on F.Cu
[unconnected_items]: Missing connection between items
    Local override; error
    @(25.3650 mm, 26.1350 mm): Pad 3 [COL_G_07] of D127 on F.Cu
    @(25.3650 mm, 28.6350 mm): Pad 3 [COL_G_07] of D147 on F.Cu
[unconnected_items]: Missing connection between items
    Local override; error
    @(25.3650 mm, 28.6350 mm): Pad 3 [COL_G_07] of D147 on F.Cu
    @(25.3650 mm, 31.1350 mm): Pad 3 [COL_G_07] of D167 on F.Cu
[unconnected_items]: Missing connection between items
    Local override; error
    @(25.3650 mm, 31.1350 mm): Pad 3 [COL_G_07] of D167 on F.Cu
    @(25.3650 mm, 33.6350 mm): Pad 3 [COL_G_07] of D187 on F.Cu
[unconnected_items]: Missing connection between items
    Local override; error
    @(25.3650 mm, 33.6350 mm): Pad 3 [COL_G_07] of D187 on F.Cu
    @(25.3650 mm, 36.1350 mm): Pad 3 [COL_G_07] of D207 on F.Cu
[unconnected_items]: Missing connection between items
    Local override; error
    @(25.3650 mm, 36.1350 mm): Pad 3 [COL_G_07] of D207 on F.Cu
    @(25.3650 mm, 38.6350 mm): Pad 3 [COL_G_07] of D227 on F.Cu
[unconnected_items]: Missing connection between items
    Local override; error
    @(25.3650 mm, 38.6350 mm): Pad 3 [COL_G_07] of D227 on F.Cu
    @(25.3650 mm, 41.1350 mm): Pad 3 [COL_G_07] of D247 on F.Cu
[unconnected_items]: Missing connection between items
    Local override; error
    @(25.3650 mm, 41.1350 mm): Pad 3 [COL_G_07] of D247 on F.Cu
    @(25.3650 mm, 43.6350 mm): Pad 3 [COL_G_07] of D267 on F.Cu
[unconnected_items]: Missing connection between items
    Local override; error
    @(25.3650 mm, 43.6350 mm): Pad 3 [COL_G_07] of D267 on F.Cu
    @(25.3650 mm, 46.1350 mm): Pad 3 [COL_G_07] of D287 on F.Cu
[unconnected_items]: Missing connection between items
    Local override; error
    @(25.3650 mm, 46.1350 mm): Pad 3 [COL_G_07] of D287 on F.Cu
    @(25.3650 mm, 48.6350 mm): Pad 3 [COL_G_07] of D307 on F.Cu
[unconnected_items]: Missing connection between items
    Local override; error
    @(25.3650 mm, 48.6350 mm): Pad 3 [COL_G_07] of D307 on F.Cu
    @(25.3650 mm, 51.1350 mm): Pad 3 [COL_G_07] of D327 on F.Cu
[unconnected_items]: Missing connection between items
    Local override; error
    @(25.3650 mm, 51.1350 mm): Pad 3 [COL_G_07] of D327 on F.Cu
    @(25.3650 mm, 53.6350 mm): Pad 3 [COL_G_07] of D347 on F.Cu
[unconnected_items]: Missing connection between items
    Local override; error
    @(25.3650 mm, 53.6350 mm): Pad 3 [COL_G_07] of D347 on F.Cu
    @(25.3650 mm, 56.1350 mm): Pad 3 [COL_G_07] of D367 on F.Cu
[unconnected_items]: Missing connection between items
    Local override; error
    @(25.3650 mm, 56.1350 mm): Pad 3 [COL_G_07] of D367 on F.Cu
    @(25.3650 mm, 58.6350 mm): Pad 3 [COL_G_07] of D387 on F.Cu
[unconnected_items]: Missing connection between items
    Local override; error
    @(25.3650 mm, 10.3650 mm): Pad 4 [COL_B_07] of D7 on F.Cu
    @(25.3650 mm, 12.8650 mm): Pad 4 [COL_B_07] of D27 on F.Cu
[unconnected_items]: Missing connection between items
    Local override; error
    @(25.3650 mm, 12.8650 mm): Pad 4 [COL_B_07] of D27 on F.Cu
    @(25.3650 mm, 15.3650 mm): Pad 4 [COL_B_07] of D47 on F.Cu
[unconnected_items]: Missing connection between items
    Local override; error
    @(25.3650 mm, 15.3650 mm): Pad 4 [COL_B_07] of D47 on F.Cu
    @(25.3650 mm, 17.8650 mm): Pad 4 [COL_B_07] of D67 on F.Cu
[unconnected_items]: Missing connection between items
    Local override; error
    @(25.3650 mm, 17.8650 mm): Pad 4 [COL_B_07] of D67 on F.Cu
    @(25.3650 mm, 20.3650 mm): Pad 4 [COL_B_07] of D87 on F.Cu
[unconnected_items]: Missing connection between items
    Local override; error
    @(25.3650 mm, 20.3650 mm): Pad 4 [COL_B_07] of D87 on F.Cu
    @(25.3650 mm, 22.8650 mm): Pad 4 [COL_B_07] of D107 on F.Cu
[unconnected_items]: Missing connection between items
    Local override; error
    @(25.3650 mm, 22.8650 mm): Pad 4 [COL_B_07] of D107 on F.Cu
    @(25.3650 mm, 25.3650 mm): Pad 4 [COL_B_07] of D127 on F.Cu
[unconnected_items]: Missing connection between items
    Local override; error
    @(25.3650 mm, 25.3650 mm): Pad 4 [COL_B_07] of D127 on F.Cu
    @(25.3650 mm, 27.8650 mm): Pad 4 [COL_B_07] of D147 on F.Cu
[unconnected_items]: Missing connection between items
    Local override; error
    @(25.3650 mm, 27.8650 mm): Pad 4 [COL_B_07] of D147 on F.Cu
    @(25.3650 mm, 30.3650 mm): Pad 4 [COL_B_07] of D167 on F.Cu
[unconnected_items]: Missing connection between items
    Local override; error
    @(25.3650 mm, 30.3650 mm): Pad 4 [COL_B_07] of D167 on F.Cu
    @(25.3650 mm, 32.8650 mm): Pad 4 [COL_B_07] of D187 on F.Cu
[unconnected_items]: Missing connection between items
    Local override; error
    @(25.3650 mm, 32.8650 mm): Pad 4 [COL_B_07] of D187 on F.Cu
    @(25.3650 mm, 35.3650 mm): Pad 4 [COL_B_07] of D207 on F.Cu
[unconnected_items]: Missing connection between items
    Local override; error
    @(25.3650 mm, 35.3650 mm): Pad 4 [COL_B_07] of D207 on F.Cu
    @(25.3650 mm, 37.8650 mm): Pad 4 [COL_B_07] of D227 on F.Cu
[unconnected_items]: Missing connection between items
    Local override; error
    @(25.3650 mm, 37.8650 mm): Pad 4 [COL_B_07] of D227 on F.Cu
    @(25.3650 mm, 40.3650 mm): Pad 4 [COL_B_07] of D247 on F.Cu
[unconnected_items]: Missing connection between items
    Local override; error
    @(25.3650 mm, 40.3650 mm): Pad 4 [COL_B_07] of D247 on F.Cu
    @(25.3650 mm, 42.8650 mm): Pad 4 [COL_B_07] of D267 on F.Cu
[unconnected_items]: Missing connection between items
    Local override; error
    @(25.3650 mm, 42.8650 mm): Pad 4 [COL_B_07] of D267 on F.Cu
    @(25.3650 mm, 45.3650 mm): Pad 4 [COL_B_07] of D287 on F.Cu
[unconnected_items]: Missing connection between items
    Local override; error
    @(25.3650 mm, 45.3650 mm): Pad 4 [COL_B_07] of D287 on F.Cu
    @(25.3650 mm, 47.8650 mm): Pad 4 [COL_B_07] of D307 on F.Cu
[unconnected_items]: Missing connection between items
    Local override; error
    @(25.3650 mm, 47.8650 mm): Pad 4 [COL_B_07] of D307 on F.Cu
    @(25.3650 mm, 50.3650 mm): Pad 4 [COL_B_07] of D327 on F.Cu
[unconnected_items]: Missing connection between items
    Local override; error
    @(25.3650 mm, 50.3650 mm): Pad 4 [COL_B_07] of D327 on F.Cu
    @(25.3650 mm, 52.8650 mm): Pad 4 [COL_B_07] of D347 on F.Cu
[unconnected_items]: Missing connection between items
    Local override; error
    @(25.3650 mm, 52.8650 mm): Pad 4 [COL_B_07] of D347 on F.Cu
    @(25.3650 mm, 55.3650 mm): Pad 4 [COL_B_07] of D367 on F.Cu
[unconnected_items]: Missing connection between items
    Local override; error
    @(25.3650 mm, 55.3650 mm): Pad 4 [COL_B_07] of D367 on F.Cu
    @(25.3650 mm, 57.8650 mm): Pad 4 [COL_B_07] of D387 on F.Cu
[unconnected_items]: Missing connection between items
    Local override; error
    @(11.1350 mm, 37.8650 mm): Pad 1 [ROW_12_ANODE] of D221 on F.Cu
    @(13.6350 mm, 37.8650 mm): Pad 1 [ROW_12_ANODE] of D222 on F.Cu
[unconnected_items]: Missing connection between items
    Local override; error
    @(13.6350 mm, 37.8650 mm): Pad 1 [ROW_12_ANODE] of D222 on F.Cu
    @(16.1350 mm, 37.8650 mm): Pad 1 [ROW_12_ANODE] of D223 on F.Cu
[unconnected_items]: Missing connection between items
    Local override; error
    @(16.1350 mm, 37.8650 mm): Pad 1 [ROW_12_ANODE] of D223 on F.Cu
    @(18.6350 mm, 37.8650 mm): Pad 1 [ROW_12_ANODE] of D224 on F.Cu
[unconnected_items]: Missing connection between items
    Local override; error
    @(18.6350 mm, 37.8650 mm): Pad 1 [ROW_12_ANODE] of D224 on F.Cu
    @(21.1350 mm, 37.8650 mm): Pad 1 [ROW_12_ANODE] of D225 on F.Cu
[unconnected_items]: Missing connection between items
    Local override; error
    @(21.1350 mm, 37.8650 mm): Pad 1 [ROW_12_ANODE] of D225 on F.Cu
    @(23.6350 mm, 37.8650 mm): Pad 1 [ROW_12_ANODE] of D226 on F.Cu
[unconnected_items]: Missing connection between items
    Local override; error
    @(23.6350 mm, 37.8650 mm): Pad 1 [ROW_12_ANODE] of D226 on F.Cu
    @(26.1350 mm, 37.8650 mm): Pad 1 [ROW_12_ANODE] of D227 on F.Cu
[unconnected_items]: Missing connection between items
    Local override; error
    @(26.1350 mm, 37.8650 mm): Pad 1 [ROW_12_ANODE] of D227 on F.Cu
    @(28.6350 mm, 37.8650 mm): Pad 1 [ROW_12_ANODE] of D228 on F.Cu
[unconnected_items]: Missing connection between items
    Local override; error
    @(28.6350 mm, 37.8650 mm): Pad 1 [ROW_12_ANODE] of D228 on F.Cu
    @(31.1350 mm, 37.8650 mm): Pad 1 [ROW_12_ANODE] of D229 on F.Cu
[unconnected_items]: Missing connection between items
    Local override; error
    @(31.1350 mm, 37.8650 mm): Pad 1 [ROW_12_ANODE] of D229 on F.Cu
    @(33.6350 mm, 37.8650 mm): Pad 1 [ROW_12_ANODE] of D230 on F.Cu
[unconnected_items]: Missing connection between items
    Local override; error
    @(33.6350 mm, 37.8650 mm): Pad 1 [ROW_12_ANODE] of D230 on F.Cu
    @(36.1350 mm, 37.8650 mm): Pad 1 [ROW_12_ANODE] of D231 on F.Cu
[unconnected_items]: Missing connection between items
    Local override; error
    @(36.1350 mm, 37.8650 mm): Pad 1 [ROW_12_ANODE] of D231 on F.Cu
    @(38.6350 mm, 37.8650 mm): Pad 1 [ROW_12_ANODE] of D232 on F.Cu
[unconnected_items]: Missing connection between items
    Local override; error
    @(38.6350 mm, 37.8650 mm): Pad 1 [ROW_12_ANODE] of D232 on F.Cu
    @(41.1350 mm, 37.8650 mm): Pad 1 [ROW_12_ANODE] of D233 on F.Cu
[unconnected_items]: Missing connection between items
    Local override; error
    @(41.1350 mm, 37.8650 mm): Pad 1 [ROW_12_ANODE] of D233 on F.Cu
    @(43.6350 mm, 37.8650 mm): Pad 1 [ROW_12_ANODE] of D234 on F.Cu
[unconnected_items]: Missing connection between items
    Local override; error
    @(43.6350 mm, 37.8650 mm): Pad 1 [ROW_12_ANODE] of D234 on F.Cu
    @(46.1350 mm, 37.8650 mm): Pad 1 [ROW_12_ANODE] of D235 on F.Cu
[unconnected_items]: Missing connection between items
    Local override; error
    @(46.1350 mm, 37.8650 mm): Pad 1 [ROW_12_ANODE] of D235 on F.Cu
    @(48.6350 mm, 37.8650 mm): Pad 1 [ROW_12_ANODE] of D236 on F.Cu
[unconnected_items]: Missing connection between items
    Local override; error
    @(48.6350 mm, 37.8650 mm): Pad 1 [ROW_12_ANODE] of D236 on F.Cu
    @(51.1350 mm, 37.8650 mm): Pad 1 [ROW_12_ANODE] of D237 on F.Cu
[unconnected_items]: Missing connection between items
    Local override; error
    @(51.1350 mm, 37.8650 mm): Pad 1 [ROW_12_ANODE] of D237 on F.Cu
    @(53.6350 mm, 37.8650 mm): Pad 1 [ROW_12_ANODE] of D238 on F.Cu
[unconnected_items]: Missing connection between items
    Local override; error
    @(53.6350 mm, 37.8650 mm): Pad 1 [ROW_12_ANODE] of D238 on F.Cu
    @(56.1350 mm, 37.8650 mm): Pad 1 [ROW_12_ANODE] of D239 on F.Cu
[unconnected_items]: Missing connection between items
    Local override; error
    @(56.1350 mm, 37.8650 mm): Pad 1 [ROW_12_ANODE] of D239 on F.Cu
    @(58.6350 mm, 37.8650 mm): Pad 1 [ROW_12_ANODE] of D240 on F.Cu
[unconnected_items]: Missing connection between items
    Local override; error
    @(11.1350 mm, 16.1350 mm): Pad 2 [COL_R_01] of D41 on F.Cu
    @(11.1350 mm, 13.6350 mm): Track [COL_R_01] on F.Cu, length 0.5401 mm
[unconnected_items]: Missing connection between items
    Local override; error
    @(11.1350 mm, 18.6350 mm): Pad 2 [COL_R_01] of D61 on F.Cu
    @(11.1350 mm, 16.1350 mm): Pad 2 [COL_R_01] of D41 on F.Cu
[unconnected_items]: Missing connection between items
    Local override; error
    @(11.1350 mm, 21.1350 mm): Pad 2 [COL_R_01] of D81 on F.Cu
    @(11.1350 mm, 18.6350 mm): Pad 2 [COL_R_01] of D61 on F.Cu
[unconnected_items]: Missing connection between items
    Local override; error
    @(11.1350 mm, 23.6350 mm): Pad 2 [COL_R_01] of D101 on F.Cu
    @(11.1350 mm, 21.1350 mm): Pad 2 [COL_R_01] of D81 on F.Cu
[unconnected_items]: Missing connection between items
    Local override; error
    @(11.1350 mm, 26.1350 mm): Pad 2 [COL_R_01] of D121 on F.Cu
    @(11.1350 mm, 23.6350 mm): Pad 2 [COL_R_01] of D101 on F.Cu
[unconnected_items]: Missing connection between items
    Local override; error
    @(11.1350 mm, 28.6350 mm): Pad 2 [COL_R_01] of D141 on F.Cu
    @(11.1350 mm, 26.1350 mm): Pad 2 [COL_R_01] of D121 on F.Cu
[unconnected_items]: Missing connection between items
    Local override; error
    @(11.1350 mm, 31.1350 mm): Pad 2 [COL_R_01] of D161 on F.Cu
    @(11.1350 mm, 28.6350 mm): Pad 2 [COL_R_01] of D141 on F.Cu
[unconnected_items]: Missing connection between items
    Local override; error
    @(11.1350 mm, 33.6350 mm): Pad 2 [COL_R_01] of D181 on F.Cu
    @(11.1350 mm, 31.1350 mm): Pad 2 [COL_R_01] of D161 on F.Cu
[unconnected_items]: Missing connection between items
    Local override; error
    @(11.1350 mm, 36.1350 mm): Pad 2 [COL_R_01] of D201 on F.Cu
    @(11.1350 mm, 33.6350 mm): Pad 2 [COL_R_01] of D181 on F.Cu
[unconnected_items]: Missing connection between items
    Local override; error
    @(11.1350 mm, 38.6350 mm): Pad 2 [COL_R_01] of D221 on F.Cu
    @(11.1350 mm, 36.1350 mm): Pad 2 [COL_R_01] of D201 on F.Cu
[unconnected_items]: Missing connection between items
    Local override; error
    @(11.1350 mm, 41.1350 mm): Pad 2 [COL_R_01] of D241 on F.Cu
    @(11.1350 mm, 38.6350 mm): Pad 2 [COL_R_01] of D221 on F.Cu
[unconnected_items]: Missing connection between items
    Local override; error
    @(11.1350 mm, 43.6350 mm): Pad 2 [COL_R_01] of D261 on F.Cu
    @(11.1350 mm, 41.1350 mm): Pad 2 [COL_R_01] of D241 on F.Cu
[unconnected_items]: Missing connection between items
    Local override; error
    @(11.1350 mm, 46.1350 mm): Pad 2 [COL_R_01] of D281 on F.Cu
    @(11.1350 mm, 43.6350 mm): Pad 2 [COL_R_01] of D261 on F.Cu
[unconnected_items]: Missing connection between items
    Local override; error
    @(11.1350 mm, 48.6350 mm): Pad 2 [COL_R_01] of D301 on F.Cu
    @(11.1350 mm, 46.1350 mm): Pad 2 [COL_R_01] of D281 on F.Cu
[unconnected_items]: Missing connection between items
    Local override; error
    @(11.1350 mm, 51.1350 mm): Pad 2 [COL_R_01] of D321 on F.Cu
    @(11.1350 mm, 48.6350 mm): Pad 2 [COL_R_01] of D301 on F.Cu
[unconnected_items]: Missing connection between items
    Local override; error
    @(11.1350 mm, 53.6350 mm): Pad 2 [COL_R_01] of D341 on F.Cu
    @(11.1350 mm, 51.1350 mm): Pad 2 [COL_R_01] of D321 on F.Cu
[unconnected_items]: Missing connection between items
    Local override; error
    @(11.1350 mm, 56.1350 mm): Pad 2 [COL_R_01] of D361 on F.Cu
    @(11.1350 mm, 53.6350 mm): Pad 2 [COL_R_01] of D341 on F.Cu
[unconnected_items]: Missing connection between items
    Local override; error
    @(11.1350 mm, 58.6350 mm): Pad 2 [COL_R_01] of D381 on F.Cu
    @(11.1350 mm, 56.1350 mm): Pad 2 [COL_R_01] of D361 on F.Cu
[unconnected_items]: Missing connection between items
    Local override; error
    @(10.3650 mm, 16.1350 mm): Pad 3 [COL_G_01] of D41 on F.Cu
    @(10.3650 mm, 13.6350 mm): Track [COL_G_01] on F.Cu, length 0.5401 mm
[unconnected_items]: Missing connection between items
    Local override; error
    @(10.3650 mm, 16.1350 mm): Pad 3 [COL_G_01] of D41 on F.Cu
    @(10.3650 mm, 18.6350 mm): Pad 3 [COL_G_01] of D61 on F.Cu
[unconnected_items]: Missing connection between items
    Local override; error
    @(10.3650 mm, 18.6350 mm): Pad 3 [COL_G_01] of D61 on F.Cu
    @(10.3650 mm, 21.1350 mm): Pad 3 [COL_G_01] of D81 on F.Cu
[unconnected_items]: Missing connection between items
    Local override; error
    @(10.3650 mm, 21.1350 mm): Pad 3 [COL_G_01] of D81 on F.Cu
    @(10.3650 mm, 23.6350 mm): Pad 3 [COL_G_01] of D101 on F.Cu
[unconnected_items]: Missing connection between items
    Local override; error
    @(10.3650 mm, 23.6350 mm): Pad 3 [COL_G_01] of D101 on F.Cu
    @(10.3650 mm, 26.1350 mm): Pad 3 [COL_G_01] of D121 on F.Cu
[unconnected_items]: Missing connection between items
    Local override; error
    @(10.3650 mm, 26.1350 mm): Pad 3 [COL_G_01] of D121 on F.Cu
    @(10.3650 mm, 28.6350 mm): Pad 3 [COL_G_01] of D141 on F.Cu
[unconnected_items]: Missing connection between items
    Local override; error
    @(10.3650 mm, 28.6350 mm): Pad 3 [COL_G_01] of D141 on F.Cu
    @(10.3650 mm, 31.1350 mm): Pad 3 [COL_G_01] of D161 on F.Cu
[unconnected_items]: Missing connection between items
    Local override; error
    @(10.3650 mm, 31.1350 mm): Pad 3 [COL_G_01] of D161 on F.Cu
    @(10.3650 mm, 33.6350 mm): Pad 3 [COL_G_01] of D181 on F.Cu
[unconnected_items]: Missing connection between items
    Local override; error
    @(10.3650 mm, 33.6350 mm): Pad 3 [COL_G_01] of D181 on F.Cu
    @(10.3650 mm, 36.1350 mm): Pad 3 [COL_G_01] of D201 on F.Cu
[unconnected_items]: Missing connection between items
    Local override; error
    @(10.3650 mm, 36.1350 mm): Pad 3 [COL_G_01] of D201 on F.Cu
    @(10.3650 mm, 38.6350 mm): Pad 3 [COL_G_01] of D221 on F.Cu
[unconnected_items]: Missing connection between items
    Local override; error
    @(10.3650 mm, 38.6350 mm): Pad 3 [COL_G_01] of D221 on F.Cu
    @(10.3650 mm, 41.1350 mm): Pad 3 [COL_G_01] of D241 on F.Cu
[unconnected_items]: Missing connection between items
    Local override; error
    @(10.3650 mm, 41.1350 mm): Pad 3 [COL_G_01] of D241 on F.Cu
    @(10.3650 mm, 43.6350 mm): Pad 3 [COL_G_01] of D261 on F.Cu
[unconnected_items]: Missing connection between items
    Local override; error
    @(10.3650 mm, 43.6350 mm): Pad 3 [COL_G_01] of D261 on F.Cu
    @(10.3650 mm, 46.1350 mm): Pad 3 [COL_G_01] of D281 on F.Cu
[unconnected_items]: Missing connection between items
    Local override; error
    @(10.3650 mm, 46.1350 mm): Pad 3 [COL_G_01] of D281 on F.Cu
    @(10.3650 mm, 48.6350 mm): Pad 3 [COL_G_01] of D301 on F.Cu
[unconnected_items]: Missing connection between items
    Local override; error
    @(10.3650 mm, 48.6350 mm): Pad 3 [COL_G_01] of D301 on F.Cu
    @(10.3650 mm, 51.1350 mm): Pad 3 [COL_G_01] of D321 on F.Cu
[unconnected_items]: Missing connection between items
    Local override; error
    @(10.3650 mm, 51.1350 mm): Pad 3 [COL_G_01] of D321 on F.Cu
    @(10.3650 mm, 53.6350 mm): Pad 3 [COL_G_01] of D341 on F.Cu
[unconnected_items]: Missing connection between items
    Local override; error
    @(10.3650 mm, 53.6350 mm): Pad 3 [COL_G_01] of D341 on F.Cu
    @(10.3650 mm, 56.1350 mm): Pad 3 [COL_G_01] of D361 on F.Cu
[unconnected_items]: Missing connection between items
    Local override; error
    @(10.3650 mm, 56.1350 mm): Pad 3 [COL_G_01] of D361 on F.Cu
    @(10.3650 mm, 58.6350 mm): Pad 3 [COL_G_01] of D381 on F.Cu
[unconnected_items]: Missing connection between items
    Local override; error
    @(10.3650 mm, 15.3650 mm): Pad 4 [COL_B_01] of D41 on F.Cu
    @(10.3650 mm, 17.8650 mm): Pad 4 [COL_B_01] of D61 on F.Cu
[unconnected_items]: Missing connection between items
    Local override; error
    @(10.3650 mm, 17.8650 mm): Pad 4 [COL_B_01] of D61 on F.Cu
    @(10.3650 mm, 20.3650 mm): Pad 4 [COL_B_01] of D81 on F.Cu
[unconnected_items]: Missing connection between items
    Local override; error
    @(10.3650 mm, 20.3650 mm): Pad 4 [COL_B_01] of D81 on F.Cu
    @(10.3650 mm, 22.8650 mm): Pad 4 [COL_B_01] of D101 on F.Cu
[unconnected_items]: Missing connection between items
    Local override; error
    @(10.3650 mm, 22.8650 mm): Pad 4 [COL_B_01] of D101 on F.Cu
    @(10.3650 mm, 25.3650 mm): Pad 4 [COL_B_01] of D121 on F.Cu
[unconnected_items]: Missing connection between items
    Local override; error
    @(10.3650 mm, 25.3650 mm): Pad 4 [COL_B_01] of D121 on F.Cu
    @(10.3650 mm, 27.8650 mm): Pad 4 [COL_B_01] of D141 on F.Cu
[unconnected_items]: Missing connection between items
    Local override; error
    @(10.3650 mm, 27.8650 mm): Pad 4 [COL_B_01] of D141 on F.Cu
    @(10.3650 mm, 30.3650 mm): Pad 4 [COL_B_01] of D161 on F.Cu
[unconnected_items]: Missing connection between items
    Local override; error
    @(10.3650 mm, 30.3650 mm): Pad 4 [COL_B_01] of D161 on F.Cu
    @(10.3650 mm, 32.8650 mm): Pad 4 [COL_B_01] of D181 on F.Cu
[unconnected_items]: Missing connection between items
    Local override; error
    @(10.3650 mm, 32.8650 mm): Pad 4 [COL_B_01] of D181 on F.Cu
    @(10.3650 mm, 35.3650 mm): Pad 4 [COL_B_01] of D201 on F.Cu
[unconnected_items]: Missing connection between items
    Local override; error
    @(10.3650 mm, 35.3650 mm): Pad 4 [COL_B_01] of D201 on F.Cu
    @(10.3650 mm, 37.8650 mm): Pad 4 [COL_B_01] of D221 on F.Cu
[unconnected_items]: Missing connection between items
    Local override; error
    @(10.3650 mm, 37.8650 mm): Pad 4 [COL_B_01] of D221 on F.Cu
    @(10.3650 mm, 40.3650 mm): Pad 4 [COL_B_01] of D241 on F.Cu
[unconnected_items]: Missing connection between items
    Local override; error
    @(10.3650 mm, 40.3650 mm): Pad 4 [COL_B_01] of D241 on F.Cu
    @(10.3650 mm, 42.8650 mm): Pad 4 [COL_B_01] of D261 on F.Cu
[unconnected_items]: Missing connection between items
    Local override; error
    @(10.3650 mm, 42.8650 mm): Pad 4 [COL_B_01] of D261 on F.Cu
    @(10.3650 mm, 45.3650 mm): Pad 4 [COL_B_01] of D281 on F.Cu
[unconnected_items]: Missing connection between items
    Local override; error
    @(10.3650 mm, 45.3650 mm): Pad 4 [COL_B_01] of D281 on F.Cu
    @(10.3650 mm, 47.8650 mm): Pad 4 [COL_B_01] of D301 on F.Cu
[unconnected_items]: Missing connection between items
    Local override; error
    @(10.3650 mm, 47.8650 mm): Pad 4 [COL_B_01] of D301 on F.Cu
    @(10.3650 mm, 50.3650 mm): Pad 4 [COL_B_01] of D321 on F.Cu
[unconnected_items]: Missing connection between items
    Local override; error
    @(10.3650 mm, 50.3650 mm): Pad 4 [COL_B_01] of D321 on F.Cu
    @(10.3650 mm, 52.8650 mm): Pad 4 [COL_B_01] of D341 on F.Cu
[unconnected_items]: Missing connection between items
    Local override; error
    @(10.3650 mm, 52.8650 mm): Pad 4 [COL_B_01] of D341 on F.Cu
    @(10.3650 mm, 55.3650 mm): Pad 4 [COL_B_01] of D361 on F.Cu
[unconnected_items]: Missing connection between items
    Local override; error
    @(10.3650 mm, 55.3650 mm): Pad 4 [COL_B_01] of D361 on F.Cu
    @(10.3650 mm, 57.8650 mm): Pad 4 [COL_B_01] of D381 on F.Cu
[unconnected_items]: Missing connection between items
    Local override; error
    @(10.7500 mm, 13.2500 mm): Track [COL_B_01] on F.Cu, length 1.2750 mm
    @(10.3650 mm, 15.3650 mm): Pad 4 [COL_B_01] of D41 on F.Cu
[unconnected_items]: Missing connection between items
    Local override; error
    @(11.1350 mm, 50.3650 mm): Pad 1 [ROW_17_ANODE] of D321 on F.Cu
    @(13.6350 mm, 50.3650 mm): Pad 1 [ROW_17_ANODE] of D322 on F.Cu
[unconnected_items]: Missing connection between items
    Local override; error
    @(13.6350 mm, 50.3650 mm): Pad 1 [ROW_17_ANODE] of D322 on F.Cu
    @(16.1350 mm, 50.3650 mm): Pad 1 [ROW_17_ANODE] of D323 on F.Cu
[unconnected_items]: Missing connection between items
    Local override; error
    @(16.1350 mm, 50.3650 mm): Pad 1 [ROW_17_ANODE] of D323 on F.Cu
    @(18.6350 mm, 50.3650 mm): Pad 1 [ROW_17_ANODE] of D324 on F.Cu
[unconnected_items]: Missing connection between items
    Local override; error
    @(18.6350 mm, 50.3650 mm): Pad 1 [ROW_17_ANODE] of D324 on F.Cu
    @(21.1350 mm, 50.3650 mm): Pad 1 [ROW_17_ANODE] of D325 on F.Cu
[unconnected_items]: Missing connection between items
    Local override; error
    @(21.1350 mm, 50.3650 mm): Pad 1 [ROW_17_ANODE] of D325 on F.Cu
    @(23.6350 mm, 50.3650 mm): Pad 1 [ROW_17_ANODE] of D326 on F.Cu
[unconnected_items]: Missing connection between items
    Local override; error
    @(23.6350 mm, 50.3650 mm): Pad 1 [ROW_17_ANODE] of D326 on F.Cu
    @(26.1350 mm, 50.3650 mm): Pad 1 [ROW_17_ANODE] of D327 on F.Cu
[unconnected_items]: Missing connection between items
    Local override; error
    @(26.1350 mm, 50.3650 mm): Pad 1 [ROW_17_ANODE] of D327 on F.Cu
    @(28.6350 mm, 50.3650 mm): Pad 1 [ROW_17_ANODE] of D328 on F.Cu
[unconnected_items]: Missing connection between items
    Local override; error
    @(28.6350 mm, 50.3650 mm): Pad 1 [ROW_17_ANODE] of D328 on F.Cu
    @(31.1350 mm, 50.3650 mm): Pad 1 [ROW_17_ANODE] of D329 on F.Cu
[unconnected_items]: Missing connection between items
    Local override; error
    @(31.1350 mm, 50.3650 mm): Pad 1 [ROW_17_ANODE] of D329 on F.Cu
    @(33.6350 mm, 50.3650 mm): Pad 1 [ROW_17_ANODE] of D330 on F.Cu
[unconnected_items]: Missing connection between items
    Local override; error
    @(33.6350 mm, 50.3650 mm): Pad 1 [ROW_17_ANODE] of D330 on F.Cu
    @(36.1350 mm, 50.3650 mm): Pad 1 [ROW_17_ANODE] of D331 on F.Cu
[unconnected_items]: Missing connection between items
    Local override; error
    @(36.1350 mm, 50.3650 mm): Pad 1 [ROW_17_ANODE] of D331 on F.Cu
    @(38.6350 mm, 50.3650 mm): Pad 1 [ROW_17_ANODE] of D332 on F.Cu
[unconnected_items]: Missing connection between items
    Local override; error
    @(38.6350 mm, 50.3650 mm): Pad 1 [ROW_17_ANODE] of D332 on F.Cu
    @(41.1350 mm, 50.3650 mm): Pad 1 [ROW_17_ANODE] of D333 on F.Cu
[unconnected_items]: Missing connection between items
    Local override; error
    @(41.1350 mm, 50.3650 mm): Pad 1 [ROW_17_ANODE] of D333 on F.Cu
    @(43.6350 mm, 50.3650 mm): Pad 1 [ROW_17_ANODE] of D334 on F.Cu
[unconnected_items]: Missing connection between items
    Local override; error
    @(43.6350 mm, 50.3650 mm): Pad 1 [ROW_17_ANODE] of D334 on F.Cu
    @(46.1350 mm, 50.3650 mm): Pad 1 [ROW_17_ANODE] of D335 on F.Cu
[unconnected_items]: Missing connection between items
    Local override; error
    @(46.1350 mm, 50.3650 mm): Pad 1 [ROW_17_ANODE] of D335 on F.Cu
    @(48.6350 mm, 50.3650 mm): Pad 1 [ROW_17_ANODE] of D336 on F.Cu
[unconnected_items]: Missing connection between items
    Local override; error
    @(48.6350 mm, 50.3650 mm): Pad 1 [ROW_17_ANODE] of D336 on F.Cu
    @(51.1350 mm, 50.3650 mm): Pad 1 [ROW_17_ANODE] of D337 on F.Cu
[unconnected_items]: Missing connection between items
    Local override; error
    @(51.1350 mm, 50.3650 mm): Pad 1 [ROW_17_ANODE] of D337 on F.Cu
    @(53.6350 mm, 50.3650 mm): Pad 1 [ROW_17_ANODE] of D338 on F.Cu
[unconnected_items]: Missing connection between items
    Local override; error
    @(53.6350 mm, 50.3650 mm): Pad 1 [ROW_17_ANODE] of D338 on F.Cu
    @(56.1350 mm, 50.3650 mm): Pad 1 [ROW_17_ANODE] of D339 on F.Cu
[unconnected_items]: Missing connection between items
    Local override; error
    @(56.1350 mm, 50.3650 mm): Pad 1 [ROW_17_ANODE] of D339 on F.Cu
    @(58.6350 mm, 50.3650 mm): Pad 1 [ROW_17_ANODE] of D340 on F.Cu
[unconnected_items]: Missing connection between items
    Local override; error
    @(51.1350 mm, 11.1350 mm): Pad 2 [COL_R_17] of D17 on F.Cu
    @(51.1350 mm, 13.6350 mm): Pad 2 [COL_R_17] of D37 on F.Cu
[unconnected_items]: Missing connection between items
    Local override; error
    @(51.1350 mm, 13.6350 mm): Pad 2 [COL_R_17] of D37 on F.Cu
    @(51.1350 mm, 16.1350 mm): Pad 2 [COL_R_17] of D57 on F.Cu
[unconnected_items]: Missing connection between items
    Local override; error
    @(51.1350 mm, 16.1350 mm): Pad 2 [COL_R_17] of D57 on F.Cu
    @(51.1350 mm, 18.6350 mm): Pad 2 [COL_R_17] of D77 on F.Cu
[unconnected_items]: Missing connection between items
    Local override; error
    @(51.1350 mm, 18.6350 mm): Pad 2 [COL_R_17] of D77 on F.Cu
    @(51.1350 mm, 21.1350 mm): Pad 2 [COL_R_17] of D97 on F.Cu
[unconnected_items]: Missing connection between items
    Local override; error
    @(51.1350 mm, 21.1350 mm): Pad 2 [COL_R_17] of D97 on F.Cu
    @(51.1350 mm, 23.6350 mm): Pad 2 [COL_R_17] of D117 on F.Cu
[unconnected_items]: Missing connection between items
    Local override; error
    @(51.1350 mm, 23.6350 mm): Pad 2 [COL_R_17] of D117 on F.Cu
    @(51.1350 mm, 26.1350 mm): Pad 2 [COL_R_17] of D137 on F.Cu
[unconnected_items]: Missing connection between items
    Local override; error
    @(51.1350 mm, 26.1350 mm): Pad 2 [COL_R_17] of D137 on F.Cu
    @(51.1350 mm, 28.6350 mm): Pad 2 [COL_R_17] of D157 on F.Cu
[unconnected_items]: Missing connection between items
    Local override; error
    @(51.1350 mm, 28.6350 mm): Pad 2 [COL_R_17] of D157 on F.Cu
    @(51.1350 mm, 31.1350 mm): Pad 2 [COL_R_17] of D177 on F.Cu
[unconnected_items]: Missing connection between items
    Local override; error
    @(51.1350 mm, 31.1350 mm): Pad 2 [COL_R_17] of D177 on F.Cu
    @(51.1350 mm, 33.6350 mm): Pad 2 [COL_R_17] of D197 on F.Cu
[unconnected_items]: Missing connection between items
    Local override; error
    @(51.1350 mm, 33.6350 mm): Pad 2 [COL_R_17] of D197 on F.Cu
    @(51.1350 mm, 36.1350 mm): Pad 2 [COL_R_17] of D217 on F.Cu
[unconnected_items]: Missing connection between items
    Local override; error
    @(51.1350 mm, 36.1350 mm): Pad 2 [COL_R_17] of D217 on F.Cu
    @(51.1350 mm, 38.6350 mm): Pad 2 [COL_R_17] of D237 on F.Cu
[unconnected_items]: Missing connection between items
    Local override; error
    @(51.1350 mm, 38.6350 mm): Pad 2 [COL_R_17] of D237 on F.Cu
    @(51.1350 mm, 41.1350 mm): Pad 2 [COL_R_17] of D257 on F.Cu
[unconnected_items]: Missing connection between items
    Local override; error
    @(51.1350 mm, 41.1350 mm): Pad 2 [COL_R_17] of D257 on F.Cu
    @(51.1350 mm, 43.6350 mm): Pad 2 [COL_R_17] of D277 on F.Cu
[unconnected_items]: Missing connection between items
    Local override; error
    @(51.1350 mm, 43.6350 mm): Pad 2 [COL_R_17] of D277 on F.Cu
    @(51.1350 mm, 46.1350 mm): Pad 2 [COL_R_17] of D297 on F.Cu
[unconnected_items]: Missing connection between items
    Local override; error
    @(51.1350 mm, 46.1350 mm): Pad 2 [COL_R_17] of D297 on F.Cu
    @(51.1350 mm, 48.6350 mm): Pad 2 [COL_R_17] of D317 on F.Cu
[unconnected_items]: Missing connection between items
    Local override; error
    @(51.1350 mm, 48.6350 mm): Pad 2 [COL_R_17] of D317 on F.Cu
    @(51.1350 mm, 51.1350 mm): Pad 2 [COL_R_17] of D337 on F.Cu
[unconnected_items]: Missing connection between items
    Local override; error
    @(51.1350 mm, 51.1350 mm): Pad 2 [COL_R_17] of D337 on F.Cu
    @(51.1350 mm, 53.6350 mm): Pad 2 [COL_R_17] of D357 on F.Cu
[unconnected_items]: Missing connection between items
    Local override; error
    @(51.1350 mm, 53.6350 mm): Pad 2 [COL_R_17] of D357 on F.Cu
    @(51.1350 mm, 56.1350 mm): Pad 2 [COL_R_17] of D377 on F.Cu
[unconnected_items]: Missing connection between items
    Local override; error
    @(51.1350 mm, 56.1350 mm): Pad 2 [COL_R_17] of D377 on F.Cu
    @(51.1350 mm, 58.6350 mm): Pad 2 [COL_R_17] of D397 on F.Cu
[unconnected_items]: Missing connection between items
    Local override; error
    @(50.3650 mm, 11.1350 mm): Pad 3 [COL_G_17] of D17 on F.Cu
    @(50.3650 mm, 13.6350 mm): Pad 3 [COL_G_17] of D37 on F.Cu
[unconnected_items]: Missing connection between items
    Local override; error
    @(50.3650 mm, 13.6350 mm): Pad 3 [COL_G_17] of D37 on F.Cu
    @(50.3650 mm, 16.1350 mm): Pad 3 [COL_G_17] of D57 on F.Cu
[unconnected_items]: Missing connection between items
    Local override; error
    @(50.3650 mm, 16.1350 mm): Pad 3 [COL_G_17] of D57 on F.Cu
    @(50.3650 mm, 18.6350 mm): Pad 3 [COL_G_17] of D77 on F.Cu
[unconnected_items]: Missing connection between items
    Local override; error
    @(50.3650 mm, 18.6350 mm): Pad 3 [COL_G_17] of D77 on F.Cu
    @(50.3650 mm, 21.1350 mm): Pad 3 [COL_G_17] of D97 on F.Cu
[unconnected_items]: Missing connection between items
    Local override; error
    @(50.3650 mm, 21.1350 mm): Pad 3 [COL_G_17] of D97 on F.Cu
    @(50.3650 mm, 23.6350 mm): Pad 3 [COL_G_17] of D117 on F.Cu
[unconnected_items]: Missing connection between items
    Local override; error
    @(50.3650 mm, 23.6350 mm): Pad 3 [COL_G_17] of D117 on F.Cu
    @(50.3650 mm, 26.1350 mm): Pad 3 [COL_G_17] of D137 on F.Cu
[unconnected_items]: Missing connection between items
    Local override; error
    @(50.3650 mm, 26.1350 mm): Pad 3 [COL_G_17] of D137 on F.Cu
    @(50.3650 mm, 28.6350 mm): Pad 3 [COL_G_17] of D157 on F.Cu
[unconnected_items]: Missing connection between items
    Local override; error
    @(50.3650 mm, 28.6350 mm): Pad 3 [COL_G_17] of D157 on F.Cu
    @(50.3650 mm, 31.1350 mm): Pad 3 [COL_G_17] of D177 on F.Cu
[unconnected_items]: Missing connection between items
    Local override; error
    @(50.3650 mm, 31.1350 mm): Pad 3 [COL_G_17] of D177 on F.Cu
    @(50.3650 mm, 33.6350 mm): Pad 3 [COL_G_17] of D197 on F.Cu
[unconnected_items]: Missing connection between items
    Local override; error
    @(50.3650 mm, 33.6350 mm): Pad 3 [COL_G_17] of D197 on F.Cu
    @(50.3650 mm, 36.1350 mm): Pad 3 [COL_G_17] of D217 on F.Cu
[unconnected_items]: Missing connection between items
    Local override; error
    @(50.3650 mm, 36.1350 mm): Pad 3 [COL_G_17] of D217 on F.Cu
    @(50.3650 mm, 38.6350 mm): Pad 3 [COL_G_17] of D237 on F.Cu
[unconnected_items]: Missing connection between items
    Local override; error
    @(50.3650 mm, 38.6350 mm): Pad 3 [COL_G_17] of D237 on F.Cu
    @(50.3650 mm, 41.1350 mm): Pad 3 [COL_G_17] of D257 on F.Cu
[unconnected_items]: Missing connection between items
    Local override; error
    @(50.3650 mm, 41.1350 mm): Pad 3 [COL_G_17] of D257 on F.Cu
    @(50.3650 mm, 43.6350 mm): Pad 3 [COL_G_17] of D277 on F.Cu
[unconnected_items]: Missing connection between items
    Local override; error
    @(50.3650 mm, 43.6350 mm): Pad 3 [COL_G_17] of D277 on F.Cu
    @(50.3650 mm, 46.1350 mm): Pad 3 [COL_G_17] of D297 on F.Cu
[unconnected_items]: Missing connection between items
    Local override; error
    @(50.3650 mm, 46.1350 mm): Pad 3 [COL_G_17] of D297 on F.Cu
    @(50.3650 mm, 48.6350 mm): Pad 3 [COL_G_17] of D317 on F.Cu
[unconnected_items]: Missing connection between items
    Local override; error
    @(50.3650 mm, 48.6350 mm): Pad 3 [COL_G_17] of D317 on F.Cu
    @(50.3650 mm, 51.1350 mm): Pad 3 [COL_G_17] of D337 on F.Cu
[unconnected_items]: Missing connection between items
    Local override; error
    @(50.3650 mm, 51.1350 mm): Pad 3 [COL_G_17] of D337 on F.Cu
    @(50.3650 mm, 53.6350 mm): Pad 3 [COL_G_17] of D357 on F.Cu
[unconnected_items]: Missing connection between items
    Local override; error
    @(50.3650 mm, 53.6350 mm): Pad 3 [COL_G_17] of D357 on F.Cu
    @(50.3650 mm, 56.1350 mm): Pad 3 [COL_G_17] of D377 on F.Cu
[unconnected_items]: Missing connection between items
    Local override; error
    @(50.3650 mm, 56.1350 mm): Pad 3 [COL_G_17] of D377 on F.Cu
    @(50.3650 mm, 58.6350 mm): Pad 3 [COL_G_17] of D397 on F.Cu
[unconnected_items]: Missing connection between items
    Local override; error
    @(50.3650 mm, 10.3650 mm): Pad 4 [COL_B_17] of D17 on F.Cu
    @(50.3650 mm, 12.8650 mm): Pad 4 [COL_B_17] of D37 on F.Cu
[unconnected_items]: Missing connection between items
    Local override; error
    @(50.3650 mm, 12.8650 mm): Pad 4 [COL_B_17] of D37 on F.Cu
    @(50.3650 mm, 15.3650 mm): Pad 4 [COL_B_17] of D57 on F.Cu
[unconnected_items]: Missing connection between items
    Local override; error
    @(50.3650 mm, 15.3650 mm): Pad 4 [COL_B_17] of D57 on F.Cu
    @(50.3650 mm, 17.8650 mm): Pad 4 [COL_B_17] of D77 on F.Cu
[unconnected_items]: Missing connection between items
    Local override; error
    @(50.3650 mm, 17.8650 mm): Pad 4 [COL_B_17] of D77 on F.Cu
    @(50.3650 mm, 20.3650 mm): Pad 4 [COL_B_17] of D97 on F.Cu
[unconnected_items]: Missing connection between items
    Local override; error
    @(50.3650 mm, 20.3650 mm): Pad 4 [COL_B_17] of D97 on F.Cu
    @(50.3650 mm, 22.8650 mm): Pad 4 [COL_B_17] of D117 on F.Cu
[unconnected_items]: Missing connection between items
    Local override; error
    @(50.3650 mm, 22.8650 mm): Pad 4 [COL_B_17] of D117 on F.Cu
    @(50.3650 mm, 25.3650 mm): Pad 4 [COL_B_17] of D137 on F.Cu
[unconnected_items]: Missing connection between items
    Local override; error
    @(50.3650 mm, 25.3650 mm): Pad 4 [COL_B_17] of D137 on F.Cu
    @(50.3650 mm, 27.8650 mm): Pad 4 [COL_B_17] of D157 on F.Cu
[unconnected_items]: Missing connection between items
    Local override; error
    @(50.3650 mm, 27.8650 mm): Pad 4 [COL_B_17] of D157 on F.Cu
    @(50.3650 mm, 30.3650 mm): Pad 4 [COL_B_17] of D177 on F.Cu
[unconnected_items]: Missing connection between items
    Local override; error
    @(50.3650 mm, 30.3650 mm): Pad 4 [COL_B_17] of D177 on F.Cu
    @(50.3650 mm, 32.8650 mm): Pad 4 [COL_B_17] of D197 on F.Cu
[unconnected_items]: Missing connection between items
    Local override; error
    @(50.3650 mm, 32.8650 mm): Pad 4 [COL_B_17] of D197 on F.Cu
    @(50.3650 mm, 35.3650 mm): Pad 4 [COL_B_17] of D217 on F.Cu
[unconnected_items]: Missing connection between items
    Local override; error
    @(50.3650 mm, 35.3650 mm): Pad 4 [COL_B_17] of D217 on F.Cu
    @(50.3650 mm, 37.8650 mm): Pad 4 [COL_B_17] of D237 on F.Cu
[unconnected_items]: Missing connection between items
    Local override; error
    @(50.3650 mm, 37.8650 mm): Pad 4 [COL_B_17] of D237 on F.Cu
    @(50.3650 mm, 40.3650 mm): Pad 4 [COL_B_17] of D257 on F.Cu
[unconnected_items]: Missing connection between items
    Local override; error
    @(50.3650 mm, 40.3650 mm): Pad 4 [COL_B_17] of D257 on F.Cu
    @(50.3650 mm, 42.8650 mm): Pad 4 [COL_B_17] of D277 on F.Cu
[unconnected_items]: Missing connection between items
    Local override; error
    @(50.3650 mm, 42.8650 mm): Pad 4 [COL_B_17] of D277 on F.Cu
    @(50.3650 mm, 45.3650 mm): Pad 4 [COL_B_17] of D297 on F.Cu
[unconnected_items]: Missing connection between items
    Local override; error
    @(50.3650 mm, 45.3650 mm): Pad 4 [COL_B_17] of D297 on F.Cu
    @(50.3650 mm, 47.8650 mm): Pad 4 [COL_B_17] of D317 on F.Cu
[unconnected_items]: Missing connection between items
    Local override; error
    @(50.3650 mm, 47.8650 mm): Pad 4 [COL_B_17] of D317 on F.Cu
    @(50.3650 mm, 50.3650 mm): Pad 4 [COL_B_17] of D337 on F.Cu
[unconnected_items]: Missing connection between items
    Local override; error
    @(50.3650 mm, 50.3650 mm): Pad 4 [COL_B_17] of D337 on F.Cu
    @(50.3650 mm, 52.8650 mm): Pad 4 [COL_B_17] of D357 on F.Cu
[unconnected_items]: Missing connection between items
    Local override; error
    @(50.3650 mm, 52.8650 mm): Pad 4 [COL_B_17] of D357 on F.Cu
    @(50.3650 mm, 55.3650 mm): Pad 4 [COL_B_17] of D377 on F.Cu
[unconnected_items]: Missing connection between items
    Local override; error
    @(50.3650 mm, 55.3650 mm): Pad 4 [COL_B_17] of D377 on F.Cu
    @(50.3650 mm, 57.8650 mm): Pad 4 [COL_B_17] of D397 on F.Cu
[unconnected_items]: Missing connection between items
    Local override; error
    @(11.1350 mm, 20.3650 mm): Pad 1 [ROW_05_ANODE] of D81 on F.Cu
    @(13.6350 mm, 20.3650 mm): Pad 1 [ROW_05_ANODE] of D82 on F.Cu
[unconnected_items]: Missing connection between items
    Local override; error
    @(13.6350 mm, 20.3650 mm): Pad 1 [ROW_05_ANODE] of D82 on F.Cu
    @(16.1350 mm, 20.3650 mm): Pad 1 [ROW_05_ANODE] of D83 on F.Cu
[unconnected_items]: Missing connection between items
    Local override; error
    @(16.1350 mm, 20.3650 mm): Pad 1 [ROW_05_ANODE] of D83 on F.Cu
    @(18.6350 mm, 20.3650 mm): Pad 1 [ROW_05_ANODE] of D84 on F.Cu
[unconnected_items]: Missing connection between items
    Local override; error
    @(18.6350 mm, 20.3650 mm): Pad 1 [ROW_05_ANODE] of D84 on F.Cu
    @(21.1350 mm, 20.3650 mm): Pad 1 [ROW_05_ANODE] of D85 on F.Cu
[unconnected_items]: Missing connection between items
    Local override; error
    @(21.1350 mm, 20.3650 mm): Pad 1 [ROW_05_ANODE] of D85 on F.Cu
    @(23.6350 mm, 20.3650 mm): Pad 1 [ROW_05_ANODE] of D86 on F.Cu
[unconnected_items]: Missing connection between items
    Local override; error
    @(23.6350 mm, 20.3650 mm): Pad 1 [ROW_05_ANODE] of D86 on F.Cu
    @(26.1350 mm, 20.3650 mm): Pad 1 [ROW_05_ANODE] of D87 on F.Cu
[unconnected_items]: Missing connection between items
    Local override; error
    @(26.1350 mm, 20.3650 mm): Pad 1 [ROW_05_ANODE] of D87 on F.Cu
    @(28.6350 mm, 20.3650 mm): Pad 1 [ROW_05_ANODE] of D88 on F.Cu
[unconnected_items]: Missing connection between items
    Local override; error
    @(28.6350 mm, 20.3650 mm): Pad 1 [ROW_05_ANODE] of D88 on F.Cu
    @(31.1350 mm, 20.3650 mm): Pad 1 [ROW_05_ANODE] of D89 on F.Cu
[unconnected_items]: Missing connection between items
    Local override; error
    @(31.1350 mm, 20.3650 mm): Pad 1 [ROW_05_ANODE] of D89 on F.Cu
    @(33.6350 mm, 20.3650 mm): Pad 1 [ROW_05_ANODE] of D90 on F.Cu
[unconnected_items]: Missing connection between items
    Local override; error
    @(33.6350 mm, 20.3650 mm): Pad 1 [ROW_05_ANODE] of D90 on F.Cu
    @(36.1350 mm, 20.3650 mm): Pad 1 [ROW_05_ANODE] of D91 on F.Cu
[unconnected_items]: Missing connection between items
    Local override; error
    @(36.1350 mm, 20.3650 mm): Pad 1 [ROW_05_ANODE] of D91 on F.Cu
    @(38.6350 mm, 20.3650 mm): Pad 1 [ROW_05_ANODE] of D92 on F.Cu
[unconnected_items]: Missing connection between items
    Local override; error
    @(38.6350 mm, 20.3650 mm): Pad 1 [ROW_05_ANODE] of D92 on F.Cu
    @(41.1350 mm, 20.3650 mm): Pad 1 [ROW_05_ANODE] of D93 on F.Cu
[unconnected_items]: Missing connection between items
    Local override; error
    @(41.1350 mm, 20.3650 mm): Pad 1 [ROW_05_ANODE] of D93 on F.Cu
    @(43.6350 mm, 20.3650 mm): Pad 1 [ROW_05_ANODE] of D94 on F.Cu
[unconnected_items]: Missing connection between items
    Local override; error
    @(43.6350 mm, 20.3650 mm): Pad 1 [ROW_05_ANODE] of D94 on F.Cu
    @(46.1350 mm, 20.3650 mm): Pad 1 [ROW_05_ANODE] of D95 on F.Cu
[unconnected_items]: Missing connection between items
    Local override; error
    @(46.1350 mm, 20.3650 mm): Pad 1 [ROW_05_ANODE] of D95 on F.Cu
    @(48.6350 mm, 20.3650 mm): Pad 1 [ROW_05_ANODE] of D96 on F.Cu
[unconnected_items]: Missing connection between items
    Local override; error
    @(48.6350 mm, 20.3650 mm): Pad 1 [ROW_05_ANODE] of D96 on F.Cu
    @(51.1350 mm, 20.3650 mm): Pad 1 [ROW_05_ANODE] of D97 on F.Cu
[unconnected_items]: Missing connection between items
    Local override; error
    @(51.1350 mm, 20.3650 mm): Pad 1 [ROW_05_ANODE] of D97 on F.Cu
    @(53.6350 mm, 20.3650 mm): Pad 1 [ROW_05_ANODE] of D98 on F.Cu
[unconnected_items]: Missing connection between items
    Local override; error
    @(53.6350 mm, 20.3650 mm): Pad 1 [ROW_05_ANODE] of D98 on F.Cu
    @(56.1350 mm, 20.3650 mm): Pad 1 [ROW_05_ANODE] of D99 on F.Cu
[unconnected_items]: Missing connection between items
    Local override; error
    @(56.1350 mm, 20.3650 mm): Pad 1 [ROW_05_ANODE] of D99 on F.Cu
    @(58.6350 mm, 20.3650 mm): Pad 1 [ROW_05_ANODE] of D100 on F.Cu
[unconnected_items]: Missing connection between items
    Local override; error
    @(48.6350 mm, 11.1350 mm): Pad 2 [COL_R_16] of D16 on F.Cu
    @(48.6350 mm, 13.6350 mm): Pad 2 [COL_R_16] of D36 on F.Cu
[unconnected_items]: Missing connection between items
    Local override; error
    @(48.6350 mm, 13.6350 mm): Pad 2 [COL_R_16] of D36 on F.Cu
    @(48.6350 mm, 16.1350 mm): Pad 2 [COL_R_16] of D56 on F.Cu
[unconnected_items]: Missing connection between items
    Local override; error
    @(48.6350 mm, 16.1350 mm): Pad 2 [COL_R_16] of D56 on F.Cu
    @(48.6350 mm, 18.6350 mm): Pad 2 [COL_R_16] of D76 on F.Cu
[unconnected_items]: Missing connection between items
    Local override; error
    @(48.6350 mm, 18.6350 mm): Pad 2 [COL_R_16] of D76 on F.Cu
    @(48.6350 mm, 21.1350 mm): Pad 2 [COL_R_16] of D96 on F.Cu
[unconnected_items]: Missing connection between items
    Local override; error
    @(48.6350 mm, 21.1350 mm): Pad 2 [COL_R_16] of D96 on F.Cu
    @(48.6350 mm, 23.6350 mm): Pad 2 [COL_R_16] of D116 on F.Cu
[unconnected_items]: Missing connection between items
    Local override; error
    @(48.6350 mm, 23.6350 mm): Pad 2 [COL_R_16] of D116 on F.Cu
    @(48.6350 mm, 26.1350 mm): Pad 2 [COL_R_16] of D136 on F.Cu
[unconnected_items]: Missing connection between items
    Local override; error
    @(48.6350 mm, 26.1350 mm): Pad 2 [COL_R_16] of D136 on F.Cu
    @(48.6350 mm, 28.6350 mm): Pad 2 [COL_R_16] of D156 on F.Cu
[unconnected_items]: Missing connection between items
    Local override; error
    @(48.6350 mm, 28.6350 mm): Pad 2 [COL_R_16] of D156 on F.Cu
    @(48.6350 mm, 31.1350 mm): Pad 2 [COL_R_16] of D176 on F.Cu
[unconnected_items]: Missing connection between items
    Local override; error
    @(48.6350 mm, 31.1350 mm): Pad 2 [COL_R_16] of D176 on F.Cu
    @(48.6350 mm, 33.6350 mm): Pad 2 [COL_R_16] of D196 on F.Cu
[unconnected_items]: Missing connection between items
    Local override; error
    @(48.6350 mm, 33.6350 mm): Pad 2 [COL_R_16] of D196 on F.Cu
    @(48.6350 mm, 36.1350 mm): Pad 2 [COL_R_16] of D216 on F.Cu
[unconnected_items]: Missing connection between items
    Local override; error
    @(48.6350 mm, 36.1350 mm): Pad 2 [COL_R_16] of D216 on F.Cu
    @(48.6350 mm, 38.6350 mm): Pad 2 [COL_R_16] of D236 on F.Cu
[unconnected_items]: Missing connection between items
    Local override; error
    @(48.6350 mm, 38.6350 mm): Pad 2 [COL_R_16] of D236 on F.Cu
    @(48.6350 mm, 41.1350 mm): Pad 2 [COL_R_16] of D256 on F.Cu
[unconnected_items]: Missing connection between items
    Local override; error
    @(48.6350 mm, 41.1350 mm): Pad 2 [COL_R_16] of D256 on F.Cu
    @(48.6350 mm, 43.6350 mm): Pad 2 [COL_R_16] of D276 on F.Cu
[unconnected_items]: Missing connection between items
    Local override; error
    @(48.6350 mm, 43.6350 mm): Pad 2 [COL_R_16] of D276 on F.Cu
    @(48.6350 mm, 46.1350 mm): Pad 2 [COL_R_16] of D296 on F.Cu
[unconnected_items]: Missing connection between items
    Local override; error
    @(48.6350 mm, 46.1350 mm): Pad 2 [COL_R_16] of D296 on F.Cu
    @(48.6350 mm, 48.6350 mm): Pad 2 [COL_R_16] of D316 on F.Cu
[unconnected_items]: Missing connection between items
    Local override; error
    @(48.6350 mm, 48.6350 mm): Pad 2 [COL_R_16] of D316 on F.Cu
    @(48.6350 mm, 51.1350 mm): Pad 2 [COL_R_16] of D336 on F.Cu
[unconnected_items]: Missing connection between items
    Local override; error
    @(48.6350 mm, 51.1350 mm): Pad 2 [COL_R_16] of D336 on F.Cu
    @(48.6350 mm, 53.6350 mm): Pad 2 [COL_R_16] of D356 on F.Cu
[unconnected_items]: Missing connection between items
    Local override; error
    @(48.6350 mm, 53.6350 mm): Pad 2 [COL_R_16] of D356 on F.Cu
    @(48.6350 mm, 56.1350 mm): Pad 2 [COL_R_16] of D376 on F.Cu
[unconnected_items]: Missing connection between items
    Local override; error
    @(48.6350 mm, 56.1350 mm): Pad 2 [COL_R_16] of D376 on F.Cu
    @(48.6350 mm, 58.6350 mm): Pad 2 [COL_R_16] of D396 on F.Cu
[unconnected_items]: Missing connection between items
    Local override; error
    @(47.8650 mm, 11.1350 mm): Pad 3 [COL_G_16] of D16 on F.Cu
    @(47.8650 mm, 13.6350 mm): Pad 3 [COL_G_16] of D36 on F.Cu
[unconnected_items]: Missing connection between items
    Local override; error
    @(47.8650 mm, 13.6350 mm): Pad 3 [COL_G_16] of D36 on F.Cu
    @(47.8650 mm, 16.1350 mm): Pad 3 [COL_G_16] of D56 on F.Cu
[unconnected_items]: Missing connection between items
    Local override; error
    @(47.8650 mm, 16.1350 mm): Pad 3 [COL_G_16] of D56 on F.Cu
    @(47.8650 mm, 18.6350 mm): Pad 3 [COL_G_16] of D76 on F.Cu
[unconnected_items]: Missing connection between items
    Local override; error
    @(47.8650 mm, 18.6350 mm): Pad 3 [COL_G_16] of D76 on F.Cu
    @(47.8650 mm, 21.1350 mm): Pad 3 [COL_G_16] of D96 on F.Cu
[unconnected_items]: Missing connection between items
    Local override; error
    @(47.8650 mm, 21.1350 mm): Pad 3 [COL_G_16] of D96 on F.Cu
    @(47.8650 mm, 23.6350 mm): Pad 3 [COL_G_16] of D116 on F.Cu
[unconnected_items]: Missing connection between items
    Local override; error
    @(47.8650 mm, 23.6350 mm): Pad 3 [COL_G_16] of D116 on F.Cu
    @(47.8650 mm, 26.1350 mm): Pad 3 [COL_G_16] of D136 on F.Cu
[unconnected_items]: Missing connection between items
    Local override; error
    @(47.8650 mm, 26.1350 mm): Pad 3 [COL_G_16] of D136 on F.Cu
    @(47.8650 mm, 28.6350 mm): Pad 3 [COL_G_16] of D156 on F.Cu
[unconnected_items]: Missing connection between items
    Local override; error
    @(47.8650 mm, 28.6350 mm): Pad 3 [COL_G_16] of D156 on F.Cu
    @(47.8650 mm, 31.1350 mm): Pad 3 [COL_G_16] of D176 on F.Cu
[unconnected_items]: Missing connection between items
    Local override; error
    @(47.8650 mm, 31.1350 mm): Pad 3 [COL_G_16] of D176 on F.Cu
    @(47.8650 mm, 33.6350 mm): Pad 3 [COL_G_16] of D196 on F.Cu
[unconnected_items]: Missing connection between items
    Local override; error
    @(47.8650 mm, 33.6350 mm): Pad 3 [COL_G_16] of D196 on F.Cu
    @(47.8650 mm, 36.1350 mm): Pad 3 [COL_G_16] of D216 on F.Cu
[unconnected_items]: Missing connection between items
    Local override; error
    @(47.8650 mm, 36.1350 mm): Pad 3 [COL_G_16] of D216 on F.Cu
    @(47.8650 mm, 38.6350 mm): Pad 3 [COL_G_16] of D236 on F.Cu
[unconnected_items]: Missing connection between items
    Local override; error
    @(47.8650 mm, 38.6350 mm): Pad 3 [COL_G_16] of D236 on F.Cu
    @(47.8650 mm, 41.1350 mm): Pad 3 [COL_G_16] of D256 on F.Cu
[unconnected_items]: Missing connection between items
    Local override; error
    @(47.8650 mm, 41.1350 mm): Pad 3 [COL_G_16] of D256 on F.Cu
    @(47.8650 mm, 43.6350 mm): Pad 3 [COL_G_16] of D276 on F.Cu
[unconnected_items]: Missing connection between items
    Local override; error
    @(47.8650 mm, 43.6350 mm): Pad 3 [COL_G_16] of D276 on F.Cu
    @(47.8650 mm, 46.1350 mm): Pad 3 [COL_G_16] of D296 on F.Cu
[unconnected_items]: Missing connection between items
    Local override; error
    @(47.8650 mm, 46.1350 mm): Pad 3 [COL_G_16] of D296 on F.Cu
    @(47.8650 mm, 48.6350 mm): Pad 3 [COL_G_16] of D316 on F.Cu
[unconnected_items]: Missing connection between items
    Local override; error
    @(47.8650 mm, 48.6350 mm): Pad 3 [COL_G_16] of D316 on F.Cu
    @(47.8650 mm, 51.1350 mm): Pad 3 [COL_G_16] of D336 on F.Cu
[unconnected_items]: Missing connection between items
    Local override; error
    @(47.8650 mm, 51.1350 mm): Pad 3 [COL_G_16] of D336 on F.Cu
    @(47.8650 mm, 53.6350 mm): Pad 3 [COL_G_16] of D356 on F.Cu
[unconnected_items]: Missing connection between items
    Local override; error
    @(47.8650 mm, 53.6350 mm): Pad 3 [COL_G_16] of D356 on F.Cu
    @(47.8650 mm, 56.1350 mm): Pad 3 [COL_G_16] of D376 on F.Cu
[unconnected_items]: Missing connection between items
    Local override; error
    @(47.8650 mm, 56.1350 mm): Pad 3 [COL_G_16] of D376 on F.Cu
    @(47.8650 mm, 58.6350 mm): Pad 3 [COL_G_16] of D396 on F.Cu
[unconnected_items]: Missing connection between items
    Local override; error
    @(47.8650 mm, 10.3650 mm): Pad 4 [COL_B_16] of D16 on F.Cu
    @(47.8650 mm, 12.8650 mm): Pad 4 [COL_B_16] of D36 on F.Cu
[unconnected_items]: Missing connection between items
    Local override; error
    @(47.8650 mm, 12.8650 mm): Pad 4 [COL_B_16] of D36 on F.Cu
    @(47.8650 mm, 15.3650 mm): Pad 4 [COL_B_16] of D56 on F.Cu
[unconnected_items]: Missing connection between items
    Local override; error
    @(47.8650 mm, 15.3650 mm): Pad 4 [COL_B_16] of D56 on F.Cu
    @(47.8650 mm, 17.8650 mm): Pad 4 [COL_B_16] of D76 on F.Cu
[unconnected_items]: Missing connection between items
    Local override; error
    @(47.8650 mm, 17.8650 mm): Pad 4 [COL_B_16] of D76 on F.Cu
    @(47.8650 mm, 20.3650 mm): Pad 4 [COL_B_16] of D96 on F.Cu
[unconnected_items]: Missing connection between items
    Local override; error
    @(47.8650 mm, 20.3650 mm): Pad 4 [COL_B_16] of D96 on F.Cu
    @(47.8650 mm, 22.8650 mm): Pad 4 [COL_B_16] of D116 on F.Cu
[unconnected_items]: Missing connection between items
    Local override; error
    @(47.8650 mm, 22.8650 mm): Pad 4 [COL_B_16] of D116 on F.Cu
    @(47.8650 mm, 25.3650 mm): Pad 4 [COL_B_16] of D136 on F.Cu
[unconnected_items]: Missing connection between items
    Local override; error
    @(47.8650 mm, 25.3650 mm): Pad 4 [COL_B_16] of D136 on F.Cu
    @(47.8650 mm, 27.8650 mm): Pad 4 [COL_B_16] of D156 on F.Cu
[unconnected_items]: Missing connection between items
    Local override; error
    @(47.8650 mm, 27.8650 mm): Pad 4 [COL_B_16] of D156 on F.Cu
    @(47.8650 mm, 30.3650 mm): Pad 4 [COL_B_16] of D176 on F.Cu
[unconnected_items]: Missing connection between items
    Local override; error
    @(47.8650 mm, 30.3650 mm): Pad 4 [COL_B_16] of D176 on F.Cu
    @(47.8650 mm, 32.8650 mm): Pad 4 [COL_B_16] of D196 on F.Cu
[unconnected_items]: Missing connection between items
    Local override; error
    @(47.8650 mm, 32.8650 mm): Pad 4 [COL_B_16] of D196 on F.Cu
    @(47.8650 mm, 35.3650 mm): Pad 4 [COL_B_16] of D216 on F.Cu
[unconnected_items]: Missing connection between items
    Local override; error
    @(47.8650 mm, 35.3650 mm): Pad 4 [COL_B_16] of D216 on F.Cu
    @(47.8650 mm, 37.8650 mm): Pad 4 [COL_B_16] of D236 on F.Cu
[unconnected_items]: Missing connection between items
    Local override; error
    @(47.8650 mm, 37.8650 mm): Pad 4 [COL_B_16] of D236 on F.Cu
    @(47.8650 mm, 40.3650 mm): Pad 4 [COL_B_16] of D256 on F.Cu
[unconnected_items]: Missing connection between items
    Local override; error
    @(47.8650 mm, 40.3650 mm): Pad 4 [COL_B_16] of D256 on F.Cu
    @(47.8650 mm, 42.8650 mm): Pad 4 [COL_B_16] of D276 on F.Cu
[unconnected_items]: Missing connection between items
    Local override; error
    @(47.8650 mm, 42.8650 mm): Pad 4 [COL_B_16] of D276 on F.Cu
    @(47.8650 mm, 45.3650 mm): Pad 4 [COL_B_16] of D296 on F.Cu
[unconnected_items]: Missing connection between items
    Local override; error
    @(47.8650 mm, 45.3650 mm): Pad 4 [COL_B_16] of D296 on F.Cu
    @(47.8650 mm, 47.8650 mm): Pad 4 [COL_B_16] of D316 on F.Cu
[unconnected_items]: Missing connection between items
    Local override; error
    @(47.8650 mm, 47.8650 mm): Pad 4 [COL_B_16] of D316 on F.Cu
    @(47.8650 mm, 50.3650 mm): Pad 4 [COL_B_16] of D336 on F.Cu
[unconnected_items]: Missing connection between items
    Local override; error
    @(47.8650 mm, 50.3650 mm): Pad 4 [COL_B_16] of D336 on F.Cu
    @(47.8650 mm, 52.8650 mm): Pad 4 [COL_B_16] of D356 on F.Cu
[unconnected_items]: Missing connection between items
    Local override; error
    @(47.8650 mm, 52.8650 mm): Pad 4 [COL_B_16] of D356 on F.Cu
    @(47.8650 mm, 55.3650 mm): Pad 4 [COL_B_16] of D376 on F.Cu
[unconnected_items]: Missing connection between items
    Local override; error
    @(47.8650 mm, 55.3650 mm): Pad 4 [COL_B_16] of D376 on F.Cu
    @(47.8650 mm, 57.8650 mm): Pad 4 [COL_B_16] of D396 on F.Cu
[unconnected_items]: Missing connection between items
    Local override; error
    @(11.1350 mm, 57.8650 mm): Pad 1 [ROW_20_ANODE] of D381 on F.Cu
    @(13.6350 mm, 57.8650 mm): Pad 1 [ROW_20_ANODE] of D382 on F.Cu
[unconnected_items]: Missing connection between items
    Local override; error
    @(13.6350 mm, 57.8650 mm): Pad 1 [ROW_20_ANODE] of D382 on F.Cu
    @(16.1350 mm, 57.8650 mm): Pad 1 [ROW_20_ANODE] of D383 on F.Cu
[unconnected_items]: Missing connection between items
    Local override; error
    @(16.1350 mm, 57.8650 mm): Pad 1 [ROW_20_ANODE] of D383 on F.Cu
    @(18.6350 mm, 57.8650 mm): Pad 1 [ROW_20_ANODE] of D384 on F.Cu
[unconnected_items]: Missing connection between items
    Local override; error
    @(18.6350 mm, 57.8650 mm): Pad 1 [ROW_20_ANODE] of D384 on F.Cu
    @(21.1350 mm, 57.8650 mm): Pad 1 [ROW_20_ANODE] of D385 on F.Cu
[unconnected_items]: Missing connection between items
    Local override; error
    @(21.1350 mm, 57.8650 mm): Pad 1 [ROW_20_ANODE] of D385 on F.Cu
    @(23.6350 mm, 57.8650 mm): Pad 1 [ROW_20_ANODE] of D386 on F.Cu
[unconnected_items]: Missing connection between items
    Local override; error
    @(23.6350 mm, 57.8650 mm): Pad 1 [ROW_20_ANODE] of D386 on F.Cu
    @(26.1350 mm, 57.8650 mm): Pad 1 [ROW_20_ANODE] of D387 on F.Cu
[unconnected_items]: Missing connection between items
    Local override; error
    @(26.1350 mm, 57.8650 mm): Pad 1 [ROW_20_ANODE] of D387 on F.Cu
    @(28.6350 mm, 57.8650 mm): Pad 1 [ROW_20_ANODE] of D388 on F.Cu
[unconnected_items]: Missing connection between items
    Local override; error
    @(28.6350 mm, 57.8650 mm): Pad 1 [ROW_20_ANODE] of D388 on F.Cu
    @(31.1350 mm, 57.8650 mm): Pad 1 [ROW_20_ANODE] of D389 on F.Cu
[unconnected_items]: Missing connection between items
    Local override; error
    @(31.1350 mm, 57.8650 mm): Pad 1 [ROW_20_ANODE] of D389 on F.Cu
    @(33.6350 mm, 57.8650 mm): Pad 1 [ROW_20_ANODE] of D390 on F.Cu
[unconnected_items]: Missing connection between items
    Local override; error
    @(33.6350 mm, 57.8650 mm): Pad 1 [ROW_20_ANODE] of D390 on F.Cu
    @(36.1350 mm, 57.8650 mm): Pad 1 [ROW_20_ANODE] of D391 on F.Cu
[unconnected_items]: Missing connection between items
    Local override; error
    @(36.1350 mm, 57.8650 mm): Pad 1 [ROW_20_ANODE] of D391 on F.Cu
    @(38.6350 mm, 57.8650 mm): Pad 1 [ROW_20_ANODE] of D392 on F.Cu
[unconnected_items]: Missing connection between items
    Local override; error
    @(38.6350 mm, 57.8650 mm): Pad 1 [ROW_20_ANODE] of D392 on F.Cu
    @(41.1350 mm, 57.8650 mm): Pad 1 [ROW_20_ANODE] of D393 on F.Cu
[unconnected_items]: Missing connection between items
    Local override; error
    @(41.1350 mm, 57.8650 mm): Pad 1 [ROW_20_ANODE] of D393 on F.Cu
    @(43.6350 mm, 57.8650 mm): Pad 1 [ROW_20_ANODE] of D394 on F.Cu
[unconnected_items]: Missing connection between items
    Local override; error
    @(43.6350 mm, 57.8650 mm): Pad 1 [ROW_20_ANODE] of D394 on F.Cu
    @(46.1350 mm, 57.8650 mm): Pad 1 [ROW_20_ANODE] of D395 on F.Cu
[unconnected_items]: Missing connection between items
    Local override; error
    @(46.1350 mm, 57.8650 mm): Pad 1 [ROW_20_ANODE] of D395 on F.Cu
    @(48.6350 mm, 57.8650 mm): Pad 1 [ROW_20_ANODE] of D396 on F.Cu
[unconnected_items]: Missing connection between items
    Local override; error
    @(48.6350 mm, 57.8650 mm): Pad 1 [ROW_20_ANODE] of D396 on F.Cu
    @(51.1350 mm, 57.8650 mm): Pad 1 [ROW_20_ANODE] of D397 on F.Cu
[unconnected_items]: Missing connection between items
    Local override; error
    @(51.1350 mm, 57.8650 mm): Pad 1 [ROW_20_ANODE] of D397 on F.Cu
    @(53.6350 mm, 57.8650 mm): Pad 1 [ROW_20_ANODE] of D398 on F.Cu
[unconnected_items]: Missing connection between items
    Local override; error
    @(53.6350 mm, 57.8650 mm): Pad 1 [ROW_20_ANODE] of D398 on F.Cu
    @(56.1350 mm, 57.8650 mm): Pad 1 [ROW_20_ANODE] of D399 on F.Cu
[unconnected_items]: Missing connection between items
    Local override; error
    @(56.1350 mm, 57.8650 mm): Pad 1 [ROW_20_ANODE] of D399 on F.Cu
    @(58.6350 mm, 57.8650 mm): Pad 1 [ROW_20_ANODE] of D400 on F.Cu
[unconnected_items]: Missing connection between items
    Local override; error
    @(11.1350 mm, 55.3650 mm): Pad 1 [ROW_19_ANODE] of D361 on F.Cu
    @(13.6350 mm, 55.3650 mm): Pad 1 [ROW_19_ANODE] of D362 on F.Cu
[unconnected_items]: Missing connection between items
    Local override; error
    @(13.6350 mm, 55.3650 mm): Pad 1 [ROW_19_ANODE] of D362 on F.Cu
    @(16.1350 mm, 55.3650 mm): Pad 1 [ROW_19_ANODE] of D363 on F.Cu
[unconnected_items]: Missing connection between items
    Local override; error
    @(16.1350 mm, 55.3650 mm): Pad 1 [ROW_19_ANODE] of D363 on F.Cu
    @(18.6350 mm, 55.3650 mm): Pad 1 [ROW_19_ANODE] of D364 on F.Cu
[unconnected_items]: Missing connection between items
    Local override; error
    @(18.6350 mm, 55.3650 mm): Pad 1 [ROW_19_ANODE] of D364 on F.Cu
    @(21.1350 mm, 55.3650 mm): Pad 1 [ROW_19_ANODE] of D365 on F.Cu
[unconnected_items]: Missing connection between items
    Local override; error
    @(21.1350 mm, 55.3650 mm): Pad 1 [ROW_19_ANODE] of D365 on F.Cu
    @(23.6350 mm, 55.3650 mm): Pad 1 [ROW_19_ANODE] of D366 on F.Cu
[unconnected_items]: Missing connection between items
    Local override; error
    @(23.6350 mm, 55.3650 mm): Pad 1 [ROW_19_ANODE] of D366 on F.Cu
    @(26.1350 mm, 55.3650 mm): Pad 1 [ROW_19_ANODE] of D367 on F.Cu
[unconnected_items]: Missing connection between items
    Local override; error
    @(26.1350 mm, 55.3650 mm): Pad 1 [ROW_19_ANODE] of D367 on F.Cu
    @(28.6350 mm, 55.3650 mm): Pad 1 [ROW_19_ANODE] of D368 on F.Cu
[unconnected_items]: Missing connection between items
    Local override; error
    @(28.6350 mm, 55.3650 mm): Pad 1 [ROW_19_ANODE] of D368 on F.Cu
    @(31.1350 mm, 55.3650 mm): Pad 1 [ROW_19_ANODE] of D369 on F.Cu
[unconnected_items]: Missing connection between items
    Local override; error
    @(31.1350 mm, 55.3650 mm): Pad 1 [ROW_19_ANODE] of D369 on F.Cu
    @(33.6350 mm, 55.3650 mm): Pad 1 [ROW_19_ANODE] of D370 on F.Cu
[unconnected_items]: Missing connection between items
    Local override; error
    @(33.6350 mm, 55.3650 mm): Pad 1 [ROW_19_ANODE] of D370 on F.Cu
    @(36.1350 mm, 55.3650 mm): Pad 1 [ROW_19_ANODE] of D371 on F.Cu
[unconnected_items]: Missing connection between items
    Local override; error
    @(36.1350 mm, 55.3650 mm): Pad 1 [ROW_19_ANODE] of D371 on F.Cu
    @(38.6350 mm, 55.3650 mm): Pad 1 [ROW_19_ANODE] of D372 on F.Cu
[unconnected_items]: Missing connection between items
    Local override; error
    @(38.6350 mm, 55.3650 mm): Pad 1 [ROW_19_ANODE] of D372 on F.Cu
    @(41.1350 mm, 55.3650 mm): Pad 1 [ROW_19_ANODE] of D373 on F.Cu
[unconnected_items]: Missing connection between items
    Local override; error
    @(41.1350 mm, 55.3650 mm): Pad 1 [ROW_19_ANODE] of D373 on F.Cu
    @(43.6350 mm, 55.3650 mm): Pad 1 [ROW_19_ANODE] of D374 on F.Cu
[unconnected_items]: Missing connection between items
    Local override; error
    @(43.6350 mm, 55.3650 mm): Pad 1 [ROW_19_ANODE] of D374 on F.Cu
    @(46.1350 mm, 55.3650 mm): Pad 1 [ROW_19_ANODE] of D375 on F.Cu
[unconnected_items]: Missing connection between items
    Local override; error
    @(46.1350 mm, 55.3650 mm): Pad 1 [ROW_19_ANODE] of D375 on F.Cu
    @(48.6350 mm, 55.3650 mm): Pad 1 [ROW_19_ANODE] of D376 on F.Cu
[unconnected_items]: Missing connection between items
    Local override; error
    @(48.6350 mm, 55.3650 mm): Pad 1 [ROW_19_ANODE] of D376 on F.Cu
    @(51.1350 mm, 55.3650 mm): Pad 1 [ROW_19_ANODE] of D377 on F.Cu
[unconnected_items]: Missing connection between items
    Local override; error
    @(51.1350 mm, 55.3650 mm): Pad 1 [ROW_19_ANODE] of D377 on F.Cu
    @(53.6350 mm, 55.3650 mm): Pad 1 [ROW_19_ANODE] of D378 on F.Cu
[unconnected_items]: Missing connection between items
    Local override; error
    @(53.6350 mm, 55.3650 mm): Pad 1 [ROW_19_ANODE] of D378 on F.Cu
    @(56.1350 mm, 55.3650 mm): Pad 1 [ROW_19_ANODE] of D379 on F.Cu
[unconnected_items]: Missing connection between items
    Local override; error
    @(56.1350 mm, 55.3650 mm): Pad 1 [ROW_19_ANODE] of D379 on F.Cu
    @(58.6350 mm, 55.3650 mm): Pad 1 [ROW_19_ANODE] of D380 on F.Cu
[unconnected_items]: Missing connection between items
    Local override; error
    @(11.1350 mm, 17.8650 mm): Pad 1 [ROW_04_ANODE] of D61 on F.Cu
    @(13.6350 mm, 17.8650 mm): Pad 1 [ROW_04_ANODE] of D62 on F.Cu
[unconnected_items]: Missing connection between items
    Local override; error
    @(13.6350 mm, 17.8650 mm): Pad 1 [ROW_04_ANODE] of D62 on F.Cu
    @(16.1350 mm, 17.8650 mm): Pad 1 [ROW_04_ANODE] of D63 on F.Cu
[unconnected_items]: Missing connection between items
    Local override; error
    @(16.1350 mm, 17.8650 mm): Pad 1 [ROW_04_ANODE] of D63 on F.Cu
    @(18.6350 mm, 17.8650 mm): Pad 1 [ROW_04_ANODE] of D64 on F.Cu
[unconnected_items]: Missing connection between items
    Local override; error
    @(18.6350 mm, 17.8650 mm): Pad 1 [ROW_04_ANODE] of D64 on F.Cu
    @(21.1350 mm, 17.8650 mm): Pad 1 [ROW_04_ANODE] of D65 on F.Cu
[unconnected_items]: Missing connection between items
    Local override; error
    @(21.1350 mm, 17.8650 mm): Pad 1 [ROW_04_ANODE] of D65 on F.Cu
    @(23.6350 mm, 17.8650 mm): Pad 1 [ROW_04_ANODE] of D66 on F.Cu
[unconnected_items]: Missing connection between items
    Local override; error
    @(23.6350 mm, 17.8650 mm): Pad 1 [ROW_04_ANODE] of D66 on F.Cu
    @(26.1350 mm, 17.8650 mm): Pad 1 [ROW_04_ANODE] of D67 on F.Cu
[unconnected_items]: Missing connection between items
    Local override; error
    @(26.1350 mm, 17.8650 mm): Pad 1 [ROW_04_ANODE] of D67 on F.Cu
    @(28.6350 mm, 17.8650 mm): Pad 1 [ROW_04_ANODE] of D68 on F.Cu
[unconnected_items]: Missing connection between items
    Local override; error
    @(28.6350 mm, 17.8650 mm): Pad 1 [ROW_04_ANODE] of D68 on F.Cu
    @(31.1350 mm, 17.8650 mm): Pad 1 [ROW_04_ANODE] of D69 on F.Cu
[unconnected_items]: Missing connection between items
    Local override; error
    @(31.1350 mm, 17.8650 mm): Pad 1 [ROW_04_ANODE] of D69 on F.Cu
    @(33.6350 mm, 17.8650 mm): Pad 1 [ROW_04_ANODE] of D70 on F.Cu
[unconnected_items]: Missing connection between items
    Local override; error
    @(33.6350 mm, 17.8650 mm): Pad 1 [ROW_04_ANODE] of D70 on F.Cu
    @(36.1350 mm, 17.8650 mm): Pad 1 [ROW_04_ANODE] of D71 on F.Cu
[unconnected_items]: Missing connection between items
    Local override; error
    @(36.1350 mm, 17.8650 mm): Pad 1 [ROW_04_ANODE] of D71 on F.Cu
    @(38.6350 mm, 17.8650 mm): Pad 1 [ROW_04_ANODE] of D72 on F.Cu
[unconnected_items]: Missing connection between items
    Local override; error
    @(38.6350 mm, 17.8650 mm): Pad 1 [ROW_04_ANODE] of D72 on F.Cu
    @(41.1350 mm, 17.8650 mm): Pad 1 [ROW_04_ANODE] of D73 on F.Cu
[unconnected_items]: Missing connection between items
    Local override; error
    @(41.1350 mm, 17.8650 mm): Pad 1 [ROW_04_ANODE] of D73 on F.Cu
    @(43.6350 mm, 17.8650 mm): Pad 1 [ROW_04_ANODE] of D74 on F.Cu
[unconnected_items]: Missing connection between items
    Local override; error
    @(43.6350 mm, 17.8650 mm): Pad 1 [ROW_04_ANODE] of D74 on F.Cu
    @(46.1350 mm, 17.8650 mm): Pad 1 [ROW_04_ANODE] of D75 on F.Cu
[unconnected_items]: Missing connection between items
    Local override; error
    @(46.1350 mm, 17.8650 mm): Pad 1 [ROW_04_ANODE] of D75 on F.Cu
    @(48.6350 mm, 17.8650 mm): Pad 1 [ROW_04_ANODE] of D76 on F.Cu
[unconnected_items]: Missing connection between items
    Local override; error
    @(48.6350 mm, 17.8650 mm): Pad 1 [ROW_04_ANODE] of D76 on F.Cu
    @(51.1350 mm, 17.8650 mm): Pad 1 [ROW_04_ANODE] of D77 on F.Cu
[unconnected_items]: Missing connection between items
    Local override; error
    @(51.1350 mm, 17.8650 mm): Pad 1 [ROW_04_ANODE] of D77 on F.Cu
    @(53.6350 mm, 17.8650 mm): Pad 1 [ROW_04_ANODE] of D78 on F.Cu
[unconnected_items]: Missing connection between items
    Local override; error
    @(53.6350 mm, 17.8650 mm): Pad 1 [ROW_04_ANODE] of D78 on F.Cu
    @(56.1350 mm, 17.8650 mm): Pad 1 [ROW_04_ANODE] of D79 on F.Cu
[unconnected_items]: Missing connection between items
    Local override; error
    @(56.1350 mm, 17.8650 mm): Pad 1 [ROW_04_ANODE] of D79 on F.Cu
    @(58.6350 mm, 17.8650 mm): Pad 1 [ROW_04_ANODE] of D80 on F.Cu
[unconnected_items]: Missing connection between items
    Local override; error
    @(11.1350 mm, 25.3650 mm): Pad 1 [ROW_07_ANODE] of D121 on F.Cu
    @(13.6350 mm, 25.3650 mm): Pad 1 [ROW_07_ANODE] of D122 on F.Cu
[unconnected_items]: Missing connection between items
    Local override; error
    @(13.6350 mm, 25.3650 mm): Pad 1 [ROW_07_ANODE] of D122 on F.Cu
    @(16.1350 mm, 25.3650 mm): Pad 1 [ROW_07_ANODE] of D123 on F.Cu
[unconnected_items]: Missing connection between items
    Local override; error
    @(16.1350 mm, 25.3650 mm): Pad 1 [ROW_07_ANODE] of D123 on F.Cu
    @(18.6350 mm, 25.3650 mm): Pad 1 [ROW_07_ANODE] of D124 on F.Cu
[unconnected_items]: Missing connection between items
    Local override; error
    @(18.6350 mm, 25.3650 mm): Pad 1 [ROW_07_ANODE] of D124 on F.Cu
    @(21.1350 mm, 25.3650 mm): Pad 1 [ROW_07_ANODE] of D125 on F.Cu
[unconnected_items]: Missing connection between items
    Local override; error
    @(21.1350 mm, 25.3650 mm): Pad 1 [ROW_07_ANODE] of D125 on F.Cu
    @(23.6350 mm, 25.3650 mm): Pad 1 [ROW_07_ANODE] of D126 on F.Cu
[unconnected_items]: Missing connection between items
    Local override; error
    @(23.6350 mm, 25.3650 mm): Pad 1 [ROW_07_ANODE] of D126 on F.Cu
    @(26.1350 mm, 25.3650 mm): Pad 1 [ROW_07_ANODE] of D127 on F.Cu
[unconnected_items]: Missing connection between items
    Local override; error
    @(26.1350 mm, 25.3650 mm): Pad 1 [ROW_07_ANODE] of D127 on F.Cu
    @(28.6350 mm, 25.3650 mm): Pad 1 [ROW_07_ANODE] of D128 on F.Cu
[unconnected_items]: Missing connection between items
    Local override; error
    @(28.6350 mm, 25.3650 mm): Pad 1 [ROW_07_ANODE] of D128 on F.Cu
    @(31.1350 mm, 25.3650 mm): Pad 1 [ROW_07_ANODE] of D129 on F.Cu
[unconnected_items]: Missing connection between items
    Local override; error
    @(31.1350 mm, 25.3650 mm): Pad 1 [ROW_07_ANODE] of D129 on F.Cu
    @(33.6350 mm, 25.3650 mm): Pad 1 [ROW_07_ANODE] of D130 on F.Cu
[unconnected_items]: Missing connection between items
    Local override; error
    @(33.6350 mm, 25.3650 mm): Pad 1 [ROW_07_ANODE] of D130 on F.Cu
    @(36.1350 mm, 25.3650 mm): Pad 1 [ROW_07_ANODE] of D131 on F.Cu
[unconnected_items]: Missing connection between items
    Local override; error
    @(36.1350 mm, 25.3650 mm): Pad 1 [ROW_07_ANODE] of D131 on F.Cu
    @(38.6350 mm, 25.3650 mm): Pad 1 [ROW_07_ANODE] of D132 on F.Cu
[unconnected_items]: Missing connection between items
    Local override; error
    @(38.6350 mm, 25.3650 mm): Pad 1 [ROW_07_ANODE] of D132 on F.Cu
    @(41.1350 mm, 25.3650 mm): Pad 1 [ROW_07_ANODE] of D133 on F.Cu
[unconnected_items]: Missing connection between items
    Local override; error
    @(41.1350 mm, 25.3650 mm): Pad 1 [ROW_07_ANODE] of D133 on F.Cu
    @(43.6350 mm, 25.3650 mm): Pad 1 [ROW_07_ANODE] of D134 on F.Cu
[unconnected_items]: Missing connection between items
    Local override; error
    @(43.6350 mm, 25.3650 mm): Pad 1 [ROW_07_ANODE] of D134 on F.Cu
    @(46.1350 mm, 25.3650 mm): Pad 1 [ROW_07_ANODE] of D135 on F.Cu
[unconnected_items]: Missing connection between items
    Local override; error
    @(46.1350 mm, 25.3650 mm): Pad 1 [ROW_07_ANODE] of D135 on F.Cu
    @(48.6350 mm, 25.3650 mm): Pad 1 [ROW_07_ANODE] of D136 on F.Cu
[unconnected_items]: Missing connection between items
    Local override; error
    @(48.6350 mm, 25.3650 mm): Pad 1 [ROW_07_ANODE] of D136 on F.Cu
    @(51.1350 mm, 25.3650 mm): Pad 1 [ROW_07_ANODE] of D137 on F.Cu
[unconnected_items]: Missing connection between items
    Local override; error
    @(51.1350 mm, 25.3650 mm): Pad 1 [ROW_07_ANODE] of D137 on F.Cu
    @(53.6350 mm, 25.3650 mm): Pad 1 [ROW_07_ANODE] of D138 on F.Cu
[unconnected_items]: Missing connection between items
    Local override; error
    @(53.6350 mm, 25.3650 mm): Pad 1 [ROW_07_ANODE] of D138 on F.Cu
    @(56.1350 mm, 25.3650 mm): Pad 1 [ROW_07_ANODE] of D139 on F.Cu
[unconnected_items]: Missing connection between items
    Local override; error
    @(56.1350 mm, 25.3650 mm): Pad 1 [ROW_07_ANODE] of D139 on F.Cu
    @(58.6350 mm, 25.3650 mm): Pad 1 [ROW_07_ANODE] of D140 on F.Cu
[unconnected_items]: Missing connection between items
    Local override; error
    @(56.1350 mm, 11.1350 mm): Pad 2 [COL_R_19] of D19 on F.Cu
    @(56.1350 mm, 13.6350 mm): Pad 2 [COL_R_19] of D39 on F.Cu
[unconnected_items]: Missing connection between items
    Local override; error
    @(56.1350 mm, 13.6350 mm): Pad 2 [COL_R_19] of D39 on F.Cu
    @(56.1350 mm, 16.1350 mm): Pad 2 [COL_R_19] of D59 on F.Cu
[unconnected_items]: Missing connection between items
    Local override; error
    @(56.1350 mm, 16.1350 mm): Pad 2 [COL_R_19] of D59 on F.Cu
    @(56.1350 mm, 18.6350 mm): Pad 2 [COL_R_19] of D79 on F.Cu
[unconnected_items]: Missing connection between items
    Local override; error
    @(56.1350 mm, 18.6350 mm): Pad 2 [COL_R_19] of D79 on F.Cu
    @(56.1350 mm, 21.1350 mm): Pad 2 [COL_R_19] of D99 on F.Cu
[unconnected_items]: Missing connection between items
    Local override; error
    @(56.1350 mm, 21.1350 mm): Pad 2 [COL_R_19] of D99 on F.Cu
    @(56.1350 mm, 23.6350 mm): Pad 2 [COL_R_19] of D119 on F.Cu
[unconnected_items]: Missing connection between items
    Local override; error
    @(56.1350 mm, 23.6350 mm): Pad 2 [COL_R_19] of D119 on F.Cu
    @(56.1350 mm, 26.1350 mm): Pad 2 [COL_R_19] of D139 on F.Cu
[unconnected_items]: Missing connection between items
    Local override; error
    @(56.1350 mm, 26.1350 mm): Pad 2 [COL_R_19] of D139 on F.Cu
    @(56.1350 mm, 28.6350 mm): Pad 2 [COL_R_19] of D159 on F.Cu
[unconnected_items]: Missing connection between items
    Local override; error
    @(56.1350 mm, 28.6350 mm): Pad 2 [COL_R_19] of D159 on F.Cu
    @(56.1350 mm, 31.1350 mm): Pad 2 [COL_R_19] of D179 on F.Cu
[unconnected_items]: Missing connection between items
    Local override; error
    @(56.1350 mm, 31.1350 mm): Pad 2 [COL_R_19] of D179 on F.Cu
    @(56.1350 mm, 33.6350 mm): Pad 2 [COL_R_19] of D199 on F.Cu
[unconnected_items]: Missing connection between items
    Local override; error
    @(56.1350 mm, 33.6350 mm): Pad 2 [COL_R_19] of D199 on F.Cu
    @(56.1350 mm, 36.1350 mm): Pad 2 [COL_R_19] of D219 on F.Cu
[unconnected_items]: Missing connection between items
    Local override; error
    @(56.1350 mm, 36.1350 mm): Pad 2 [COL_R_19] of D219 on F.Cu
    @(56.1350 mm, 38.6350 mm): Pad 2 [COL_R_19] of D239 on F.Cu
[unconnected_items]: Missing connection between items
    Local override; error
    @(56.1350 mm, 38.6350 mm): Pad 2 [COL_R_19] of D239 on F.Cu
    @(56.1350 mm, 41.1350 mm): Pad 2 [COL_R_19] of D259 on F.Cu
[unconnected_items]: Missing connection between items
    Local override; error
    @(56.1350 mm, 41.1350 mm): Pad 2 [COL_R_19] of D259 on F.Cu
    @(56.1350 mm, 43.6350 mm): Pad 2 [COL_R_19] of D279 on F.Cu
[unconnected_items]: Missing connection between items
    Local override; error
    @(56.1350 mm, 43.6350 mm): Pad 2 [COL_R_19] of D279 on F.Cu
    @(56.1350 mm, 46.1350 mm): Pad 2 [COL_R_19] of D299 on F.Cu
[unconnected_items]: Missing connection between items
    Local override; error
    @(56.1350 mm, 46.1350 mm): Pad 2 [COL_R_19] of D299 on F.Cu
    @(56.1350 mm, 48.6350 mm): Pad 2 [COL_R_19] of D319 on F.Cu
[unconnected_items]: Missing connection between items
    Local override; error
    @(56.1350 mm, 48.6350 mm): Pad 2 [COL_R_19] of D319 on F.Cu
    @(56.1350 mm, 51.1350 mm): Pad 2 [COL_R_19] of D339 on F.Cu
[unconnected_items]: Missing connection between items
    Local override; error
    @(56.1350 mm, 51.1350 mm): Pad 2 [COL_R_19] of D339 on F.Cu
    @(56.1350 mm, 53.6350 mm): Pad 2 [COL_R_19] of D359 on F.Cu
[unconnected_items]: Missing connection between items
    Local override; error
    @(56.1350 mm, 53.6350 mm): Pad 2 [COL_R_19] of D359 on F.Cu
    @(56.1350 mm, 56.1350 mm): Pad 2 [COL_R_19] of D379 on F.Cu
[unconnected_items]: Missing connection between items
    Local override; error
    @(56.1350 mm, 56.1350 mm): Pad 2 [COL_R_19] of D379 on F.Cu
    @(56.1350 mm, 58.6350 mm): Pad 2 [COL_R_19] of D399 on F.Cu
[unconnected_items]: Missing connection between items
    Local override; error
    @(55.3650 mm, 11.1350 mm): Pad 3 [COL_G_19] of D19 on F.Cu
    @(55.3650 mm, 13.6350 mm): Pad 3 [COL_G_19] of D39 on F.Cu
[unconnected_items]: Missing connection between items
    Local override; error
    @(55.3650 mm, 13.6350 mm): Pad 3 [COL_G_19] of D39 on F.Cu
    @(55.3650 mm, 16.1350 mm): Pad 3 [COL_G_19] of D59 on F.Cu
[unconnected_items]: Missing connection between items
    Local override; error
    @(55.3650 mm, 16.1350 mm): Pad 3 [COL_G_19] of D59 on F.Cu
    @(55.3650 mm, 18.6350 mm): Pad 3 [COL_G_19] of D79 on F.Cu
[unconnected_items]: Missing connection between items
    Local override; error
    @(55.3650 mm, 18.6350 mm): Pad 3 [COL_G_19] of D79 on F.Cu
    @(55.3650 mm, 21.1350 mm): Pad 3 [COL_G_19] of D99 on F.Cu
[unconnected_items]: Missing connection between items
    Local override; error
    @(55.3650 mm, 21.1350 mm): Pad 3 [COL_G_19] of D99 on F.Cu
    @(55.3650 mm, 23.6350 mm): Pad 3 [COL_G_19] of D119 on F.Cu
[unconnected_items]: Missing connection between items
    Local override; error
    @(55.3650 mm, 23.6350 mm): Pad 3 [COL_G_19] of D119 on F.Cu
    @(55.3650 mm, 26.1350 mm): Pad 3 [COL_G_19] of D139 on F.Cu
[unconnected_items]: Missing connection between items
    Local override; error
    @(55.3650 mm, 26.1350 mm): Pad 3 [COL_G_19] of D139 on F.Cu
    @(55.3650 mm, 28.6350 mm): Pad 3 [COL_G_19] of D159 on F.Cu
[unconnected_items]: Missing connection between items
    Local override; error
    @(55.3650 mm, 28.6350 mm): Pad 3 [COL_G_19] of D159 on F.Cu
    @(55.3650 mm, 31.1350 mm): Pad 3 [COL_G_19] of D179 on F.Cu
[unconnected_items]: Missing connection between items
    Local override; error
    @(55.3650 mm, 31.1350 mm): Pad 3 [COL_G_19] of D179 on F.Cu
    @(55.3650 mm, 33.6350 mm): Pad 3 [COL_G_19] of D199 on F.Cu
[unconnected_items]: Missing connection between items
    Local override; error
    @(55.3650 mm, 33.6350 mm): Pad 3 [COL_G_19] of D199 on F.Cu
    @(55.3650 mm, 36.1350 mm): Pad 3 [COL_G_19] of D219 on F.Cu
[unconnected_items]: Missing connection between items
    Local override; error
    @(55.3650 mm, 36.1350 mm): Pad 3 [COL_G_19] of D219 on F.Cu
    @(55.3650 mm, 38.6350 mm): Pad 3 [COL_G_19] of D239 on F.Cu
[unconnected_items]: Missing connection between items
    Local override; error
    @(55.3650 mm, 38.6350 mm): Pad 3 [COL_G_19] of D239 on F.Cu
    @(55.3650 mm, 41.1350 mm): Pad 3 [COL_G_19] of D259 on F.Cu
[unconnected_items]: Missing connection between items
    Local override; error
    @(55.3650 mm, 41.1350 mm): Pad 3 [COL_G_19] of D259 on F.Cu
    @(55.3650 mm, 43.6350 mm): Pad 3 [COL_G_19] of D279 on F.Cu
[unconnected_items]: Missing connection between items
    Local override; error
    @(55.3650 mm, 43.6350 mm): Pad 3 [COL_G_19] of D279 on F.Cu
    @(55.3650 mm, 46.1350 mm): Pad 3 [COL_G_19] of D299 on F.Cu
[unconnected_items]: Missing connection between items
    Local override; error
    @(55.3650 mm, 46.1350 mm): Pad 3 [COL_G_19] of D299 on F.Cu
    @(55.3650 mm, 48.6350 mm): Pad 3 [COL_G_19] of D319 on F.Cu
[unconnected_items]: Missing connection between items
    Local override; error
    @(55.3650 mm, 48.6350 mm): Pad 3 [COL_G_19] of D319 on F.Cu
    @(55.3650 mm, 51.1350 mm): Pad 3 [COL_G_19] of D339 on F.Cu
[unconnected_items]: Missing connection between items
    Local override; error
    @(55.3650 mm, 51.1350 mm): Pad 3 [COL_G_19] of D339 on F.Cu
    @(55.3650 mm, 53.6350 mm): Pad 3 [COL_G_19] of D359 on F.Cu
[unconnected_items]: Missing connection between items
    Local override; error
    @(55.3650 mm, 53.6350 mm): Pad 3 [COL_G_19] of D359 on F.Cu
    @(55.3650 mm, 56.1350 mm): Pad 3 [COL_G_19] of D379 on F.Cu
[unconnected_items]: Missing connection between items
    Local override; error
    @(55.3650 mm, 56.1350 mm): Pad 3 [COL_G_19] of D379 on F.Cu
    @(55.3650 mm, 58.6350 mm): Pad 3 [COL_G_19] of D399 on F.Cu
[unconnected_items]: Missing connection between items
    Local override; error
    @(55.3650 mm, 10.3650 mm): Pad 4 [COL_B_19] of D19 on F.Cu
    @(55.3650 mm, 12.8650 mm): Pad 4 [COL_B_19] of D39 on F.Cu
[unconnected_items]: Missing connection between items
    Local override; error
    @(55.3650 mm, 12.8650 mm): Pad 4 [COL_B_19] of D39 on F.Cu
    @(55.3650 mm, 15.3650 mm): Pad 4 [COL_B_19] of D59 on F.Cu
[unconnected_items]: Missing connection between items
    Local override; error
    @(55.3650 mm, 15.3650 mm): Pad 4 [COL_B_19] of D59 on F.Cu
    @(55.3650 mm, 17.8650 mm): Pad 4 [COL_B_19] of D79 on F.Cu
[unconnected_items]: Missing connection between items
    Local override; error
    @(55.3650 mm, 17.8650 mm): Pad 4 [COL_B_19] of D79 on F.Cu
    @(55.3650 mm, 20.3650 mm): Pad 4 [COL_B_19] of D99 on F.Cu
[unconnected_items]: Missing connection between items
    Local override; error
    @(55.3650 mm, 20.3650 mm): Pad 4 [COL_B_19] of D99 on F.Cu
    @(55.3650 mm, 22.8650 mm): Pad 4 [COL_B_19] of D119 on F.Cu
[unconnected_items]: Missing connection between items
    Local override; error
    @(55.3650 mm, 22.8650 mm): Pad 4 [COL_B_19] of D119 on F.Cu
    @(55.3650 mm, 25.3650 mm): Pad 4 [COL_B_19] of D139 on F.Cu
[unconnected_items]: Missing connection between items
    Local override; error
    @(55.3650 mm, 25.3650 mm): Pad 4 [COL_B_19] of D139 on F.Cu
    @(55.3650 mm, 27.8650 mm): Pad 4 [COL_B_19] of D159 on F.Cu
[unconnected_items]: Missing connection between items
    Local override; error
    @(55.3650 mm, 27.8650 mm): Pad 4 [COL_B_19] of D159 on F.Cu
    @(55.3650 mm, 30.3650 mm): Pad 4 [COL_B_19] of D179 on F.Cu

** Found 0 Footprint errors **

** Ignored checks **
    - Footprint has no courtyard defined
    - Track endpoint not centered on via
    - Tuning profile track geometries
    - Footprint doesn't match symbol's footprint filters
    - Footprint component type doesn't match footprint pads

** End of Report **
