** Drc report for wearable_20x20_bottom_left_column_boundary_routing_probe.kicad_pcb **
** Created on 2026-10-08T04:40:11 **
** Report includes: Errors, Warnings **

** Found 0 DRC violations **

** Found 499 unconnected pads **
[unconnected_items]: Missing connection between items
    Local override; error
    @(11.1350 mm, 52.8650 mm): Pad 1 [ROW_18_ANODE] of D341 on F.Cu
    @(13.6350 mm, 52.8650 mm): Pad 1 [ROW_18_ANODE] of D342 on F.Cu
[unconnected_items]: Missing connection between items
    Local override; error
    @(13.6350 mm, 52.8650 mm): Pad 1 [ROW_18_ANODE] of D342 on F.Cu
    @(16.1350 mm, 52.8650 mm): Pad 1 [ROW_18_ANODE] of D343 on F.Cu
[unconnected_items]: Missing connection between items
    Local override; error
    @(16.1350 mm, 52.8650 mm): Pad 1 [ROW_18_ANODE] of D343 on F.Cu
    @(18.6350 mm, 52.8650 mm): Pad 1 [ROW_18_ANODE] of D344 on F.Cu
[unconnected_items]: Missing connection between items
    Local override; error
    @(18.6350 mm, 52.8650 mm): Pad 1 [ROW_18_ANODE] of D344 on F.Cu
    @(21.1350 mm, 52.8650 mm): Pad 1 [ROW_18_ANODE] of D345 on F.Cu
[unconnected_items]: Missing connection between items
    Local override; error
    @(21.1350 mm, 52.8650 mm): Pad 1 [ROW_18_ANODE] of D345 on F.Cu
    @(23.6350 mm, 52.8650 mm): Pad 1 [ROW_18_ANODE] of D346 on F.Cu
[unconnected_items]: Missing connection between items
    Local override; error
    @(23.6350 mm, 52.8650 mm): Pad 1 [ROW_18_ANODE] of D346 on F.Cu
    @(26.1350 mm, 52.8650 mm): Pad 1 [ROW_18_ANODE] of D347 on F.Cu
[unconnected_items]: Missing connection between items
    Local override; error
    @(26.1350 mm, 52.8650 mm): Pad 1 [ROW_18_ANODE] of D347 on F.Cu
    @(28.6350 mm, 52.8650 mm): Pad 1 [ROW_18_ANODE] of D348 on F.Cu
[unconnected_items]: Missing connection between items
    Local override; error
    @(28.6350 mm, 52.8650 mm): Pad 1 [ROW_18_ANODE] of D348 on F.Cu
    @(31.1350 mm, 52.8650 mm): Pad 1 [ROW_18_ANODE] of D349 on F.Cu
[unconnected_items]: Missing connection between items
    Local override; error
    @(31.1350 mm, 52.8650 mm): Pad 1 [ROW_18_ANODE] of D349 on F.Cu
    @(33.6350 mm, 52.8650 mm): Pad 1 [ROW_18_ANODE] of D350 on F.Cu
[unconnected_items]: Missing connection between items
    Local override; error
    @(33.6350 mm, 52.8650 mm): Pad 1 [ROW_18_ANODE] of D350 on F.Cu
    @(36.1350 mm, 52.8650 mm): Pad 1 [ROW_18_ANODE] of D351 on F.Cu
[unconnected_items]: Missing connection between items
    Local override; error
    @(36.1350 mm, 52.8650 mm): Pad 1 [ROW_18_ANODE] of D351 on F.Cu
    @(38.6350 mm, 52.8650 mm): Pad 1 [ROW_18_ANODE] of D352 on F.Cu
[unconnected_items]: Missing connection between items
    Local override; error
    @(38.6350 mm, 52.8650 mm): Pad 1 [ROW_18_ANODE] of D352 on F.Cu
    @(41.1350 mm, 52.8650 mm): Pad 1 [ROW_18_ANODE] of D353 on F.Cu
[unconnected_items]: Missing connection between items
    Local override; error
    @(41.1350 mm, 52.8650 mm): Pad 1 [ROW_18_ANODE] of D353 on F.Cu
    @(43.6350 mm, 52.8650 mm): Pad 1 [ROW_18_ANODE] of D354 on F.Cu
[unconnected_items]: Missing connection between items
    Local override; error
    @(43.6350 mm, 52.8650 mm): Pad 1 [ROW_18_ANODE] of D354 on F.Cu
    @(46.1350 mm, 52.8650 mm): Pad 1 [ROW_18_ANODE] of D355 on F.Cu
[unconnected_items]: Missing connection between items
    Local override; error
    @(46.1350 mm, 52.8650 mm): Pad 1 [ROW_18_ANODE] of D355 on F.Cu
    @(48.6350 mm, 52.8650 mm): Pad 1 [ROW_18_ANODE] of D356 on F.Cu
[unconnected_items]: Missing connection between items
    Local override; error
    @(48.6350 mm, 52.8650 mm): Pad 1 [ROW_18_ANODE] of D356 on F.Cu
    @(51.1350 mm, 52.8650 mm): Pad 1 [ROW_18_ANODE] of D357 on F.Cu
[unconnected_items]: Missing connection between items
    Local override; error
    @(51.1350 mm, 52.8650 mm): Pad 1 [ROW_18_ANODE] of D357 on F.Cu
    @(53.6350 mm, 52.8650 mm): Pad 1 [ROW_18_ANODE] of D358 on F.Cu
[unconnected_items]: Missing connection between items
    Local override; error
    @(53.6350 mm, 52.8650 mm): Pad 1 [ROW_18_ANODE] of D358 on F.Cu
    @(56.1350 mm, 52.8650 mm): Pad 1 [ROW_18_ANODE] of D359 on F.Cu
[unconnected_items]: Missing connection between items
    Local override; error
    @(56.1350 mm, 52.8650 mm): Pad 1 [ROW_18_ANODE] of D359 on F.Cu
    @(58.6350 mm, 52.8650 mm): Pad 1 [ROW_18_ANODE] of D360 on F.Cu
[unconnected_items]: Missing connection between items
    Local override; error
    @(21.1350 mm, 11.1350 mm): Pad 2 [COL_R_05] of D5 on F.Cu
    @(21.1350 mm, 13.6350 mm): Pad 2 [COL_R_05] of D25 on F.Cu
[unconnected_items]: Missing connection between items
    Local override; error
    @(21.1350 mm, 13.6350 mm): Pad 2 [COL_R_05] of D25 on F.Cu
    @(21.1350 mm, 16.1350 mm): Pad 2 [COL_R_05] of D45 on F.Cu
[unconnected_items]: Missing connection between items
    Local override; error
    @(21.1350 mm, 16.1350 mm): Pad 2 [COL_R_05] of D45 on F.Cu
    @(21.1350 mm, 18.6350 mm): Pad 2 [COL_R_05] of D65 on F.Cu
[unconnected_items]: Missing connection between items
    Local override; error
    @(21.1350 mm, 18.6350 mm): Pad 2 [COL_R_05] of D65 on F.Cu
    @(21.1350 mm, 21.1350 mm): Pad 2 [COL_R_05] of D85 on F.Cu
[unconnected_items]: Missing connection between items
    Local override; error
    @(21.1350 mm, 21.1350 mm): Pad 2 [COL_R_05] of D85 on F.Cu
    @(21.1350 mm, 23.6350 mm): Pad 2 [COL_R_05] of D105 on F.Cu
[unconnected_items]: Missing connection between items
    Local override; error
    @(21.1350 mm, 23.6350 mm): Pad 2 [COL_R_05] of D105 on F.Cu
    @(21.1350 mm, 26.1350 mm): Pad 2 [COL_R_05] of D125 on F.Cu
[unconnected_items]: Missing connection between items
    Local override; error
    @(21.1350 mm, 26.1350 mm): Pad 2 [COL_R_05] of D125 on F.Cu
    @(21.1350 mm, 28.6350 mm): Pad 2 [COL_R_05] of D145 on F.Cu
[unconnected_items]: Missing connection between items
    Local override; error
    @(21.1350 mm, 28.6350 mm): Pad 2 [COL_R_05] of D145 on F.Cu
    @(21.1350 mm, 31.1350 mm): Pad 2 [COL_R_05] of D165 on F.Cu
[unconnected_items]: Missing connection between items
    Local override; error
    @(21.1350 mm, 31.1350 mm): Pad 2 [COL_R_05] of D165 on F.Cu
    @(21.1350 mm, 33.6350 mm): Pad 2 [COL_R_05] of D185 on F.Cu
[unconnected_items]: Missing connection between items
    Local override; error
    @(21.1350 mm, 33.6350 mm): Pad 2 [COL_R_05] of D185 on F.Cu
    @(21.1350 mm, 36.1350 mm): Pad 2 [COL_R_05] of D205 on F.Cu
[unconnected_items]: Missing connection between items
    Local override; error
    @(21.1350 mm, 36.1350 mm): Pad 2 [COL_R_05] of D205 on F.Cu
    @(21.1350 mm, 38.6350 mm): Pad 2 [COL_R_05] of D225 on F.Cu
[unconnected_items]: Missing connection between items
    Local override; error
    @(21.1350 mm, 38.6350 mm): Pad 2 [COL_R_05] of D225 on F.Cu
    @(21.1350 mm, 41.1350 mm): Pad 2 [COL_R_05] of D245 on F.Cu
[unconnected_items]: Missing connection between items
    Local override; error
    @(21.1350 mm, 41.1350 mm): Pad 2 [COL_R_05] of D245 on F.Cu
    @(21.1350 mm, 43.6350 mm): Pad 2 [COL_R_05] of D265 on F.Cu
[unconnected_items]: Missing connection between items
    Local override; error
    @(21.1350 mm, 43.6350 mm): Pad 2 [COL_R_05] of D265 on F.Cu
    @(21.1350 mm, 46.1350 mm): Pad 2 [COL_R_05] of D285 on F.Cu
[unconnected_items]: Missing connection between items
    Local override; error
    @(21.1350 mm, 46.1350 mm): Pad 2 [COL_R_05] of D285 on F.Cu
    @(21.1350 mm, 48.6350 mm): Pad 2 [COL_R_05] of D305 on F.Cu
[unconnected_items]: Missing connection between items
    Local override; error
    @(21.1350 mm, 48.6350 mm): Pad 2 [COL_R_05] of D305 on F.Cu
    @(21.1350 mm, 51.1350 mm): Pad 2 [COL_R_05] of D325 on F.Cu
[unconnected_items]: Missing connection between items
    Local override; error
    @(21.1350 mm, 51.1350 mm): Pad 2 [COL_R_05] of D325 on F.Cu
    @(21.1350 mm, 53.6350 mm): Pad 2 [COL_R_05] of D345 on F.Cu
[unconnected_items]: Missing connection between items
    Local override; error
    @(21.1350 mm, 53.6350 mm): Pad 2 [COL_R_05] of D345 on F.Cu
    @(21.1350 mm, 56.1350 mm): Pad 2 [COL_R_05] of D365 on F.Cu
[unconnected_items]: Missing connection between items
    Local override; error
    @(21.1350 mm, 56.1350 mm): Pad 2 [COL_R_05] of D365 on F.Cu
    @(21.1350 mm, 58.6350 mm): Pad 2 [COL_R_05] of D385 on F.Cu
[unconnected_items]: Missing connection between items
    Local override; error
    @(20.3650 mm, 11.1350 mm): Pad 3 [COL_G_05] of D5 on F.Cu
    @(20.3650 mm, 13.6350 mm): Pad 3 [COL_G_05] of D25 on F.Cu
[unconnected_items]: Missing connection between items
    Local override; error
    @(20.3650 mm, 13.6350 mm): Pad 3 [COL_G_05] of D25 on F.Cu
    @(20.3650 mm, 16.1350 mm): Pad 3 [COL_G_05] of D45 on F.Cu
[unconnected_items]: Missing connection between items
    Local override; error
    @(20.3650 mm, 16.1350 mm): Pad 3 [COL_G_05] of D45 on F.Cu
    @(20.3650 mm, 18.6350 mm): Pad 3 [COL_G_05] of D65 on F.Cu
[unconnected_items]: Missing connection between items
    Local override; error
    @(20.3650 mm, 18.6350 mm): Pad 3 [COL_G_05] of D65 on F.Cu
    @(20.3650 mm, 21.1350 mm): Pad 3 [COL_G_05] of D85 on F.Cu
[unconnected_items]: Missing connection between items
    Local override; error
    @(20.3650 mm, 21.1350 mm): Pad 3 [COL_G_05] of D85 on F.Cu
    @(20.3650 mm, 23.6350 mm): Pad 3 [COL_G_05] of D105 on F.Cu
[unconnected_items]: Missing connection between items
    Local override; error
    @(20.3650 mm, 23.6350 mm): Pad 3 [COL_G_05] of D105 on F.Cu
    @(20.3650 mm, 26.1350 mm): Pad 3 [COL_G_05] of D125 on F.Cu
[unconnected_items]: Missing connection between items
    Local override; error
    @(20.3650 mm, 26.1350 mm): Pad 3 [COL_G_05] of D125 on F.Cu
    @(20.3650 mm, 28.6350 mm): Pad 3 [COL_G_05] of D145 on F.Cu
[unconnected_items]: Missing connection between items
    Local override; error
    @(20.3650 mm, 28.6350 mm): Pad 3 [COL_G_05] of D145 on F.Cu
    @(20.3650 mm, 31.1350 mm): Pad 3 [COL_G_05] of D165 on F.Cu
[unconnected_items]: Missing connection between items
    Local override; error
    @(20.3650 mm, 31.1350 mm): Pad 3 [COL_G_05] of D165 on F.Cu
    @(20.3650 mm, 33.6350 mm): Pad 3 [COL_G_05] of D185 on F.Cu
[unconnected_items]: Missing connection between items
    Local override; error
    @(20.3650 mm, 33.6350 mm): Pad 3 [COL_G_05] of D185 on F.Cu
    @(20.3650 mm, 36.1350 mm): Pad 3 [COL_G_05] of D205 on F.Cu
[unconnected_items]: Missing connection between items
    Local override; error
    @(20.3650 mm, 36.1350 mm): Pad 3 [COL_G_05] of D205 on F.Cu
    @(20.3650 mm, 38.6350 mm): Pad 3 [COL_G_05] of D225 on F.Cu
[unconnected_items]: Missing connection between items
    Local override; error
    @(20.3650 mm, 38.6350 mm): Pad 3 [COL_G_05] of D225 on F.Cu
    @(20.3650 mm, 41.1350 mm): Pad 3 [COL_G_05] of D245 on F.Cu
[unconnected_items]: Missing connection between items
    Local override; error
    @(20.3650 mm, 41.1350 mm): Pad 3 [COL_G_05] of D245 on F.Cu
    @(20.3650 mm, 43.6350 mm): Pad 3 [COL_G_05] of D265 on F.Cu
[unconnected_items]: Missing connection between items
    Local override; error
    @(20.3650 mm, 43.6350 mm): Pad 3 [COL_G_05] of D265 on F.Cu
    @(20.3650 mm, 46.1350 mm): Pad 3 [COL_G_05] of D285 on F.Cu
[unconnected_items]: Missing connection between items
    Local override; error
    @(20.3650 mm, 46.1350 mm): Pad 3 [COL_G_05] of D285 on F.Cu
    @(20.3650 mm, 48.6350 mm): Pad 3 [COL_G_05] of D305 on F.Cu
[unconnected_items]: Missing connection between items
    Local override; error
    @(20.3650 mm, 48.6350 mm): Pad 3 [COL_G_05] of D305 on F.Cu
    @(20.3650 mm, 51.1350 mm): Pad 3 [COL_G_05] of D325 on F.Cu
[unconnected_items]: Missing connection between items
    Local override; error
    @(20.3650 mm, 51.1350 mm): Pad 3 [COL_G_05] of D325 on F.Cu
    @(20.3650 mm, 53.6350 mm): Pad 3 [COL_G_05] of D345 on F.Cu
[unconnected_items]: Missing connection between items
    Local override; error
    @(20.3650 mm, 53.6350 mm): Pad 3 [COL_G_05] of D345 on F.Cu
    @(20.3650 mm, 56.1350 mm): Pad 3 [COL_G_05] of D365 on F.Cu
[unconnected_items]: Missing connection between items
    Local override; error
    @(20.3650 mm, 56.1350 mm): Pad 3 [COL_G_05] of D365 on F.Cu
    @(20.3650 mm, 58.6350 mm): Pad 3 [COL_G_05] of D385 on F.Cu
[unconnected_items]: Missing connection between items
    Local override; error
    @(20.3650 mm, 10.3650 mm): Pad 4 [COL_B_05] of D5 on F.Cu
    @(20.3650 mm, 12.8650 mm): Pad 4 [COL_B_05] of D25 on F.Cu
[unconnected_items]: Missing connection between items
    Local override; error
    @(20.3650 mm, 12.8650 mm): Pad 4 [COL_B_05] of D25 on F.Cu
    @(20.3650 mm, 15.3650 mm): Pad 4 [COL_B_05] of D45 on F.Cu
[unconnected_items]: Missing connection between items
    Local override; error
    @(20.3650 mm, 15.3650 mm): Pad 4 [COL_B_05] of D45 on F.Cu
    @(20.3650 mm, 17.8650 mm): Pad 4 [COL_B_05] of D65 on F.Cu
[unconnected_items]: Missing connection between items
    Local override; error
    @(20.3650 mm, 17.8650 mm): Pad 4 [COL_B_05] of D65 on F.Cu
    @(20.3650 mm, 20.3650 mm): Pad 4 [COL_B_05] of D85 on F.Cu
[unconnected_items]: Missing connection between items
    Local override; error
    @(20.3650 mm, 20.3650 mm): Pad 4 [COL_B_05] of D85 on F.Cu
    @(20.3650 mm, 22.8650 mm): Pad 4 [COL_B_05] of D105 on F.Cu
[unconnected_items]: Missing connection between items
    Local override; error
    @(20.3650 mm, 22.8650 mm): Pad 4 [COL_B_05] of D105 on F.Cu
    @(20.3650 mm, 25.3650 mm): Pad 4 [COL_B_05] of D125 on F.Cu
[unconnected_items]: Missing connection between items
    Local override; error
    @(20.3650 mm, 25.3650 mm): Pad 4 [COL_B_05] of D125 on F.Cu
    @(20.3650 mm, 27.8650 mm): Pad 4 [COL_B_05] of D145 on F.Cu
[unconnected_items]: Missing connection between items
    Local override; error
    @(20.3650 mm, 27.8650 mm): Pad 4 [COL_B_05] of D145 on F.Cu
    @(20.3650 mm, 30.3650 mm): Pad 4 [COL_B_05] of D165 on F.Cu
[unconnected_items]: Missing connection between items
    Local override; error
    @(20.3650 mm, 30.3650 mm): Pad 4 [COL_B_05] of D165 on F.Cu
    @(20.3650 mm, 32.8650 mm): Pad 4 [COL_B_05] of D185 on F.Cu
[unconnected_items]: Missing connection between items
    Local override; error
    @(20.3650 mm, 32.8650 mm): Pad 4 [COL_B_05] of D185 on F.Cu
    @(20.3650 mm, 35.3650 mm): Pad 4 [COL_B_05] of D205 on F.Cu
[unconnected_items]: Missing connection between items
    Local override; error
    @(20.3650 mm, 35.3650 mm): Pad 4 [COL_B_05] of D205 on F.Cu
    @(20.3650 mm, 37.8650 mm): Pad 4 [COL_B_05] of D225 on F.Cu
[unconnected_items]: Missing connection between items
    Local override; error
    @(20.3650 mm, 37.8650 mm): Pad 4 [COL_B_05] of D225 on F.Cu
    @(20.3650 mm, 40.3650 mm): Pad 4 [COL_B_05] of D245 on F.Cu
[unconnected_items]: Missing connection between items
    Local override; error
    @(20.3650 mm, 40.3650 mm): Pad 4 [COL_B_05] of D245 on F.Cu
    @(20.3650 mm, 42.8650 mm): Pad 4 [COL_B_05] of D265 on F.Cu
[unconnected_items]: Missing connection between items
    Local override; error
    @(20.3650 mm, 42.8650 mm): Pad 4 [COL_B_05] of D265 on F.Cu
    @(20.3650 mm, 45.3650 mm): Pad 4 [COL_B_05] of D285 on F.Cu
[unconnected_items]: Missing connection between items
    Local override; error
    @(20.3650 mm, 45.3650 mm): Pad 4 [COL_B_05] of D285 on F.Cu
    @(20.3650 mm, 47.8650 mm): Pad 4 [COL_B_05] of D305 on F.Cu
[unconnected_items]: Missing connection between items
    Local override; error
    @(20.3650 mm, 47.8650 mm): Pad 4 [COL_B_05] of D305 on F.Cu
    @(20.3650 mm, 50.3650 mm): Pad 4 [COL_B_05] of D325 on F.Cu
[unconnected_items]: Missing connection between items
    Local override; error
    @(20.3650 mm, 50.3650 mm): Pad 4 [COL_B_05] of D325 on F.Cu
    @(20.3650 mm, 52.8650 mm): Pad 4 [COL_B_05] of D345 on F.Cu
[unconnected_items]: Missing connection between items
    Local override; error
    @(20.3650 mm, 52.8650 mm): Pad 4 [COL_B_05] of D345 on F.Cu
    @(20.3650 mm, 55.3650 mm): Pad 4 [COL_B_05] of D365 on F.Cu
[unconnected_items]: Missing connection between items
    Local override; error
    @(20.3650 mm, 55.3650 mm): Pad 4 [COL_B_05] of D365 on F.Cu
    @(20.3650 mm, 57.8650 mm): Pad 4 [COL_B_05] of D385 on F.Cu
[unconnected_items]: Missing connection between items
    Local override; error
    @(11.1350 mm, 40.3650 mm): Pad 1 [ROW_13_ANODE] of D241 on F.Cu
    @(13.6350 mm, 40.3650 mm): Pad 1 [ROW_13_ANODE] of D242 on F.Cu
[unconnected_items]: Missing connection between items
    Local override; error
    @(13.6350 mm, 40.3650 mm): Pad 1 [ROW_13_ANODE] of D242 on F.Cu
    @(16.1350 mm, 40.3650 mm): Pad 1 [ROW_13_ANODE] of D243 on F.Cu
[unconnected_items]: Missing connection between items
    Local override; error
    @(16.1350 mm, 40.3650 mm): Pad 1 [ROW_13_ANODE] of D243 on F.Cu
    @(18.6350 mm, 40.3650 mm): Pad 1 [ROW_13_ANODE] of D244 on F.Cu
[unconnected_items]: Missing connection between items
    Local override; error
    @(18.6350 mm, 40.3650 mm): Pad 1 [ROW_13_ANODE] of D244 on F.Cu
    @(21.1350 mm, 40.3650 mm): Pad 1 [ROW_13_ANODE] of D245 on F.Cu
[unconnected_items]: Missing connection between items
    Local override; error
    @(21.1350 mm, 40.3650 mm): Pad 1 [ROW_13_ANODE] of D245 on F.Cu
    @(23.6350 mm, 40.3650 mm): Pad 1 [ROW_13_ANODE] of D246 on F.Cu
[unconnected_items]: Missing connection between items
    Local override; error
    @(23.6350 mm, 40.3650 mm): Pad 1 [ROW_13_ANODE] of D246 on F.Cu
    @(26.1350 mm, 40.3650 mm): Pad 1 [ROW_13_ANODE] of D247 on F.Cu
[unconnected_items]: Missing connection between items
    Local override; error
    @(26.1350 mm, 40.3650 mm): Pad 1 [ROW_13_ANODE] of D247 on F.Cu
    @(28.6350 mm, 40.3650 mm): Pad 1 [ROW_13_ANODE] of D248 on F.Cu
[unconnected_items]: Missing connection between items
    Local override; error
    @(28.6350 mm, 40.3650 mm): Pad 1 [ROW_13_ANODE] of D248 on F.Cu
    @(31.1350 mm, 40.3650 mm): Pad 1 [ROW_13_ANODE] of D249 on F.Cu
[unconnected_items]: Missing connection between items
    Local override; error
    @(31.1350 mm, 40.3650 mm): Pad 1 [ROW_13_ANODE] of D249 on F.Cu
    @(33.6350 mm, 40.3650 mm): Pad 1 [ROW_13_ANODE] of D250 on F.Cu
[unconnected_items]: Missing connection between items
    Local override; error
    @(33.6350 mm, 40.3650 mm): Pad 1 [ROW_13_ANODE] of D250 on F.Cu
    @(36.1350 mm, 40.3650 mm): Pad 1 [ROW_13_ANODE] of D251 on F.Cu
[unconnected_items]: Missing connection between items
    Local override; error
    @(36.1350 mm, 40.3650 mm): Pad 1 [ROW_13_ANODE] of D251 on F.Cu
    @(38.6350 mm, 40.3650 mm): Pad 1 [ROW_13_ANODE] of D252 on F.Cu
[unconnected_items]: Missing connection between items
    Local override; error
    @(38.6350 mm, 40.3650 mm): Pad 1 [ROW_13_ANODE] of D252 on F.Cu
    @(41.1350 mm, 40.3650 mm): Pad 1 [ROW_13_ANODE] of D253 on F.Cu
[unconnected_items]: Missing connection between items
    Local override; error
    @(41.1350 mm, 40.3650 mm): Pad 1 [ROW_13_ANODE] of D253 on F.Cu
    @(43.6350 mm, 40.3650 mm): Pad 1 [ROW_13_ANODE] of D254 on F.Cu
[unconnected_items]: Missing connection between items
    Local override; error
    @(43.6350 mm, 40.3650 mm): Pad 1 [ROW_13_ANODE] of D254 on F.Cu
    @(46.1350 mm, 40.3650 mm): Pad 1 [ROW_13_ANODE] of D255 on F.Cu
[unconnected_items]: Missing connection between items
    Local override; error
    @(46.1350 mm, 40.3650 mm): Pad 1 [ROW_13_ANODE] of D255 on F.Cu
    @(48.6350 mm, 40.3650 mm): Pad 1 [ROW_13_ANODE] of D256 on F.Cu
[unconnected_items]: Missing connection between items
    Local override; error
    @(48.6350 mm, 40.3650 mm): Pad 1 [ROW_13_ANODE] of D256 on F.Cu
    @(51.1350 mm, 40.3650 mm): Pad 1 [ROW_13_ANODE] of D257 on F.Cu
[unconnected_items]: Missing connection between items
    Local override; error
    @(51.1350 mm, 40.3650 mm): Pad 1 [ROW_13_ANODE] of D257 on F.Cu
    @(53.6350 mm, 40.3650 mm): Pad 1 [ROW_13_ANODE] of D258 on F.Cu
[unconnected_items]: Missing connection between items
    Local override; error
    @(53.6350 mm, 40.3650 mm): Pad 1 [ROW_13_ANODE] of D258 on F.Cu
    @(56.1350 mm, 40.3650 mm): Pad 1 [ROW_13_ANODE] of D259 on F.Cu
[unconnected_items]: Missing connection between items
    Local override; error
    @(56.1350 mm, 40.3650 mm): Pad 1 [ROW_13_ANODE] of D259 on F.Cu
    @(58.6350 mm, 40.3650 mm): Pad 1 [ROW_13_ANODE] of D260 on F.Cu
[unconnected_items]: Missing connection between items
    Local override; error
    @(53.6350 mm, 11.1350 mm): Pad 2 [COL_R_18] of D18 on F.Cu
    @(53.6350 mm, 13.6350 mm): Pad 2 [COL_R_18] of D38 on F.Cu
[unconnected_items]: Missing connection between items
    Local override; error
    @(53.6350 mm, 13.6350 mm): Pad 2 [COL_R_18] of D38 on F.Cu
    @(53.6350 mm, 16.1350 mm): Pad 2 [COL_R_18] of D58 on F.Cu
[unconnected_items]: Missing connection between items
    Local override; error
    @(53.6350 mm, 16.1350 mm): Pad 2 [COL_R_18] of D58 on F.Cu
    @(53.6350 mm, 18.6350 mm): Pad 2 [COL_R_18] of D78 on F.Cu
[unconnected_items]: Missing connection between items
    Local override; error
    @(53.6350 mm, 18.6350 mm): Pad 2 [COL_R_18] of D78 on F.Cu
    @(53.6350 mm, 21.1350 mm): Pad 2 [COL_R_18] of D98 on F.Cu
[unconnected_items]: Missing connection between items
    Local override; error
    @(53.6350 mm, 21.1350 mm): Pad 2 [COL_R_18] of D98 on F.Cu
    @(53.6350 mm, 23.6350 mm): Pad 2 [COL_R_18] of D118 on F.Cu
[unconnected_items]: Missing connection between items
    Local override; error
    @(53.6350 mm, 23.6350 mm): Pad 2 [COL_R_18] of D118 on F.Cu
    @(53.6350 mm, 26.1350 mm): Pad 2 [COL_R_18] of D138 on F.Cu
[unconnected_items]: Missing connection between items
    Local override; error
    @(53.6350 mm, 26.1350 mm): Pad 2 [COL_R_18] of D138 on F.Cu
    @(53.6350 mm, 28.6350 mm): Pad 2 [COL_R_18] of D158 on F.Cu
[unconnected_items]: Missing connection between items
    Local override; error
    @(53.6350 mm, 28.6350 mm): Pad 2 [COL_R_18] of D158 on F.Cu
    @(53.6350 mm, 31.1350 mm): Pad 2 [COL_R_18] of D178 on F.Cu
[unconnected_items]: Missing connection between items
    Local override; error
    @(53.6350 mm, 31.1350 mm): Pad 2 [COL_R_18] of D178 on F.Cu
    @(53.6350 mm, 33.6350 mm): Pad 2 [COL_R_18] of D198 on F.Cu
[unconnected_items]: Missing connection between items
    Local override; error
    @(53.6350 mm, 33.6350 mm): Pad 2 [COL_R_18] of D198 on F.Cu
    @(53.6350 mm, 36.1350 mm): Pad 2 [COL_R_18] of D218 on F.Cu
[unconnected_items]: Missing connection between items
    Local override; error
    @(53.6350 mm, 36.1350 mm): Pad 2 [COL_R_18] of D218 on F.Cu
    @(53.6350 mm, 38.6350 mm): Pad 2 [COL_R_18] of D238 on F.Cu
[unconnected_items]: Missing connection between items
    Local override; error
    @(53.6350 mm, 38.6350 mm): Pad 2 [COL_R_18] of D238 on F.Cu
    @(53.6350 mm, 41.1350 mm): Pad 2 [COL_R_18] of D258 on F.Cu
[unconnected_items]: Missing connection between items
    Local override; error
    @(53.6350 mm, 41.1350 mm): Pad 2 [COL_R_18] of D258 on F.Cu
    @(53.6350 mm, 43.6350 mm): Pad 2 [COL_R_18] of D278 on F.Cu
[unconnected_items]: Missing connection between items
    Local override; error
    @(53.6350 mm, 43.6350 mm): Pad 2 [COL_R_18] of D278 on F.Cu
    @(53.6350 mm, 46.1350 mm): Pad 2 [COL_R_18] of D298 on F.Cu
[unconnected_items]: Missing connection between items
    Local override; error
    @(53.6350 mm, 46.1350 mm): Pad 2 [COL_R_18] of D298 on F.Cu
    @(53.6350 mm, 48.6350 mm): Pad 2 [COL_R_18] of D318 on F.Cu
[unconnected_items]: Missing connection between items
    Local override; error
    @(53.6350 mm, 48.6350 mm): Pad 2 [COL_R_18] of D318 on F.Cu
    @(53.6350 mm, 51.1350 mm): Pad 2 [COL_R_18] of D338 on F.Cu
[unconnected_items]: Missing connection between items
    Local override; error
    @(53.6350 mm, 51.1350 mm): Pad 2 [COL_R_18] of D338 on F.Cu
    @(53.6350 mm, 53.6350 mm): Pad 2 [COL_R_18] of D358 on F.Cu
[unconnected_items]: Missing connection between items
    Local override; error
    @(53.6350 mm, 53.6350 mm): Pad 2 [COL_R_18] of D358 on F.Cu
    @(53.6350 mm, 56.1350 mm): Pad 2 [COL_R_18] of D378 on F.Cu
[unconnected_items]: Missing connection between items
    Local override; error
    @(53.6350 mm, 56.1350 mm): Pad 2 [COL_R_18] of D378 on F.Cu
    @(53.6350 mm, 58.6350 mm): Pad 2 [COL_R_18] of D398 on F.Cu
[unconnected_items]: Missing connection between items
    Local override; error
    @(52.8650 mm, 11.1350 mm): Pad 3 [COL_G_18] of D18 on F.Cu
    @(52.8650 mm, 13.6350 mm): Pad 3 [COL_G_18] of D38 on F.Cu
[unconnected_items]: Missing connection between items
    Local override; error
    @(52.8650 mm, 13.6350 mm): Pad 3 [COL_G_18] of D38 on F.Cu
    @(52.8650 mm, 16.1350 mm): Pad 3 [COL_G_18] of D58 on F.Cu
[unconnected_items]: Missing connection between items
    Local override; error
    @(52.8650 mm, 16.1350 mm): Pad 3 [COL_G_18] of D58 on F.Cu
    @(52.8650 mm, 18.6350 mm): Pad 3 [COL_G_18] of D78 on F.Cu
[unconnected_items]: Missing connection between items
    Local override; error
    @(52.8650 mm, 18.6350 mm): Pad 3 [COL_G_18] of D78 on F.Cu
    @(52.8650 mm, 21.1350 mm): Pad 3 [COL_G_18] of D98 on F.Cu
[unconnected_items]: Missing connection between items
    Local override; error
    @(52.8650 mm, 21.1350 mm): Pad 3 [COL_G_18] of D98 on F.Cu
    @(52.8650 mm, 23.6350 mm): Pad 3 [COL_G_18] of D118 on F.Cu
[unconnected_items]: Missing connection between items
    Local override; error
    @(52.8650 mm, 23.6350 mm): Pad 3 [COL_G_18] of D118 on F.Cu
    @(52.8650 mm, 26.1350 mm): Pad 3 [COL_G_18] of D138 on F.Cu
[unconnected_items]: Missing connection between items
    Local override; error
    @(52.8650 mm, 26.1350 mm): Pad 3 [COL_G_18] of D138 on F.Cu
    @(52.8650 mm, 28.6350 mm): Pad 3 [COL_G_18] of D158 on F.Cu
[unconnected_items]: Missing connection between items
    Local override; error
    @(52.8650 mm, 28.6350 mm): Pad 3 [COL_G_18] of D158 on F.Cu
    @(52.8650 mm, 31.1350 mm): Pad 3 [COL_G_18] of D178 on F.Cu
[unconnected_items]: Missing connection between items
    Local override; error
    @(52.8650 mm, 31.1350 mm): Pad 3 [COL_G_18] of D178 on F.Cu
    @(52.8650 mm, 33.6350 mm): Pad 3 [COL_G_18] of D198 on F.Cu
[unconnected_items]: Missing connection between items
    Local override; error
    @(52.8650 mm, 33.6350 mm): Pad 3 [COL_G_18] of D198 on F.Cu
    @(52.8650 mm, 36.1350 mm): Pad 3 [COL_G_18] of D218 on F.Cu
[unconnected_items]: Missing connection between items
    Local override; error
    @(52.8650 mm, 36.1350 mm): Pad 3 [COL_G_18] of D218 on F.Cu
    @(52.8650 mm, 38.6350 mm): Pad 3 [COL_G_18] of D238 on F.Cu
[unconnected_items]: Missing connection between items
    Local override; error
    @(52.8650 mm, 38.6350 mm): Pad 3 [COL_G_18] of D238 on F.Cu
    @(52.8650 mm, 41.1350 mm): Pad 3 [COL_G_18] of D258 on F.Cu
[unconnected_items]: Missing connection between items
    Local override; error
    @(52.8650 mm, 41.1350 mm): Pad 3 [COL_G_18] of D258 on F.Cu
    @(52.8650 mm, 43.6350 mm): Pad 3 [COL_G_18] of D278 on F.Cu
[unconnected_items]: Missing connection between items
    Local override; error
    @(52.8650 mm, 43.6350 mm): Pad 3 [COL_G_18] of D278 on F.Cu
    @(52.8650 mm, 46.1350 mm): Pad 3 [COL_G_18] of D298 on F.Cu
[unconnected_items]: Missing connection between items
    Local override; error
    @(52.8650 mm, 46.1350 mm): Pad 3 [COL_G_18] of D298 on F.Cu
    @(52.8650 mm, 48.6350 mm): Pad 3 [COL_G_18] of D318 on F.Cu
[unconnected_items]: Missing connection between items
    Local override; error
    @(52.8650 mm, 48.6350 mm): Pad 3 [COL_G_18] of D318 on F.Cu
    @(52.8650 mm, 51.1350 mm): Pad 3 [COL_G_18] of D338 on F.Cu
[unconnected_items]: Missing connection between items
    Local override; error
    @(52.8650 mm, 51.1350 mm): Pad 3 [COL_G_18] of D338 on F.Cu
    @(52.8650 mm, 53.6350 mm): Pad 3 [COL_G_18] of D358 on F.Cu
[unconnected_items]: Missing connection between items
    Local override; error
    @(52.8650 mm, 53.6350 mm): Pad 3 [COL_G_18] of D358 on F.Cu
    @(52.8650 mm, 56.1350 mm): Pad 3 [COL_G_18] of D378 on F.Cu
[unconnected_items]: Missing connection between items
    Local override; error
    @(52.8650 mm, 56.1350 mm): Pad 3 [COL_G_18] of D378 on F.Cu
    @(52.8650 mm, 58.6350 mm): Pad 3 [COL_G_18] of D398 on F.Cu
[unconnected_items]: Missing connection between items
    Local override; error
    @(52.8650 mm, 10.3650 mm): Pad 4 [COL_B_18] of D18 on F.Cu
    @(52.8650 mm, 12.8650 mm): Pad 4 [COL_B_18] of D38 on F.Cu
[unconnected_items]: Missing connection between items
    Local override; error
    @(52.8650 mm, 12.8650 mm): Pad 4 [COL_B_18] of D38 on F.Cu
    @(52.8650 mm, 15.3650 mm): Pad 4 [COL_B_18] of D58 on F.Cu
[unconnected_items]: Missing connection between items
    Local override; error
    @(52.8650 mm, 15.3650 mm): Pad 4 [COL_B_18] of D58 on F.Cu
    @(52.8650 mm, 17.8650 mm): Pad 4 [COL_B_18] of D78 on F.Cu
[unconnected_items]: Missing connection between items
    Local override; error
    @(52.8650 mm, 17.8650 mm): Pad 4 [COL_B_18] of D78 on F.Cu
    @(52.8650 mm, 20.3650 mm): Pad 4 [COL_B_18] of D98 on F.Cu
[unconnected_items]: Missing connection between items
    Local override; error
    @(52.8650 mm, 20.3650 mm): Pad 4 [COL_B_18] of D98 on F.Cu
    @(52.8650 mm, 22.8650 mm): Pad 4 [COL_B_18] of D118 on F.Cu
[unconnected_items]: Missing connection between items
    Local override; error
    @(52.8650 mm, 22.8650 mm): Pad 4 [COL_B_18] of D118 on F.Cu
    @(52.8650 mm, 25.3650 mm): Pad 4 [COL_B_18] of D138 on F.Cu
[unconnected_items]: Missing connection between items
    Local override; error
    @(52.8650 mm, 25.3650 mm): Pad 4 [COL_B_18] of D138 on F.Cu
    @(52.8650 mm, 27.8650 mm): Pad 4 [COL_B_18] of D158 on F.Cu
[unconnected_items]: Missing connection between items
    Local override; error
    @(52.8650 mm, 27.8650 mm): Pad 4 [COL_B_18] of D158 on F.Cu
    @(52.8650 mm, 30.3650 mm): Pad 4 [COL_B_18] of D178 on F.Cu
[unconnected_items]: Missing connection between items
    Local override; error
    @(52.8650 mm, 30.3650 mm): Pad 4 [COL_B_18] of D178 on F.Cu
    @(52.8650 mm, 32.8650 mm): Pad 4 [COL_B_18] of D198 on F.Cu
[unconnected_items]: Missing connection between items
    Local override; error
    @(52.8650 mm, 32.8650 mm): Pad 4 [COL_B_18] of D198 on F.Cu
    @(52.8650 mm, 35.3650 mm): Pad 4 [COL_B_18] of D218 on F.Cu
[unconnected_items]: Missing connection between items
    Local override; error
    @(52.8650 mm, 35.3650 mm): Pad 4 [COL_B_18] of D218 on F.Cu
    @(52.8650 mm, 37.8650 mm): Pad 4 [COL_B_18] of D238 on F.Cu
[unconnected_items]: Missing connection between items
    Local override; error
    @(52.8650 mm, 37.8650 mm): Pad 4 [COL_B_18] of D238 on F.Cu
    @(52.8650 mm, 40.3650 mm): Pad 4 [COL_B_18] of D258 on F.Cu
[unconnected_items]: Missing connection between items
    Local override; error
    @(52.8650 mm, 40.3650 mm): Pad 4 [COL_B_18] of D258 on F.Cu
    @(52.8650 mm, 42.8650 mm): Pad 4 [COL_B_18] of D278 on F.Cu
[unconnected_items]: Missing connection between items
    Local override; error
    @(52.8650 mm, 42.8650 mm): Pad 4 [COL_B_18] of D278 on F.Cu
    @(52.8650 mm, 45.3650 mm): Pad 4 [COL_B_18] of D298 on F.Cu
[unconnected_items]: Missing connection between items
    Local override; error
    @(52.8650 mm, 45.3650 mm): Pad 4 [COL_B_18] of D298 on F.Cu
    @(52.8650 mm, 47.8650 mm): Pad 4 [COL_B_18] of D318 on F.Cu
[unconnected_items]: Missing connection between items
    Local override; error
    @(52.8650 mm, 47.8650 mm): Pad 4 [COL_B_18] of D318 on F.Cu
    @(52.8650 mm, 50.3650 mm): Pad 4 [COL_B_18] of D338 on F.Cu
[unconnected_items]: Missing connection between items
    Local override; error
    @(52.8650 mm, 50.3650 mm): Pad 4 [COL_B_18] of D338 on F.Cu
    @(52.8650 mm, 52.8650 mm): Pad 4 [COL_B_18] of D358 on F.Cu
[unconnected_items]: Missing connection between items
    Local override; error
    @(52.8650 mm, 52.8650 mm): Pad 4 [COL_B_18] of D358 on F.Cu
    @(52.8650 mm, 55.3650 mm): Pad 4 [COL_B_18] of D378 on F.Cu
[unconnected_items]: Missing connection between items
    Local override; error
    @(52.8650 mm, 55.3650 mm): Pad 4 [COL_B_18] of D378 on F.Cu
    @(52.8650 mm, 57.8650 mm): Pad 4 [COL_B_18] of D398 on F.Cu
[unconnected_items]: Missing connection between items
    Local override; error
    @(11.1350 mm, 45.3650 mm): Pad 1 [ROW_15_ANODE] of D281 on F.Cu
    @(13.6350 mm, 45.3650 mm): Pad 1 [ROW_15_ANODE] of D282 on F.Cu
[unconnected_items]: Missing connection between items
    Local override; error
    @(13.6350 mm, 45.3650 mm): Pad 1 [ROW_15_ANODE] of D282 on F.Cu
    @(16.1350 mm, 45.3650 mm): Pad 1 [ROW_15_ANODE] of D283 on F.Cu
[unconnected_items]: Missing connection between items
    Local override; error
    @(16.1350 mm, 45.3650 mm): Pad 1 [ROW_15_ANODE] of D283 on F.Cu
    @(18.6350 mm, 45.3650 mm): Pad 1 [ROW_15_ANODE] of D284 on F.Cu
[unconnected_items]: Missing connection between items
    Local override; error
    @(18.6350 mm, 45.3650 mm): Pad 1 [ROW_15_ANODE] of D284 on F.Cu
    @(21.1350 mm, 45.3650 mm): Pad 1 [ROW_15_ANODE] of D285 on F.Cu
[unconnected_items]: Missing connection between items
    Local override; error
    @(21.1350 mm, 45.3650 mm): Pad 1 [ROW_15_ANODE] of D285 on F.Cu
    @(23.6350 mm, 45.3650 mm): Pad 1 [ROW_15_ANODE] of D286 on F.Cu
[unconnected_items]: Missing connection between items
    Local override; error
    @(23.6350 mm, 45.3650 mm): Pad 1 [ROW_15_ANODE] of D286 on F.Cu
    @(26.1350 mm, 45.3650 mm): Pad 1 [ROW_15_ANODE] of D287 on F.Cu
[unconnected_items]: Missing connection between items
    Local override; error
    @(26.1350 mm, 45.3650 mm): Pad 1 [ROW_15_ANODE] of D287 on F.Cu
    @(28.6350 mm, 45.3650 mm): Pad 1 [ROW_15_ANODE] of D288 on F.Cu
[unconnected_items]: Missing connection between items
    Local override; error
    @(28.6350 mm, 45.3650 mm): Pad 1 [ROW_15_ANODE] of D288 on F.Cu
    @(31.1350 mm, 45.3650 mm): Pad 1 [ROW_15_ANODE] of D289 on F.Cu
[unconnected_items]: Missing connection between items
    Local override; error
    @(31.1350 mm, 45.3650 mm): Pad 1 [ROW_15_ANODE] of D289 on F.Cu
    @(33.6350 mm, 45.3650 mm): Pad 1 [ROW_15_ANODE] of D290 on F.Cu
[unconnected_items]: Missing connection between items
    Local override; error
    @(33.6350 mm, 45.3650 mm): Pad 1 [ROW_15_ANODE] of D290 on F.Cu
    @(36.1350 mm, 45.3650 mm): Pad 1 [ROW_15_ANODE] of D291 on F.Cu
[unconnected_items]: Missing connection between items
    Local override; error
    @(36.1350 mm, 45.3650 mm): Pad 1 [ROW_15_ANODE] of D291 on F.Cu
    @(38.6350 mm, 45.3650 mm): Pad 1 [ROW_15_ANODE] of D292 on F.Cu
[unconnected_items]: Missing connection between items
    Local override; error
    @(38.6350 mm, 45.3650 mm): Pad 1 [ROW_15_ANODE] of D292 on F.Cu
    @(41.1350 mm, 45.3650 mm): Pad 1 [ROW_15_ANODE] of D293 on F.Cu
[unconnected_items]: Missing connection between items
    Local override; error
    @(41.1350 mm, 45.3650 mm): Pad 1 [ROW_15_ANODE] of D293 on F.Cu
    @(43.6350 mm, 45.3650 mm): Pad 1 [ROW_15_ANODE] of D294 on F.Cu
[unconnected_items]: Missing connection between items
    Local override; error
    @(43.6350 mm, 45.3650 mm): Pad 1 [ROW_15_ANODE] of D294 on F.Cu
    @(46.1350 mm, 45.3650 mm): Pad 1 [ROW_15_ANODE] of D295 on F.Cu
[unconnected_items]: Missing connection between items
    Local override; error
    @(46.1350 mm, 45.3650 mm): Pad 1 [ROW_15_ANODE] of D295 on F.Cu
    @(48.6350 mm, 45.3650 mm): Pad 1 [ROW_15_ANODE] of D296 on F.Cu
[unconnected_items]: Missing connection between items
    Local override; error
    @(48.6350 mm, 45.3650 mm): Pad 1 [ROW_15_ANODE] of D296 on F.Cu
    @(51.1350 mm, 45.3650 mm): Pad 1 [ROW_15_ANODE] of D297 on F.Cu
[unconnected_items]: Missing connection between items
    Local override; error
    @(51.1350 mm, 45.3650 mm): Pad 1 [ROW_15_ANODE] of D297 on F.Cu
    @(53.6350 mm, 45.3650 mm): Pad 1 [ROW_15_ANODE] of D298 on F.Cu
[unconnected_items]: Missing connection between items
    Local override; error
    @(53.6350 mm, 45.3650 mm): Pad 1 [ROW_15_ANODE] of D298 on F.Cu
    @(56.1350 mm, 45.3650 mm): Pad 1 [ROW_15_ANODE] of D299 on F.Cu
[unconnected_items]: Missing connection between items
    Local override; error
    @(56.1350 mm, 45.3650 mm): Pad 1 [ROW_15_ANODE] of D299 on F.Cu
    @(58.6350 mm, 45.3650 mm): Pad 1 [ROW_15_ANODE] of D300 on F.Cu
[unconnected_items]: Missing connection between items
    Local override; error
    @(36.1350 mm, 11.1350 mm): Pad 2 [COL_R_11] of D11 on F.Cu
    @(36.1350 mm, 13.6350 mm): Pad 2 [COL_R_11] of D31 on F.Cu
[unconnected_items]: Missing connection between items
    Local override; error
    @(36.1350 mm, 13.6350 mm): Pad 2 [COL_R_11] of D31 on F.Cu
    @(36.1350 mm, 16.1350 mm): Pad 2 [COL_R_11] of D51 on F.Cu
[unconnected_items]: Missing connection between items
    Local override; error
    @(36.1350 mm, 16.1350 mm): Pad 2 [COL_R_11] of D51 on F.Cu
    @(36.1350 mm, 18.6350 mm): Pad 2 [COL_R_11] of D71 on F.Cu
[unconnected_items]: Missing connection between items
    Local override; error
    @(36.1350 mm, 18.6350 mm): Pad 2 [COL_R_11] of D71 on F.Cu
    @(36.1350 mm, 21.1350 mm): Pad 2 [COL_R_11] of D91 on F.Cu
[unconnected_items]: Missing connection between items
    Local override; error
    @(36.1350 mm, 21.1350 mm): Pad 2 [COL_R_11] of D91 on F.Cu
    @(36.1350 mm, 23.6350 mm): Pad 2 [COL_R_11] of D111 on F.Cu
[unconnected_items]: Missing connection between items
    Local override; error
    @(36.1350 mm, 23.6350 mm): Pad 2 [COL_R_11] of D111 on F.Cu
    @(36.1350 mm, 26.1350 mm): Pad 2 [COL_R_11] of D131 on F.Cu
[unconnected_items]: Missing connection between items
    Local override; error
    @(36.1350 mm, 26.1350 mm): Pad 2 [COL_R_11] of D131 on F.Cu
    @(36.1350 mm, 28.6350 mm): Pad 2 [COL_R_11] of D151 on F.Cu
[unconnected_items]: Missing connection between items
    Local override; error
    @(36.1350 mm, 28.6350 mm): Pad 2 [COL_R_11] of D151 on F.Cu
    @(36.1350 mm, 31.1350 mm): Pad 2 [COL_R_11] of D171 on F.Cu
[unconnected_items]: Missing connection between items
    Local override; error
    @(36.1350 mm, 31.1350 mm): Pad 2 [COL_R_11] of D171 on F.Cu
    @(36.1350 mm, 33.6350 mm): Pad 2 [COL_R_11] of D191 on F.Cu
[unconnected_items]: Missing connection between items
    Local override; error
    @(36.1350 mm, 33.6350 mm): Pad 2 [COL_R_11] of D191 on F.Cu
    @(36.1350 mm, 36.1350 mm): Pad 2 [COL_R_11] of D211 on F.Cu
[unconnected_items]: Missing connection between items
    Local override; error
    @(36.1350 mm, 36.1350 mm): Pad 2 [COL_R_11] of D211 on F.Cu
    @(36.1350 mm, 38.6350 mm): Pad 2 [COL_R_11] of D231 on F.Cu
[unconnected_items]: Missing connection between items
    Local override; error
    @(36.1350 mm, 38.6350 mm): Pad 2 [COL_R_11] of D231 on F.Cu
    @(36.1350 mm, 41.1350 mm): Pad 2 [COL_R_11] of D251 on F.Cu
[unconnected_items]: Missing connection between items
    Local override; error
    @(36.1350 mm, 41.1350 mm): Pad 2 [COL_R_11] of D251 on F.Cu
    @(36.1350 mm, 43.6350 mm): Pad 2 [COL_R_11] of D271 on F.Cu
[unconnected_items]: Missing connection between items
    Local override; error
    @(36.1350 mm, 43.6350 mm): Pad 2 [COL_R_11] of D271 on F.Cu
    @(36.1350 mm, 46.1350 mm): Pad 2 [COL_R_11] of D291 on F.Cu
[unconnected_items]: Missing connection between items
    Local override; error
    @(36.1350 mm, 46.1350 mm): Pad 2 [COL_R_11] of D291 on F.Cu
    @(36.1350 mm, 48.6350 mm): Pad 2 [COL_R_11] of D311 on F.Cu
[unconnected_items]: Missing connection between items
    Local override; error
    @(36.1350 mm, 48.6350 mm): Pad 2 [COL_R_11] of D311 on F.Cu
    @(36.1350 mm, 51.1350 mm): Pad 2 [COL_R_11] of D331 on F.Cu
[unconnected_items]: Missing connection between items
    Local override; error
    @(36.1350 mm, 51.1350 mm): Pad 2 [COL_R_11] of D331 on F.Cu
    @(36.1350 mm, 53.6350 mm): Pad 2 [COL_R_11] of D351 on F.Cu
[unconnected_items]: Missing connection between items
    Local override; error
    @(36.1350 mm, 53.6350 mm): Pad 2 [COL_R_11] of D351 on F.Cu
    @(36.1350 mm, 56.1350 mm): Pad 2 [COL_R_11] of D371 on F.Cu
[unconnected_items]: Missing connection between items
    Local override; error
    @(36.1350 mm, 56.1350 mm): Pad 2 [COL_R_11] of D371 on F.Cu
    @(36.1350 mm, 58.6350 mm): Pad 2 [COL_R_11] of D391 on F.Cu
[unconnected_items]: Missing connection between items
    Local override; error
    @(35.3650 mm, 11.1350 mm): Pad 3 [COL_G_11] of D11 on F.Cu
    @(35.3650 mm, 13.6350 mm): Pad 3 [COL_G_11] of D31 on F.Cu
[unconnected_items]: Missing connection between items
    Local override; error
    @(35.3650 mm, 13.6350 mm): Pad 3 [COL_G_11] of D31 on F.Cu
    @(35.3650 mm, 16.1350 mm): Pad 3 [COL_G_11] of D51 on F.Cu
[unconnected_items]: Missing connection between items
    Local override; error
    @(35.3650 mm, 16.1350 mm): Pad 3 [COL_G_11] of D51 on F.Cu
    @(35.3650 mm, 18.6350 mm): Pad 3 [COL_G_11] of D71 on F.Cu
[unconnected_items]: Missing connection between items
    Local override; error
    @(35.3650 mm, 18.6350 mm): Pad 3 [COL_G_11] of D71 on F.Cu
    @(35.3650 mm, 21.1350 mm): Pad 3 [COL_G_11] of D91 on F.Cu
[unconnected_items]: Missing connection between items
    Local override; error
    @(35.3650 mm, 21.1350 mm): Pad 3 [COL_G_11] of D91 on F.Cu
    @(35.3650 mm, 23.6350 mm): Pad 3 [COL_G_11] of D111 on F.Cu
[unconnected_items]: Missing connection between items
    Local override; error
    @(35.3650 mm, 23.6350 mm): Pad 3 [COL_G_11] of D111 on F.Cu
    @(35.3650 mm, 26.1350 mm): Pad 3 [COL_G_11] of D131 on F.Cu
[unconnected_items]: Missing connection between items
    Local override; error
    @(35.3650 mm, 26.1350 mm): Pad 3 [COL_G_11] of D131 on F.Cu
    @(35.3650 mm, 28.6350 mm): Pad 3 [COL_G_11] of D151 on F.Cu
[unconnected_items]: Missing connection between items
    Local override; error
    @(35.3650 mm, 28.6350 mm): Pad 3 [COL_G_11] of D151 on F.Cu
    @(35.3650 mm, 31.1350 mm): Pad 3 [COL_G_11] of D171 on F.Cu
[unconnected_items]: Missing connection between items
    Local override; error
    @(35.3650 mm, 31.1350 mm): Pad 3 [COL_G_11] of D171 on F.Cu
    @(35.3650 mm, 33.6350 mm): Pad 3 [COL_G_11] of D191 on F.Cu
[unconnected_items]: Missing connection between items
    Local override; error
    @(35.3650 mm, 33.6350 mm): Pad 3 [COL_G_11] of D191 on F.Cu
    @(35.3650 mm, 36.1350 mm): Pad 3 [COL_G_11] of D211 on F.Cu
[unconnected_items]: Missing connection between items
    Local override; error
    @(35.3650 mm, 36.1350 mm): Pad 3 [COL_G_11] of D211 on F.Cu
    @(35.3650 mm, 38.6350 mm): Pad 3 [COL_G_11] of D231 on F.Cu
[unconnected_items]: Missing connection between items
    Local override; error
    @(35.3650 mm, 38.6350 mm): Pad 3 [COL_G_11] of D231 on F.Cu
    @(35.3650 mm, 41.1350 mm): Pad 3 [COL_G_11] of D251 on F.Cu
[unconnected_items]: Missing connection between items
    Local override; error
    @(35.3650 mm, 41.1350 mm): Pad 3 [COL_G_11] of D251 on F.Cu
    @(35.3650 mm, 43.6350 mm): Pad 3 [COL_G_11] of D271 on F.Cu
[unconnected_items]: Missing connection between items
    Local override; error
    @(35.3650 mm, 43.6350 mm): Pad 3 [COL_G_11] of D271 on F.Cu
    @(35.3650 mm, 46.1350 mm): Pad 3 [COL_G_11] of D291 on F.Cu
[unconnected_items]: Missing connection between items
    Local override; error
    @(35.3650 mm, 46.1350 mm): Pad 3 [COL_G_11] of D291 on F.Cu
    @(35.3650 mm, 48.6350 mm): Pad 3 [COL_G_11] of D311 on F.Cu
[unconnected_items]: Missing connection between items
    Local override; error
    @(35.3650 mm, 48.6350 mm): Pad 3 [COL_G_11] of D311 on F.Cu
    @(35.3650 mm, 51.1350 mm): Pad 3 [COL_G_11] of D331 on F.Cu
[unconnected_items]: Missing connection between items
    Local override; error
    @(35.3650 mm, 51.1350 mm): Pad 3 [COL_G_11] of D331 on F.Cu
    @(35.3650 mm, 53.6350 mm): Pad 3 [COL_G_11] of D351 on F.Cu
[unconnected_items]: Missing connection between items
    Local override; error
    @(35.3650 mm, 53.6350 mm): Pad 3 [COL_G_11] of D351 on F.Cu
    @(35.3650 mm, 56.1350 mm): Pad 3 [COL_G_11] of D371 on F.Cu
[unconnected_items]: Missing connection between items
    Local override; error
    @(35.3650 mm, 56.1350 mm): Pad 3 [COL_G_11] of D371 on F.Cu
    @(35.3650 mm, 58.6350 mm): Pad 3 [COL_G_11] of D391 on F.Cu
[unconnected_items]: Missing connection between items
    Local override; error
    @(35.3650 mm, 10.3650 mm): Pad 4 [COL_B_11] of D11 on F.Cu
    @(35.3650 mm, 12.8650 mm): Pad 4 [COL_B_11] of D31 on F.Cu
[unconnected_items]: Missing connection between items
    Local override; error
    @(35.3650 mm, 12.8650 mm): Pad 4 [COL_B_11] of D31 on F.Cu
    @(35.3650 mm, 15.3650 mm): Pad 4 [COL_B_11] of D51 on F.Cu
[unconnected_items]: Missing connection between items
    Local override; error
    @(35.3650 mm, 15.3650 mm): Pad 4 [COL_B_11] of D51 on F.Cu
    @(35.3650 mm, 17.8650 mm): Pad 4 [COL_B_11] of D71 on F.Cu
[unconnected_items]: Missing connection between items
    Local override; error
    @(35.3650 mm, 17.8650 mm): Pad 4 [COL_B_11] of D71 on F.Cu
    @(35.3650 mm, 20.3650 mm): Pad 4 [COL_B_11] of D91 on F.Cu
[unconnected_items]: Missing connection between items
    Local override; error
    @(35.3650 mm, 20.3650 mm): Pad 4 [COL_B_11] of D91 on F.Cu
    @(35.3650 mm, 22.8650 mm): Pad 4 [COL_B_11] of D111 on F.Cu
[unconnected_items]: Missing connection between items
    Local override; error
    @(35.3650 mm, 22.8650 mm): Pad 4 [COL_B_11] of D111 on F.Cu
    @(35.3650 mm, 25.3650 mm): Pad 4 [COL_B_11] of D131 on F.Cu
[unconnected_items]: Missing connection between items
    Local override; error
    @(35.3650 mm, 25.3650 mm): Pad 4 [COL_B_11] of D131 on F.Cu
    @(35.3650 mm, 27.8650 mm): Pad 4 [COL_B_11] of D151 on F.Cu
[unconnected_items]: Missing connection between items
    Local override; error
    @(35.3650 mm, 27.8650 mm): Pad 4 [COL_B_11] of D151 on F.Cu
    @(35.3650 mm, 30.3650 mm): Pad 4 [COL_B_11] of D171 on F.Cu
[unconnected_items]: Missing connection between items
    Local override; error
    @(35.3650 mm, 30.3650 mm): Pad 4 [COL_B_11] of D171 on F.Cu
    @(35.3650 mm, 32.8650 mm): Pad 4 [COL_B_11] of D191 on F.Cu
[unconnected_items]: Missing connection between items
    Local override; error
    @(35.3650 mm, 32.8650 mm): Pad 4 [COL_B_11] of D191 on F.Cu
    @(35.3650 mm, 35.3650 mm): Pad 4 [COL_B_11] of D211 on F.Cu
[unconnected_items]: Missing connection between items
    Local override; error
    @(35.3650 mm, 35.3650 mm): Pad 4 [COL_B_11] of D211 on F.Cu
    @(35.3650 mm, 37.8650 mm): Pad 4 [COL_B_11] of D231 on F.Cu
[unconnected_items]: Missing connection between items
    Local override; error
    @(35.3650 mm, 37.8650 mm): Pad 4 [COL_B_11] of D231 on F.Cu
    @(35.3650 mm, 40.3650 mm): Pad 4 [COL_B_11] of D251 on F.Cu
[unconnected_items]: Missing connection between items
    Local override; error
    @(35.3650 mm, 40.3650 mm): Pad 4 [COL_B_11] of D251 on F.Cu
    @(35.3650 mm, 42.8650 mm): Pad 4 [COL_B_11] of D271 on F.Cu
[unconnected_items]: Missing connection between items
    Local override; error
    @(35.3650 mm, 42.8650 mm): Pad 4 [COL_B_11] of D271 on F.Cu
    @(35.3650 mm, 45.3650 mm): Pad 4 [COL_B_11] of D291 on F.Cu
[unconnected_items]: Missing connection between items
    Local override; error
    @(35.3650 mm, 45.3650 mm): Pad 4 [COL_B_11] of D291 on F.Cu
    @(35.3650 mm, 47.8650 mm): Pad 4 [COL_B_11] of D311 on F.Cu
[unconnected_items]: Missing connection between items
    Local override; error
    @(35.3650 mm, 47.8650 mm): Pad 4 [COL_B_11] of D311 on F.Cu
    @(35.3650 mm, 50.3650 mm): Pad 4 [COL_B_11] of D331 on F.Cu
[unconnected_items]: Missing connection between items
    Local override; error
    @(35.3650 mm, 50.3650 mm): Pad 4 [COL_B_11] of D331 on F.Cu
    @(35.3650 mm, 52.8650 mm): Pad 4 [COL_B_11] of D351 on F.Cu
[unconnected_items]: Missing connection between items
    Local override; error
    @(35.3650 mm, 52.8650 mm): Pad 4 [COL_B_11] of D351 on F.Cu
    @(35.3650 mm, 55.3650 mm): Pad 4 [COL_B_11] of D371 on F.Cu
[unconnected_items]: Missing connection between items
    Local override; error
    @(35.3650 mm, 55.3650 mm): Pad 4 [COL_B_11] of D371 on F.Cu
    @(35.3650 mm, 57.8650 mm): Pad 4 [COL_B_11] of D391 on F.Cu
[unconnected_items]: Missing connection between items
    Local override; error
    @(16.1350 mm, 55.3650 mm): Pad 1 [ROW_19_ANODE] of D363 on F.Cu
    @(12.8650 mm, 56.1350 mm): Track [ROW_19_ANODE] on F.Cu, length 0.4500 mm
[unconnected_items]: Missing connection between items
    Local override; error
    @(18.6350 mm, 55.3650 mm): Pad 1 [ROW_19_ANODE] of D364 on F.Cu
    @(16.1350 mm, 55.3650 mm): Pad 1 [ROW_19_ANODE] of D363 on F.Cu
[unconnected_items]: Missing connection between items
    Local override; error
    @(21.1350 mm, 55.3650 mm): Pad 1 [ROW_19_ANODE] of D365 on F.Cu
    @(18.6350 mm, 55.3650 mm): Pad 1 [ROW_19_ANODE] of D364 on F.Cu
[unconnected_items]: Missing connection between items
    Local override; error
    @(23.6350 mm, 55.3650 mm): Pad 1 [ROW_19_ANODE] of D366 on F.Cu
    @(21.1350 mm, 55.3650 mm): Pad 1 [ROW_19_ANODE] of D365 on F.Cu
[unconnected_items]: Missing connection between items
    Local override; error
    @(26.1350 mm, 55.3650 mm): Pad 1 [ROW_19_ANODE] of D367 on F.Cu
    @(23.6350 mm, 55.3650 mm): Pad 1 [ROW_19_ANODE] of D366 on F.Cu
[unconnected_items]: Missing connection between items
    Local override; error
    @(28.6350 mm, 55.3650 mm): Pad 1 [ROW_19_ANODE] of D368 on F.Cu
    @(26.1350 mm, 55.3650 mm): Pad 1 [ROW_19_ANODE] of D367 on F.Cu
[unconnected_items]: Missing connection between items
    Local override; error
    @(31.1350 mm, 55.3650 mm): Pad 1 [ROW_19_ANODE] of D369 on F.Cu
    @(28.6350 mm, 55.3650 mm): Pad 1 [ROW_19_ANODE] of D368 on F.Cu
[unconnected_items]: Missing connection between items
    Local override; error
    @(33.6350 mm, 55.3650 mm): Pad 1 [ROW_19_ANODE] of D370 on F.Cu
    @(31.1350 mm, 55.3650 mm): Pad 1 [ROW_19_ANODE] of D369 on F.Cu
[unconnected_items]: Missing connection between items
    Local override; error
    @(36.1350 mm, 55.3650 mm): Pad 1 [ROW_19_ANODE] of D371 on F.Cu
    @(33.6350 mm, 55.3650 mm): Pad 1 [ROW_19_ANODE] of D370 on F.Cu
[unconnected_items]: Missing connection between items
    Local override; error
    @(38.6350 mm, 55.3650 mm): Pad 1 [ROW_19_ANODE] of D372 on F.Cu
    @(36.1350 mm, 55.3650 mm): Pad 1 [ROW_19_ANODE] of D371 on F.Cu
[unconnected_items]: Missing connection between items
    Local override; error
    @(41.1350 mm, 55.3650 mm): Pad 1 [ROW_19_ANODE] of D373 on F.Cu
    @(38.6350 mm, 55.3650 mm): Pad 1 [ROW_19_ANODE] of D372 on F.Cu
[unconnected_items]: Missing connection between items
    Local override; error
    @(43.6350 mm, 55.3650 mm): Pad 1 [ROW_19_ANODE] of D374 on F.Cu
    @(41.1350 mm, 55.3650 mm): Pad 1 [ROW_19_ANODE] of D373 on F.Cu
[unconnected_items]: Missing connection between items
    Local override; error
    @(46.1350 mm, 55.3650 mm): Pad 1 [ROW_19_ANODE] of D375 on F.Cu
    @(43.6350 mm, 55.3650 mm): Pad 1 [ROW_19_ANODE] of D374 on F.Cu
[unconnected_items]: Missing connection between items
    Local override; error
    @(48.6350 mm, 55.3650 mm): Pad 1 [ROW_19_ANODE] of D376 on F.Cu
    @(46.1350 mm, 55.3650 mm): Pad 1 [ROW_19_ANODE] of D375 on F.Cu
[unconnected_items]: Missing connection between items
    Local override; error
    @(51.1350 mm, 55.3650 mm): Pad 1 [ROW_19_ANODE] of D377 on F.Cu
    @(48.6350 mm, 55.3650 mm): Pad 1 [ROW_19_ANODE] of D376 on F.Cu
[unconnected_items]: Missing connection between items
    Local override; error
    @(53.6350 mm, 55.3650 mm): Pad 1 [ROW_19_ANODE] of D378 on F.Cu
    @(51.1350 mm, 55.3650 mm): Pad 1 [ROW_19_ANODE] of D377 on F.Cu
[unconnected_items]: Missing connection between items
    Local override; error
    @(56.1350 mm, 55.3650 mm): Pad 1 [ROW_19_ANODE] of D379 on F.Cu
    @(53.6350 mm, 55.3650 mm): Pad 1 [ROW_19_ANODE] of D378 on F.Cu
[unconnected_items]: Missing connection between items
    Local override; error
    @(58.6350 mm, 55.3650 mm): Pad 1 [ROW_19_ANODE] of D380 on F.Cu
    @(56.1350 mm, 55.3650 mm): Pad 1 [ROW_19_ANODE] of D379 on F.Cu
[unconnected_items]: Missing connection between items
    Local override; error
    @(41.1350 mm, 11.1350 mm): Pad 2 [COL_R_13] of D13 on F.Cu
    @(41.1350 mm, 13.6350 mm): Pad 2 [COL_R_13] of D33 on F.Cu
[unconnected_items]: Missing connection between items
    Local override; error
    @(41.1350 mm, 13.6350 mm): Pad 2 [COL_R_13] of D33 on F.Cu
    @(41.1350 mm, 16.1350 mm): Pad 2 [COL_R_13] of D53 on F.Cu
[unconnected_items]: Missing connection between items
    Local override; error
    @(41.1350 mm, 16.1350 mm): Pad 2 [COL_R_13] of D53 on F.Cu
    @(41.1350 mm, 18.6350 mm): Pad 2 [COL_R_13] of D73 on F.Cu
[unconnected_items]: Missing connection between items
    Local override; error
    @(41.1350 mm, 18.6350 mm): Pad 2 [COL_R_13] of D73 on F.Cu
    @(41.1350 mm, 21.1350 mm): Pad 2 [COL_R_13] of D93 on F.Cu
[unconnected_items]: Missing connection between items
    Local override; error
    @(41.1350 mm, 21.1350 mm): Pad 2 [COL_R_13] of D93 on F.Cu
    @(41.1350 mm, 23.6350 mm): Pad 2 [COL_R_13] of D113 on F.Cu
[unconnected_items]: Missing connection between items
    Local override; error
    @(41.1350 mm, 23.6350 mm): Pad 2 [COL_R_13] of D113 on F.Cu
    @(41.1350 mm, 26.1350 mm): Pad 2 [COL_R_13] of D133 on F.Cu
[unconnected_items]: Missing connection between items
    Local override; error
    @(41.1350 mm, 26.1350 mm): Pad 2 [COL_R_13] of D133 on F.Cu
    @(41.1350 mm, 28.6350 mm): Pad 2 [COL_R_13] of D153 on F.Cu
[unconnected_items]: Missing connection between items
    Local override; error
    @(41.1350 mm, 28.6350 mm): Pad 2 [COL_R_13] of D153 on F.Cu
    @(41.1350 mm, 31.1350 mm): Pad 2 [COL_R_13] of D173 on F.Cu
[unconnected_items]: Missing connection between items
    Local override; error
    @(41.1350 mm, 31.1350 mm): Pad 2 [COL_R_13] of D173 on F.Cu
    @(41.1350 mm, 33.6350 mm): Pad 2 [COL_R_13] of D193 on F.Cu
[unconnected_items]: Missing connection between items
    Local override; error
    @(41.1350 mm, 33.6350 mm): Pad 2 [COL_R_13] of D193 on F.Cu
    @(41.1350 mm, 36.1350 mm): Pad 2 [COL_R_13] of D213 on F.Cu
[unconnected_items]: Missing connection between items
    Local override; error
    @(41.1350 mm, 36.1350 mm): Pad 2 [COL_R_13] of D213 on F.Cu
    @(41.1350 mm, 38.6350 mm): Pad 2 [COL_R_13] of D233 on F.Cu
[unconnected_items]: Missing connection between items
    Local override; error
    @(41.1350 mm, 38.6350 mm): Pad 2 [COL_R_13] of D233 on F.Cu
    @(41.1350 mm, 41.1350 mm): Pad 2 [COL_R_13] of D253 on F.Cu
[unconnected_items]: Missing connection between items
    Local override; error
    @(41.1350 mm, 41.1350 mm): Pad 2 [COL_R_13] of D253 on F.Cu
    @(41.1350 mm, 43.6350 mm): Pad 2 [COL_R_13] of D273 on F.Cu
[unconnected_items]: Missing connection between items
    Local override; error
    @(41.1350 mm, 43.6350 mm): Pad 2 [COL_R_13] of D273 on F.Cu
    @(41.1350 mm, 46.1350 mm): Pad 2 [COL_R_13] of D293 on F.Cu
[unconnected_items]: Missing connection between items
    Local override; error
    @(41.1350 mm, 46.1350 mm): Pad 2 [COL_R_13] of D293 on F.Cu
    @(41.1350 mm, 48.6350 mm): Pad 2 [COL_R_13] of D313 on F.Cu
[unconnected_items]: Missing connection between items
    Local override; error
    @(41.1350 mm, 48.6350 mm): Pad 2 [COL_R_13] of D313 on F.Cu
    @(41.1350 mm, 51.1350 mm): Pad 2 [COL_R_13] of D333 on F.Cu
[unconnected_items]: Missing connection between items
    Local override; error
    @(41.1350 mm, 51.1350 mm): Pad 2 [COL_R_13] of D333 on F.Cu
    @(41.1350 mm, 53.6350 mm): Pad 2 [COL_R_13] of D353 on F.Cu
[unconnected_items]: Missing connection between items
    Local override; error
    @(41.1350 mm, 53.6350 mm): Pad 2 [COL_R_13] of D353 on F.Cu
    @(41.1350 mm, 56.1350 mm): Pad 2 [COL_R_13] of D373 on F.Cu
[unconnected_items]: Missing connection between items
    Local override; error
    @(41.1350 mm, 56.1350 mm): Pad 2 [COL_R_13] of D373 on F.Cu
    @(41.1350 mm, 58.6350 mm): Pad 2 [COL_R_13] of D393 on F.Cu
[unconnected_items]: Missing connection between items
    Local override; error
    @(40.3650 mm, 11.1350 mm): Pad 3 [COL_G_13] of D13 on F.Cu
    @(40.3650 mm, 13.6350 mm): Pad 3 [COL_G_13] of D33 on F.Cu
[unconnected_items]: Missing connection between items
    Local override; error
    @(40.3650 mm, 13.6350 mm): Pad 3 [COL_G_13] of D33 on F.Cu
    @(40.3650 mm, 16.1350 mm): Pad 3 [COL_G_13] of D53 on F.Cu
[unconnected_items]: Missing connection between items
    Local override; error
    @(40.3650 mm, 16.1350 mm): Pad 3 [COL_G_13] of D53 on F.Cu
    @(40.3650 mm, 18.6350 mm): Pad 3 [COL_G_13] of D73 on F.Cu
[unconnected_items]: Missing connection between items
    Local override; error
    @(40.3650 mm, 18.6350 mm): Pad 3 [COL_G_13] of D73 on F.Cu
    @(40.3650 mm, 21.1350 mm): Pad 3 [COL_G_13] of D93 on F.Cu
[unconnected_items]: Missing connection between items
    Local override; error
    @(40.3650 mm, 21.1350 mm): Pad 3 [COL_G_13] of D93 on F.Cu
    @(40.3650 mm, 23.6350 mm): Pad 3 [COL_G_13] of D113 on F.Cu
[unconnected_items]: Missing connection between items
    Local override; error
    @(40.3650 mm, 23.6350 mm): Pad 3 [COL_G_13] of D113 on F.Cu
    @(40.3650 mm, 26.1350 mm): Pad 3 [COL_G_13] of D133 on F.Cu
[unconnected_items]: Missing connection between items
    Local override; error
    @(40.3650 mm, 26.1350 mm): Pad 3 [COL_G_13] of D133 on F.Cu
    @(40.3650 mm, 28.6350 mm): Pad 3 [COL_G_13] of D153 on F.Cu
[unconnected_items]: Missing connection between items
    Local override; error
    @(40.3650 mm, 28.6350 mm): Pad 3 [COL_G_13] of D153 on F.Cu
    @(40.3650 mm, 31.1350 mm): Pad 3 [COL_G_13] of D173 on F.Cu
[unconnected_items]: Missing connection between items
    Local override; error
    @(40.3650 mm, 31.1350 mm): Pad 3 [COL_G_13] of D173 on F.Cu
    @(40.3650 mm, 33.6350 mm): Pad 3 [COL_G_13] of D193 on F.Cu
[unconnected_items]: Missing connection between items
    Local override; error
    @(40.3650 mm, 33.6350 mm): Pad 3 [COL_G_13] of D193 on F.Cu
    @(40.3650 mm, 36.1350 mm): Pad 3 [COL_G_13] of D213 on F.Cu
[unconnected_items]: Missing connection between items
    Local override; error
    @(40.3650 mm, 36.1350 mm): Pad 3 [COL_G_13] of D213 on F.Cu
    @(40.3650 mm, 38.6350 mm): Pad 3 [COL_G_13] of D233 on F.Cu
[unconnected_items]: Missing connection between items
    Local override; error
    @(40.3650 mm, 38.6350 mm): Pad 3 [COL_G_13] of D233 on F.Cu
    @(40.3650 mm, 41.1350 mm): Pad 3 [COL_G_13] of D253 on F.Cu
[unconnected_items]: Missing connection between items
    Local override; error
    @(40.3650 mm, 41.1350 mm): Pad 3 [COL_G_13] of D253 on F.Cu
    @(40.3650 mm, 43.6350 mm): Pad 3 [COL_G_13] of D273 on F.Cu
[unconnected_items]: Missing connection between items
    Local override; error
    @(40.3650 mm, 43.6350 mm): Pad 3 [COL_G_13] of D273 on F.Cu
    @(40.3650 mm, 46.1350 mm): Pad 3 [COL_G_13] of D293 on F.Cu
[unconnected_items]: Missing connection between items
    Local override; error
    @(40.3650 mm, 46.1350 mm): Pad 3 [COL_G_13] of D293 on F.Cu
    @(40.3650 mm, 48.6350 mm): Pad 3 [COL_G_13] of D313 on F.Cu
[unconnected_items]: Missing connection between items
    Local override; error
    @(40.3650 mm, 48.6350 mm): Pad 3 [COL_G_13] of D313 on F.Cu
    @(40.3650 mm, 51.1350 mm): Pad 3 [COL_G_13] of D333 on F.Cu
[unconnected_items]: Missing connection between items
    Local override; error
    @(40.3650 mm, 51.1350 mm): Pad 3 [COL_G_13] of D333 on F.Cu
    @(40.3650 mm, 53.6350 mm): Pad 3 [COL_G_13] of D353 on F.Cu
[unconnected_items]: Missing connection between items
    Local override; error
    @(40.3650 mm, 53.6350 mm): Pad 3 [COL_G_13] of D353 on F.Cu
    @(40.3650 mm, 56.1350 mm): Pad 3 [COL_G_13] of D373 on F.Cu
[unconnected_items]: Missing connection between items
    Local override; error
    @(40.3650 mm, 56.1350 mm): Pad 3 [COL_G_13] of D373 on F.Cu
    @(40.3650 mm, 58.6350 mm): Pad 3 [COL_G_13] of D393 on F.Cu
[unconnected_items]: Missing connection between items
    Local override; error
    @(40.3650 mm, 10.3650 mm): Pad 4 [COL_B_13] of D13 on F.Cu
    @(40.3650 mm, 12.8650 mm): Pad 4 [COL_B_13] of D33 on F.Cu
[unconnected_items]: Missing connection between items
    Local override; error
    @(40.3650 mm, 12.8650 mm): Pad 4 [COL_B_13] of D33 on F.Cu
    @(40.3650 mm, 15.3650 mm): Pad 4 [COL_B_13] of D53 on F.Cu
[unconnected_items]: Missing connection between items
    Local override; error
    @(40.3650 mm, 15.3650 mm): Pad 4 [COL_B_13] of D53 on F.Cu
    @(40.3650 mm, 17.8650 mm): Pad 4 [COL_B_13] of D73 on F.Cu
[unconnected_items]: Missing connection between items
    Local override; error
    @(40.3650 mm, 17.8650 mm): Pad 4 [COL_B_13] of D73 on F.Cu
    @(40.3650 mm, 20.3650 mm): Pad 4 [COL_B_13] of D93 on F.Cu
[unconnected_items]: Missing connection between items
    Local override; error
    @(40.3650 mm, 20.3650 mm): Pad 4 [COL_B_13] of D93 on F.Cu
    @(40.3650 mm, 22.8650 mm): Pad 4 [COL_B_13] of D113 on F.Cu
[unconnected_items]: Missing connection between items
    Local override; error
    @(40.3650 mm, 22.8650 mm): Pad 4 [COL_B_13] of D113 on F.Cu
    @(40.3650 mm, 25.3650 mm): Pad 4 [COL_B_13] of D133 on F.Cu
[unconnected_items]: Missing connection between items
    Local override; error
    @(40.3650 mm, 25.3650 mm): Pad 4 [COL_B_13] of D133 on F.Cu
    @(40.3650 mm, 27.8650 mm): Pad 4 [COL_B_13] of D153 on F.Cu
[unconnected_items]: Missing connection between items
    Local override; error
    @(40.3650 mm, 27.8650 mm): Pad 4 [COL_B_13] of D153 on F.Cu
    @(40.3650 mm, 30.3650 mm): Pad 4 [COL_B_13] of D173 on F.Cu
[unconnected_items]: Missing connection between items
    Local override; error
    @(40.3650 mm, 30.3650 mm): Pad 4 [COL_B_13] of D173 on F.Cu
    @(40.3650 mm, 32.8650 mm): Pad 4 [COL_B_13] of D193 on F.Cu
[unconnected_items]: Missing connection between items
    Local override; error
    @(40.3650 mm, 32.8650 mm): Pad 4 [COL_B_13] of D193 on F.Cu
    @(40.3650 mm, 35.3650 mm): Pad 4 [COL_B_13] of D213 on F.Cu
[unconnected_items]: Missing connection between items
    Local override; error
    @(40.3650 mm, 35.3650 mm): Pad 4 [COL_B_13] of D213 on F.Cu
    @(40.3650 mm, 37.8650 mm): Pad 4 [COL_B_13] of D233 on F.Cu
[unconnected_items]: Missing connection between items
    Local override; error
    @(40.3650 mm, 37.8650 mm): Pad 4 [COL_B_13] of D233 on F.Cu
    @(40.3650 mm, 40.3650 mm): Pad 4 [COL_B_13] of D253 on F.Cu
[unconnected_items]: Missing connection between items
    Local override; error
    @(40.3650 mm, 40.3650 mm): Pad 4 [COL_B_13] of D253 on F.Cu
    @(40.3650 mm, 42.8650 mm): Pad 4 [COL_B_13] of D273 on F.Cu
[unconnected_items]: Missing connection between items
    Local override; error
    @(40.3650 mm, 42.8650 mm): Pad 4 [COL_B_13] of D273 on F.Cu
    @(40.3650 mm, 45.3650 mm): Pad 4 [COL_B_13] of D293 on F.Cu
[unconnected_items]: Missing connection between items
    Local override; error
    @(40.3650 mm, 45.3650 mm): Pad 4 [COL_B_13] of D293 on F.Cu
    @(40.3650 mm, 47.8650 mm): Pad 4 [COL_B_13] of D313 on F.Cu
[unconnected_items]: Missing connection between items
    Local override; error
    @(40.3650 mm, 47.8650 mm): Pad 4 [COL_B_13] of D313 on F.Cu
    @(40.3650 mm, 50.3650 mm): Pad 4 [COL_B_13] of D333 on F.Cu
[unconnected_items]: Missing connection between items
    Local override; error
    @(40.3650 mm, 50.3650 mm): Pad 4 [COL_B_13] of D333 on F.Cu
    @(40.3650 mm, 52.8650 mm): Pad 4 [COL_B_13] of D353 on F.Cu
[unconnected_items]: Missing connection between items
    Local override; error
    @(40.3650 mm, 52.8650 mm): Pad 4 [COL_B_13] of D353 on F.Cu
    @(40.3650 mm, 55.3650 mm): Pad 4 [COL_B_13] of D373 on F.Cu
[unconnected_items]: Missing connection between items
    Local override; error
    @(40.3650 mm, 55.3650 mm): Pad 4 [COL_B_13] of D373 on F.Cu
    @(40.3650 mm, 57.8650 mm): Pad 4 [COL_B_13] of D393 on F.Cu
[unconnected_items]: Missing connection between items
    Local override; error
    @(11.1350 mm, 42.8650 mm): Pad 1 [ROW_14_ANODE] of D261 on F.Cu
    @(13.6350 mm, 42.8650 mm): Pad 1 [ROW_14_ANODE] of D262 on F.Cu
[unconnected_items]: Missing connection between items
    Local override; error
    @(13.6350 mm, 42.8650 mm): Pad 1 [ROW_14_ANODE] of D262 on F.Cu
    @(16.1350 mm, 42.8650 mm): Pad 1 [ROW_14_ANODE] of D263 on F.Cu
[unconnected_items]: Missing connection between items
    Local override; error
    @(16.1350 mm, 42.8650 mm): Pad 1 [ROW_14_ANODE] of D263 on F.Cu
    @(18.6350 mm, 42.8650 mm): Pad 1 [ROW_14_ANODE] of D264 on F.Cu
[unconnected_items]: Missing connection between items
    Local override; error
    @(18.6350 mm, 42.8650 mm): Pad 1 [ROW_14_ANODE] of D264 on F.Cu
    @(21.1350 mm, 42.8650 mm): Pad 1 [ROW_14_ANODE] of D265 on F.Cu
[unconnected_items]: Missing connection between items
    Local override; error
    @(21.1350 mm, 42.8650 mm): Pad 1 [ROW_14_ANODE] of D265 on F.Cu
    @(23.6350 mm, 42.8650 mm): Pad 1 [ROW_14_ANODE] of D266 on F.Cu
[unconnected_items]: Missing connection between items
    Local override; error
    @(23.6350 mm, 42.8650 mm): Pad 1 [ROW_14_ANODE] of D266 on F.Cu
    @(26.1350 mm, 42.8650 mm): Pad 1 [ROW_14_ANODE] of D267 on F.Cu
[unconnected_items]: Missing connection between items
    Local override; error
    @(26.1350 mm, 42.8650 mm): Pad 1 [ROW_14_ANODE] of D267 on F.Cu
    @(28.6350 mm, 42.8650 mm): Pad 1 [ROW_14_ANODE] of D268 on F.Cu
[unconnected_items]: Missing connection between items
    Local override; error
    @(28.6350 mm, 42.8650 mm): Pad 1 [ROW_14_ANODE] of D268 on F.Cu
    @(31.1350 mm, 42.8650 mm): Pad 1 [ROW_14_ANODE] of D269 on F.Cu
[unconnected_items]: Missing connection between items
    Local override; error
    @(31.1350 mm, 42.8650 mm): Pad 1 [ROW_14_ANODE] of D269 on F.Cu
    @(33.6350 mm, 42.8650 mm): Pad 1 [ROW_14_ANODE] of D270 on F.Cu
[unconnected_items]: Missing connection between items
    Local override; error
    @(33.6350 mm, 42.8650 mm): Pad 1 [ROW_14_ANODE] of D270 on F.Cu
    @(36.1350 mm, 42.8650 mm): Pad 1 [ROW_14_ANODE] of D271 on F.Cu
[unconnected_items]: Missing connection between items
    Local override; error
    @(36.1350 mm, 42.8650 mm): Pad 1 [ROW_14_ANODE] of D271 on F.Cu
    @(38.6350 mm, 42.8650 mm): Pad 1 [ROW_14_ANODE] of D272 on F.Cu
[unconnected_items]: Missing connection between items
    Local override; error
    @(38.6350 mm, 42.8650 mm): Pad 1 [ROW_14_ANODE] of D272 on F.Cu
    @(41.1350 mm, 42.8650 mm): Pad 1 [ROW_14_ANODE] of D273 on F.Cu
[unconnected_items]: Missing connection between items
    Local override; error
    @(41.1350 mm, 42.8650 mm): Pad 1 [ROW_14_ANODE] of D273 on F.Cu
    @(43.6350 mm, 42.8650 mm): Pad 1 [ROW_14_ANODE] of D274 on F.Cu
[unconnected_items]: Missing connection between items
    Local override; error
    @(43.6350 mm, 42.8650 mm): Pad 1 [ROW_14_ANODE] of D274 on F.Cu
    @(46.1350 mm, 42.8650 mm): Pad 1 [ROW_14_ANODE] of D275 on F.Cu
[unconnected_items]: Missing connection between items
    Local override; error
    @(46.1350 mm, 42.8650 mm): Pad 1 [ROW_14_ANODE] of D275 on F.Cu
    @(48.6350 mm, 42.8650 mm): Pad 1 [ROW_14_ANODE] of D276 on F.Cu
[unconnected_items]: Missing connection between items
    Local override; error
    @(48.6350 mm, 42.8650 mm): Pad 1 [ROW_14_ANODE] of D276 on F.Cu
    @(51.1350 mm, 42.8650 mm): Pad 1 [ROW_14_ANODE] of D277 on F.Cu
[unconnected_items]: Missing connection between items
    Local override; error
    @(51.1350 mm, 42.8650 mm): Pad 1 [ROW_14_ANODE] of D277 on F.Cu
    @(53.6350 mm, 42.8650 mm): Pad 1 [ROW_14_ANODE] of D278 on F.Cu
[unconnected_items]: Missing connection between items
    Local override; error
    @(53.6350 mm, 42.8650 mm): Pad 1 [ROW_14_ANODE] of D278 on F.Cu
    @(56.1350 mm, 42.8650 mm): Pad 1 [ROW_14_ANODE] of D279 on F.Cu
[unconnected_items]: Missing connection between items
    Local override; error
    @(56.1350 mm, 42.8650 mm): Pad 1 [ROW_14_ANODE] of D279 on F.Cu
    @(58.6350 mm, 42.8650 mm): Pad 1 [ROW_14_ANODE] of D280 on F.Cu
[unconnected_items]: Missing connection between items
    Local override; error
    @(31.1350 mm, 11.1350 mm): Pad 2 [COL_R_09] of D9 on F.Cu
    @(31.1350 mm, 13.6350 mm): Pad 2 [COL_R_09] of D29 on F.Cu
[unconnected_items]: Missing connection between items
    Local override; error
    @(31.1350 mm, 13.6350 mm): Pad 2 [COL_R_09] of D29 on F.Cu
    @(31.1350 mm, 16.1350 mm): Pad 2 [COL_R_09] of D49 on F.Cu
[unconnected_items]: Missing connection between items
    Local override; error
    @(31.1350 mm, 16.1350 mm): Pad 2 [COL_R_09] of D49 on F.Cu
    @(31.1350 mm, 18.6350 mm): Pad 2 [COL_R_09] of D69 on F.Cu
[unconnected_items]: Missing connection between items
    Local override; error
    @(31.1350 mm, 18.6350 mm): Pad 2 [COL_R_09] of D69 on F.Cu
    @(31.1350 mm, 21.1350 mm): Pad 2 [COL_R_09] of D89 on F.Cu
[unconnected_items]: Missing connection between items
    Local override; error
    @(31.1350 mm, 21.1350 mm): Pad 2 [COL_R_09] of D89 on F.Cu
    @(31.1350 mm, 23.6350 mm): Pad 2 [COL_R_09] of D109 on F.Cu
[unconnected_items]: Missing connection between items
    Local override; error
    @(31.1350 mm, 23.6350 mm): Pad 2 [COL_R_09] of D109 on F.Cu
    @(31.1350 mm, 26.1350 mm): Pad 2 [COL_R_09] of D129 on F.Cu
[unconnected_items]: Missing connection between items
    Local override; error
    @(31.1350 mm, 26.1350 mm): Pad 2 [COL_R_09] of D129 on F.Cu
    @(31.1350 mm, 28.6350 mm): Pad 2 [COL_R_09] of D149 on F.Cu
[unconnected_items]: Missing connection between items
    Local override; error
    @(31.1350 mm, 28.6350 mm): Pad 2 [COL_R_09] of D149 on F.Cu
    @(31.1350 mm, 31.1350 mm): Pad 2 [COL_R_09] of D169 on F.Cu
[unconnected_items]: Missing connection between items
    Local override; error
    @(31.1350 mm, 31.1350 mm): Pad 2 [COL_R_09] of D169 on F.Cu
    @(31.1350 mm, 33.6350 mm): Pad 2 [COL_R_09] of D189 on F.Cu
[unconnected_items]: Missing connection between items
    Local override; error
    @(31.1350 mm, 33.6350 mm): Pad 2 [COL_R_09] of D189 on F.Cu
    @(31.1350 mm, 36.1350 mm): Pad 2 [COL_R_09] of D209 on F.Cu
[unconnected_items]: Missing connection between items
    Local override; error
    @(31.1350 mm, 36.1350 mm): Pad 2 [COL_R_09] of D209 on F.Cu
    @(31.1350 mm, 38.6350 mm): Pad 2 [COL_R_09] of D229 on F.Cu
[unconnected_items]: Missing connection between items
    Local override; error
    @(31.1350 mm, 38.6350 mm): Pad 2 [COL_R_09] of D229 on F.Cu
    @(31.1350 mm, 41.1350 mm): Pad 2 [COL_R_09] of D249 on F.Cu
[unconnected_items]: Missing connection between items
    Local override; error
    @(31.1350 mm, 41.1350 mm): Pad 2 [COL_R_09] of D249 on F.Cu
    @(31.1350 mm, 43.6350 mm): Pad 2 [COL_R_09] of D269 on F.Cu
[unconnected_items]: Missing connection between items
    Local override; error
    @(31.1350 mm, 43.6350 mm): Pad 2 [COL_R_09] of D269 on F.Cu
    @(31.1350 mm, 46.1350 mm): Pad 2 [COL_R_09] of D289 on F.Cu
[unconnected_items]: Missing connection between items
    Local override; error
    @(31.1350 mm, 46.1350 mm): Pad 2 [COL_R_09] of D289 on F.Cu
    @(31.1350 mm, 48.6350 mm): Pad 2 [COL_R_09] of D309 on F.Cu
[unconnected_items]: Missing connection between items
    Local override; error
    @(31.1350 mm, 48.6350 mm): Pad 2 [COL_R_09] of D309 on F.Cu
    @(31.1350 mm, 51.1350 mm): Pad 2 [COL_R_09] of D329 on F.Cu
[unconnected_items]: Missing connection between items
    Local override; error
    @(31.1350 mm, 51.1350 mm): Pad 2 [COL_R_09] of D329 on F.Cu
    @(31.1350 mm, 53.6350 mm): Pad 2 [COL_R_09] of D349 on F.Cu
[unconnected_items]: Missing connection between items
    Local override; error
    @(31.1350 mm, 53.6350 mm): Pad 2 [COL_R_09] of D349 on F.Cu
    @(31.1350 mm, 56.1350 mm): Pad 2 [COL_R_09] of D369 on F.Cu
[unconnected_items]: Missing connection between items
    Local override; error
    @(31.1350 mm, 56.1350 mm): Pad 2 [COL_R_09] of D369 on F.Cu
    @(31.1350 mm, 58.6350 mm): Pad 2 [COL_R_09] of D389 on F.Cu
[unconnected_items]: Missing connection between items
    Local override; error
    @(30.3650 mm, 11.1350 mm): Pad 3 [COL_G_09] of D9 on F.Cu
    @(30.3650 mm, 13.6350 mm): Pad 3 [COL_G_09] of D29 on F.Cu
[unconnected_items]: Missing connection between items
    Local override; error
    @(30.3650 mm, 13.6350 mm): Pad 3 [COL_G_09] of D29 on F.Cu
    @(30.3650 mm, 16.1350 mm): Pad 3 [COL_G_09] of D49 on F.Cu
[unconnected_items]: Missing connection between items
    Local override; error
    @(30.3650 mm, 16.1350 mm): Pad 3 [COL_G_09] of D49 on F.Cu
    @(30.3650 mm, 18.6350 mm): Pad 3 [COL_G_09] of D69 on F.Cu
[unconnected_items]: Missing connection between items
    Local override; error
    @(30.3650 mm, 18.6350 mm): Pad 3 [COL_G_09] of D69 on F.Cu
    @(30.3650 mm, 21.1350 mm): Pad 3 [COL_G_09] of D89 on F.Cu
[unconnected_items]: Missing connection between items
    Local override; error
    @(30.3650 mm, 21.1350 mm): Pad 3 [COL_G_09] of D89 on F.Cu
    @(30.3650 mm, 23.6350 mm): Pad 3 [COL_G_09] of D109 on F.Cu
[unconnected_items]: Missing connection between items
    Local override; error
    @(30.3650 mm, 23.6350 mm): Pad 3 [COL_G_09] of D109 on F.Cu
    @(30.3650 mm, 26.1350 mm): Pad 3 [COL_G_09] of D129 on F.Cu
[unconnected_items]: Missing connection between items
    Local override; error
    @(30.3650 mm, 26.1350 mm): Pad 3 [COL_G_09] of D129 on F.Cu
    @(30.3650 mm, 28.6350 mm): Pad 3 [COL_G_09] of D149 on F.Cu
[unconnected_items]: Missing connection between items
    Local override; error
    @(30.3650 mm, 28.6350 mm): Pad 3 [COL_G_09] of D149 on F.Cu
    @(30.3650 mm, 31.1350 mm): Pad 3 [COL_G_09] of D169 on F.Cu
[unconnected_items]: Missing connection between items
    Local override; error
    @(30.3650 mm, 31.1350 mm): Pad 3 [COL_G_09] of D169 on F.Cu
    @(30.3650 mm, 33.6350 mm): Pad 3 [COL_G_09] of D189 on F.Cu
[unconnected_items]: Missing connection between items
    Local override; error
    @(30.3650 mm, 33.6350 mm): Pad 3 [COL_G_09] of D189 on F.Cu
    @(30.3650 mm, 36.1350 mm): Pad 3 [COL_G_09] of D209 on F.Cu
[unconnected_items]: Missing connection between items
    Local override; error
    @(30.3650 mm, 36.1350 mm): Pad 3 [COL_G_09] of D209 on F.Cu
    @(30.3650 mm, 38.6350 mm): Pad 3 [COL_G_09] of D229 on F.Cu
[unconnected_items]: Missing connection between items
    Local override; error
    @(30.3650 mm, 38.6350 mm): Pad 3 [COL_G_09] of D229 on F.Cu
    @(30.3650 mm, 41.1350 mm): Pad 3 [COL_G_09] of D249 on F.Cu
[unconnected_items]: Missing connection between items
    Local override; error
    @(30.3650 mm, 41.1350 mm): Pad 3 [COL_G_09] of D249 on F.Cu
    @(30.3650 mm, 43.6350 mm): Pad 3 [COL_G_09] of D269 on F.Cu
[unconnected_items]: Missing connection between items
    Local override; error
    @(30.3650 mm, 43.6350 mm): Pad 3 [COL_G_09] of D269 on F.Cu
    @(30.3650 mm, 46.1350 mm): Pad 3 [COL_G_09] of D289 on F.Cu
[unconnected_items]: Missing connection between items
    Local override; error
    @(30.3650 mm, 46.1350 mm): Pad 3 [COL_G_09] of D289 on F.Cu
    @(30.3650 mm, 48.6350 mm): Pad 3 [COL_G_09] of D309 on F.Cu
[unconnected_items]: Missing connection between items
    Local override; error
    @(30.3650 mm, 48.6350 mm): Pad 3 [COL_G_09] of D309 on F.Cu
    @(30.3650 mm, 51.1350 mm): Pad 3 [COL_G_09] of D329 on F.Cu
[unconnected_items]: Missing connection between items
    Local override; error
    @(30.3650 mm, 51.1350 mm): Pad 3 [COL_G_09] of D329 on F.Cu
    @(30.3650 mm, 53.6350 mm): Pad 3 [COL_G_09] of D349 on F.Cu
[unconnected_items]: Missing connection between items
    Local override; error
    @(30.3650 mm, 53.6350 mm): Pad 3 [COL_G_09] of D349 on F.Cu
    @(30.3650 mm, 56.1350 mm): Pad 3 [COL_G_09] of D369 on F.Cu
[unconnected_items]: Missing connection between items
    Local override; error
    @(30.3650 mm, 56.1350 mm): Pad 3 [COL_G_09] of D369 on F.Cu
    @(30.3650 mm, 58.6350 mm): Pad 3 [COL_G_09] of D389 on F.Cu
[unconnected_items]: Missing connection between items
    Local override; error
    @(30.3650 mm, 10.3650 mm): Pad 4 [COL_B_09] of D9 on F.Cu
    @(30.3650 mm, 12.8650 mm): Pad 4 [COL_B_09] of D29 on F.Cu
[unconnected_items]: Missing connection between items
    Local override; error
    @(30.3650 mm, 12.8650 mm): Pad 4 [COL_B_09] of D29 on F.Cu
    @(30.3650 mm, 15.3650 mm): Pad 4 [COL_B_09] of D49 on F.Cu
[unconnected_items]: Missing connection between items
    Local override; error
    @(30.3650 mm, 15.3650 mm): Pad 4 [COL_B_09] of D49 on F.Cu
    @(30.3650 mm, 17.8650 mm): Pad 4 [COL_B_09] of D69 on F.Cu
[unconnected_items]: Missing connection between items
    Local override; error
    @(30.3650 mm, 17.8650 mm): Pad 4 [COL_B_09] of D69 on F.Cu
    @(30.3650 mm, 20.3650 mm): Pad 4 [COL_B_09] of D89 on F.Cu
[unconnected_items]: Missing connection between items
    Local override; error
    @(30.3650 mm, 20.3650 mm): Pad 4 [COL_B_09] of D89 on F.Cu
    @(30.3650 mm, 22.8650 mm): Pad 4 [COL_B_09] of D109 on F.Cu
[unconnected_items]: Missing connection between items
    Local override; error
    @(30.3650 mm, 22.8650 mm): Pad 4 [COL_B_09] of D109 on F.Cu
    @(30.3650 mm, 25.3650 mm): Pad 4 [COL_B_09] of D129 on F.Cu
[unconnected_items]: Missing connection between items
    Local override; error
    @(30.3650 mm, 25.3650 mm): Pad 4 [COL_B_09] of D129 on F.Cu
    @(30.3650 mm, 27.8650 mm): Pad 4 [COL_B_09] of D149 on F.Cu
[unconnected_items]: Missing connection between items
    Local override; error
    @(30.3650 mm, 27.8650 mm): Pad 4 [COL_B_09] of D149 on F.Cu
    @(30.3650 mm, 30.3650 mm): Pad 4 [COL_B_09] of D169 on F.Cu
[unconnected_items]: Missing connection between items
    Local override; error
    @(30.3650 mm, 30.3650 mm): Pad 4 [COL_B_09] of D169 on F.Cu
    @(30.3650 mm, 32.8650 mm): Pad 4 [COL_B_09] of D189 on F.Cu
[unconnected_items]: Missing connection between items
    Local override; error
    @(30.3650 mm, 32.8650 mm): Pad 4 [COL_B_09] of D189 on F.Cu
    @(30.3650 mm, 35.3650 mm): Pad 4 [COL_B_09] of D209 on F.Cu
[unconnected_items]: Missing connection between items
    Local override; error
    @(30.3650 mm, 35.3650 mm): Pad 4 [COL_B_09] of D209 on F.Cu
    @(30.3650 mm, 37.8650 mm): Pad 4 [COL_B_09] of D229 on F.Cu
[unconnected_items]: Missing connection between items
    Local override; error
    @(30.3650 mm, 37.8650 mm): Pad 4 [COL_B_09] of D229 on F.Cu
    @(30.3650 mm, 40.3650 mm): Pad 4 [COL_B_09] of D249 on F.Cu
[unconnected_items]: Missing connection between items
    Local override; error
    @(30.3650 mm, 40.3650 mm): Pad 4 [COL_B_09] of D249 on F.Cu
    @(30.3650 mm, 42.8650 mm): Pad 4 [COL_B_09] of D269 on F.Cu
[unconnected_items]: Missing connection between items
    Local override; error
    @(30.3650 mm, 42.8650 mm): Pad 4 [COL_B_09] of D269 on F.Cu
    @(30.3650 mm, 45.3650 mm): Pad 4 [COL_B_09] of D289 on F.Cu
[unconnected_items]: Missing connection between items
    Local override; error
    @(30.3650 mm, 45.3650 mm): Pad 4 [COL_B_09] of D289 on F.Cu
    @(30.3650 mm, 47.8650 mm): Pad 4 [COL_B_09] of D309 on F.Cu
[unconnected_items]: Missing connection between items
    Local override; error
    @(30.3650 mm, 47.8650 mm): Pad 4 [COL_B_09] of D309 on F.Cu
    @(30.3650 mm, 50.3650 mm): Pad 4 [COL_B_09] of D329 on F.Cu
[unconnected_items]: Missing connection between items
    Local override; error
    @(30.3650 mm, 50.3650 mm): Pad 4 [COL_B_09] of D329 on F.Cu
    @(30.3650 mm, 52.8650 mm): Pad 4 [COL_B_09] of D349 on F.Cu
[unconnected_items]: Missing connection between items
    Local override; error
    @(30.3650 mm, 52.8650 mm): Pad 4 [COL_B_09] of D349 on F.Cu
    @(30.3650 mm, 55.3650 mm): Pad 4 [COL_B_09] of D369 on F.Cu
[unconnected_items]: Missing connection between items
    Local override; error
    @(30.3650 mm, 55.3650 mm): Pad 4 [COL_B_09] of D369 on F.Cu
    @(30.3650 mm, 57.8650 mm): Pad 4 [COL_B_09] of D389 on F.Cu
[unconnected_items]: Missing connection between items
    Local override; error
    @(11.1350 mm, 50.3650 mm): Pad 1 [ROW_17_ANODE] of D321 on F.Cu
    @(13.6350 mm, 50.3650 mm): Pad 1 [ROW_17_ANODE] of D322 on F.Cu
[unconnected_items]: Missing connection between items
    Local override; error
    @(13.6350 mm, 50.3650 mm): Pad 1 [ROW_17_ANODE] of D322 on F.Cu
    @(16.1350 mm, 50.3650 mm): Pad 1 [ROW_17_ANODE] of D323 on F.Cu
[unconnected_items]: Missing connection between items
    Local override; error
    @(16.1350 mm, 50.3650 mm): Pad 1 [ROW_17_ANODE] of D323 on F.Cu
    @(18.6350 mm, 50.3650 mm): Pad 1 [ROW_17_ANODE] of D324 on F.Cu
[unconnected_items]: Missing connection between items
    Local override; error
    @(18.6350 mm, 50.3650 mm): Pad 1 [ROW_17_ANODE] of D324 on F.Cu
    @(21.1350 mm, 50.3650 mm): Pad 1 [ROW_17_ANODE] of D325 on F.Cu
[unconnected_items]: Missing connection between items
    Local override; error
    @(21.1350 mm, 50.3650 mm): Pad 1 [ROW_17_ANODE] of D325 on F.Cu
    @(23.6350 mm, 50.3650 mm): Pad 1 [ROW_17_ANODE] of D326 on F.Cu
[unconnected_items]: Missing connection between items
    Local override; error
    @(23.6350 mm, 50.3650 mm): Pad 1 [ROW_17_ANODE] of D326 on F.Cu
    @(26.1350 mm, 50.3650 mm): Pad 1 [ROW_17_ANODE] of D327 on F.Cu
[unconnected_items]: Missing connection between items
    Local override; error
    @(26.1350 mm, 50.3650 mm): Pad 1 [ROW_17_ANODE] of D327 on F.Cu
    @(28.6350 mm, 50.3650 mm): Pad 1 [ROW_17_ANODE] of D328 on F.Cu
[unconnected_items]: Missing connection between items
    Local override; error
    @(28.6350 mm, 50.3650 mm): Pad 1 [ROW_17_ANODE] of D328 on F.Cu
    @(31.1350 mm, 50.3650 mm): Pad 1 [ROW_17_ANODE] of D329 on F.Cu
[unconnected_items]: Missing connection between items
    Local override; error
    @(31.1350 mm, 50.3650 mm): Pad 1 [ROW_17_ANODE] of D329 on F.Cu
    @(33.6350 mm, 50.3650 mm): Pad 1 [ROW_17_ANODE] of D330 on F.Cu
[unconnected_items]: Missing connection between items
    Local override; error
    @(33.6350 mm, 50.3650 mm): Pad 1 [ROW_17_ANODE] of D330 on F.Cu
    @(36.1350 mm, 50.3650 mm): Pad 1 [ROW_17_ANODE] of D331 on F.Cu
[unconnected_items]: Missing connection between items
    Local override; error
    @(36.1350 mm, 50.3650 mm): Pad 1 [ROW_17_ANODE] of D331 on F.Cu
    @(38.6350 mm, 50.3650 mm): Pad 1 [ROW_17_ANODE] of D332 on F.Cu
[unconnected_items]: Missing connection between items
    Local override; error
    @(38.6350 mm, 50.3650 mm): Pad 1 [ROW_17_ANODE] of D332 on F.Cu
    @(41.1350 mm, 50.3650 mm): Pad 1 [ROW_17_ANODE] of D333 on F.Cu
[unconnected_items]: Missing connection between items
    Local override; error
    @(41.1350 mm, 50.3650 mm): Pad 1 [ROW_17_ANODE] of D333 on F.Cu
    @(43.6350 mm, 50.3650 mm): Pad 1 [ROW_17_ANODE] of D334 on F.Cu
[unconnected_items]: Missing connection between items
    Local override; error
    @(43.6350 mm, 50.3650 mm): Pad 1 [ROW_17_ANODE] of D334 on F.Cu
    @(46.1350 mm, 50.3650 mm): Pad 1 [ROW_17_ANODE] of D335 on F.Cu
[unconnected_items]: Missing connection between items
    Local override; error
    @(46.1350 mm, 50.3650 mm): Pad 1 [ROW_17_ANODE] of D335 on F.Cu
    @(48.6350 mm, 50.3650 mm): Pad 1 [ROW_17_ANODE] of D336 on F.Cu
[unconnected_items]: Missing connection between items
    Local override; error
    @(48.6350 mm, 50.3650 mm): Pad 1 [ROW_17_ANODE] of D336 on F.Cu
    @(51.1350 mm, 50.3650 mm): Pad 1 [ROW_17_ANODE] of D337 on F.Cu
[unconnected_items]: Missing connection between items
    Local override; error
    @(51.1350 mm, 50.3650 mm): Pad 1 [ROW_17_ANODE] of D337 on F.Cu
    @(53.6350 mm, 50.3650 mm): Pad 1 [ROW_17_ANODE] of D338 on F.Cu
[unconnected_items]: Missing connection between items
    Local override; error
    @(53.6350 mm, 50.3650 mm): Pad 1 [ROW_17_ANODE] of D338 on F.Cu
    @(56.1350 mm, 50.3650 mm): Pad 1 [ROW_17_ANODE] of D339 on F.Cu
[unconnected_items]: Missing connection between items
    Local override; error
    @(56.1350 mm, 50.3650 mm): Pad 1 [ROW_17_ANODE] of D339 on F.Cu
    @(58.6350 mm, 50.3650 mm): Pad 1 [ROW_17_ANODE] of D340 on F.Cu
[unconnected_items]: Missing connection between items
    Local override; error
    @(38.6350 mm, 11.1350 mm): Pad 2 [COL_R_12] of D12 on F.Cu
    @(38.6350 mm, 13.6350 mm): Pad 2 [COL_R_12] of D32 on F.Cu
[unconnected_items]: Missing connection between items
    Local override; error
    @(38.6350 mm, 13.6350 mm): Pad 2 [COL_R_12] of D32 on F.Cu
    @(38.6350 mm, 16.1350 mm): Pad 2 [COL_R_12] of D52 on F.Cu
[unconnected_items]: Missing connection between items
    Local override; error
    @(38.6350 mm, 16.1350 mm): Pad 2 [COL_R_12] of D52 on F.Cu
    @(38.6350 mm, 18.6350 mm): Pad 2 [COL_R_12] of D72 on F.Cu
[unconnected_items]: Missing connection between items
    Local override; error
    @(38.6350 mm, 18.6350 mm): Pad 2 [COL_R_12] of D72 on F.Cu
    @(38.6350 mm, 21.1350 mm): Pad 2 [COL_R_12] of D92 on F.Cu
[unconnected_items]: Missing connection between items
    Local override; error
    @(38.6350 mm, 21.1350 mm): Pad 2 [COL_R_12] of D92 on F.Cu
    @(38.6350 mm, 23.6350 mm): Pad 2 [COL_R_12] of D112 on F.Cu
[unconnected_items]: Missing connection between items
    Local override; error
    @(38.6350 mm, 23.6350 mm): Pad 2 [COL_R_12] of D112 on F.Cu
    @(38.6350 mm, 26.1350 mm): Pad 2 [COL_R_12] of D132 on F.Cu
[unconnected_items]: Missing connection between items
    Local override; error
    @(38.6350 mm, 26.1350 mm): Pad 2 [COL_R_12] of D132 on F.Cu
    @(38.6350 mm, 28.6350 mm): Pad 2 [COL_R_12] of D152 on F.Cu
[unconnected_items]: Missing connection between items
    Local override; error
    @(38.6350 mm, 28.6350 mm): Pad 2 [COL_R_12] of D152 on F.Cu
    @(38.6350 mm, 31.1350 mm): Pad 2 [COL_R_12] of D172 on F.Cu
[unconnected_items]: Missing connection between items
    Local override; error
    @(38.6350 mm, 31.1350 mm): Pad 2 [COL_R_12] of D172 on F.Cu
    @(38.6350 mm, 33.6350 mm): Pad 2 [COL_R_12] of D192 on F.Cu
[unconnected_items]: Missing connection between items
    Local override; error
    @(38.6350 mm, 33.6350 mm): Pad 2 [COL_R_12] of D192 on F.Cu
    @(38.6350 mm, 36.1350 mm): Pad 2 [COL_R_12] of D212 on F.Cu
[unconnected_items]: Missing connection between items
    Local override; error
    @(38.6350 mm, 36.1350 mm): Pad 2 [COL_R_12] of D212 on F.Cu
    @(38.6350 mm, 38.6350 mm): Pad 2 [COL_R_12] of D232 on F.Cu
[unconnected_items]: Missing connection between items
    Local override; error
    @(38.6350 mm, 38.6350 mm): Pad 2 [COL_R_12] of D232 on F.Cu
    @(38.6350 mm, 41.1350 mm): Pad 2 [COL_R_12] of D252 on F.Cu
[unconnected_items]: Missing connection between items
    Local override; error
    @(38.6350 mm, 41.1350 mm): Pad 2 [COL_R_12] of D252 on F.Cu
    @(38.6350 mm, 43.6350 mm): Pad 2 [COL_R_12] of D272 on F.Cu
[unconnected_items]: Missing connection between items
    Local override; error
    @(38.6350 mm, 43.6350 mm): Pad 2 [COL_R_12] of D272 on F.Cu
    @(38.6350 mm, 46.1350 mm): Pad 2 [COL_R_12] of D292 on F.Cu
[unconnected_items]: Missing connection between items
    Local override; error
    @(38.6350 mm, 46.1350 mm): Pad 2 [COL_R_12] of D292 on F.Cu
    @(38.6350 mm, 48.6350 mm): Pad 2 [COL_R_12] of D312 on F.Cu
[unconnected_items]: Missing connection between items
    Local override; error
    @(38.6350 mm, 48.6350 mm): Pad 2 [COL_R_12] of D312 on F.Cu
    @(38.6350 mm, 51.1350 mm): Pad 2 [COL_R_12] of D332 on F.Cu
[unconnected_items]: Missing connection between items
    Local override; error
    @(38.6350 mm, 51.1350 mm): Pad 2 [COL_R_12] of D332 on F.Cu
    @(38.6350 mm, 53.6350 mm): Pad 2 [COL_R_12] of D352 on F.Cu
[unconnected_items]: Missing connection between items
    Local override; error
    @(38.6350 mm, 53.6350 mm): Pad 2 [COL_R_12] of D352 on F.Cu
    @(38.6350 mm, 56.1350 mm): Pad 2 [COL_R_12] of D372 on F.Cu
[unconnected_items]: Missing connection between items
    Local override; error
    @(38.6350 mm, 56.1350 mm): Pad 2 [COL_R_12] of D372 on F.Cu
    @(38.6350 mm, 58.6350 mm): Pad 2 [COL_R_12] of D392 on F.Cu
[unconnected_items]: Missing connection between items
    Local override; error
    @(37.8650 mm, 11.1350 mm): Pad 3 [COL_G_12] of D12 on F.Cu
    @(37.8650 mm, 13.6350 mm): Pad 3 [COL_G_12] of D32 on F.Cu
[unconnected_items]: Missing connection between items
    Local override; error
    @(37.8650 mm, 13.6350 mm): Pad 3 [COL_G_12] of D32 on F.Cu
    @(37.8650 mm, 16.1350 mm): Pad 3 [COL_G_12] of D52 on F.Cu
[unconnected_items]: Missing connection between items
    Local override; error
    @(37.8650 mm, 16.1350 mm): Pad 3 [COL_G_12] of D52 on F.Cu
    @(37.8650 mm, 18.6350 mm): Pad 3 [COL_G_12] of D72 on F.Cu
[unconnected_items]: Missing connection between items
    Local override; error
    @(37.8650 mm, 18.6350 mm): Pad 3 [COL_G_12] of D72 on F.Cu
    @(37.8650 mm, 21.1350 mm): Pad 3 [COL_G_12] of D92 on F.Cu
[unconnected_items]: Missing connection between items
    Local override; error
    @(37.8650 mm, 21.1350 mm): Pad 3 [COL_G_12] of D92 on F.Cu
    @(37.8650 mm, 23.6350 mm): Pad 3 [COL_G_12] of D112 on F.Cu
[unconnected_items]: Missing connection between items
    Local override; error
    @(37.8650 mm, 23.6350 mm): Pad 3 [COL_G_12] of D112 on F.Cu
    @(37.8650 mm, 26.1350 mm): Pad 3 [COL_G_12] of D132 on F.Cu
[unconnected_items]: Missing connection between items
    Local override; error
    @(37.8650 mm, 26.1350 mm): Pad 3 [COL_G_12] of D132 on F.Cu
    @(37.8650 mm, 28.6350 mm): Pad 3 [COL_G_12] of D152 on F.Cu
[unconnected_items]: Missing connection between items
    Local override; error
    @(37.8650 mm, 28.6350 mm): Pad 3 [COL_G_12] of D152 on F.Cu
    @(37.8650 mm, 31.1350 mm): Pad 3 [COL_G_12] of D172 on F.Cu
[unconnected_items]: Missing connection between items
    Local override; error
    @(37.8650 mm, 31.1350 mm): Pad 3 [COL_G_12] of D172 on F.Cu
    @(37.8650 mm, 33.6350 mm): Pad 3 [COL_G_12] of D192 on F.Cu
[unconnected_items]: Missing connection between items
    Local override; error
    @(37.8650 mm, 33.6350 mm): Pad 3 [COL_G_12] of D192 on F.Cu
    @(37.8650 mm, 36.1350 mm): Pad 3 [COL_G_12] of D212 on F.Cu
[unconnected_items]: Missing connection between items
    Local override; error
    @(37.8650 mm, 36.1350 mm): Pad 3 [COL_G_12] of D212 on F.Cu
    @(37.8650 mm, 38.6350 mm): Pad 3 [COL_G_12] of D232 on F.Cu
[unconnected_items]: Missing connection between items
    Local override; error
    @(37.8650 mm, 38.6350 mm): Pad 3 [COL_G_12] of D232 on F.Cu
    @(37.8650 mm, 41.1350 mm): Pad 3 [COL_G_12] of D252 on F.Cu
[unconnected_items]: Missing connection between items
    Local override; error
    @(37.8650 mm, 41.1350 mm): Pad 3 [COL_G_12] of D252 on F.Cu
    @(37.8650 mm, 43.6350 mm): Pad 3 [COL_G_12] of D272 on F.Cu
[unconnected_items]: Missing connection between items
    Local override; error
    @(37.8650 mm, 43.6350 mm): Pad 3 [COL_G_12] of D272 on F.Cu
    @(37.8650 mm, 46.1350 mm): Pad 3 [COL_G_12] of D292 on F.Cu
[unconnected_items]: Missing connection between items
    Local override; error
    @(37.8650 mm, 46.1350 mm): Pad 3 [COL_G_12] of D292 on F.Cu
    @(37.8650 mm, 48.6350 mm): Pad 3 [COL_G_12] of D312 on F.Cu
[unconnected_items]: Missing connection between items
    Local override; error
    @(37.8650 mm, 48.6350 mm): Pad 3 [COL_G_12] of D312 on F.Cu
    @(37.8650 mm, 51.1350 mm): Pad 3 [COL_G_12] of D332 on F.Cu
[unconnected_items]: Missing connection between items
    Local override; error
    @(37.8650 mm, 51.1350 mm): Pad 3 [COL_G_12] of D332 on F.Cu
    @(37.8650 mm, 53.6350 mm): Pad 3 [COL_G_12] of D352 on F.Cu
[unconnected_items]: Missing connection between items
    Local override; error
    @(37.8650 mm, 53.6350 mm): Pad 3 [COL_G_12] of D352 on F.Cu
    @(37.8650 mm, 56.1350 mm): Pad 3 [COL_G_12] of D372 on F.Cu
[unconnected_items]: Missing connection between items
    Local override; error
    @(37.8650 mm, 56.1350 mm): Pad 3 [COL_G_12] of D372 on F.Cu
    @(37.8650 mm, 58.6350 mm): Pad 3 [COL_G_12] of D392 on F.Cu
[unconnected_items]: Missing connection between items
    Local override; error
    @(37.8650 mm, 10.3650 mm): Pad 4 [COL_B_12] of D12 on F.Cu
    @(37.8650 mm, 12.8650 mm): Pad 4 [COL_B_12] of D32 on F.Cu
[unconnected_items]: Missing connection between items
    Local override; error
    @(37.8650 mm, 12.8650 mm): Pad 4 [COL_B_12] of D32 on F.Cu
    @(37.8650 mm, 15.3650 mm): Pad 4 [COL_B_12] of D52 on F.Cu
[unconnected_items]: Missing connection between items
    Local override; error
    @(37.8650 mm, 15.3650 mm): Pad 4 [COL_B_12] of D52 on F.Cu
    @(37.8650 mm, 17.8650 mm): Pad 4 [COL_B_12] of D72 on F.Cu
[unconnected_items]: Missing connection between items
    Local override; error
    @(37.8650 mm, 17.8650 mm): Pad 4 [COL_B_12] of D72 on F.Cu
    @(37.8650 mm, 20.3650 mm): Pad 4 [COL_B_12] of D92 on F.Cu
[unconnected_items]: Missing connection between items
    Local override; error
    @(37.8650 mm, 20.3650 mm): Pad 4 [COL_B_12] of D92 on F.Cu
    @(37.8650 mm, 22.8650 mm): Pad 4 [COL_B_12] of D112 on F.Cu
[unconnected_items]: Missing connection between items
    Local override; error
    @(37.8650 mm, 22.8650 mm): Pad 4 [COL_B_12] of D112 on F.Cu
    @(37.8650 mm, 25.3650 mm): Pad 4 [COL_B_12] of D132 on F.Cu
[unconnected_items]: Missing connection between items
    Local override; error
    @(37.8650 mm, 25.3650 mm): Pad 4 [COL_B_12] of D132 on F.Cu
    @(37.8650 mm, 27.8650 mm): Pad 4 [COL_B_12] of D152 on F.Cu
[unconnected_items]: Missing connection between items
    Local override; error
    @(37.8650 mm, 27.8650 mm): Pad 4 [COL_B_12] of D152 on F.Cu
    @(37.8650 mm, 30.3650 mm): Pad 4 [COL_B_12] of D172 on F.Cu
[unconnected_items]: Missing connection between items
    Local override; error
    @(37.8650 mm, 30.3650 mm): Pad 4 [COL_B_12] of D172 on F.Cu
    @(37.8650 mm, 32.8650 mm): Pad 4 [COL_B_12] of D192 on F.Cu
[unconnected_items]: Missing connection between items
    Local override; error
    @(37.8650 mm, 32.8650 mm): Pad 4 [COL_B_12] of D192 on F.Cu
    @(37.8650 mm, 35.3650 mm): Pad 4 [COL_B_12] of D212 on F.Cu
[unconnected_items]: Missing connection between items
    Local override; error
    @(37.8650 mm, 35.3650 mm): Pad 4 [COL_B_12] of D212 on F.Cu
    @(37.8650 mm, 37.8650 mm): Pad 4 [COL_B_12] of D232 on F.Cu
[unconnected_items]: Missing connection between items
    Local override; error
    @(37.8650 mm, 37.8650 mm): Pad 4 [COL_B_12] of D232 on F.Cu
    @(37.8650 mm, 40.3650 mm): Pad 4 [COL_B_12] of D252 on F.Cu
[unconnected_items]: Missing connection between items
    Local override; error
    @(37.8650 mm, 40.3650 mm): Pad 4 [COL_B_12] of D252 on F.Cu
    @(37.8650 mm, 42.8650 mm): Pad 4 [COL_B_12] of D272 on F.Cu
[unconnected_items]: Missing connection between items
    Local override; error
    @(37.8650 mm, 42.8650 mm): Pad 4 [COL_B_12] of D272 on F.Cu
    @(37.8650 mm, 45.3650 mm): Pad 4 [COL_B_12] of D292 on F.Cu
[unconnected_items]: Missing connection between items
    Local override; error
    @(37.8650 mm, 45.3650 mm): Pad 4 [COL_B_12] of D292 on F.Cu
    @(37.8650 mm, 47.8650 mm): Pad 4 [COL_B_12] of D312 on F.Cu
[unconnected_items]: Missing connection between items
    Local override; error
    @(37.8650 mm, 47.8650 mm): Pad 4 [COL_B_12] of D312 on F.Cu
    @(37.8650 mm, 50.3650 mm): Pad 4 [COL_B_12] of D332 on F.Cu
[unconnected_items]: Missing connection between items
    Local override; error
    @(37.8650 mm, 50.3650 mm): Pad 4 [COL_B_12] of D332 on F.Cu
    @(37.8650 mm, 52.8650 mm): Pad 4 [COL_B_12] of D352 on F.Cu
[unconnected_items]: Missing connection between items
    Local override; error
    @(37.8650 mm, 52.8650 mm): Pad 4 [COL_B_12] of D352 on F.Cu
    @(37.8650 mm, 55.3650 mm): Pad 4 [COL_B_12] of D372 on F.Cu
[unconnected_items]: Missing connection between items
    Local override; error
    @(37.8650 mm, 55.3650 mm): Pad 4 [COL_B_12] of D372 on F.Cu
    @(37.8650 mm, 57.8650 mm): Pad 4 [COL_B_12] of D392 on F.Cu
[unconnected_items]: Missing connection between items
    Local override; error
    @(11.1350 mm, 47.8650 mm): Pad 1 [ROW_16_ANODE] of D301 on F.Cu
    @(13.6350 mm, 47.8650 mm): Pad 1 [ROW_16_ANODE] of D302 on F.Cu
[unconnected_items]: Missing connection between items
    Local override; error
    @(13.6350 mm, 47.8650 mm): Pad 1 [ROW_16_ANODE] of D302 on F.Cu
    @(16.1350 mm, 47.8650 mm): Pad 1 [ROW_16_ANODE] of D303 on F.Cu
[unconnected_items]: Missing connection between items
    Local override; error
    @(16.1350 mm, 47.8650 mm): Pad 1 [ROW_16_ANODE] of D303 on F.Cu
    @(18.6350 mm, 47.8650 mm): Pad 1 [ROW_16_ANODE] of D304 on F.Cu
[unconnected_items]: Missing connection between items
    Local override; error
    @(18.6350 mm, 47.8650 mm): Pad 1 [ROW_16_ANODE] of D304 on F.Cu
    @(21.1350 mm, 47.8650 mm): Pad 1 [ROW_16_ANODE] of D305 on F.Cu
[unconnected_items]: Missing connection between items
    Local override; error
    @(21.1350 mm, 47.8650 mm): Pad 1 [ROW_16_ANODE] of D305 on F.Cu
    @(23.6350 mm, 47.8650 mm): Pad 1 [ROW_16_ANODE] of D306 on F.Cu
[unconnected_items]: Missing connection between items
    Local override; error
    @(23.6350 mm, 47.8650 mm): Pad 1 [ROW_16_ANODE] of D306 on F.Cu
    @(26.1350 mm, 47.8650 mm): Pad 1 [ROW_16_ANODE] of D307 on F.Cu
[unconnected_items]: Missing connection between items
    Local override; error
    @(26.1350 mm, 47.8650 mm): Pad 1 [ROW_16_ANODE] of D307 on F.Cu
    @(28.6350 mm, 47.8650 mm): Pad 1 [ROW_16_ANODE] of D308 on F.Cu
[unconnected_items]: Missing connection between items
    Local override; error
    @(28.6350 mm, 47.8650 mm): Pad 1 [ROW_16_ANODE] of D308 on F.Cu
    @(31.1350 mm, 47.8650 mm): Pad 1 [ROW_16_ANODE] of D309 on F.Cu
[unconnected_items]: Missing connection between items
    Local override; error
    @(31.1350 mm, 47.8650 mm): Pad 1 [ROW_16_ANODE] of D309 on F.Cu
    @(33.6350 mm, 47.8650 mm): Pad 1 [ROW_16_ANODE] of D310 on F.Cu
[unconnected_items]: Missing connection between items
    Local override; error
    @(33.6350 mm, 47.8650 mm): Pad 1 [ROW_16_ANODE] of D310 on F.Cu
    @(36.1350 mm, 47.8650 mm): Pad 1 [ROW_16_ANODE] of D311 on F.Cu
[unconnected_items]: Missing connection between items
    Local override; error
    @(36.1350 mm, 47.8650 mm): Pad 1 [ROW_16_ANODE] of D311 on F.Cu
    @(38.6350 mm, 47.8650 mm): Pad 1 [ROW_16_ANODE] of D312 on F.Cu
[unconnected_items]: Missing connection between items
    Local override; error
    @(38.6350 mm, 47.8650 mm): Pad 1 [ROW_16_ANODE] of D312 on F.Cu
    @(41.1350 mm, 47.8650 mm): Pad 1 [ROW_16_ANODE] of D313 on F.Cu
[unconnected_items]: Missing connection between items
    Local override; error
    @(41.1350 mm, 47.8650 mm): Pad 1 [ROW_16_ANODE] of D313 on F.Cu
    @(43.6350 mm, 47.8650 mm): Pad 1 [ROW_16_ANODE] of D314 on F.Cu
[unconnected_items]: Missing connection between items
    Local override; error
    @(43.6350 mm, 47.8650 mm): Pad 1 [ROW_16_ANODE] of D314 on F.Cu
    @(46.1350 mm, 47.8650 mm): Pad 1 [ROW_16_ANODE] of D315 on F.Cu
[unconnected_items]: Missing connection between items
    Local override; error
    @(46.1350 mm, 47.8650 mm): Pad 1 [ROW_16_ANODE] of D315 on F.Cu
    @(48.6350 mm, 47.8650 mm): Pad 1 [ROW_16_ANODE] of D316 on F.Cu
[unconnected_items]: Missing connection between items
    Local override; error
    @(48.6350 mm, 47.8650 mm): Pad 1 [ROW_16_ANODE] of D316 on F.Cu
    @(51.1350 mm, 47.8650 mm): Pad 1 [ROW_16_ANODE] of D317 on F.Cu
[unconnected_items]: Missing connection between items
    Local override; error
    @(51.1350 mm, 47.8650 mm): Pad 1 [ROW_16_ANODE] of D317 on F.Cu
    @(53.6350 mm, 47.8650 mm): Pad 1 [ROW_16_ANODE] of D318 on F.Cu
[unconnected_items]: Missing connection between items
    Local override; error
    @(53.6350 mm, 47.8650 mm): Pad 1 [ROW_16_ANODE] of D318 on F.Cu
    @(56.1350 mm, 47.8650 mm): Pad 1 [ROW_16_ANODE] of D319 on F.Cu
[unconnected_items]: Missing connection between items
    Local override; error
    @(56.1350 mm, 47.8650 mm): Pad 1 [ROW_16_ANODE] of D319 on F.Cu
    @(58.6350 mm, 47.8650 mm): Pad 1 [ROW_16_ANODE] of D320 on F.Cu
[unconnected_items]: Missing connection between items
    Local override; error
    @(23.6350 mm, 11.1350 mm): Pad 2 [COL_R_06] of D6 on F.Cu
    @(23.6350 mm, 13.6350 mm): Pad 2 [COL_R_06] of D26 on F.Cu
[unconnected_items]: Missing connection between items
    Local override; error
    @(23.6350 mm, 13.6350 mm): Pad 2 [COL_R_06] of D26 on F.Cu
    @(23.6350 mm, 16.1350 mm): Pad 2 [COL_R_06] of D46 on F.Cu
[unconnected_items]: Missing connection between items
    Local override; error
    @(23.6350 mm, 16.1350 mm): Pad 2 [COL_R_06] of D46 on F.Cu
    @(23.6350 mm, 18.6350 mm): Pad 2 [COL_R_06] of D66 on F.Cu
[unconnected_items]: Missing connection between items
    Local override; error
    @(23.6350 mm, 18.6350 mm): Pad 2 [COL_R_06] of D66 on F.Cu
    @(23.6350 mm, 21.1350 mm): Pad 2 [COL_R_06] of D86 on F.Cu
[unconnected_items]: Missing connection between items
    Local override; error
    @(23.6350 mm, 21.1350 mm): Pad 2 [COL_R_06] of D86 on F.Cu
    @(23.6350 mm, 23.6350 mm): Pad 2 [COL_R_06] of D106 on F.Cu
[unconnected_items]: Missing connection between items
    Local override; error
    @(23.6350 mm, 23.6350 mm): Pad 2 [COL_R_06] of D106 on F.Cu
    @(23.6350 mm, 26.1350 mm): Pad 2 [COL_R_06] of D126 on F.Cu
[unconnected_items]: Missing connection between items
    Local override; error
    @(23.6350 mm, 26.1350 mm): Pad 2 [COL_R_06] of D126 on F.Cu
    @(23.6350 mm, 28.6350 mm): Pad 2 [COL_R_06] of D146 on F.Cu
[unconnected_items]: Missing connection between items
    Local override; error
    @(23.6350 mm, 28.6350 mm): Pad 2 [COL_R_06] of D146 on F.Cu
    @(23.6350 mm, 31.1350 mm): Pad 2 [COL_R_06] of D166 on F.Cu
[unconnected_items]: Missing connection between items
    Local override; error
    @(23.6350 mm, 31.1350 mm): Pad 2 [COL_R_06] of D166 on F.Cu
    @(23.6350 mm, 33.6350 mm): Pad 2 [COL_R_06] of D186 on F.Cu
[unconnected_items]: Missing connection between items
    Local override; error
    @(23.6350 mm, 33.6350 mm): Pad 2 [COL_R_06] of D186 on F.Cu
    @(23.6350 mm, 36.1350 mm): Pad 2 [COL_R_06] of D206 on F.Cu
[unconnected_items]: Missing connection between items
    Local override; error
    @(23.6350 mm, 36.1350 mm): Pad 2 [COL_R_06] of D206 on F.Cu
    @(23.6350 mm, 38.6350 mm): Pad 2 [COL_R_06] of D226 on F.Cu
[unconnected_items]: Missing connection between items
    Local override; error
    @(23.6350 mm, 38.6350 mm): Pad 2 [COL_R_06] of D226 on F.Cu
    @(23.6350 mm, 41.1350 mm): Pad 2 [COL_R_06] of D246 on F.Cu
[unconnected_items]: Missing connection between items
    Local override; error
    @(23.6350 mm, 41.1350 mm): Pad 2 [COL_R_06] of D246 on F.Cu
    @(23.6350 mm, 43.6350 mm): Pad 2 [COL_R_06] of D266 on F.Cu
[unconnected_items]: Missing connection between items
    Local override; error
    @(23.6350 mm, 43.6350 mm): Pad 2 [COL_R_06] of D266 on F.Cu
    @(23.6350 mm, 46.1350 mm): Pad 2 [COL_R_06] of D286 on F.Cu
[unconnected_items]: Missing connection between items
    Local override; error
    @(23.6350 mm, 46.1350 mm): Pad 2 [COL_R_06] of D286 on F.Cu
    @(23.6350 mm, 48.6350 mm): Pad 2 [COL_R_06] of D306 on F.Cu
[unconnected_items]: Missing connection between items
    Local override; error
    @(23.6350 mm, 48.6350 mm): Pad 2 [COL_R_06] of D306 on F.Cu
    @(23.6350 mm, 51.1350 mm): Pad 2 [COL_R_06] of D326 on F.Cu
[unconnected_items]: Missing connection between items
    Local override; error
    @(23.6350 mm, 51.1350 mm): Pad 2 [COL_R_06] of D326 on F.Cu
    @(23.6350 mm, 53.6350 mm): Pad 2 [COL_R_06] of D346 on F.Cu
[unconnected_items]: Missing connection between items
    Local override; error
    @(23.6350 mm, 53.6350 mm): Pad 2 [COL_R_06] of D346 on F.Cu
    @(23.6350 mm, 56.1350 mm): Pad 2 [COL_R_06] of D366 on F.Cu
[unconnected_items]: Missing connection between items
    Local override; error
    @(23.6350 mm, 56.1350 mm): Pad 2 [COL_R_06] of D366 on F.Cu
    @(23.6350 mm, 58.6350 mm): Pad 2 [COL_R_06] of D386 on F.Cu
[unconnected_items]: Missing connection between items
    Local override; error
    @(22.8650 mm, 11.1350 mm): Pad 3 [COL_G_06] of D6 on F.Cu
    @(22.8650 mm, 13.6350 mm): Pad 3 [COL_G_06] of D26 on F.Cu
[unconnected_items]: Missing connection between items
    Local override; error
    @(22.8650 mm, 13.6350 mm): Pad 3 [COL_G_06] of D26 on F.Cu
    @(22.8650 mm, 16.1350 mm): Pad 3 [COL_G_06] of D46 on F.Cu
[unconnected_items]: Missing connection between items
    Local override; error
    @(22.8650 mm, 16.1350 mm): Pad 3 [COL_G_06] of D46 on F.Cu
    @(22.8650 mm, 18.6350 mm): Pad 3 [COL_G_06] of D66 on F.Cu
[unconnected_items]: Missing connection between items
    Local override; error
    @(22.8650 mm, 18.6350 mm): Pad 3 [COL_G_06] of D66 on F.Cu
    @(22.8650 mm, 21.1350 mm): Pad 3 [COL_G_06] of D86 on F.Cu
[unconnected_items]: Missing connection between items
    Local override; error
    @(22.8650 mm, 21.1350 mm): Pad 3 [COL_G_06] of D86 on F.Cu
    @(22.8650 mm, 23.6350 mm): Pad 3 [COL_G_06] of D106 on F.Cu
[unconnected_items]: Missing connection between items
    Local override; error
    @(22.8650 mm, 23.6350 mm): Pad 3 [COL_G_06] of D106 on F.Cu
    @(22.8650 mm, 26.1350 mm): Pad 3 [COL_G_06] of D126 on F.Cu

** Found 0 Footprint errors **

** Ignored checks **
    - Footprint has no courtyard defined
    - Track endpoint not centered on via
    - Tuning profile track geometries
    - Footprint doesn't match symbol's footprint filters
    - Footprint component type doesn't match footprint pads

** End of Report **
