** Drc report for wearable_28x28_orientation_transition_routing_probe.kicad_pcb **
** Created on 2026-10-08T04:40:28 **
** Report includes: Errors, Warnings **

** Found 0 DRC violations **

** Found 499 unconnected pads **
[unconnected_items]: Missing connection between items
    Local override; error
    @(1.2850 mm, 51.1150 mm): Pad 1 [ROW_24_ANODE] of D645 on F.Cu
    @(3.4850 mm, 51.1150 mm): Pad 1 [ROW_24_ANODE] of D646 on F.Cu
[unconnected_items]: Missing connection between items
    Local override; error
    @(3.4850 mm, 51.1150 mm): Pad 1 [ROW_24_ANODE] of D646 on F.Cu
    @(5.6850 mm, 51.1150 mm): Pad 1 [ROW_24_ANODE] of D647 on F.Cu
[unconnected_items]: Missing connection between items
    Local override; error
    @(5.6850 mm, 51.1150 mm): Pad 1 [ROW_24_ANODE] of D647 on F.Cu
    @(7.8850 mm, 51.1150 mm): Pad 1 [ROW_24_ANODE] of D648 on F.Cu
[unconnected_items]: Missing connection between items
    Local override; error
    @(7.8850 mm, 51.1150 mm): Pad 1 [ROW_24_ANODE] of D648 on F.Cu
    @(10.0850 mm, 51.1150 mm): Pad 1 [ROW_24_ANODE] of D649 on F.Cu
[unconnected_items]: Missing connection between items
    Local override; error
    @(10.0850 mm, 51.1150 mm): Pad 1 [ROW_24_ANODE] of D649 on F.Cu
    @(12.2850 mm, 51.1150 mm): Pad 1 [ROW_24_ANODE] of D650 on F.Cu
[unconnected_items]: Missing connection between items
    Local override; error
    @(12.2850 mm, 51.1150 mm): Pad 1 [ROW_24_ANODE] of D650 on F.Cu
    @(14.4850 mm, 51.1150 mm): Pad 1 [ROW_24_ANODE] of D651 on F.Cu
[unconnected_items]: Missing connection between items
    Local override; error
    @(14.4850 mm, 51.1150 mm): Pad 1 [ROW_24_ANODE] of D651 on F.Cu
    @(16.6850 mm, 51.1150 mm): Pad 1 [ROW_24_ANODE] of D652 on F.Cu
[unconnected_items]: Missing connection between items
    Local override; error
    @(16.6850 mm, 51.1150 mm): Pad 1 [ROW_24_ANODE] of D652 on F.Cu
    @(18.8850 mm, 51.1150 mm): Pad 1 [ROW_24_ANODE] of D653 on F.Cu
[unconnected_items]: Missing connection between items
    Local override; error
    @(18.8850 mm, 51.1150 mm): Pad 1 [ROW_24_ANODE] of D653 on F.Cu
    @(21.0850 mm, 51.1150 mm): Pad 1 [ROW_24_ANODE] of D654 on F.Cu
[unconnected_items]: Missing connection between items
    Local override; error
    @(21.0850 mm, 51.1150 mm): Pad 1 [ROW_24_ANODE] of D654 on F.Cu
    @(23.2850 mm, 51.1150 mm): Pad 1 [ROW_24_ANODE] of D655 on F.Cu
[unconnected_items]: Missing connection between items
    Local override; error
    @(23.2850 mm, 51.1150 mm): Pad 1 [ROW_24_ANODE] of D655 on F.Cu
    @(25.4850 mm, 51.1150 mm): Pad 1 [ROW_24_ANODE] of D656 on F.Cu
[unconnected_items]: Missing connection between items
    Local override; error
    @(25.4850 mm, 51.1150 mm): Pad 1 [ROW_24_ANODE] of D656 on F.Cu
    @(27.6850 mm, 51.1150 mm): Pad 1 [ROW_24_ANODE] of D657 on F.Cu
[unconnected_items]: Missing connection between items
    Local override; error
    @(27.6850 mm, 51.1150 mm): Pad 1 [ROW_24_ANODE] of D657 on F.Cu
    @(29.8850 mm, 51.1150 mm): Pad 1 [ROW_24_ANODE] of D658 on F.Cu
[unconnected_items]: Missing connection between items
    Local override; error
    @(29.8850 mm, 51.1150 mm): Pad 1 [ROW_24_ANODE] of D658 on F.Cu
    @(32.0850 mm, 51.1150 mm): Pad 1 [ROW_24_ANODE] of D659 on F.Cu
[unconnected_items]: Missing connection between items
    Local override; error
    @(32.0850 mm, 51.1150 mm): Pad 1 [ROW_24_ANODE] of D659 on F.Cu
    @(34.2850 mm, 51.1150 mm): Pad 1 [ROW_24_ANODE] of D660 on F.Cu
[unconnected_items]: Missing connection between items
    Local override; error
    @(34.2850 mm, 51.1150 mm): Pad 1 [ROW_24_ANODE] of D660 on F.Cu
    @(36.4850 mm, 51.1150 mm): Pad 1 [ROW_24_ANODE] of D661 on F.Cu
[unconnected_items]: Missing connection between items
    Local override; error
    @(36.4850 mm, 51.1150 mm): Pad 1 [ROW_24_ANODE] of D661 on F.Cu
    @(38.6850 mm, 51.1150 mm): Pad 1 [ROW_24_ANODE] of D662 on F.Cu
[unconnected_items]: Missing connection between items
    Local override; error
    @(38.6850 mm, 51.1150 mm): Pad 1 [ROW_24_ANODE] of D662 on F.Cu
    @(40.8850 mm, 51.1150 mm): Pad 1 [ROW_24_ANODE] of D663 on F.Cu
[unconnected_items]: Missing connection between items
    Local override; error
    @(40.8850 mm, 51.1150 mm): Pad 1 [ROW_24_ANODE] of D663 on F.Cu
    @(43.0850 mm, 51.1150 mm): Pad 1 [ROW_24_ANODE] of D664 on F.Cu
[unconnected_items]: Missing connection between items
    Local override; error
    @(43.0850 mm, 51.1150 mm): Pad 1 [ROW_24_ANODE] of D664 on F.Cu
    @(45.2850 mm, 51.1150 mm): Pad 1 [ROW_24_ANODE] of D665 on F.Cu
[unconnected_items]: Missing connection between items
    Local override; error
    @(45.2850 mm, 51.1150 mm): Pad 1 [ROW_24_ANODE] of D665 on F.Cu
    @(47.4850 mm, 51.1150 mm): Pad 1 [ROW_24_ANODE] of D666 on F.Cu
[unconnected_items]: Missing connection between items
    Local override; error
    @(47.4850 mm, 51.1150 mm): Pad 1 [ROW_24_ANODE] of D666 on F.Cu
    @(49.6850 mm, 51.1150 mm): Pad 1 [ROW_24_ANODE] of D667 on F.Cu
[unconnected_items]: Missing connection between items
    Local override; error
    @(49.6850 mm, 51.1150 mm): Pad 1 [ROW_24_ANODE] of D667 on F.Cu
    @(51.8850 mm, 51.1150 mm): Pad 1 [ROW_24_ANODE] of D668 on F.Cu
[unconnected_items]: Missing connection between items
    Local override; error
    @(51.8850 mm, 51.1150 mm): Pad 1 [ROW_24_ANODE] of D668 on F.Cu
    @(54.0850 mm, 51.1150 mm): Pad 1 [ROW_24_ANODE] of D669 on F.Cu
[unconnected_items]: Missing connection between items
    Local override; error
    @(54.0850 mm, 51.1150 mm): Pad 1 [ROW_24_ANODE] of D669 on F.Cu
    @(56.2850 mm, 51.1150 mm): Pad 1 [ROW_24_ANODE] of D670 on F.Cu
[unconnected_items]: Missing connection between items
    Local override; error
    @(56.2850 mm, 51.1150 mm): Pad 1 [ROW_24_ANODE] of D670 on F.Cu
    @(58.4850 mm, 51.1150 mm): Pad 1 [ROW_24_ANODE] of D671 on F.Cu
[unconnected_items]: Missing connection between items
    Local override; error
    @(58.4850 mm, 51.1150 mm): Pad 1 [ROW_24_ANODE] of D671 on F.Cu
    @(60.6850 mm, 51.1150 mm): Pad 1 [ROW_24_ANODE] of D672 on F.Cu
[unconnected_items]: Missing connection between items
    Local override; error
    @(36.4850 mm, 1.2850 mm): Pad 2 [COL_R_17] of D17 on F.Cu
    @(36.4850 mm, 3.4850 mm): Pad 2 [COL_R_17] of D45 on F.Cu
[unconnected_items]: Missing connection between items
    Local override; error
    @(36.4850 mm, 3.4850 mm): Pad 2 [COL_R_17] of D45 on F.Cu
    @(36.4850 mm, 5.6850 mm): Pad 2 [COL_R_17] of D73 on F.Cu
[unconnected_items]: Missing connection between items
    Local override; error
    @(36.4850 mm, 5.6850 mm): Pad 2 [COL_R_17] of D73 on F.Cu
    @(36.4850 mm, 7.8850 mm): Pad 2 [COL_R_17] of D101 on F.Cu
[unconnected_items]: Missing connection between items
    Local override; error
    @(36.4850 mm, 7.8850 mm): Pad 2 [COL_R_17] of D101 on F.Cu
    @(36.4850 mm, 10.0850 mm): Pad 2 [COL_R_17] of D129 on F.Cu
[unconnected_items]: Missing connection between items
    Local override; error
    @(36.4850 mm, 10.0850 mm): Pad 2 [COL_R_17] of D129 on F.Cu
    @(36.4850 mm, 12.2850 mm): Pad 2 [COL_R_17] of D157 on F.Cu
[unconnected_items]: Missing connection between items
    Local override; error
    @(36.4850 mm, 12.2850 mm): Pad 2 [COL_R_17] of D157 on F.Cu
    @(36.4850 mm, 14.4850 mm): Pad 2 [COL_R_17] of D185 on F.Cu
[unconnected_items]: Missing connection between items
    Local override; error
    @(36.4850 mm, 14.4850 mm): Pad 2 [COL_R_17] of D185 on F.Cu
    @(36.4850 mm, 16.6850 mm): Pad 2 [COL_R_17] of D213 on F.Cu
[unconnected_items]: Missing connection between items
    Local override; error
    @(36.4850 mm, 16.6850 mm): Pad 2 [COL_R_17] of D213 on F.Cu
    @(36.4850 mm, 18.8850 mm): Pad 2 [COL_R_17] of D241 on F.Cu
[unconnected_items]: Missing connection between items
    Local override; error
    @(36.4850 mm, 18.8850 mm): Pad 2 [COL_R_17] of D241 on F.Cu
    @(36.4850 mm, 21.0850 mm): Pad 2 [COL_R_17] of D269 on F.Cu
[unconnected_items]: Missing connection between items
    Local override; error
    @(36.4850 mm, 21.0850 mm): Pad 2 [COL_R_17] of D269 on F.Cu
    @(36.4850 mm, 23.2850 mm): Pad 2 [COL_R_17] of D297 on F.Cu
[unconnected_items]: Missing connection between items
    Local override; error
    @(36.4850 mm, 23.2850 mm): Pad 2 [COL_R_17] of D297 on F.Cu
    @(36.4850 mm, 25.4850 mm): Pad 2 [COL_R_17] of D325 on F.Cu
[unconnected_items]: Missing connection between items
    Local override; error
    @(36.4850 mm, 25.4850 mm): Pad 2 [COL_R_17] of D325 on F.Cu
    @(36.4850 mm, 27.6850 mm): Pad 2 [COL_R_17] of D353 on F.Cu
[unconnected_items]: Missing connection between items
    Local override; error
    @(36.4850 mm, 27.6850 mm): Pad 2 [COL_R_17] of D353 on F.Cu
    @(36.4850 mm, 29.8850 mm): Pad 2 [COL_R_17] of D381 on F.Cu
[unconnected_items]: Missing connection between items
    Local override; error
    @(36.4850 mm, 29.8850 mm): Pad 2 [COL_R_17] of D381 on F.Cu
    @(36.4850 mm, 32.0850 mm): Pad 2 [COL_R_17] of D409 on F.Cu
[unconnected_items]: Missing connection between items
    Local override; error
    @(36.4850 mm, 32.0850 mm): Pad 2 [COL_R_17] of D409 on F.Cu
    @(36.4850 mm, 34.2850 mm): Pad 2 [COL_R_17] of D437 on F.Cu
[unconnected_items]: Missing connection between items
    Local override; error
    @(36.4850 mm, 34.2850 mm): Pad 2 [COL_R_17] of D437 on F.Cu
    @(36.4850 mm, 36.4850 mm): Pad 2 [COL_R_17] of D465 on F.Cu
[unconnected_items]: Missing connection between items
    Local override; error
    @(36.4850 mm, 36.4850 mm): Pad 2 [COL_R_17] of D465 on F.Cu
    @(36.4850 mm, 38.6850 mm): Pad 2 [COL_R_17] of D493 on F.Cu
[unconnected_items]: Missing connection between items
    Local override; error
    @(36.4850 mm, 38.6850 mm): Pad 2 [COL_R_17] of D493 on F.Cu
    @(36.4850 mm, 40.8850 mm): Pad 2 [COL_R_17] of D521 on F.Cu
[unconnected_items]: Missing connection between items
    Local override; error
    @(36.4850 mm, 40.8850 mm): Pad 2 [COL_R_17] of D521 on F.Cu
    @(36.4850 mm, 43.0850 mm): Pad 2 [COL_R_17] of D549 on F.Cu
[unconnected_items]: Missing connection between items
    Local override; error
    @(36.4850 mm, 43.0850 mm): Pad 2 [COL_R_17] of D549 on F.Cu
    @(36.4850 mm, 45.2850 mm): Pad 2 [COL_R_17] of D577 on F.Cu
[unconnected_items]: Missing connection between items
    Local override; error
    @(36.4850 mm, 45.2850 mm): Pad 2 [COL_R_17] of D577 on F.Cu
    @(36.4850 mm, 47.4850 mm): Pad 2 [COL_R_17] of D605 on F.Cu
[unconnected_items]: Missing connection between items
    Local override; error
    @(36.4850 mm, 47.4850 mm): Pad 2 [COL_R_17] of D605 on F.Cu
    @(36.4850 mm, 49.6850 mm): Pad 2 [COL_R_17] of D633 on F.Cu
[unconnected_items]: Missing connection between items
    Local override; error
    @(36.4850 mm, 49.6850 mm): Pad 2 [COL_R_17] of D633 on F.Cu
    @(36.4850 mm, 51.8850 mm): Pad 2 [COL_R_17] of D661 on F.Cu
[unconnected_items]: Missing connection between items
    Local override; error
    @(36.4850 mm, 51.8850 mm): Pad 2 [COL_R_17] of D661 on F.Cu
    @(36.4850 mm, 54.0850 mm): Pad 2 [COL_R_17] of D689 on F.Cu
[unconnected_items]: Missing connection between items
    Local override; error
    @(36.4850 mm, 54.0850 mm): Pad 2 [COL_R_17] of D689 on F.Cu
    @(36.4850 mm, 56.2850 mm): Pad 2 [COL_R_17] of D717 on F.Cu
[unconnected_items]: Missing connection between items
    Local override; error
    @(36.4850 mm, 56.2850 mm): Pad 2 [COL_R_17] of D717 on F.Cu
    @(36.4850 mm, 58.4850 mm): Pad 2 [COL_R_17] of D745 on F.Cu
[unconnected_items]: Missing connection between items
    Local override; error
    @(36.4850 mm, 58.4850 mm): Pad 2 [COL_R_17] of D745 on F.Cu
    @(36.4850 mm, 60.6850 mm): Pad 2 [COL_R_17] of D773 on F.Cu
[unconnected_items]: Missing connection between items
    Local override; error
    @(35.7150 mm, 1.2850 mm): Pad 3 [COL_G_17] of D17 on F.Cu
    @(35.7150 mm, 3.4850 mm): Pad 3 [COL_G_17] of D45 on F.Cu
[unconnected_items]: Missing connection between items
    Local override; error
    @(35.7150 mm, 3.4850 mm): Pad 3 [COL_G_17] of D45 on F.Cu
    @(35.7150 mm, 5.6850 mm): Pad 3 [COL_G_17] of D73 on F.Cu
[unconnected_items]: Missing connection between items
    Local override; error
    @(35.7150 mm, 5.6850 mm): Pad 3 [COL_G_17] of D73 on F.Cu
    @(35.7150 mm, 7.8850 mm): Pad 3 [COL_G_17] of D101 on F.Cu
[unconnected_items]: Missing connection between items
    Local override; error
    @(35.7150 mm, 7.8850 mm): Pad 3 [COL_G_17] of D101 on F.Cu
    @(35.7150 mm, 10.0850 mm): Pad 3 [COL_G_17] of D129 on F.Cu
[unconnected_items]: Missing connection between items
    Local override; error
    @(35.7150 mm, 10.0850 mm): Pad 3 [COL_G_17] of D129 on F.Cu
    @(35.7150 mm, 12.2850 mm): Pad 3 [COL_G_17] of D157 on F.Cu
[unconnected_items]: Missing connection between items
    Local override; error
    @(35.7150 mm, 12.2850 mm): Pad 3 [COL_G_17] of D157 on F.Cu
    @(35.7150 mm, 14.4850 mm): Pad 3 [COL_G_17] of D185 on F.Cu
[unconnected_items]: Missing connection between items
    Local override; error
    @(35.7150 mm, 14.4850 mm): Pad 3 [COL_G_17] of D185 on F.Cu
    @(35.7150 mm, 16.6850 mm): Pad 3 [COL_G_17] of D213 on F.Cu
[unconnected_items]: Missing connection between items
    Local override; error
    @(35.7150 mm, 16.6850 mm): Pad 3 [COL_G_17] of D213 on F.Cu
    @(35.7150 mm, 18.8850 mm): Pad 3 [COL_G_17] of D241 on F.Cu
[unconnected_items]: Missing connection between items
    Local override; error
    @(35.7150 mm, 18.8850 mm): Pad 3 [COL_G_17] of D241 on F.Cu
    @(35.7150 mm, 21.0850 mm): Pad 3 [COL_G_17] of D269 on F.Cu
[unconnected_items]: Missing connection between items
    Local override; error
    @(35.7150 mm, 21.0850 mm): Pad 3 [COL_G_17] of D269 on F.Cu
    @(35.7150 mm, 23.2850 mm): Pad 3 [COL_G_17] of D297 on F.Cu
[unconnected_items]: Missing connection between items
    Local override; error
    @(35.7150 mm, 23.2850 mm): Pad 3 [COL_G_17] of D297 on F.Cu
    @(35.7150 mm, 25.4850 mm): Pad 3 [COL_G_17] of D325 on F.Cu
[unconnected_items]: Missing connection between items
    Local override; error
    @(35.7150 mm, 25.4850 mm): Pad 3 [COL_G_17] of D325 on F.Cu
    @(35.7150 mm, 27.6850 mm): Pad 3 [COL_G_17] of D353 on F.Cu
[unconnected_items]: Missing connection between items
    Local override; error
    @(35.7150 mm, 27.6850 mm): Pad 3 [COL_G_17] of D353 on F.Cu
    @(35.7150 mm, 29.8850 mm): Pad 3 [COL_G_17] of D381 on F.Cu
[unconnected_items]: Missing connection between items
    Local override; error
    @(35.7150 mm, 29.8850 mm): Pad 3 [COL_G_17] of D381 on F.Cu
    @(35.7150 mm, 32.0850 mm): Pad 3 [COL_G_17] of D409 on F.Cu
[unconnected_items]: Missing connection between items
    Local override; error
    @(35.7150 mm, 32.0850 mm): Pad 3 [COL_G_17] of D409 on F.Cu
    @(35.7150 mm, 34.2850 mm): Pad 3 [COL_G_17] of D437 on F.Cu
[unconnected_items]: Missing connection between items
    Local override; error
    @(35.7150 mm, 34.2850 mm): Pad 3 [COL_G_17] of D437 on F.Cu
    @(35.7150 mm, 36.4850 mm): Pad 3 [COL_G_17] of D465 on F.Cu
[unconnected_items]: Missing connection between items
    Local override; error
    @(35.7150 mm, 36.4850 mm): Pad 3 [COL_G_17] of D465 on F.Cu
    @(35.7150 mm, 38.6850 mm): Pad 3 [COL_G_17] of D493 on F.Cu
[unconnected_items]: Missing connection between items
    Local override; error
    @(35.7150 mm, 38.6850 mm): Pad 3 [COL_G_17] of D493 on F.Cu
    @(35.7150 mm, 40.8850 mm): Pad 3 [COL_G_17] of D521 on F.Cu
[unconnected_items]: Missing connection between items
    Local override; error
    @(35.7150 mm, 40.8850 mm): Pad 3 [COL_G_17] of D521 on F.Cu
    @(35.7150 mm, 43.0850 mm): Pad 3 [COL_G_17] of D549 on F.Cu
[unconnected_items]: Missing connection between items
    Local override; error
    @(35.7150 mm, 43.0850 mm): Pad 3 [COL_G_17] of D549 on F.Cu
    @(35.7150 mm, 45.2850 mm): Pad 3 [COL_G_17] of D577 on F.Cu
[unconnected_items]: Missing connection between items
    Local override; error
    @(35.7150 mm, 45.2850 mm): Pad 3 [COL_G_17] of D577 on F.Cu
    @(35.7150 mm, 47.4850 mm): Pad 3 [COL_G_17] of D605 on F.Cu
[unconnected_items]: Missing connection between items
    Local override; error
    @(35.7150 mm, 47.4850 mm): Pad 3 [COL_G_17] of D605 on F.Cu
    @(35.7150 mm, 49.6850 mm): Pad 3 [COL_G_17] of D633 on F.Cu
[unconnected_items]: Missing connection between items
    Local override; error
    @(35.7150 mm, 49.6850 mm): Pad 3 [COL_G_17] of D633 on F.Cu
    @(35.7150 mm, 51.8850 mm): Pad 3 [COL_G_17] of D661 on F.Cu
[unconnected_items]: Missing connection between items
    Local override; error
    @(35.7150 mm, 51.8850 mm): Pad 3 [COL_G_17] of D661 on F.Cu
    @(35.7150 mm, 54.0850 mm): Pad 3 [COL_G_17] of D689 on F.Cu
[unconnected_items]: Missing connection between items
    Local override; error
    @(35.7150 mm, 54.0850 mm): Pad 3 [COL_G_17] of D689 on F.Cu
    @(35.7150 mm, 56.2850 mm): Pad 3 [COL_G_17] of D717 on F.Cu
[unconnected_items]: Missing connection between items
    Local override; error
    @(35.7150 mm, 56.2850 mm): Pad 3 [COL_G_17] of D717 on F.Cu
    @(35.7150 mm, 58.4850 mm): Pad 3 [COL_G_17] of D745 on F.Cu
[unconnected_items]: Missing connection between items
    Local override; error
    @(35.7150 mm, 58.4850 mm): Pad 3 [COL_G_17] of D745 on F.Cu
    @(35.7150 mm, 60.6850 mm): Pad 3 [COL_G_17] of D773 on F.Cu
[unconnected_items]: Missing connection between items
    Local override; error
    @(35.7150 mm, 0.5150 mm): Pad 4 [COL_B_17] of D17 on F.Cu
    @(35.7150 mm, 2.7150 mm): Pad 4 [COL_B_17] of D45 on F.Cu
[unconnected_items]: Missing connection between items
    Local override; error
    @(35.7150 mm, 2.7150 mm): Pad 4 [COL_B_17] of D45 on F.Cu
    @(35.7150 mm, 4.9150 mm): Pad 4 [COL_B_17] of D73 on F.Cu
[unconnected_items]: Missing connection between items
    Local override; error
    @(35.7150 mm, 4.9150 mm): Pad 4 [COL_B_17] of D73 on F.Cu
    @(35.7150 mm, 7.1150 mm): Pad 4 [COL_B_17] of D101 on F.Cu
[unconnected_items]: Missing connection between items
    Local override; error
    @(35.7150 mm, 7.1150 mm): Pad 4 [COL_B_17] of D101 on F.Cu
    @(35.7150 mm, 9.3150 mm): Pad 4 [COL_B_17] of D129 on F.Cu
[unconnected_items]: Missing connection between items
    Local override; error
    @(35.7150 mm, 9.3150 mm): Pad 4 [COL_B_17] of D129 on F.Cu
    @(35.7150 mm, 11.5150 mm): Pad 4 [COL_B_17] of D157 on F.Cu
[unconnected_items]: Missing connection between items
    Local override; error
    @(35.7150 mm, 11.5150 mm): Pad 4 [COL_B_17] of D157 on F.Cu
    @(35.7150 mm, 13.7150 mm): Pad 4 [COL_B_17] of D185 on F.Cu
[unconnected_items]: Missing connection between items
    Local override; error
    @(35.7150 mm, 13.7150 mm): Pad 4 [COL_B_17] of D185 on F.Cu
    @(35.7150 mm, 15.9150 mm): Pad 4 [COL_B_17] of D213 on F.Cu
[unconnected_items]: Missing connection between items
    Local override; error
    @(35.7150 mm, 15.9150 mm): Pad 4 [COL_B_17] of D213 on F.Cu
    @(35.7150 mm, 18.1150 mm): Pad 4 [COL_B_17] of D241 on F.Cu
[unconnected_items]: Missing connection between items
    Local override; error
    @(35.7150 mm, 18.1150 mm): Pad 4 [COL_B_17] of D241 on F.Cu
    @(35.7150 mm, 20.3150 mm): Pad 4 [COL_B_17] of D269 on F.Cu
[unconnected_items]: Missing connection between items
    Local override; error
    @(35.7150 mm, 20.3150 mm): Pad 4 [COL_B_17] of D269 on F.Cu
    @(35.7150 mm, 22.5150 mm): Pad 4 [COL_B_17] of D297 on F.Cu
[unconnected_items]: Missing connection between items
    Local override; error
    @(35.7150 mm, 22.5150 mm): Pad 4 [COL_B_17] of D297 on F.Cu
    @(35.7150 mm, 24.7150 mm): Pad 4 [COL_B_17] of D325 on F.Cu
[unconnected_items]: Missing connection between items
    Local override; error
    @(35.7150 mm, 24.7150 mm): Pad 4 [COL_B_17] of D325 on F.Cu
    @(35.7150 mm, 26.9150 mm): Pad 4 [COL_B_17] of D353 on F.Cu
[unconnected_items]: Missing connection between items
    Local override; error
    @(35.7150 mm, 26.9150 mm): Pad 4 [COL_B_17] of D353 on F.Cu
    @(35.7150 mm, 29.1150 mm): Pad 4 [COL_B_17] of D381 on F.Cu
[unconnected_items]: Missing connection between items
    Local override; error
    @(35.7150 mm, 29.1150 mm): Pad 4 [COL_B_17] of D381 on F.Cu
    @(35.7150 mm, 31.3150 mm): Pad 4 [COL_B_17] of D409 on F.Cu
[unconnected_items]: Missing connection between items
    Local override; error
    @(35.7150 mm, 31.3150 mm): Pad 4 [COL_B_17] of D409 on F.Cu
    @(35.7150 mm, 33.5150 mm): Pad 4 [COL_B_17] of D437 on F.Cu
[unconnected_items]: Missing connection between items
    Local override; error
    @(35.7150 mm, 33.5150 mm): Pad 4 [COL_B_17] of D437 on F.Cu
    @(35.7150 mm, 35.7150 mm): Pad 4 [COL_B_17] of D465 on F.Cu
[unconnected_items]: Missing connection between items
    Local override; error
    @(35.7150 mm, 35.7150 mm): Pad 4 [COL_B_17] of D465 on F.Cu
    @(35.7150 mm, 37.9150 mm): Pad 4 [COL_B_17] of D493 on F.Cu
[unconnected_items]: Missing connection between items
    Local override; error
    @(35.7150 mm, 37.9150 mm): Pad 4 [COL_B_17] of D493 on F.Cu
    @(35.7150 mm, 40.1150 mm): Pad 4 [COL_B_17] of D521 on F.Cu
[unconnected_items]: Missing connection between items
    Local override; error
    @(35.7150 mm, 40.1150 mm): Pad 4 [COL_B_17] of D521 on F.Cu
    @(35.7150 mm, 42.3150 mm): Pad 4 [COL_B_17] of D549 on F.Cu
[unconnected_items]: Missing connection between items
    Local override; error
    @(35.7150 mm, 42.3150 mm): Pad 4 [COL_B_17] of D549 on F.Cu
    @(35.7150 mm, 44.5150 mm): Pad 4 [COL_B_17] of D577 on F.Cu
[unconnected_items]: Missing connection between items
    Local override; error
    @(35.7150 mm, 44.5150 mm): Pad 4 [COL_B_17] of D577 on F.Cu
    @(35.7150 mm, 46.7150 mm): Pad 4 [COL_B_17] of D605 on F.Cu
[unconnected_items]: Missing connection between items
    Local override; error
    @(35.7150 mm, 46.7150 mm): Pad 4 [COL_B_17] of D605 on F.Cu
    @(35.7150 mm, 48.9150 mm): Pad 4 [COL_B_17] of D633 on F.Cu
[unconnected_items]: Missing connection between items
    Local override; error
    @(35.7150 mm, 48.9150 mm): Pad 4 [COL_B_17] of D633 on F.Cu
    @(35.7150 mm, 51.1150 mm): Pad 4 [COL_B_17] of D661 on F.Cu
[unconnected_items]: Missing connection between items
    Local override; error
    @(35.7150 mm, 51.1150 mm): Pad 4 [COL_B_17] of D661 on F.Cu
    @(35.7150 mm, 53.3150 mm): Pad 4 [COL_B_17] of D689 on F.Cu
[unconnected_items]: Missing connection between items
    Local override; error
    @(35.7150 mm, 53.3150 mm): Pad 4 [COL_B_17] of D689 on F.Cu
    @(35.7150 mm, 55.5150 mm): Pad 4 [COL_B_17] of D717 on F.Cu
[unconnected_items]: Missing connection between items
    Local override; error
    @(35.7150 mm, 55.5150 mm): Pad 4 [COL_B_17] of D717 on F.Cu
    @(35.7150 mm, 57.7150 mm): Pad 4 [COL_B_17] of D745 on F.Cu
[unconnected_items]: Missing connection between items
    Local override; error
    @(35.7150 mm, 57.7150 mm): Pad 4 [COL_B_17] of D745 on F.Cu
    @(35.7150 mm, 59.9150 mm): Pad 4 [COL_B_17] of D773 on F.Cu
[unconnected_items]: Missing connection between items
    Local override; error
    @(1.2850 mm, 40.1150 mm): Pad 1 [ROW_19_ANODE] of D505 on F.Cu
    @(3.4850 mm, 40.1150 mm): Pad 1 [ROW_19_ANODE] of D506 on F.Cu
[unconnected_items]: Missing connection between items
    Local override; error
    @(3.4850 mm, 40.1150 mm): Pad 1 [ROW_19_ANODE] of D506 on F.Cu
    @(5.6850 mm, 40.1150 mm): Pad 1 [ROW_19_ANODE] of D507 on F.Cu
[unconnected_items]: Missing connection between items
    Local override; error
    @(5.6850 mm, 40.1150 mm): Pad 1 [ROW_19_ANODE] of D507 on F.Cu
    @(7.8850 mm, 40.1150 mm): Pad 1 [ROW_19_ANODE] of D508 on F.Cu
[unconnected_items]: Missing connection between items
    Local override; error
    @(7.8850 mm, 40.1150 mm): Pad 1 [ROW_19_ANODE] of D508 on F.Cu
    @(10.0850 mm, 40.1150 mm): Pad 1 [ROW_19_ANODE] of D509 on F.Cu
[unconnected_items]: Missing connection between items
    Local override; error
    @(10.0850 mm, 40.1150 mm): Pad 1 [ROW_19_ANODE] of D509 on F.Cu
    @(12.2850 mm, 40.1150 mm): Pad 1 [ROW_19_ANODE] of D510 on F.Cu
[unconnected_items]: Missing connection between items
    Local override; error
    @(12.2850 mm, 40.1150 mm): Pad 1 [ROW_19_ANODE] of D510 on F.Cu
    @(14.4850 mm, 40.1150 mm): Pad 1 [ROW_19_ANODE] of D511 on F.Cu
[unconnected_items]: Missing connection between items
    Local override; error
    @(14.4850 mm, 40.1150 mm): Pad 1 [ROW_19_ANODE] of D511 on F.Cu
    @(16.6850 mm, 40.1150 mm): Pad 1 [ROW_19_ANODE] of D512 on F.Cu
[unconnected_items]: Missing connection between items
    Local override; error
    @(16.6850 mm, 40.1150 mm): Pad 1 [ROW_19_ANODE] of D512 on F.Cu
    @(18.8850 mm, 40.1150 mm): Pad 1 [ROW_19_ANODE] of D513 on F.Cu
[unconnected_items]: Missing connection between items
    Local override; error
    @(18.8850 mm, 40.1150 mm): Pad 1 [ROW_19_ANODE] of D513 on F.Cu
    @(21.0850 mm, 40.1150 mm): Pad 1 [ROW_19_ANODE] of D514 on F.Cu
[unconnected_items]: Missing connection between items
    Local override; error
    @(21.0850 mm, 40.1150 mm): Pad 1 [ROW_19_ANODE] of D514 on F.Cu
    @(23.2850 mm, 40.1150 mm): Pad 1 [ROW_19_ANODE] of D515 on F.Cu
[unconnected_items]: Missing connection between items
    Local override; error
    @(23.2850 mm, 40.1150 mm): Pad 1 [ROW_19_ANODE] of D515 on F.Cu
    @(25.4850 mm, 40.1150 mm): Pad 1 [ROW_19_ANODE] of D516 on F.Cu
[unconnected_items]: Missing connection between items
    Local override; error
    @(25.4850 mm, 40.1150 mm): Pad 1 [ROW_19_ANODE] of D516 on F.Cu
    @(27.6850 mm, 40.1150 mm): Pad 1 [ROW_19_ANODE] of D517 on F.Cu
[unconnected_items]: Missing connection between items
    Local override; error
    @(27.6850 mm, 40.1150 mm): Pad 1 [ROW_19_ANODE] of D517 on F.Cu
    @(29.8850 mm, 40.1150 mm): Pad 1 [ROW_19_ANODE] of D518 on F.Cu
[unconnected_items]: Missing connection between items
    Local override; error
    @(29.8850 mm, 40.1150 mm): Pad 1 [ROW_19_ANODE] of D518 on F.Cu
    @(32.0850 mm, 40.1150 mm): Pad 1 [ROW_19_ANODE] of D519 on F.Cu
[unconnected_items]: Missing connection between items
    Local override; error
    @(32.0850 mm, 40.1150 mm): Pad 1 [ROW_19_ANODE] of D519 on F.Cu
    @(34.2850 mm, 40.1150 mm): Pad 1 [ROW_19_ANODE] of D520 on F.Cu
[unconnected_items]: Missing connection between items
    Local override; error
    @(34.2850 mm, 40.1150 mm): Pad 1 [ROW_19_ANODE] of D520 on F.Cu
    @(36.4850 mm, 40.1150 mm): Pad 1 [ROW_19_ANODE] of D521 on F.Cu
[unconnected_items]: Missing connection between items
    Local override; error
    @(36.4850 mm, 40.1150 mm): Pad 1 [ROW_19_ANODE] of D521 on F.Cu
    @(38.6850 mm, 40.1150 mm): Pad 1 [ROW_19_ANODE] of D522 on F.Cu
[unconnected_items]: Missing connection between items
    Local override; error
    @(38.6850 mm, 40.1150 mm): Pad 1 [ROW_19_ANODE] of D522 on F.Cu
    @(40.8850 mm, 40.1150 mm): Pad 1 [ROW_19_ANODE] of D523 on F.Cu
[unconnected_items]: Missing connection between items
    Local override; error
    @(40.8850 mm, 40.1150 mm): Pad 1 [ROW_19_ANODE] of D523 on F.Cu
    @(43.0850 mm, 40.1150 mm): Pad 1 [ROW_19_ANODE] of D524 on F.Cu
[unconnected_items]: Missing connection between items
    Local override; error
    @(43.0850 mm, 40.1150 mm): Pad 1 [ROW_19_ANODE] of D524 on F.Cu
    @(45.2850 mm, 40.1150 mm): Pad 1 [ROW_19_ANODE] of D525 on F.Cu
[unconnected_items]: Missing connection between items
    Local override; error
    @(45.2850 mm, 40.1150 mm): Pad 1 [ROW_19_ANODE] of D525 on F.Cu
    @(47.4850 mm, 40.1150 mm): Pad 1 [ROW_19_ANODE] of D526 on F.Cu
[unconnected_items]: Missing connection between items
    Local override; error
    @(47.4850 mm, 40.1150 mm): Pad 1 [ROW_19_ANODE] of D526 on F.Cu
    @(49.6850 mm, 40.1150 mm): Pad 1 [ROW_19_ANODE] of D527 on F.Cu
[unconnected_items]: Missing connection between items
    Local override; error
    @(49.6850 mm, 40.1150 mm): Pad 1 [ROW_19_ANODE] of D527 on F.Cu
    @(51.8850 mm, 40.1150 mm): Pad 1 [ROW_19_ANODE] of D528 on F.Cu
[unconnected_items]: Missing connection between items
    Local override; error
    @(51.8850 mm, 40.1150 mm): Pad 1 [ROW_19_ANODE] of D528 on F.Cu
    @(54.0850 mm, 40.1150 mm): Pad 1 [ROW_19_ANODE] of D529 on F.Cu
[unconnected_items]: Missing connection between items
    Local override; error
    @(54.0850 mm, 40.1150 mm): Pad 1 [ROW_19_ANODE] of D529 on F.Cu
    @(56.2850 mm, 40.1150 mm): Pad 1 [ROW_19_ANODE] of D530 on F.Cu
[unconnected_items]: Missing connection between items
    Local override; error
    @(56.2850 mm, 40.1150 mm): Pad 1 [ROW_19_ANODE] of D530 on F.Cu
    @(58.4850 mm, 40.1150 mm): Pad 1 [ROW_19_ANODE] of D531 on F.Cu
[unconnected_items]: Missing connection between items
    Local override; error
    @(58.4850 mm, 40.1150 mm): Pad 1 [ROW_19_ANODE] of D531 on F.Cu
    @(60.6850 mm, 40.1150 mm): Pad 1 [ROW_19_ANODE] of D532 on F.Cu
[unconnected_items]: Missing connection between items
    Local override; error
    @(34.2850 mm, 1.2850 mm): Pad 2 [COL_R_16] of D16 on F.Cu
    @(34.2850 mm, 3.4850 mm): Pad 2 [COL_R_16] of D44 on F.Cu
[unconnected_items]: Missing connection between items
    Local override; error
    @(34.2850 mm, 3.4850 mm): Pad 2 [COL_R_16] of D44 on F.Cu
    @(34.2850 mm, 5.6850 mm): Pad 2 [COL_R_16] of D72 on F.Cu
[unconnected_items]: Missing connection between items
    Local override; error
    @(34.2850 mm, 5.6850 mm): Pad 2 [COL_R_16] of D72 on F.Cu
    @(34.2850 mm, 7.8850 mm): Pad 2 [COL_R_16] of D100 on F.Cu
[unconnected_items]: Missing connection between items
    Local override; error
    @(34.2850 mm, 7.8850 mm): Pad 2 [COL_R_16] of D100 on F.Cu
    @(34.2850 mm, 10.0850 mm): Pad 2 [COL_R_16] of D128 on F.Cu
[unconnected_items]: Missing connection between items
    Local override; error
    @(34.2850 mm, 10.0850 mm): Pad 2 [COL_R_16] of D128 on F.Cu
    @(34.2850 mm, 12.2850 mm): Pad 2 [COL_R_16] of D156 on F.Cu
[unconnected_items]: Missing connection between items
    Local override; error
    @(34.2850 mm, 12.2850 mm): Pad 2 [COL_R_16] of D156 on F.Cu
    @(34.2850 mm, 14.4850 mm): Pad 2 [COL_R_16] of D184 on F.Cu
[unconnected_items]: Missing connection between items
    Local override; error
    @(34.2850 mm, 14.4850 mm): Pad 2 [COL_R_16] of D184 on F.Cu
    @(34.2850 mm, 16.6850 mm): Pad 2 [COL_R_16] of D212 on F.Cu
[unconnected_items]: Missing connection between items
    Local override; error
    @(34.2850 mm, 16.6850 mm): Pad 2 [COL_R_16] of D212 on F.Cu
    @(34.2850 mm, 18.8850 mm): Pad 2 [COL_R_16] of D240 on F.Cu
[unconnected_items]: Missing connection between items
    Local override; error
    @(34.2850 mm, 18.8850 mm): Pad 2 [COL_R_16] of D240 on F.Cu
    @(34.2850 mm, 21.0850 mm): Pad 2 [COL_R_16] of D268 on F.Cu
[unconnected_items]: Missing connection between items
    Local override; error
    @(34.2850 mm, 21.0850 mm): Pad 2 [COL_R_16] of D268 on F.Cu
    @(34.2850 mm, 23.2850 mm): Pad 2 [COL_R_16] of D296 on F.Cu
[unconnected_items]: Missing connection between items
    Local override; error
    @(34.2850 mm, 23.2850 mm): Pad 2 [COL_R_16] of D296 on F.Cu
    @(34.2850 mm, 25.4850 mm): Pad 2 [COL_R_16] of D324 on F.Cu
[unconnected_items]: Missing connection between items
    Local override; error
    @(34.2850 mm, 25.4850 mm): Pad 2 [COL_R_16] of D324 on F.Cu
    @(34.2850 mm, 27.6850 mm): Pad 2 [COL_R_16] of D352 on F.Cu
[unconnected_items]: Missing connection between items
    Local override; error
    @(34.2850 mm, 27.6850 mm): Pad 2 [COL_R_16] of D352 on F.Cu
    @(34.2850 mm, 29.8850 mm): Pad 2 [COL_R_16] of D380 on F.Cu
[unconnected_items]: Missing connection between items
    Local override; error
    @(34.2850 mm, 29.8850 mm): Pad 2 [COL_R_16] of D380 on F.Cu
    @(34.2850 mm, 32.0850 mm): Pad 2 [COL_R_16] of D408 on F.Cu
[unconnected_items]: Missing connection between items
    Local override; error
    @(34.2850 mm, 32.0850 mm): Pad 2 [COL_R_16] of D408 on F.Cu
    @(34.2850 mm, 34.2850 mm): Pad 2 [COL_R_16] of D436 on F.Cu
[unconnected_items]: Missing connection between items
    Local override; error
    @(34.2850 mm, 34.2850 mm): Pad 2 [COL_R_16] of D436 on F.Cu
    @(34.2850 mm, 36.4850 mm): Pad 2 [COL_R_16] of D464 on F.Cu
[unconnected_items]: Missing connection between items
    Local override; error
    @(34.2850 mm, 36.4850 mm): Pad 2 [COL_R_16] of D464 on F.Cu
    @(34.2850 mm, 38.6850 mm): Pad 2 [COL_R_16] of D492 on F.Cu
[unconnected_items]: Missing connection between items
    Local override; error
    @(34.2850 mm, 38.6850 mm): Pad 2 [COL_R_16] of D492 on F.Cu
    @(34.2850 mm, 40.8850 mm): Pad 2 [COL_R_16] of D520 on F.Cu
[unconnected_items]: Missing connection between items
    Local override; error
    @(34.2850 mm, 40.8850 mm): Pad 2 [COL_R_16] of D520 on F.Cu
    @(34.2850 mm, 43.0850 mm): Pad 2 [COL_R_16] of D548 on F.Cu
[unconnected_items]: Missing connection between items
    Local override; error
    @(34.2850 mm, 43.0850 mm): Pad 2 [COL_R_16] of D548 on F.Cu
    @(34.2850 mm, 45.2850 mm): Pad 2 [COL_R_16] of D576 on F.Cu
[unconnected_items]: Missing connection between items
    Local override; error
    @(34.2850 mm, 45.2850 mm): Pad 2 [COL_R_16] of D576 on F.Cu
    @(34.2850 mm, 47.4850 mm): Pad 2 [COL_R_16] of D604 on F.Cu
[unconnected_items]: Missing connection between items
    Local override; error
    @(34.2850 mm, 47.4850 mm): Pad 2 [COL_R_16] of D604 on F.Cu
    @(34.2850 mm, 49.6850 mm): Pad 2 [COL_R_16] of D632 on F.Cu
[unconnected_items]: Missing connection between items
    Local override; error
    @(34.2850 mm, 49.6850 mm): Pad 2 [COL_R_16] of D632 on F.Cu
    @(34.2850 mm, 51.8850 mm): Pad 2 [COL_R_16] of D660 on F.Cu
[unconnected_items]: Missing connection between items
    Local override; error
    @(34.2850 mm, 51.8850 mm): Pad 2 [COL_R_16] of D660 on F.Cu
    @(34.2850 mm, 54.0850 mm): Pad 2 [COL_R_16] of D688 on F.Cu
[unconnected_items]: Missing connection between items
    Local override; error
    @(34.2850 mm, 54.0850 mm): Pad 2 [COL_R_16] of D688 on F.Cu
    @(34.2850 mm, 56.2850 mm): Pad 2 [COL_R_16] of D716 on F.Cu
[unconnected_items]: Missing connection between items
    Local override; error
    @(34.2850 mm, 56.2850 mm): Pad 2 [COL_R_16] of D716 on F.Cu
    @(34.2850 mm, 58.4850 mm): Pad 2 [COL_R_16] of D744 on F.Cu
[unconnected_items]: Missing connection between items
    Local override; error
    @(34.2850 mm, 58.4850 mm): Pad 2 [COL_R_16] of D744 on F.Cu
    @(34.2850 mm, 60.6850 mm): Pad 2 [COL_R_16] of D772 on F.Cu
[unconnected_items]: Missing connection between items
    Local override; error
    @(33.5150 mm, 1.2850 mm): Pad 3 [COL_G_16] of D16 on F.Cu
    @(33.5150 mm, 3.4850 mm): Pad 3 [COL_G_16] of D44 on F.Cu
[unconnected_items]: Missing connection between items
    Local override; error
    @(33.5150 mm, 3.4850 mm): Pad 3 [COL_G_16] of D44 on F.Cu
    @(33.5150 mm, 5.6850 mm): Pad 3 [COL_G_16] of D72 on F.Cu
[unconnected_items]: Missing connection between items
    Local override; error
    @(33.5150 mm, 5.6850 mm): Pad 3 [COL_G_16] of D72 on F.Cu
    @(33.5150 mm, 7.8850 mm): Pad 3 [COL_G_16] of D100 on F.Cu
[unconnected_items]: Missing connection between items
    Local override; error
    @(33.5150 mm, 7.8850 mm): Pad 3 [COL_G_16] of D100 on F.Cu
    @(33.5150 mm, 10.0850 mm): Pad 3 [COL_G_16] of D128 on F.Cu
[unconnected_items]: Missing connection between items
    Local override; error
    @(33.5150 mm, 10.0850 mm): Pad 3 [COL_G_16] of D128 on F.Cu
    @(33.5150 mm, 12.2850 mm): Pad 3 [COL_G_16] of D156 on F.Cu
[unconnected_items]: Missing connection between items
    Local override; error
    @(33.5150 mm, 12.2850 mm): Pad 3 [COL_G_16] of D156 on F.Cu
    @(33.5150 mm, 14.4850 mm): Pad 3 [COL_G_16] of D184 on F.Cu
[unconnected_items]: Missing connection between items
    Local override; error
    @(33.5150 mm, 14.4850 mm): Pad 3 [COL_G_16] of D184 on F.Cu
    @(33.5150 mm, 16.6850 mm): Pad 3 [COL_G_16] of D212 on F.Cu
[unconnected_items]: Missing connection between items
    Local override; error
    @(33.5150 mm, 16.6850 mm): Pad 3 [COL_G_16] of D212 on F.Cu
    @(33.5150 mm, 18.8850 mm): Pad 3 [COL_G_16] of D240 on F.Cu
[unconnected_items]: Missing connection between items
    Local override; error
    @(33.5150 mm, 18.8850 mm): Pad 3 [COL_G_16] of D240 on F.Cu
    @(33.5150 mm, 21.0850 mm): Pad 3 [COL_G_16] of D268 on F.Cu
[unconnected_items]: Missing connection between items
    Local override; error
    @(33.5150 mm, 21.0850 mm): Pad 3 [COL_G_16] of D268 on F.Cu
    @(33.5150 mm, 23.2850 mm): Pad 3 [COL_G_16] of D296 on F.Cu
[unconnected_items]: Missing connection between items
    Local override; error
    @(33.5150 mm, 23.2850 mm): Pad 3 [COL_G_16] of D296 on F.Cu
    @(33.5150 mm, 25.4850 mm): Pad 3 [COL_G_16] of D324 on F.Cu
[unconnected_items]: Missing connection between items
    Local override; error
    @(33.5150 mm, 25.4850 mm): Pad 3 [COL_G_16] of D324 on F.Cu
    @(33.5150 mm, 27.6850 mm): Pad 3 [COL_G_16] of D352 on F.Cu
[unconnected_items]: Missing connection between items
    Local override; error
    @(33.5150 mm, 27.6850 mm): Pad 3 [COL_G_16] of D352 on F.Cu
    @(33.5150 mm, 29.8850 mm): Pad 3 [COL_G_16] of D380 on F.Cu
[unconnected_items]: Missing connection between items
    Local override; error
    @(33.5150 mm, 29.8850 mm): Pad 3 [COL_G_16] of D380 on F.Cu
    @(33.5150 mm, 32.0850 mm): Pad 3 [COL_G_16] of D408 on F.Cu
[unconnected_items]: Missing connection between items
    Local override; error
    @(33.5150 mm, 32.0850 mm): Pad 3 [COL_G_16] of D408 on F.Cu
    @(33.5150 mm, 34.2850 mm): Pad 3 [COL_G_16] of D436 on F.Cu
[unconnected_items]: Missing connection between items
    Local override; error
    @(33.5150 mm, 34.2850 mm): Pad 3 [COL_G_16] of D436 on F.Cu
    @(33.5150 mm, 36.4850 mm): Pad 3 [COL_G_16] of D464 on F.Cu
[unconnected_items]: Missing connection between items
    Local override; error
    @(33.5150 mm, 36.4850 mm): Pad 3 [COL_G_16] of D464 on F.Cu
    @(33.5150 mm, 38.6850 mm): Pad 3 [COL_G_16] of D492 on F.Cu
[unconnected_items]: Missing connection between items
    Local override; error
    @(33.5150 mm, 38.6850 mm): Pad 3 [COL_G_16] of D492 on F.Cu
    @(33.5150 mm, 40.8850 mm): Pad 3 [COL_G_16] of D520 on F.Cu
[unconnected_items]: Missing connection between items
    Local override; error
    @(33.5150 mm, 40.8850 mm): Pad 3 [COL_G_16] of D520 on F.Cu
    @(33.5150 mm, 43.0850 mm): Pad 3 [COL_G_16] of D548 on F.Cu
[unconnected_items]: Missing connection between items
    Local override; error
    @(33.5150 mm, 43.0850 mm): Pad 3 [COL_G_16] of D548 on F.Cu
    @(33.5150 mm, 45.2850 mm): Pad 3 [COL_G_16] of D576 on F.Cu
[unconnected_items]: Missing connection between items
    Local override; error
    @(33.5150 mm, 45.2850 mm): Pad 3 [COL_G_16] of D576 on F.Cu
    @(33.5150 mm, 47.4850 mm): Pad 3 [COL_G_16] of D604 on F.Cu
[unconnected_items]: Missing connection between items
    Local override; error
    @(33.5150 mm, 47.4850 mm): Pad 3 [COL_G_16] of D604 on F.Cu
    @(33.5150 mm, 49.6850 mm): Pad 3 [COL_G_16] of D632 on F.Cu
[unconnected_items]: Missing connection between items
    Local override; error
    @(33.5150 mm, 49.6850 mm): Pad 3 [COL_G_16] of D632 on F.Cu
    @(33.5150 mm, 51.8850 mm): Pad 3 [COL_G_16] of D660 on F.Cu
[unconnected_items]: Missing connection between items
    Local override; error
    @(33.5150 mm, 51.8850 mm): Pad 3 [COL_G_16] of D660 on F.Cu
    @(33.5150 mm, 54.0850 mm): Pad 3 [COL_G_16] of D688 on F.Cu
[unconnected_items]: Missing connection between items
    Local override; error
    @(33.5150 mm, 54.0850 mm): Pad 3 [COL_G_16] of D688 on F.Cu
    @(33.5150 mm, 56.2850 mm): Pad 3 [COL_G_16] of D716 on F.Cu
[unconnected_items]: Missing connection between items
    Local override; error
    @(33.5150 mm, 56.2850 mm): Pad 3 [COL_G_16] of D716 on F.Cu
    @(33.5150 mm, 58.4850 mm): Pad 3 [COL_G_16] of D744 on F.Cu
[unconnected_items]: Missing connection between items
    Local override; error
    @(33.5150 mm, 58.4850 mm): Pad 3 [COL_G_16] of D744 on F.Cu
    @(33.5150 mm, 60.6850 mm): Pad 3 [COL_G_16] of D772 on F.Cu
[unconnected_items]: Missing connection between items
    Local override; error
    @(33.5150 mm, 0.5150 mm): Pad 4 [COL_B_16] of D16 on F.Cu
    @(33.5150 mm, 2.7150 mm): Pad 4 [COL_B_16] of D44 on F.Cu
[unconnected_items]: Missing connection between items
    Local override; error
    @(33.5150 mm, 2.7150 mm): Pad 4 [COL_B_16] of D44 on F.Cu
    @(33.5150 mm, 4.9150 mm): Pad 4 [COL_B_16] of D72 on F.Cu
[unconnected_items]: Missing connection between items
    Local override; error
    @(33.5150 mm, 4.9150 mm): Pad 4 [COL_B_16] of D72 on F.Cu
    @(33.5150 mm, 7.1150 mm): Pad 4 [COL_B_16] of D100 on F.Cu
[unconnected_items]: Missing connection between items
    Local override; error
    @(33.5150 mm, 7.1150 mm): Pad 4 [COL_B_16] of D100 on F.Cu
    @(33.5150 mm, 9.3150 mm): Pad 4 [COL_B_16] of D128 on F.Cu
[unconnected_items]: Missing connection between items
    Local override; error
    @(33.5150 mm, 9.3150 mm): Pad 4 [COL_B_16] of D128 on F.Cu
    @(33.5150 mm, 11.5150 mm): Pad 4 [COL_B_16] of D156 on F.Cu
[unconnected_items]: Missing connection between items
    Local override; error
    @(33.5150 mm, 11.5150 mm): Pad 4 [COL_B_16] of D156 on F.Cu
    @(33.5150 mm, 13.7150 mm): Pad 4 [COL_B_16] of D184 on F.Cu
[unconnected_items]: Missing connection between items
    Local override; error
    @(33.5150 mm, 13.7150 mm): Pad 4 [COL_B_16] of D184 on F.Cu
    @(33.5150 mm, 15.9150 mm): Pad 4 [COL_B_16] of D212 on F.Cu
[unconnected_items]: Missing connection between items
    Local override; error
    @(33.5150 mm, 15.9150 mm): Pad 4 [COL_B_16] of D212 on F.Cu
    @(33.5150 mm, 18.1150 mm): Pad 4 [COL_B_16] of D240 on F.Cu
[unconnected_items]: Missing connection between items
    Local override; error
    @(33.5150 mm, 18.1150 mm): Pad 4 [COL_B_16] of D240 on F.Cu
    @(33.5150 mm, 20.3150 mm): Pad 4 [COL_B_16] of D268 on F.Cu
[unconnected_items]: Missing connection between items
    Local override; error
    @(33.5150 mm, 20.3150 mm): Pad 4 [COL_B_16] of D268 on F.Cu
    @(33.5150 mm, 22.5150 mm): Pad 4 [COL_B_16] of D296 on F.Cu
[unconnected_items]: Missing connection between items
    Local override; error
    @(33.5150 mm, 22.5150 mm): Pad 4 [COL_B_16] of D296 on F.Cu
    @(33.5150 mm, 24.7150 mm): Pad 4 [COL_B_16] of D324 on F.Cu
[unconnected_items]: Missing connection between items
    Local override; error
    @(33.5150 mm, 24.7150 mm): Pad 4 [COL_B_16] of D324 on F.Cu
    @(33.5150 mm, 26.9150 mm): Pad 4 [COL_B_16] of D352 on F.Cu
[unconnected_items]: Missing connection between items
    Local override; error
    @(33.5150 mm, 26.9150 mm): Pad 4 [COL_B_16] of D352 on F.Cu
    @(33.5150 mm, 29.1150 mm): Pad 4 [COL_B_16] of D380 on F.Cu
[unconnected_items]: Missing connection between items
    Local override; error
    @(33.5150 mm, 29.1150 mm): Pad 4 [COL_B_16] of D380 on F.Cu
    @(33.5150 mm, 31.3150 mm): Pad 4 [COL_B_16] of D408 on F.Cu
[unconnected_items]: Missing connection between items
    Local override; error
    @(33.5150 mm, 31.3150 mm): Pad 4 [COL_B_16] of D408 on F.Cu
    @(33.5150 mm, 33.5150 mm): Pad 4 [COL_B_16] of D436 on F.Cu
[unconnected_items]: Missing connection between items
    Local override; error
    @(33.5150 mm, 33.5150 mm): Pad 4 [COL_B_16] of D436 on F.Cu
    @(33.5150 mm, 35.7150 mm): Pad 4 [COL_B_16] of D464 on F.Cu
[unconnected_items]: Missing connection between items
    Local override; error
    @(33.5150 mm, 35.7150 mm): Pad 4 [COL_B_16] of D464 on F.Cu
    @(33.5150 mm, 37.9150 mm): Pad 4 [COL_B_16] of D492 on F.Cu
[unconnected_items]: Missing connection between items
    Local override; error
    @(33.5150 mm, 37.9150 mm): Pad 4 [COL_B_16] of D492 on F.Cu
    @(33.5150 mm, 40.1150 mm): Pad 4 [COL_B_16] of D520 on F.Cu
[unconnected_items]: Missing connection between items
    Local override; error
    @(33.5150 mm, 40.1150 mm): Pad 4 [COL_B_16] of D520 on F.Cu
    @(33.5150 mm, 42.3150 mm): Pad 4 [COL_B_16] of D548 on F.Cu
[unconnected_items]: Missing connection between items
    Local override; error
    @(33.5150 mm, 42.3150 mm): Pad 4 [COL_B_16] of D548 on F.Cu
    @(33.5150 mm, 44.5150 mm): Pad 4 [COL_B_16] of D576 on F.Cu
[unconnected_items]: Missing connection between items
    Local override; error
    @(33.5150 mm, 44.5150 mm): Pad 4 [COL_B_16] of D576 on F.Cu
    @(33.5150 mm, 46.7150 mm): Pad 4 [COL_B_16] of D604 on F.Cu
[unconnected_items]: Missing connection between items
    Local override; error
    @(33.5150 mm, 46.7150 mm): Pad 4 [COL_B_16] of D604 on F.Cu
    @(33.5150 mm, 48.9150 mm): Pad 4 [COL_B_16] of D632 on F.Cu
[unconnected_items]: Missing connection between items
    Local override; error
    @(33.5150 mm, 48.9150 mm): Pad 4 [COL_B_16] of D632 on F.Cu
    @(33.5150 mm, 51.1150 mm): Pad 4 [COL_B_16] of D660 on F.Cu
[unconnected_items]: Missing connection between items
    Local override; error
    @(33.5150 mm, 51.1150 mm): Pad 4 [COL_B_16] of D660 on F.Cu
    @(33.5150 mm, 53.3150 mm): Pad 4 [COL_B_16] of D688 on F.Cu
[unconnected_items]: Missing connection between items
    Local override; error
    @(33.5150 mm, 53.3150 mm): Pad 4 [COL_B_16] of D688 on F.Cu
    @(33.5150 mm, 55.5150 mm): Pad 4 [COL_B_16] of D716 on F.Cu
[unconnected_items]: Missing connection between items
    Local override; error
    @(33.5150 mm, 55.5150 mm): Pad 4 [COL_B_16] of D716 on F.Cu
    @(33.5150 mm, 57.7150 mm): Pad 4 [COL_B_16] of D744 on F.Cu
[unconnected_items]: Missing connection between items
    Local override; error
    @(33.5150 mm, 57.7150 mm): Pad 4 [COL_B_16] of D744 on F.Cu
    @(33.5150 mm, 59.9150 mm): Pad 4 [COL_B_16] of D772 on F.Cu
[unconnected_items]: Missing connection between items
    Local override; error
    @(1.2850 mm, 22.5150 mm): Pad 1 [ROW_11_ANODE] of D281 on F.Cu
    @(3.4850 mm, 22.5150 mm): Pad 1 [ROW_11_ANODE] of D282 on F.Cu
[unconnected_items]: Missing connection between items
    Local override; error
    @(3.4850 mm, 22.5150 mm): Pad 1 [ROW_11_ANODE] of D282 on F.Cu
    @(5.6850 mm, 22.5150 mm): Pad 1 [ROW_11_ANODE] of D283 on F.Cu
[unconnected_items]: Missing connection between items
    Local override; error
    @(5.6850 mm, 22.5150 mm): Pad 1 [ROW_11_ANODE] of D283 on F.Cu
    @(7.8850 mm, 22.5150 mm): Pad 1 [ROW_11_ANODE] of D284 on F.Cu
[unconnected_items]: Missing connection between items
    Local override; error
    @(7.8850 mm, 22.5150 mm): Pad 1 [ROW_11_ANODE] of D284 on F.Cu
    @(10.0850 mm, 22.5150 mm): Pad 1 [ROW_11_ANODE] of D285 on F.Cu
[unconnected_items]: Missing connection between items
    Local override; error
    @(10.0850 mm, 22.5150 mm): Pad 1 [ROW_11_ANODE] of D285 on F.Cu
    @(12.2850 mm, 22.5150 mm): Pad 1 [ROW_11_ANODE] of D286 on F.Cu
[unconnected_items]: Missing connection between items
    Local override; error
    @(12.2850 mm, 22.5150 mm): Pad 1 [ROW_11_ANODE] of D286 on F.Cu
    @(14.4850 mm, 22.5150 mm): Pad 1 [ROW_11_ANODE] of D287 on F.Cu
[unconnected_items]: Missing connection between items
    Local override; error
    @(14.4850 mm, 22.5150 mm): Pad 1 [ROW_11_ANODE] of D287 on F.Cu
    @(16.6850 mm, 22.5150 mm): Pad 1 [ROW_11_ANODE] of D288 on F.Cu
[unconnected_items]: Missing connection between items
    Local override; error
    @(16.6850 mm, 22.5150 mm): Pad 1 [ROW_11_ANODE] of D288 on F.Cu
    @(18.8850 mm, 22.5150 mm): Pad 1 [ROW_11_ANODE] of D289 on F.Cu
[unconnected_items]: Missing connection between items
    Local override; error
    @(18.8850 mm, 22.5150 mm): Pad 1 [ROW_11_ANODE] of D289 on F.Cu
    @(21.0850 mm, 22.5150 mm): Pad 1 [ROW_11_ANODE] of D290 on F.Cu
[unconnected_items]: Missing connection between items
    Local override; error
    @(21.0850 mm, 22.5150 mm): Pad 1 [ROW_11_ANODE] of D290 on F.Cu
    @(23.2850 mm, 22.5150 mm): Pad 1 [ROW_11_ANODE] of D291 on F.Cu
[unconnected_items]: Missing connection between items
    Local override; error
    @(23.2850 mm, 22.5150 mm): Pad 1 [ROW_11_ANODE] of D291 on F.Cu
    @(25.4850 mm, 22.5150 mm): Pad 1 [ROW_11_ANODE] of D292 on F.Cu
[unconnected_items]: Missing connection between items
    Local override; error
    @(25.4850 mm, 22.5150 mm): Pad 1 [ROW_11_ANODE] of D292 on F.Cu
    @(27.6850 mm, 22.5150 mm): Pad 1 [ROW_11_ANODE] of D293 on F.Cu
[unconnected_items]: Missing connection between items
    Local override; error
    @(27.6850 mm, 22.5150 mm): Pad 1 [ROW_11_ANODE] of D293 on F.Cu
    @(29.8850 mm, 22.5150 mm): Pad 1 [ROW_11_ANODE] of D294 on F.Cu
[unconnected_items]: Missing connection between items
    Local override; error
    @(29.8850 mm, 22.5150 mm): Pad 1 [ROW_11_ANODE] of D294 on F.Cu
    @(32.0850 mm, 22.5150 mm): Pad 1 [ROW_11_ANODE] of D295 on F.Cu
[unconnected_items]: Missing connection between items
    Local override; error
    @(32.0850 mm, 22.5150 mm): Pad 1 [ROW_11_ANODE] of D295 on F.Cu
    @(34.2850 mm, 22.5150 mm): Pad 1 [ROW_11_ANODE] of D296 on F.Cu
[unconnected_items]: Missing connection between items
    Local override; error
    @(34.2850 mm, 22.5150 mm): Pad 1 [ROW_11_ANODE] of D296 on F.Cu
    @(36.4850 mm, 22.5150 mm): Pad 1 [ROW_11_ANODE] of D297 on F.Cu
[unconnected_items]: Missing connection between items
    Local override; error
    @(36.4850 mm, 22.5150 mm): Pad 1 [ROW_11_ANODE] of D297 on F.Cu
    @(38.6850 mm, 22.5150 mm): Pad 1 [ROW_11_ANODE] of D298 on F.Cu
[unconnected_items]: Missing connection between items
    Local override; error
    @(38.6850 mm, 22.5150 mm): Pad 1 [ROW_11_ANODE] of D298 on F.Cu
    @(40.8850 mm, 22.5150 mm): Pad 1 [ROW_11_ANODE] of D299 on F.Cu
[unconnected_items]: Missing connection between items
    Local override; error
    @(40.8850 mm, 22.5150 mm): Pad 1 [ROW_11_ANODE] of D299 on F.Cu
    @(43.0850 mm, 22.5150 mm): Pad 1 [ROW_11_ANODE] of D300 on F.Cu
[unconnected_items]: Missing connection between items
    Local override; error
    @(43.0850 mm, 22.5150 mm): Pad 1 [ROW_11_ANODE] of D300 on F.Cu
    @(45.2850 mm, 22.5150 mm): Pad 1 [ROW_11_ANODE] of D301 on F.Cu
[unconnected_items]: Missing connection between items
    Local override; error
    @(45.2850 mm, 22.5150 mm): Pad 1 [ROW_11_ANODE] of D301 on F.Cu
    @(47.4850 mm, 22.5150 mm): Pad 1 [ROW_11_ANODE] of D302 on F.Cu
[unconnected_items]: Missing connection between items
    Local override; error
    @(47.4850 mm, 22.5150 mm): Pad 1 [ROW_11_ANODE] of D302 on F.Cu
    @(49.6850 mm, 22.5150 mm): Pad 1 [ROW_11_ANODE] of D303 on F.Cu
[unconnected_items]: Missing connection between items
    Local override; error
    @(49.6850 mm, 22.5150 mm): Pad 1 [ROW_11_ANODE] of D303 on F.Cu
    @(51.8850 mm, 22.5150 mm): Pad 1 [ROW_11_ANODE] of D304 on F.Cu
[unconnected_items]: Missing connection between items
    Local override; error
    @(51.8850 mm, 22.5150 mm): Pad 1 [ROW_11_ANODE] of D304 on F.Cu
    @(54.0850 mm, 22.5150 mm): Pad 1 [ROW_11_ANODE] of D305 on F.Cu
[unconnected_items]: Missing connection between items
    Local override; error
    @(54.0850 mm, 22.5150 mm): Pad 1 [ROW_11_ANODE] of D305 on F.Cu
    @(56.2850 mm, 22.5150 mm): Pad 1 [ROW_11_ANODE] of D306 on F.Cu
[unconnected_items]: Missing connection between items
    Local override; error
    @(56.2850 mm, 22.5150 mm): Pad 1 [ROW_11_ANODE] of D306 on F.Cu
    @(58.4850 mm, 22.5150 mm): Pad 1 [ROW_11_ANODE] of D307 on F.Cu
[unconnected_items]: Missing connection between items
    Local override; error
    @(58.4850 mm, 22.5150 mm): Pad 1 [ROW_11_ANODE] of D307 on F.Cu
    @(60.6850 mm, 22.5150 mm): Pad 1 [ROW_11_ANODE] of D308 on F.Cu
[unconnected_items]: Missing connection between items
    Local override; error
    @(54.0850 mm, 1.2850 mm): Pad 2 [COL_R_25] of D25 on F.Cu
    @(54.0850 mm, 3.4850 mm): Pad 2 [COL_R_25] of D53 on F.Cu
[unconnected_items]: Missing connection between items
    Local override; error
    @(54.0850 mm, 3.4850 mm): Pad 2 [COL_R_25] of D53 on F.Cu
    @(54.0850 mm, 5.6850 mm): Pad 2 [COL_R_25] of D81 on F.Cu
[unconnected_items]: Missing connection between items
    Local override; error
    @(54.0850 mm, 5.6850 mm): Pad 2 [COL_R_25] of D81 on F.Cu
    @(54.0850 mm, 7.8850 mm): Pad 2 [COL_R_25] of D109 on F.Cu
[unconnected_items]: Missing connection between items
    Local override; error
    @(54.0850 mm, 7.8850 mm): Pad 2 [COL_R_25] of D109 on F.Cu
    @(54.0850 mm, 10.0850 mm): Pad 2 [COL_R_25] of D137 on F.Cu
[unconnected_items]: Missing connection between items
    Local override; error
    @(54.0850 mm, 10.0850 mm): Pad 2 [COL_R_25] of D137 on F.Cu
    @(54.0850 mm, 12.2850 mm): Pad 2 [COL_R_25] of D165 on F.Cu
[unconnected_items]: Missing connection between items
    Local override; error
    @(54.0850 mm, 12.2850 mm): Pad 2 [COL_R_25] of D165 on F.Cu
    @(54.0850 mm, 14.4850 mm): Pad 2 [COL_R_25] of D193 on F.Cu
[unconnected_items]: Missing connection between items
    Local override; error
    @(54.0850 mm, 14.4850 mm): Pad 2 [COL_R_25] of D193 on F.Cu
    @(54.0850 mm, 16.6850 mm): Pad 2 [COL_R_25] of D221 on F.Cu
[unconnected_items]: Missing connection between items
    Local override; error
    @(54.0850 mm, 16.6850 mm): Pad 2 [COL_R_25] of D221 on F.Cu
    @(54.0850 mm, 18.8850 mm): Pad 2 [COL_R_25] of D249 on F.Cu
[unconnected_items]: Missing connection between items
    Local override; error
    @(54.0850 mm, 18.8850 mm): Pad 2 [COL_R_25] of D249 on F.Cu
    @(54.0850 mm, 21.0850 mm): Pad 2 [COL_R_25] of D277 on F.Cu
[unconnected_items]: Missing connection between items
    Local override; error
    @(54.0850 mm, 21.0850 mm): Pad 2 [COL_R_25] of D277 on F.Cu
    @(54.0850 mm, 23.2850 mm): Pad 2 [COL_R_25] of D305 on F.Cu
[unconnected_items]: Missing connection between items
    Local override; error
    @(54.0850 mm, 23.2850 mm): Pad 2 [COL_R_25] of D305 on F.Cu
    @(54.0850 mm, 25.4850 mm): Pad 2 [COL_R_25] of D333 on F.Cu
[unconnected_items]: Missing connection between items
    Local override; error
    @(54.0850 mm, 25.4850 mm): Pad 2 [COL_R_25] of D333 on F.Cu
    @(54.0850 mm, 27.6850 mm): Pad 2 [COL_R_25] of D361 on F.Cu
[unconnected_items]: Missing connection between items
    Local override; error
    @(54.0850 mm, 27.6850 mm): Pad 2 [COL_R_25] of D361 on F.Cu
    @(54.0850 mm, 29.8850 mm): Pad 2 [COL_R_25] of D389 on F.Cu
[unconnected_items]: Missing connection between items
    Local override; error
    @(54.0850 mm, 29.8850 mm): Pad 2 [COL_R_25] of D389 on F.Cu
    @(54.0850 mm, 32.0850 mm): Pad 2 [COL_R_25] of D417 on F.Cu
[unconnected_items]: Missing connection between items
    Local override; error
    @(54.0850 mm, 32.0850 mm): Pad 2 [COL_R_25] of D417 on F.Cu
    @(54.0850 mm, 34.2850 mm): Pad 2 [COL_R_25] of D445 on F.Cu
[unconnected_items]: Missing connection between items
    Local override; error
    @(54.0850 mm, 34.2850 mm): Pad 2 [COL_R_25] of D445 on F.Cu
    @(54.0850 mm, 36.4850 mm): Pad 2 [COL_R_25] of D473 on F.Cu
[unconnected_items]: Missing connection between items
    Local override; error
    @(54.0850 mm, 36.4850 mm): Pad 2 [COL_R_25] of D473 on F.Cu
    @(54.0850 mm, 38.6850 mm): Pad 2 [COL_R_25] of D501 on F.Cu
[unconnected_items]: Missing connection between items
    Local override; error
    @(54.0850 mm, 38.6850 mm): Pad 2 [COL_R_25] of D501 on F.Cu
    @(54.0850 mm, 40.8850 mm): Pad 2 [COL_R_25] of D529 on F.Cu
[unconnected_items]: Missing connection between items
    Local override; error
    @(54.0850 mm, 40.8850 mm): Pad 2 [COL_R_25] of D529 on F.Cu
    @(54.0850 mm, 43.0850 mm): Pad 2 [COL_R_25] of D557 on F.Cu
[unconnected_items]: Missing connection between items
    Local override; error
    @(54.0850 mm, 43.0850 mm): Pad 2 [COL_R_25] of D557 on F.Cu
    @(54.0850 mm, 45.2850 mm): Pad 2 [COL_R_25] of D585 on F.Cu
[unconnected_items]: Missing connection between items
    Local override; error
    @(54.0850 mm, 45.2850 mm): Pad 2 [COL_R_25] of D585 on F.Cu
    @(54.0850 mm, 47.4850 mm): Pad 2 [COL_R_25] of D613 on F.Cu
[unconnected_items]: Missing connection between items
    Local override; error
    @(54.0850 mm, 47.4850 mm): Pad 2 [COL_R_25] of D613 on F.Cu
    @(54.0850 mm, 49.6850 mm): Pad 2 [COL_R_25] of D641 on F.Cu
[unconnected_items]: Missing connection between items
    Local override; error
    @(54.0850 mm, 49.6850 mm): Pad 2 [COL_R_25] of D641 on F.Cu
    @(54.0850 mm, 51.8850 mm): Pad 2 [COL_R_25] of D669 on F.Cu
[unconnected_items]: Missing connection between items
    Local override; error
    @(54.0850 mm, 51.8850 mm): Pad 2 [COL_R_25] of D669 on F.Cu
    @(54.0850 mm, 54.0850 mm): Pad 2 [COL_R_25] of D697 on F.Cu
[unconnected_items]: Missing connection between items
    Local override; error
    @(54.0850 mm, 54.0850 mm): Pad 2 [COL_R_25] of D697 on F.Cu
    @(54.0850 mm, 56.2850 mm): Pad 2 [COL_R_25] of D725 on F.Cu
[unconnected_items]: Missing connection between items
    Local override; error
    @(54.0850 mm, 56.2850 mm): Pad 2 [COL_R_25] of D725 on F.Cu
    @(54.0850 mm, 58.4850 mm): Pad 2 [COL_R_25] of D753 on F.Cu
[unconnected_items]: Missing connection between items
    Local override; error
    @(54.0850 mm, 58.4850 mm): Pad 2 [COL_R_25] of D753 on F.Cu
    @(54.0850 mm, 60.6850 mm): Pad 2 [COL_R_25] of D781 on F.Cu
[unconnected_items]: Missing connection between items
    Local override; error
    @(53.3150 mm, 1.2850 mm): Pad 3 [COL_G_25] of D25 on F.Cu
    @(53.3150 mm, 3.4850 mm): Pad 3 [COL_G_25] of D53 on F.Cu
[unconnected_items]: Missing connection between items
    Local override; error
    @(53.3150 mm, 3.4850 mm): Pad 3 [COL_G_25] of D53 on F.Cu
    @(53.3150 mm, 5.6850 mm): Pad 3 [COL_G_25] of D81 on F.Cu
[unconnected_items]: Missing connection between items
    Local override; error
    @(53.3150 mm, 5.6850 mm): Pad 3 [COL_G_25] of D81 on F.Cu
    @(53.3150 mm, 7.8850 mm): Pad 3 [COL_G_25] of D109 on F.Cu
[unconnected_items]: Missing connection between items
    Local override; error
    @(53.3150 mm, 7.8850 mm): Pad 3 [COL_G_25] of D109 on F.Cu
    @(53.3150 mm, 10.0850 mm): Pad 3 [COL_G_25] of D137 on F.Cu
[unconnected_items]: Missing connection between items
    Local override; error
    @(53.3150 mm, 10.0850 mm): Pad 3 [COL_G_25] of D137 on F.Cu
    @(53.3150 mm, 12.2850 mm): Pad 3 [COL_G_25] of D165 on F.Cu
[unconnected_items]: Missing connection between items
    Local override; error
    @(53.3150 mm, 12.2850 mm): Pad 3 [COL_G_25] of D165 on F.Cu
    @(53.3150 mm, 14.4850 mm): Pad 3 [COL_G_25] of D193 on F.Cu
[unconnected_items]: Missing connection between items
    Local override; error
    @(53.3150 mm, 14.4850 mm): Pad 3 [COL_G_25] of D193 on F.Cu
    @(53.3150 mm, 16.6850 mm): Pad 3 [COL_G_25] of D221 on F.Cu
[unconnected_items]: Missing connection between items
    Local override; error
    @(53.3150 mm, 16.6850 mm): Pad 3 [COL_G_25] of D221 on F.Cu
    @(53.3150 mm, 18.8850 mm): Pad 3 [COL_G_25] of D249 on F.Cu
[unconnected_items]: Missing connection between items
    Local override; error
    @(53.3150 mm, 18.8850 mm): Pad 3 [COL_G_25] of D249 on F.Cu
    @(53.3150 mm, 21.0850 mm): Pad 3 [COL_G_25] of D277 on F.Cu
[unconnected_items]: Missing connection between items
    Local override; error
    @(53.3150 mm, 21.0850 mm): Pad 3 [COL_G_25] of D277 on F.Cu
    @(53.3150 mm, 23.2850 mm): Pad 3 [COL_G_25] of D305 on F.Cu
[unconnected_items]: Missing connection between items
    Local override; error
    @(53.3150 mm, 23.2850 mm): Pad 3 [COL_G_25] of D305 on F.Cu
    @(53.3150 mm, 25.4850 mm): Pad 3 [COL_G_25] of D333 on F.Cu
[unconnected_items]: Missing connection between items
    Local override; error
    @(53.3150 mm, 25.4850 mm): Pad 3 [COL_G_25] of D333 on F.Cu
    @(53.3150 mm, 27.6850 mm): Pad 3 [COL_G_25] of D361 on F.Cu
[unconnected_items]: Missing connection between items
    Local override; error
    @(53.3150 mm, 27.6850 mm): Pad 3 [COL_G_25] of D361 on F.Cu
    @(53.3150 mm, 29.8850 mm): Pad 3 [COL_G_25] of D389 on F.Cu
[unconnected_items]: Missing connection between items
    Local override; error
    @(53.3150 mm, 29.8850 mm): Pad 3 [COL_G_25] of D389 on F.Cu
    @(53.3150 mm, 32.0850 mm): Pad 3 [COL_G_25] of D417 on F.Cu
[unconnected_items]: Missing connection between items
    Local override; error
    @(53.3150 mm, 32.0850 mm): Pad 3 [COL_G_25] of D417 on F.Cu
    @(53.3150 mm, 34.2850 mm): Pad 3 [COL_G_25] of D445 on F.Cu
[unconnected_items]: Missing connection between items
    Local override; error
    @(53.3150 mm, 34.2850 mm): Pad 3 [COL_G_25] of D445 on F.Cu
    @(53.3150 mm, 36.4850 mm): Pad 3 [COL_G_25] of D473 on F.Cu
[unconnected_items]: Missing connection between items
    Local override; error
    @(53.3150 mm, 36.4850 mm): Pad 3 [COL_G_25] of D473 on F.Cu
    @(53.3150 mm, 38.6850 mm): Pad 3 [COL_G_25] of D501 on F.Cu
[unconnected_items]: Missing connection between items
    Local override; error
    @(53.3150 mm, 38.6850 mm): Pad 3 [COL_G_25] of D501 on F.Cu
    @(53.3150 mm, 40.8850 mm): Pad 3 [COL_G_25] of D529 on F.Cu
[unconnected_items]: Missing connection between items
    Local override; error
    @(53.3150 mm, 40.8850 mm): Pad 3 [COL_G_25] of D529 on F.Cu
    @(53.3150 mm, 43.0850 mm): Pad 3 [COL_G_25] of D557 on F.Cu
[unconnected_items]: Missing connection between items
    Local override; error
    @(53.3150 mm, 43.0850 mm): Pad 3 [COL_G_25] of D557 on F.Cu
    @(53.3150 mm, 45.2850 mm): Pad 3 [COL_G_25] of D585 on F.Cu
[unconnected_items]: Missing connection between items
    Local override; error
    @(53.3150 mm, 45.2850 mm): Pad 3 [COL_G_25] of D585 on F.Cu
    @(53.3150 mm, 47.4850 mm): Pad 3 [COL_G_25] of D613 on F.Cu
[unconnected_items]: Missing connection between items
    Local override; error
    @(53.3150 mm, 47.4850 mm): Pad 3 [COL_G_25] of D613 on F.Cu
    @(53.3150 mm, 49.6850 mm): Pad 3 [COL_G_25] of D641 on F.Cu
[unconnected_items]: Missing connection between items
    Local override; error
    @(53.3150 mm, 49.6850 mm): Pad 3 [COL_G_25] of D641 on F.Cu
    @(53.3150 mm, 51.8850 mm): Pad 3 [COL_G_25] of D669 on F.Cu
[unconnected_items]: Missing connection between items
    Local override; error
    @(53.3150 mm, 51.8850 mm): Pad 3 [COL_G_25] of D669 on F.Cu
    @(53.3150 mm, 54.0850 mm): Pad 3 [COL_G_25] of D697 on F.Cu
[unconnected_items]: Missing connection between items
    Local override; error
    @(53.3150 mm, 54.0850 mm): Pad 3 [COL_G_25] of D697 on F.Cu
    @(53.3150 mm, 56.2850 mm): Pad 3 [COL_G_25] of D725 on F.Cu
[unconnected_items]: Missing connection between items
    Local override; error
    @(53.3150 mm, 56.2850 mm): Pad 3 [COL_G_25] of D725 on F.Cu
    @(53.3150 mm, 58.4850 mm): Pad 3 [COL_G_25] of D753 on F.Cu
[unconnected_items]: Missing connection between items
    Local override; error
    @(53.3150 mm, 58.4850 mm): Pad 3 [COL_G_25] of D753 on F.Cu
    @(53.3150 mm, 60.6850 mm): Pad 3 [COL_G_25] of D781 on F.Cu
[unconnected_items]: Missing connection between items
    Local override; error
    @(53.3150 mm, 0.5150 mm): Pad 4 [COL_B_25] of D25 on F.Cu
    @(53.3150 mm, 2.7150 mm): Pad 4 [COL_B_25] of D53 on F.Cu
[unconnected_items]: Missing connection between items
    Local override; error
    @(53.3150 mm, 2.7150 mm): Pad 4 [COL_B_25] of D53 on F.Cu
    @(53.3150 mm, 4.9150 mm): Pad 4 [COL_B_25] of D81 on F.Cu
[unconnected_items]: Missing connection between items
    Local override; error
    @(53.3150 mm, 4.9150 mm): Pad 4 [COL_B_25] of D81 on F.Cu
    @(53.3150 mm, 7.1150 mm): Pad 4 [COL_B_25] of D109 on F.Cu
[unconnected_items]: Missing connection between items
    Local override; error
    @(53.3150 mm, 7.1150 mm): Pad 4 [COL_B_25] of D109 on F.Cu
    @(53.3150 mm, 9.3150 mm): Pad 4 [COL_B_25] of D137 on F.Cu
[unconnected_items]: Missing connection between items
    Local override; error
    @(53.3150 mm, 9.3150 mm): Pad 4 [COL_B_25] of D137 on F.Cu
    @(53.3150 mm, 11.5150 mm): Pad 4 [COL_B_25] of D165 on F.Cu
[unconnected_items]: Missing connection between items
    Local override; error
    @(53.3150 mm, 11.5150 mm): Pad 4 [COL_B_25] of D165 on F.Cu
    @(53.3150 mm, 13.7150 mm): Pad 4 [COL_B_25] of D193 on F.Cu
[unconnected_items]: Missing connection between items
    Local override; error
    @(53.3150 mm, 13.7150 mm): Pad 4 [COL_B_25] of D193 on F.Cu
    @(53.3150 mm, 15.9150 mm): Pad 4 [COL_B_25] of D221 on F.Cu
[unconnected_items]: Missing connection between items
    Local override; error
    @(53.3150 mm, 15.9150 mm): Pad 4 [COL_B_25] of D221 on F.Cu
    @(53.3150 mm, 18.1150 mm): Pad 4 [COL_B_25] of D249 on F.Cu
[unconnected_items]: Missing connection between items
    Local override; error
    @(53.3150 mm, 18.1150 mm): Pad 4 [COL_B_25] of D249 on F.Cu
    @(53.3150 mm, 20.3150 mm): Pad 4 [COL_B_25] of D277 on F.Cu
[unconnected_items]: Missing connection between items
    Local override; error
    @(53.3150 mm, 20.3150 mm): Pad 4 [COL_B_25] of D277 on F.Cu
    @(53.3150 mm, 22.5150 mm): Pad 4 [COL_B_25] of D305 on F.Cu
[unconnected_items]: Missing connection between items
    Local override; error
    @(53.3150 mm, 22.5150 mm): Pad 4 [COL_B_25] of D305 on F.Cu
    @(53.3150 mm, 24.7150 mm): Pad 4 [COL_B_25] of D333 on F.Cu
[unconnected_items]: Missing connection between items
    Local override; error
    @(53.3150 mm, 24.7150 mm): Pad 4 [COL_B_25] of D333 on F.Cu
    @(53.3150 mm, 26.9150 mm): Pad 4 [COL_B_25] of D361 on F.Cu
[unconnected_items]: Missing connection between items
    Local override; error
    @(53.3150 mm, 26.9150 mm): Pad 4 [COL_B_25] of D361 on F.Cu
    @(53.3150 mm, 29.1150 mm): Pad 4 [COL_B_25] of D389 on F.Cu
[unconnected_items]: Missing connection between items
    Local override; error
    @(53.3150 mm, 29.1150 mm): Pad 4 [COL_B_25] of D389 on F.Cu
    @(53.3150 mm, 31.3150 mm): Pad 4 [COL_B_25] of D417 on F.Cu
[unconnected_items]: Missing connection between items
    Local override; error
    @(53.3150 mm, 31.3150 mm): Pad 4 [COL_B_25] of D417 on F.Cu
    @(53.3150 mm, 33.5150 mm): Pad 4 [COL_B_25] of D445 on F.Cu
[unconnected_items]: Missing connection between items
    Local override; error
    @(53.3150 mm, 33.5150 mm): Pad 4 [COL_B_25] of D445 on F.Cu
    @(53.3150 mm, 35.7150 mm): Pad 4 [COL_B_25] of D473 on F.Cu
[unconnected_items]: Missing connection between items
    Local override; error
    @(53.3150 mm, 35.7150 mm): Pad 4 [COL_B_25] of D473 on F.Cu
    @(53.3150 mm, 37.9150 mm): Pad 4 [COL_B_25] of D501 on F.Cu
[unconnected_items]: Missing connection between items
    Local override; error
    @(53.3150 mm, 37.9150 mm): Pad 4 [COL_B_25] of D501 on F.Cu
    @(53.3150 mm, 40.1150 mm): Pad 4 [COL_B_25] of D529 on F.Cu
[unconnected_items]: Missing connection between items
    Local override; error
    @(53.3150 mm, 40.1150 mm): Pad 4 [COL_B_25] of D529 on F.Cu
    @(53.3150 mm, 42.3150 mm): Pad 4 [COL_B_25] of D557 on F.Cu
[unconnected_items]: Missing connection between items
    Local override; error
    @(53.3150 mm, 42.3150 mm): Pad 4 [COL_B_25] of D557 on F.Cu
    @(53.3150 mm, 44.5150 mm): Pad 4 [COL_B_25] of D585 on F.Cu
[unconnected_items]: Missing connection between items
    Local override; error
    @(53.3150 mm, 44.5150 mm): Pad 4 [COL_B_25] of D585 on F.Cu
    @(53.3150 mm, 46.7150 mm): Pad 4 [COL_B_25] of D613 on F.Cu
[unconnected_items]: Missing connection between items
    Local override; error
    @(53.3150 mm, 46.7150 mm): Pad 4 [COL_B_25] of D613 on F.Cu
    @(53.3150 mm, 48.9150 mm): Pad 4 [COL_B_25] of D641 on F.Cu
[unconnected_items]: Missing connection between items
    Local override; error
    @(53.3150 mm, 48.9150 mm): Pad 4 [COL_B_25] of D641 on F.Cu
    @(53.3150 mm, 51.1150 mm): Pad 4 [COL_B_25] of D669 on F.Cu
[unconnected_items]: Missing connection between items
    Local override; error
    @(53.3150 mm, 51.1150 mm): Pad 4 [COL_B_25] of D669 on F.Cu
    @(53.3150 mm, 53.3150 mm): Pad 4 [COL_B_25] of D697 on F.Cu
[unconnected_items]: Missing connection between items
    Local override; error
    @(53.3150 mm, 53.3150 mm): Pad 4 [COL_B_25] of D697 on F.Cu
    @(53.3150 mm, 55.5150 mm): Pad 4 [COL_B_25] of D725 on F.Cu
[unconnected_items]: Missing connection between items
    Local override; error
    @(53.3150 mm, 55.5150 mm): Pad 4 [COL_B_25] of D725 on F.Cu
    @(53.3150 mm, 57.7150 mm): Pad 4 [COL_B_25] of D753 on F.Cu
[unconnected_items]: Missing connection between items
    Local override; error
    @(53.3150 mm, 57.7150 mm): Pad 4 [COL_B_25] of D753 on F.Cu
    @(53.3150 mm, 59.9150 mm): Pad 4 [COL_B_25] of D781 on F.Cu
[unconnected_items]: Missing connection between items
    Local override; error
    @(3.4850 mm, 29.1150 mm): Track [ROW_14_ANODE] on F.Cu, length 0.5400 mm
    @(1.2850 mm, 29.1150 mm): Pad 1 [ROW_14_ANODE] of D365 on F.Cu
[unconnected_items]: Missing connection between items
    Local override; error
    @(7.8850 mm, 29.1150 mm): Pad 1 [ROW_14_ANODE] of D368 on F.Cu
    @(6.2250 mm, 29.1150 mm): Via [ROW_14_ANODE] on F.Cu - B.Cu
[unconnected_items]: Missing connection between items
    Local override; error
    @(10.0850 mm, 29.1150 mm): Pad 1 [ROW_14_ANODE] of D369 on F.Cu
    @(7.8850 mm, 29.1150 mm): Pad 1 [ROW_14_ANODE] of D368 on F.Cu
[unconnected_items]: Missing connection between items
    Local override; error
    @(12.2850 mm, 29.1150 mm): Pad 1 [ROW_14_ANODE] of D370 on F.Cu
    @(10.0850 mm, 29.1150 mm): Pad 1 [ROW_14_ANODE] of D369 on F.Cu
[unconnected_items]: Missing connection between items
    Local override; error
    @(14.4850 mm, 29.1150 mm): Pad 1 [ROW_14_ANODE] of D371 on F.Cu
    @(12.2850 mm, 29.1150 mm): Pad 1 [ROW_14_ANODE] of D370 on F.Cu
[unconnected_items]: Missing connection between items
    Local override; error
    @(16.6850 mm, 29.1150 mm): Pad 1 [ROW_14_ANODE] of D372 on F.Cu
    @(14.4850 mm, 29.1150 mm): Pad 1 [ROW_14_ANODE] of D371 on F.Cu
[unconnected_items]: Missing connection between items
    Local override; error
    @(18.8850 mm, 29.1150 mm): Pad 1 [ROW_14_ANODE] of D373 on F.Cu
    @(16.6850 mm, 29.1150 mm): Pad 1 [ROW_14_ANODE] of D372 on F.Cu
[unconnected_items]: Missing connection between items
    Local override; error
    @(21.0850 mm, 29.1150 mm): Pad 1 [ROW_14_ANODE] of D374 on F.Cu
    @(18.8850 mm, 29.1150 mm): Pad 1 [ROW_14_ANODE] of D373 on F.Cu
[unconnected_items]: Missing connection between items
    Local override; error
    @(23.2850 mm, 29.1150 mm): Pad 1 [ROW_14_ANODE] of D375 on F.Cu
    @(21.0850 mm, 29.1150 mm): Pad 1 [ROW_14_ANODE] of D374 on F.Cu
[unconnected_items]: Missing connection between items
    Local override; error
    @(25.4850 mm, 29.1150 mm): Pad 1 [ROW_14_ANODE] of D376 on F.Cu
    @(23.2850 mm, 29.1150 mm): Pad 1 [ROW_14_ANODE] of D375 on F.Cu
[unconnected_items]: Missing connection between items
    Local override; error
    @(27.6850 mm, 29.1150 mm): Pad 1 [ROW_14_ANODE] of D377 on F.Cu
    @(25.4850 mm, 29.1150 mm): Pad 1 [ROW_14_ANODE] of D376 on F.Cu
[unconnected_items]: Missing connection between items
    Local override; error
    @(29.8850 mm, 29.1150 mm): Pad 1 [ROW_14_ANODE] of D378 on F.Cu
    @(27.6850 mm, 29.1150 mm): Pad 1 [ROW_14_ANODE] of D377 on F.Cu
[unconnected_items]: Missing connection between items
    Local override; error
    @(32.0850 mm, 29.1150 mm): Pad 1 [ROW_14_ANODE] of D379 on F.Cu
    @(29.8850 mm, 29.1150 mm): Pad 1 [ROW_14_ANODE] of D378 on F.Cu
[unconnected_items]: Missing connection between items
    Local override; error
    @(34.2850 mm, 29.1150 mm): Pad 1 [ROW_14_ANODE] of D380 on F.Cu
    @(32.0850 mm, 29.1150 mm): Pad 1 [ROW_14_ANODE] of D379 on F.Cu
[unconnected_items]: Missing connection between items
    Local override; error
    @(36.4850 mm, 29.1150 mm): Pad 1 [ROW_14_ANODE] of D381 on F.Cu
    @(34.2850 mm, 29.1150 mm): Pad 1 [ROW_14_ANODE] of D380 on F.Cu
[unconnected_items]: Missing connection between items
    Local override; error
    @(38.6850 mm, 29.1150 mm): Pad 1 [ROW_14_ANODE] of D382 on F.Cu
    @(36.4850 mm, 29.1150 mm): Pad 1 [ROW_14_ANODE] of D381 on F.Cu
[unconnected_items]: Missing connection between items
    Local override; error
    @(40.8850 mm, 29.1150 mm): Pad 1 [ROW_14_ANODE] of D383 on F.Cu
    @(38.6850 mm, 29.1150 mm): Pad 1 [ROW_14_ANODE] of D382 on F.Cu
[unconnected_items]: Missing connection between items
    Local override; error
    @(43.0850 mm, 29.1150 mm): Pad 1 [ROW_14_ANODE] of D384 on F.Cu
    @(40.8850 mm, 29.1150 mm): Pad 1 [ROW_14_ANODE] of D383 on F.Cu
[unconnected_items]: Missing connection between items
    Local override; error
    @(45.2850 mm, 29.1150 mm): Pad 1 [ROW_14_ANODE] of D385 on F.Cu
    @(43.0850 mm, 29.1150 mm): Pad 1 [ROW_14_ANODE] of D384 on F.Cu
[unconnected_items]: Missing connection between items
    Local override; error
    @(47.4850 mm, 29.1150 mm): Pad 1 [ROW_14_ANODE] of D386 on F.Cu
    @(45.2850 mm, 29.1150 mm): Pad 1 [ROW_14_ANODE] of D385 on F.Cu
[unconnected_items]: Missing connection between items
    Local override; error
    @(49.6850 mm, 29.1150 mm): Pad 1 [ROW_14_ANODE] of D387 on F.Cu
    @(47.4850 mm, 29.1150 mm): Pad 1 [ROW_14_ANODE] of D386 on F.Cu
[unconnected_items]: Missing connection between items
    Local override; error
    @(51.8850 mm, 29.1150 mm): Pad 1 [ROW_14_ANODE] of D388 on F.Cu
    @(49.6850 mm, 29.1150 mm): Pad 1 [ROW_14_ANODE] of D387 on F.Cu
[unconnected_items]: Missing connection between items
    Local override; error
    @(54.0850 mm, 29.1150 mm): Pad 1 [ROW_14_ANODE] of D389 on F.Cu
    @(51.8850 mm, 29.1150 mm): Pad 1 [ROW_14_ANODE] of D388 on F.Cu
[unconnected_items]: Missing connection between items
    Local override; error
    @(56.2850 mm, 29.1150 mm): Pad 1 [ROW_14_ANODE] of D390 on F.Cu
    @(54.0850 mm, 29.1150 mm): Pad 1 [ROW_14_ANODE] of D389 on F.Cu
[unconnected_items]: Missing connection between items
    Local override; error
    @(58.4850 mm, 29.1150 mm): Pad 1 [ROW_14_ANODE] of D391 on F.Cu
    @(56.2850 mm, 29.1150 mm): Pad 1 [ROW_14_ANODE] of D390 on F.Cu
[unconnected_items]: Missing connection between items
    Local override; error
    @(60.6850 mm, 29.1150 mm): Pad 1 [ROW_14_ANODE] of D392 on F.Cu
    @(58.4850 mm, 29.1150 mm): Pad 1 [ROW_14_ANODE] of D391 on F.Cu
[unconnected_items]: Missing connection between items
    Local override; error
    @(40.8850 mm, 1.2850 mm): Pad 2 [COL_R_19] of D19 on F.Cu
    @(40.8850 mm, 3.4850 mm): Pad 2 [COL_R_19] of D47 on F.Cu
[unconnected_items]: Missing connection between items
    Local override; error
    @(40.8850 mm, 3.4850 mm): Pad 2 [COL_R_19] of D47 on F.Cu
    @(40.8850 mm, 5.6850 mm): Pad 2 [COL_R_19] of D75 on F.Cu
[unconnected_items]: Missing connection between items
    Local override; error
    @(40.8850 mm, 5.6850 mm): Pad 2 [COL_R_19] of D75 on F.Cu
    @(40.8850 mm, 7.8850 mm): Pad 2 [COL_R_19] of D103 on F.Cu
[unconnected_items]: Missing connection between items
    Local override; error
    @(40.8850 mm, 7.8850 mm): Pad 2 [COL_R_19] of D103 on F.Cu
    @(40.8850 mm, 10.0850 mm): Pad 2 [COL_R_19] of D131 on F.Cu
[unconnected_items]: Missing connection between items
    Local override; error
    @(40.8850 mm, 10.0850 mm): Pad 2 [COL_R_19] of D131 on F.Cu
    @(40.8850 mm, 12.2850 mm): Pad 2 [COL_R_19] of D159 on F.Cu
[unconnected_items]: Missing connection between items
    Local override; error
    @(40.8850 mm, 12.2850 mm): Pad 2 [COL_R_19] of D159 on F.Cu
    @(40.8850 mm, 14.4850 mm): Pad 2 [COL_R_19] of D187 on F.Cu
[unconnected_items]: Missing connection between items
    Local override; error
    @(40.8850 mm, 14.4850 mm): Pad 2 [COL_R_19] of D187 on F.Cu
    @(40.8850 mm, 16.6850 mm): Pad 2 [COL_R_19] of D215 on F.Cu
[unconnected_items]: Missing connection between items
    Local override; error
    @(40.8850 mm, 16.6850 mm): Pad 2 [COL_R_19] of D215 on F.Cu
    @(40.8850 mm, 18.8850 mm): Pad 2 [COL_R_19] of D243 on F.Cu
[unconnected_items]: Missing connection between items
    Local override; error
    @(40.8850 mm, 18.8850 mm): Pad 2 [COL_R_19] of D243 on F.Cu
    @(40.8850 mm, 21.0850 mm): Pad 2 [COL_R_19] of D271 on F.Cu
[unconnected_items]: Missing connection between items
    Local override; error
    @(40.8850 mm, 21.0850 mm): Pad 2 [COL_R_19] of D271 on F.Cu
    @(40.8850 mm, 23.2850 mm): Pad 2 [COL_R_19] of D299 on F.Cu
[unconnected_items]: Missing connection between items
    Local override; error
    @(40.8850 mm, 23.2850 mm): Pad 2 [COL_R_19] of D299 on F.Cu
    @(40.8850 mm, 25.4850 mm): Pad 2 [COL_R_19] of D327 on F.Cu
[unconnected_items]: Missing connection between items
    Local override; error
    @(40.8850 mm, 25.4850 mm): Pad 2 [COL_R_19] of D327 on F.Cu
    @(40.8850 mm, 27.6850 mm): Pad 2 [COL_R_19] of D355 on F.Cu
[unconnected_items]: Missing connection between items
    Local override; error
    @(40.8850 mm, 27.6850 mm): Pad 2 [COL_R_19] of D355 on F.Cu
    @(40.8850 mm, 29.8850 mm): Pad 2 [COL_R_19] of D383 on F.Cu
[unconnected_items]: Missing connection between items
    Local override; error
    @(40.8850 mm, 29.8850 mm): Pad 2 [COL_R_19] of D383 on F.Cu
    @(40.8850 mm, 32.0850 mm): Pad 2 [COL_R_19] of D411 on F.Cu
[unconnected_items]: Missing connection between items
    Local override; error
    @(40.8850 mm, 32.0850 mm): Pad 2 [COL_R_19] of D411 on F.Cu
    @(40.8850 mm, 34.2850 mm): Pad 2 [COL_R_19] of D439 on F.Cu
[unconnected_items]: Missing connection between items
    Local override; error
    @(40.8850 mm, 34.2850 mm): Pad 2 [COL_R_19] of D439 on F.Cu
    @(40.8850 mm, 36.4850 mm): Pad 2 [COL_R_19] of D467 on F.Cu
[unconnected_items]: Missing connection between items
    Local override; error
    @(40.8850 mm, 36.4850 mm): Pad 2 [COL_R_19] of D467 on F.Cu
    @(40.8850 mm, 38.6850 mm): Pad 2 [COL_R_19] of D495 on F.Cu
[unconnected_items]: Missing connection between items
    Local override; error
    @(40.8850 mm, 38.6850 mm): Pad 2 [COL_R_19] of D495 on F.Cu
    @(40.8850 mm, 40.8850 mm): Pad 2 [COL_R_19] of D523 on F.Cu
[unconnected_items]: Missing connection between items
    Local override; error
    @(40.8850 mm, 40.8850 mm): Pad 2 [COL_R_19] of D523 on F.Cu
    @(40.8850 mm, 43.0850 mm): Pad 2 [COL_R_19] of D551 on F.Cu
[unconnected_items]: Missing connection between items
    Local override; error
    @(40.8850 mm, 43.0850 mm): Pad 2 [COL_R_19] of D551 on F.Cu
    @(40.8850 mm, 45.2850 mm): Pad 2 [COL_R_19] of D579 on F.Cu
[unconnected_items]: Missing connection between items
    Local override; error
    @(40.8850 mm, 45.2850 mm): Pad 2 [COL_R_19] of D579 on F.Cu
    @(40.8850 mm, 47.4850 mm): Pad 2 [COL_R_19] of D607 on F.Cu
[unconnected_items]: Missing connection between items
    Local override; error
    @(40.8850 mm, 47.4850 mm): Pad 2 [COL_R_19] of D607 on F.Cu
    @(40.8850 mm, 49.6850 mm): Pad 2 [COL_R_19] of D635 on F.Cu
[unconnected_items]: Missing connection between items
    Local override; error
    @(40.8850 mm, 49.6850 mm): Pad 2 [COL_R_19] of D635 on F.Cu
    @(40.8850 mm, 51.8850 mm): Pad 2 [COL_R_19] of D663 on F.Cu
[unconnected_items]: Missing connection between items
    Local override; error
    @(40.8850 mm, 51.8850 mm): Pad 2 [COL_R_19] of D663 on F.Cu
    @(40.8850 mm, 54.0850 mm): Pad 2 [COL_R_19] of D691 on F.Cu
[unconnected_items]: Missing connection between items
    Local override; error
    @(40.8850 mm, 54.0850 mm): Pad 2 [COL_R_19] of D691 on F.Cu
    @(40.8850 mm, 56.2850 mm): Pad 2 [COL_R_19] of D719 on F.Cu
[unconnected_items]: Missing connection between items
    Local override; error
    @(40.8850 mm, 56.2850 mm): Pad 2 [COL_R_19] of D719 on F.Cu
    @(40.8850 mm, 58.4850 mm): Pad 2 [COL_R_19] of D747 on F.Cu
[unconnected_items]: Missing connection between items
    Local override; error
    @(40.8850 mm, 58.4850 mm): Pad 2 [COL_R_19] of D747 on F.Cu
    @(40.8850 mm, 60.6850 mm): Pad 2 [COL_R_19] of D775 on F.Cu
[unconnected_items]: Missing connection between items
    Local override; error
    @(40.1150 mm, 1.2850 mm): Pad 3 [COL_G_19] of D19 on F.Cu
    @(40.1150 mm, 3.4850 mm): Pad 3 [COL_G_19] of D47 on F.Cu
[unconnected_items]: Missing connection between items
    Local override; error
    @(40.1150 mm, 3.4850 mm): Pad 3 [COL_G_19] of D47 on F.Cu
    @(40.1150 mm, 5.6850 mm): Pad 3 [COL_G_19] of D75 on F.Cu
[unconnected_items]: Missing connection between items
    Local override; error
    @(40.1150 mm, 5.6850 mm): Pad 3 [COL_G_19] of D75 on F.Cu
    @(40.1150 mm, 7.8850 mm): Pad 3 [COL_G_19] of D103 on F.Cu
[unconnected_items]: Missing connection between items
    Local override; error
    @(40.1150 mm, 7.8850 mm): Pad 3 [COL_G_19] of D103 on F.Cu
    @(40.1150 mm, 10.0850 mm): Pad 3 [COL_G_19] of D131 on F.Cu
[unconnected_items]: Missing connection between items
    Local override; error
    @(40.1150 mm, 10.0850 mm): Pad 3 [COL_G_19] of D131 on F.Cu
    @(40.1150 mm, 12.2850 mm): Pad 3 [COL_G_19] of D159 on F.Cu
[unconnected_items]: Missing connection between items
    Local override; error
    @(40.1150 mm, 12.2850 mm): Pad 3 [COL_G_19] of D159 on F.Cu
    @(40.1150 mm, 14.4850 mm): Pad 3 [COL_G_19] of D187 on F.Cu
[unconnected_items]: Missing connection between items
    Local override; error
    @(40.1150 mm, 14.4850 mm): Pad 3 [COL_G_19] of D187 on F.Cu
    @(40.1150 mm, 16.6850 mm): Pad 3 [COL_G_19] of D215 on F.Cu
[unconnected_items]: Missing connection between items
    Local override; error
    @(40.1150 mm, 16.6850 mm): Pad 3 [COL_G_19] of D215 on F.Cu
    @(40.1150 mm, 18.8850 mm): Pad 3 [COL_G_19] of D243 on F.Cu
[unconnected_items]: Missing connection between items
    Local override; error
    @(40.1150 mm, 18.8850 mm): Pad 3 [COL_G_19] of D243 on F.Cu
    @(40.1150 mm, 21.0850 mm): Pad 3 [COL_G_19] of D271 on F.Cu
[unconnected_items]: Missing connection between items
    Local override; error
    @(40.1150 mm, 21.0850 mm): Pad 3 [COL_G_19] of D271 on F.Cu
    @(40.1150 mm, 23.2850 mm): Pad 3 [COL_G_19] of D299 on F.Cu
[unconnected_items]: Missing connection between items
    Local override; error
    @(40.1150 mm, 23.2850 mm): Pad 3 [COL_G_19] of D299 on F.Cu
    @(40.1150 mm, 25.4850 mm): Pad 3 [COL_G_19] of D327 on F.Cu
[unconnected_items]: Missing connection between items
    Local override; error
    @(40.1150 mm, 25.4850 mm): Pad 3 [COL_G_19] of D327 on F.Cu
    @(40.1150 mm, 27.6850 mm): Pad 3 [COL_G_19] of D355 on F.Cu
[unconnected_items]: Missing connection between items
    Local override; error
    @(40.1150 mm, 27.6850 mm): Pad 3 [COL_G_19] of D355 on F.Cu
    @(40.1150 mm, 29.8850 mm): Pad 3 [COL_G_19] of D383 on F.Cu
[unconnected_items]: Missing connection between items
    Local override; error
    @(40.1150 mm, 29.8850 mm): Pad 3 [COL_G_19] of D383 on F.Cu
    @(40.1150 mm, 32.0850 mm): Pad 3 [COL_G_19] of D411 on F.Cu
[unconnected_items]: Missing connection between items
    Local override; error
    @(40.1150 mm, 32.0850 mm): Pad 3 [COL_G_19] of D411 on F.Cu
    @(40.1150 mm, 34.2850 mm): Pad 3 [COL_G_19] of D439 on F.Cu
[unconnected_items]: Missing connection between items
    Local override; error
    @(40.1150 mm, 34.2850 mm): Pad 3 [COL_G_19] of D439 on F.Cu
    @(40.1150 mm, 36.4850 mm): Pad 3 [COL_G_19] of D467 on F.Cu
[unconnected_items]: Missing connection between items
    Local override; error
    @(40.1150 mm, 36.4850 mm): Pad 3 [COL_G_19] of D467 on F.Cu
    @(40.1150 mm, 38.6850 mm): Pad 3 [COL_G_19] of D495 on F.Cu
[unconnected_items]: Missing connection between items
    Local override; error
    @(40.1150 mm, 38.6850 mm): Pad 3 [COL_G_19] of D495 on F.Cu
    @(40.1150 mm, 40.8850 mm): Pad 3 [COL_G_19] of D523 on F.Cu
[unconnected_items]: Missing connection between items
    Local override; error
    @(40.1150 mm, 40.8850 mm): Pad 3 [COL_G_19] of D523 on F.Cu
    @(40.1150 mm, 43.0850 mm): Pad 3 [COL_G_19] of D551 on F.Cu
[unconnected_items]: Missing connection between items
    Local override; error
    @(40.1150 mm, 43.0850 mm): Pad 3 [COL_G_19] of D551 on F.Cu
    @(40.1150 mm, 45.2850 mm): Pad 3 [COL_G_19] of D579 on F.Cu
[unconnected_items]: Missing connection between items
    Local override; error
    @(40.1150 mm, 45.2850 mm): Pad 3 [COL_G_19] of D579 on F.Cu
    @(40.1150 mm, 47.4850 mm): Pad 3 [COL_G_19] of D607 on F.Cu
[unconnected_items]: Missing connection between items
    Local override; error
    @(40.1150 mm, 47.4850 mm): Pad 3 [COL_G_19] of D607 on F.Cu
    @(40.1150 mm, 49.6850 mm): Pad 3 [COL_G_19] of D635 on F.Cu
[unconnected_items]: Missing connection between items
    Local override; error
    @(40.1150 mm, 49.6850 mm): Pad 3 [COL_G_19] of D635 on F.Cu
    @(40.1150 mm, 51.8850 mm): Pad 3 [COL_G_19] of D663 on F.Cu
[unconnected_items]: Missing connection between items
    Local override; error
    @(40.1150 mm, 51.8850 mm): Pad 3 [COL_G_19] of D663 on F.Cu
    @(40.1150 mm, 54.0850 mm): Pad 3 [COL_G_19] of D691 on F.Cu
[unconnected_items]: Missing connection between items
    Local override; error
    @(40.1150 mm, 54.0850 mm): Pad 3 [COL_G_19] of D691 on F.Cu
    @(40.1150 mm, 56.2850 mm): Pad 3 [COL_G_19] of D719 on F.Cu
[unconnected_items]: Missing connection between items
    Local override; error
    @(40.1150 mm, 56.2850 mm): Pad 3 [COL_G_19] of D719 on F.Cu
    @(40.1150 mm, 58.4850 mm): Pad 3 [COL_G_19] of D747 on F.Cu
[unconnected_items]: Missing connection between items
    Local override; error
    @(40.1150 mm, 58.4850 mm): Pad 3 [COL_G_19] of D747 on F.Cu
    @(40.1150 mm, 60.6850 mm): Pad 3 [COL_G_19] of D775 on F.Cu
[unconnected_items]: Missing connection between items
    Local override; error
    @(40.1150 mm, 0.5150 mm): Pad 4 [COL_B_19] of D19 on F.Cu
    @(40.1150 mm, 2.7150 mm): Pad 4 [COL_B_19] of D47 on F.Cu
[unconnected_items]: Missing connection between items
    Local override; error
    @(40.1150 mm, 2.7150 mm): Pad 4 [COL_B_19] of D47 on F.Cu
    @(40.1150 mm, 4.9150 mm): Pad 4 [COL_B_19] of D75 on F.Cu
[unconnected_items]: Missing connection between items
    Local override; error
    @(40.1150 mm, 4.9150 mm): Pad 4 [COL_B_19] of D75 on F.Cu
    @(40.1150 mm, 7.1150 mm): Pad 4 [COL_B_19] of D103 on F.Cu
[unconnected_items]: Missing connection between items
    Local override; error
    @(40.1150 mm, 7.1150 mm): Pad 4 [COL_B_19] of D103 on F.Cu
    @(40.1150 mm, 9.3150 mm): Pad 4 [COL_B_19] of D131 on F.Cu
[unconnected_items]: Missing connection between items
    Local override; error
    @(40.1150 mm, 9.3150 mm): Pad 4 [COL_B_19] of D131 on F.Cu
    @(40.1150 mm, 11.5150 mm): Pad 4 [COL_B_19] of D159 on F.Cu
[unconnected_items]: Missing connection between items
    Local override; error
    @(40.1150 mm, 11.5150 mm): Pad 4 [COL_B_19] of D159 on F.Cu
    @(40.1150 mm, 13.7150 mm): Pad 4 [COL_B_19] of D187 on F.Cu
[unconnected_items]: Missing connection between items
    Local override; error
    @(40.1150 mm, 13.7150 mm): Pad 4 [COL_B_19] of D187 on F.Cu
    @(40.1150 mm, 15.9150 mm): Pad 4 [COL_B_19] of D215 on F.Cu
[unconnected_items]: Missing connection between items
    Local override; error
    @(40.1150 mm, 15.9150 mm): Pad 4 [COL_B_19] of D215 on F.Cu
    @(40.1150 mm, 18.1150 mm): Pad 4 [COL_B_19] of D243 on F.Cu
[unconnected_items]: Missing connection between items
    Local override; error
    @(40.1150 mm, 18.1150 mm): Pad 4 [COL_B_19] of D243 on F.Cu
    @(40.1150 mm, 20.3150 mm): Pad 4 [COL_B_19] of D271 on F.Cu
[unconnected_items]: Missing connection between items
    Local override; error
    @(40.1150 mm, 20.3150 mm): Pad 4 [COL_B_19] of D271 on F.Cu
    @(40.1150 mm, 22.5150 mm): Pad 4 [COL_B_19] of D299 on F.Cu
[unconnected_items]: Missing connection between items
    Local override; error
    @(40.1150 mm, 22.5150 mm): Pad 4 [COL_B_19] of D299 on F.Cu
    @(40.1150 mm, 24.7150 mm): Pad 4 [COL_B_19] of D327 on F.Cu
[unconnected_items]: Missing connection between items
    Local override; error
    @(40.1150 mm, 24.7150 mm): Pad 4 [COL_B_19] of D327 on F.Cu
    @(40.1150 mm, 26.9150 mm): Pad 4 [COL_B_19] of D355 on F.Cu
[unconnected_items]: Missing connection between items
    Local override; error
    @(40.1150 mm, 26.9150 mm): Pad 4 [COL_B_19] of D355 on F.Cu
    @(40.1150 mm, 29.1150 mm): Pad 4 [COL_B_19] of D383 on F.Cu
[unconnected_items]: Missing connection between items
    Local override; error
    @(40.1150 mm, 29.1150 mm): Pad 4 [COL_B_19] of D383 on F.Cu
    @(40.1150 mm, 31.3150 mm): Pad 4 [COL_B_19] of D411 on F.Cu
[unconnected_items]: Missing connection between items
    Local override; error
    @(40.1150 mm, 31.3150 mm): Pad 4 [COL_B_19] of D411 on F.Cu
    @(40.1150 mm, 33.5150 mm): Pad 4 [COL_B_19] of D439 on F.Cu
[unconnected_items]: Missing connection between items
    Local override; error
    @(40.1150 mm, 33.5150 mm): Pad 4 [COL_B_19] of D439 on F.Cu
    @(40.1150 mm, 35.7150 mm): Pad 4 [COL_B_19] of D467 on F.Cu
[unconnected_items]: Missing connection between items
    Local override; error
    @(40.1150 mm, 35.7150 mm): Pad 4 [COL_B_19] of D467 on F.Cu
    @(40.1150 mm, 37.9150 mm): Pad 4 [COL_B_19] of D495 on F.Cu
[unconnected_items]: Missing connection between items
    Local override; error
    @(40.1150 mm, 37.9150 mm): Pad 4 [COL_B_19] of D495 on F.Cu
    @(40.1150 mm, 40.1150 mm): Pad 4 [COL_B_19] of D523 on F.Cu
[unconnected_items]: Missing connection between items
    Local override; error
    @(40.1150 mm, 40.1150 mm): Pad 4 [COL_B_19] of D523 on F.Cu
    @(40.1150 mm, 42.3150 mm): Pad 4 [COL_B_19] of D551 on F.Cu
[unconnected_items]: Missing connection between items
    Local override; error
    @(40.1150 mm, 42.3150 mm): Pad 4 [COL_B_19] of D551 on F.Cu
    @(40.1150 mm, 44.5150 mm): Pad 4 [COL_B_19] of D579 on F.Cu
[unconnected_items]: Missing connection between items
    Local override; error
    @(40.1150 mm, 44.5150 mm): Pad 4 [COL_B_19] of D579 on F.Cu
    @(40.1150 mm, 46.7150 mm): Pad 4 [COL_B_19] of D607 on F.Cu
[unconnected_items]: Missing connection between items
    Local override; error
    @(40.1150 mm, 46.7150 mm): Pad 4 [COL_B_19] of D607 on F.Cu
    @(40.1150 mm, 48.9150 mm): Pad 4 [COL_B_19] of D635 on F.Cu
[unconnected_items]: Missing connection between items
    Local override; error
    @(40.1150 mm, 48.9150 mm): Pad 4 [COL_B_19] of D635 on F.Cu
    @(40.1150 mm, 51.1150 mm): Pad 4 [COL_B_19] of D663 on F.Cu
[unconnected_items]: Missing connection between items
    Local override; error
    @(40.1150 mm, 51.1150 mm): Pad 4 [COL_B_19] of D663 on F.Cu
    @(40.1150 mm, 53.3150 mm): Pad 4 [COL_B_19] of D691 on F.Cu
[unconnected_items]: Missing connection between items
    Local override; error
    @(40.1150 mm, 53.3150 mm): Pad 4 [COL_B_19] of D691 on F.Cu
    @(40.1150 mm, 55.5150 mm): Pad 4 [COL_B_19] of D719 on F.Cu
[unconnected_items]: Missing connection between items
    Local override; error
    @(40.1150 mm, 55.5150 mm): Pad 4 [COL_B_19] of D719 on F.Cu
    @(40.1150 mm, 57.7150 mm): Pad 4 [COL_B_19] of D747 on F.Cu
[unconnected_items]: Missing connection between items
    Local override; error
    @(40.1150 mm, 57.7150 mm): Pad 4 [COL_B_19] of D747 on F.Cu
    @(40.1150 mm, 59.9150 mm): Pad 4 [COL_B_19] of D775 on F.Cu
[unconnected_items]: Missing connection between items
    Local override; error
    @(1.2850 mm, 53.3150 mm): Pad 1 [ROW_25_ANODE] of D673 on F.Cu
    @(3.4850 mm, 53.3150 mm): Pad 1 [ROW_25_ANODE] of D674 on F.Cu
[unconnected_items]: Missing connection between items
    Local override; error
    @(3.4850 mm, 53.3150 mm): Pad 1 [ROW_25_ANODE] of D674 on F.Cu
    @(5.6850 mm, 53.3150 mm): Pad 1 [ROW_25_ANODE] of D675 on F.Cu
[unconnected_items]: Missing connection between items
    Local override; error
    @(5.6850 mm, 53.3150 mm): Pad 1 [ROW_25_ANODE] of D675 on F.Cu
    @(7.8850 mm, 53.3150 mm): Pad 1 [ROW_25_ANODE] of D676 on F.Cu
[unconnected_items]: Missing connection between items
    Local override; error
    @(7.8850 mm, 53.3150 mm): Pad 1 [ROW_25_ANODE] of D676 on F.Cu
    @(10.0850 mm, 53.3150 mm): Pad 1 [ROW_25_ANODE] of D677 on F.Cu
[unconnected_items]: Missing connection between items
    Local override; error
    @(10.0850 mm, 53.3150 mm): Pad 1 [ROW_25_ANODE] of D677 on F.Cu
    @(12.2850 mm, 53.3150 mm): Pad 1 [ROW_25_ANODE] of D678 on F.Cu
[unconnected_items]: Missing connection between items
    Local override; error
    @(12.2850 mm, 53.3150 mm): Pad 1 [ROW_25_ANODE] of D678 on F.Cu
    @(14.4850 mm, 53.3150 mm): Pad 1 [ROW_25_ANODE] of D679 on F.Cu
[unconnected_items]: Missing connection between items
    Local override; error
    @(14.4850 mm, 53.3150 mm): Pad 1 [ROW_25_ANODE] of D679 on F.Cu
    @(16.6850 mm, 53.3150 mm): Pad 1 [ROW_25_ANODE] of D680 on F.Cu
[unconnected_items]: Missing connection between items
    Local override; error
    @(16.6850 mm, 53.3150 mm): Pad 1 [ROW_25_ANODE] of D680 on F.Cu
    @(18.8850 mm, 53.3150 mm): Pad 1 [ROW_25_ANODE] of D681 on F.Cu
[unconnected_items]: Missing connection between items
    Local override; error
    @(18.8850 mm, 53.3150 mm): Pad 1 [ROW_25_ANODE] of D681 on F.Cu
    @(21.0850 mm, 53.3150 mm): Pad 1 [ROW_25_ANODE] of D682 on F.Cu
[unconnected_items]: Missing connection between items
    Local override; error
    @(21.0850 mm, 53.3150 mm): Pad 1 [ROW_25_ANODE] of D682 on F.Cu
    @(23.2850 mm, 53.3150 mm): Pad 1 [ROW_25_ANODE] of D683 on F.Cu
[unconnected_items]: Missing connection between items
    Local override; error
    @(23.2850 mm, 53.3150 mm): Pad 1 [ROW_25_ANODE] of D683 on F.Cu
    @(25.4850 mm, 53.3150 mm): Pad 1 [ROW_25_ANODE] of D684 on F.Cu
[unconnected_items]: Missing connection between items
    Local override; error
    @(25.4850 mm, 53.3150 mm): Pad 1 [ROW_25_ANODE] of D684 on F.Cu
    @(27.6850 mm, 53.3150 mm): Pad 1 [ROW_25_ANODE] of D685 on F.Cu
[unconnected_items]: Missing connection between items
    Local override; error
    @(27.6850 mm, 53.3150 mm): Pad 1 [ROW_25_ANODE] of D685 on F.Cu
    @(29.8850 mm, 53.3150 mm): Pad 1 [ROW_25_ANODE] of D686 on F.Cu
[unconnected_items]: Missing connection between items
    Local override; error
    @(29.8850 mm, 53.3150 mm): Pad 1 [ROW_25_ANODE] of D686 on F.Cu
    @(32.0850 mm, 53.3150 mm): Pad 1 [ROW_25_ANODE] of D687 on F.Cu
[unconnected_items]: Missing connection between items
    Local override; error
    @(32.0850 mm, 53.3150 mm): Pad 1 [ROW_25_ANODE] of D687 on F.Cu
    @(34.2850 mm, 53.3150 mm): Pad 1 [ROW_25_ANODE] of D688 on F.Cu
[unconnected_items]: Missing connection between items
    Local override; error
    @(34.2850 mm, 53.3150 mm): Pad 1 [ROW_25_ANODE] of D688 on F.Cu
    @(36.4850 mm, 53.3150 mm): Pad 1 [ROW_25_ANODE] of D689 on F.Cu
[unconnected_items]: Missing connection between items
    Local override; error
    @(36.4850 mm, 53.3150 mm): Pad 1 [ROW_25_ANODE] of D689 on F.Cu
    @(38.6850 mm, 53.3150 mm): Pad 1 [ROW_25_ANODE] of D690 on F.Cu
[unconnected_items]: Missing connection between items
    Local override; error
    @(38.6850 mm, 53.3150 mm): Pad 1 [ROW_25_ANODE] of D690 on F.Cu
    @(40.8850 mm, 53.3150 mm): Pad 1 [ROW_25_ANODE] of D691 on F.Cu
[unconnected_items]: Missing connection between items
    Local override; error
    @(40.8850 mm, 53.3150 mm): Pad 1 [ROW_25_ANODE] of D691 on F.Cu
    @(43.0850 mm, 53.3150 mm): Pad 1 [ROW_25_ANODE] of D692 on F.Cu
[unconnected_items]: Missing connection between items
    Local override; error
    @(43.0850 mm, 53.3150 mm): Pad 1 [ROW_25_ANODE] of D692 on F.Cu
    @(45.2850 mm, 53.3150 mm): Pad 1 [ROW_25_ANODE] of D693 on F.Cu
[unconnected_items]: Missing connection between items
    Local override; error
    @(45.2850 mm, 53.3150 mm): Pad 1 [ROW_25_ANODE] of D693 on F.Cu
    @(47.4850 mm, 53.3150 mm): Pad 1 [ROW_25_ANODE] of D694 on F.Cu
[unconnected_items]: Missing connection between items
    Local override; error
    @(47.4850 mm, 53.3150 mm): Pad 1 [ROW_25_ANODE] of D694 on F.Cu
    @(49.6850 mm, 53.3150 mm): Pad 1 [ROW_25_ANODE] of D695 on F.Cu
[unconnected_items]: Missing connection between items
    Local override; error
    @(49.6850 mm, 53.3150 mm): Pad 1 [ROW_25_ANODE] of D695 on F.Cu
    @(51.8850 mm, 53.3150 mm): Pad 1 [ROW_25_ANODE] of D696 on F.Cu
[unconnected_items]: Missing connection between items
    Local override; error
    @(51.8850 mm, 53.3150 mm): Pad 1 [ROW_25_ANODE] of D696 on F.Cu
    @(54.0850 mm, 53.3150 mm): Pad 1 [ROW_25_ANODE] of D697 on F.Cu
[unconnected_items]: Missing connection between items
    Local override; error
    @(54.0850 mm, 53.3150 mm): Pad 1 [ROW_25_ANODE] of D697 on F.Cu
    @(56.2850 mm, 53.3150 mm): Pad 1 [ROW_25_ANODE] of D698 on F.Cu
[unconnected_items]: Missing connection between items
    Local override; error
    @(56.2850 mm, 53.3150 mm): Pad 1 [ROW_25_ANODE] of D698 on F.Cu
    @(58.4850 mm, 53.3150 mm): Pad 1 [ROW_25_ANODE] of D699 on F.Cu
[unconnected_items]: Missing connection between items
    Local override; error
    @(58.4850 mm, 53.3150 mm): Pad 1 [ROW_25_ANODE] of D699 on F.Cu
    @(60.6850 mm, 53.3150 mm): Pad 1 [ROW_25_ANODE] of D700 on F.Cu
[unconnected_items]: Missing connection between items
    Local override; error
    @(18.8850 mm, 1.2850 mm): Pad 2 [COL_R_09] of D9 on F.Cu
    @(18.8850 mm, 3.4850 mm): Pad 2 [COL_R_09] of D37 on F.Cu
[unconnected_items]: Missing connection between items
    Local override; error
    @(18.8850 mm, 3.4850 mm): Pad 2 [COL_R_09] of D37 on F.Cu
    @(18.8850 mm, 5.6850 mm): Pad 2 [COL_R_09] of D65 on F.Cu
[unconnected_items]: Missing connection between items
    Local override; error
    @(18.8850 mm, 5.6850 mm): Pad 2 [COL_R_09] of D65 on F.Cu
    @(18.8850 mm, 7.8850 mm): Pad 2 [COL_R_09] of D93 on F.Cu
[unconnected_items]: Missing connection between items
    Local override; error
    @(18.8850 mm, 7.8850 mm): Pad 2 [COL_R_09] of D93 on F.Cu
    @(18.8850 mm, 10.0850 mm): Pad 2 [COL_R_09] of D121 on F.Cu
[unconnected_items]: Missing connection between items
    Local override; error
    @(18.8850 mm, 10.0850 mm): Pad 2 [COL_R_09] of D121 on F.Cu
    @(18.8850 mm, 12.2850 mm): Pad 2 [COL_R_09] of D149 on F.Cu
[unconnected_items]: Missing connection between items
    Local override; error
    @(18.8850 mm, 12.2850 mm): Pad 2 [COL_R_09] of D149 on F.Cu
    @(18.8850 mm, 14.4850 mm): Pad 2 [COL_R_09] of D177 on F.Cu
[unconnected_items]: Missing connection between items
    Local override; error
    @(18.8850 mm, 14.4850 mm): Pad 2 [COL_R_09] of D177 on F.Cu
    @(18.8850 mm, 16.6850 mm): Pad 2 [COL_R_09] of D205 on F.Cu
[unconnected_items]: Missing connection between items
    Local override; error
    @(18.8850 mm, 16.6850 mm): Pad 2 [COL_R_09] of D205 on F.Cu
    @(18.8850 mm, 18.8850 mm): Pad 2 [COL_R_09] of D233 on F.Cu
[unconnected_items]: Missing connection between items
    Local override; error
    @(18.8850 mm, 18.8850 mm): Pad 2 [COL_R_09] of D233 on F.Cu
    @(18.8850 mm, 21.0850 mm): Pad 2 [COL_R_09] of D261 on F.Cu
[unconnected_items]: Missing connection between items
    Local override; error
    @(18.8850 mm, 21.0850 mm): Pad 2 [COL_R_09] of D261 on F.Cu
    @(18.8850 mm, 23.2850 mm): Pad 2 [COL_R_09] of D289 on F.Cu
[unconnected_items]: Missing connection between items
    Local override; error
    @(18.8850 mm, 23.2850 mm): Pad 2 [COL_R_09] of D289 on F.Cu
    @(18.8850 mm, 25.4850 mm): Pad 2 [COL_R_09] of D317 on F.Cu
[unconnected_items]: Missing connection between items
    Local override; error
    @(18.8850 mm, 25.4850 mm): Pad 2 [COL_R_09] of D317 on F.Cu
    @(18.8850 mm, 27.6850 mm): Pad 2 [COL_R_09] of D345 on F.Cu
[unconnected_items]: Missing connection between items
    Local override; error
    @(18.8850 mm, 27.6850 mm): Pad 2 [COL_R_09] of D345 on F.Cu
    @(18.8850 mm, 29.8850 mm): Pad 2 [COL_R_09] of D373 on F.Cu
[unconnected_items]: Missing connection between items
    Local override; error
    @(18.8850 mm, 29.8850 mm): Pad 2 [COL_R_09] of D373 on F.Cu
    @(18.8850 mm, 32.0850 mm): Pad 2 [COL_R_09] of D401 on F.Cu
[unconnected_items]: Missing connection between items
    Local override; error
    @(18.8850 mm, 32.0850 mm): Pad 2 [COL_R_09] of D401 on F.Cu
    @(18.8850 mm, 34.2850 mm): Pad 2 [COL_R_09] of D429 on F.Cu
[unconnected_items]: Missing connection between items
    Local override; error
    @(18.8850 mm, 34.2850 mm): Pad 2 [COL_R_09] of D429 on F.Cu
    @(18.8850 mm, 36.4850 mm): Pad 2 [COL_R_09] of D457 on F.Cu
[unconnected_items]: Missing connection between items
    Local override; error
    @(18.8850 mm, 36.4850 mm): Pad 2 [COL_R_09] of D457 on F.Cu
    @(18.8850 mm, 38.6850 mm): Pad 2 [COL_R_09] of D485 on F.Cu
[unconnected_items]: Missing connection between items
    Local override; error
    @(18.8850 mm, 38.6850 mm): Pad 2 [COL_R_09] of D485 on F.Cu
    @(18.8850 mm, 40.8850 mm): Pad 2 [COL_R_09] of D513 on F.Cu
[unconnected_items]: Missing connection between items
    Local override; error
    @(18.8850 mm, 40.8850 mm): Pad 2 [COL_R_09] of D513 on F.Cu
    @(18.8850 mm, 43.0850 mm): Pad 2 [COL_R_09] of D541 on F.Cu
[unconnected_items]: Missing connection between items
    Local override; error
    @(18.8850 mm, 43.0850 mm): Pad 2 [COL_R_09] of D541 on F.Cu
    @(18.8850 mm, 45.2850 mm): Pad 2 [COL_R_09] of D569 on F.Cu
[unconnected_items]: Missing connection between items
    Local override; error
    @(18.8850 mm, 45.2850 mm): Pad 2 [COL_R_09] of D569 on F.Cu
    @(18.8850 mm, 47.4850 mm): Pad 2 [COL_R_09] of D597 on F.Cu
[unconnected_items]: Missing connection between items
    Local override; error
    @(18.8850 mm, 47.4850 mm): Pad 2 [COL_R_09] of D597 on F.Cu
    @(18.8850 mm, 49.6850 mm): Pad 2 [COL_R_09] of D625 on F.Cu
[unconnected_items]: Missing connection between items
    Local override; error
    @(18.8850 mm, 49.6850 mm): Pad 2 [COL_R_09] of D625 on F.Cu
    @(18.8850 mm, 51.8850 mm): Pad 2 [COL_R_09] of D653 on F.Cu
[unconnected_items]: Missing connection between items
    Local override; error
    @(18.8850 mm, 51.8850 mm): Pad 2 [COL_R_09] of D653 on F.Cu
    @(18.8850 mm, 54.0850 mm): Pad 2 [COL_R_09] of D681 on F.Cu
[unconnected_items]: Missing connection between items
    Local override; error
    @(18.8850 mm, 54.0850 mm): Pad 2 [COL_R_09] of D681 on F.Cu
    @(18.8850 mm, 56.2850 mm): Pad 2 [COL_R_09] of D709 on F.Cu
[unconnected_items]: Missing connection between items
    Local override; error
    @(18.8850 mm, 56.2850 mm): Pad 2 [COL_R_09] of D709 on F.Cu
    @(18.8850 mm, 58.4850 mm): Pad 2 [COL_R_09] of D737 on F.Cu
[unconnected_items]: Missing connection between items
    Local override; error
    @(18.8850 mm, 58.4850 mm): Pad 2 [COL_R_09] of D737 on F.Cu
    @(18.8850 mm, 60.6850 mm): Pad 2 [COL_R_09] of D765 on F.Cu
[unconnected_items]: Missing connection between items
    Local override; error
    @(18.1150 mm, 1.2850 mm): Pad 3 [COL_G_09] of D9 on F.Cu
    @(18.1150 mm, 3.4850 mm): Pad 3 [COL_G_09] of D37 on F.Cu
[unconnected_items]: Missing connection between items
    Local override; error
    @(18.1150 mm, 3.4850 mm): Pad 3 [COL_G_09] of D37 on F.Cu
    @(18.1150 mm, 5.6850 mm): Pad 3 [COL_G_09] of D65 on F.Cu
[unconnected_items]: Missing connection between items
    Local override; error
    @(18.1150 mm, 5.6850 mm): Pad 3 [COL_G_09] of D65 on F.Cu
    @(18.1150 mm, 7.8850 mm): Pad 3 [COL_G_09] of D93 on F.Cu
[unconnected_items]: Missing connection between items
    Local override; error
    @(18.1150 mm, 7.8850 mm): Pad 3 [COL_G_09] of D93 on F.Cu
    @(18.1150 mm, 10.0850 mm): Pad 3 [COL_G_09] of D121 on F.Cu
[unconnected_items]: Missing connection between items
    Local override; error
    @(18.1150 mm, 10.0850 mm): Pad 3 [COL_G_09] of D121 on F.Cu
    @(18.1150 mm, 12.2850 mm): Pad 3 [COL_G_09] of D149 on F.Cu
[unconnected_items]: Missing connection between items
    Local override; error
    @(18.1150 mm, 12.2850 mm): Pad 3 [COL_G_09] of D149 on F.Cu
    @(18.1150 mm, 14.4850 mm): Pad 3 [COL_G_09] of D177 on F.Cu
[unconnected_items]: Missing connection between items
    Local override; error
    @(18.1150 mm, 14.4850 mm): Pad 3 [COL_G_09] of D177 on F.Cu
    @(18.1150 mm, 16.6850 mm): Pad 3 [COL_G_09] of D205 on F.Cu
[unconnected_items]: Missing connection between items
    Local override; error
    @(18.1150 mm, 16.6850 mm): Pad 3 [COL_G_09] of D205 on F.Cu
    @(18.1150 mm, 18.8850 mm): Pad 3 [COL_G_09] of D233 on F.Cu
[unconnected_items]: Missing connection between items
    Local override; error
    @(18.1150 mm, 18.8850 mm): Pad 3 [COL_G_09] of D233 on F.Cu
    @(18.1150 mm, 21.0850 mm): Pad 3 [COL_G_09] of D261 on F.Cu
[unconnected_items]: Missing connection between items
    Local override; error
    @(18.1150 mm, 21.0850 mm): Pad 3 [COL_G_09] of D261 on F.Cu
    @(18.1150 mm, 23.2850 mm): Pad 3 [COL_G_09] of D289 on F.Cu
[unconnected_items]: Missing connection between items
    Local override; error
    @(18.1150 mm, 23.2850 mm): Pad 3 [COL_G_09] of D289 on F.Cu
    @(18.1150 mm, 25.4850 mm): Pad 3 [COL_G_09] of D317 on F.Cu
[unconnected_items]: Missing connection between items
    Local override; error
    @(18.1150 mm, 25.4850 mm): Pad 3 [COL_G_09] of D317 on F.Cu
    @(18.1150 mm, 27.6850 mm): Pad 3 [COL_G_09] of D345 on F.Cu
[unconnected_items]: Missing connection between items
    Local override; error
    @(18.1150 mm, 27.6850 mm): Pad 3 [COL_G_09] of D345 on F.Cu
    @(18.1150 mm, 29.8850 mm): Pad 3 [COL_G_09] of D373 on F.Cu
[unconnected_items]: Missing connection between items
    Local override; error
    @(18.1150 mm, 29.8850 mm): Pad 3 [COL_G_09] of D373 on F.Cu
    @(18.1150 mm, 32.0850 mm): Pad 3 [COL_G_09] of D401 on F.Cu

** Found 0 Footprint errors **

** Ignored checks **
    - Footprint has no courtyard defined
    - Track endpoint not centered on via
    - Tuning profile track geometries
    - Footprint doesn't match symbol's footprint filters
    - Footprint component type doesn't match footprint pads

** End of Report **
