** Drc report for wearable_28x28_bottom_left_routing_probe.kicad_pcb **
** Created on 2026-10-08T04:40:21 **
** Report includes: Errors, Warnings **

** Found 0 DRC violations **

** Found 499 unconnected pads **
[unconnected_items]: Missing connection between items
    Local override; error
    @(1.2850 mm, 53.3150 mm): Pad 1 [ROW_25_ANODE] of D673 on F.Cu
    @(3.4850 mm, 53.3150 mm): Pad 1 [ROW_25_ANODE] of D674 on F.Cu
[unconnected_items]: Missing connection between items
    Local override; error
    @(3.4850 mm, 53.3150 mm): Pad 1 [ROW_25_ANODE] of D674 on F.Cu
    @(5.6850 mm, 53.3150 mm): Pad 1 [ROW_25_ANODE] of D675 on F.Cu
[unconnected_items]: Missing connection between items
    Local override; error
    @(5.6850 mm, 53.3150 mm): Pad 1 [ROW_25_ANODE] of D675 on F.Cu
    @(7.8850 mm, 53.3150 mm): Pad 1 [ROW_25_ANODE] of D676 on F.Cu
[unconnected_items]: Missing connection between items
    Local override; error
    @(7.8850 mm, 53.3150 mm): Pad 1 [ROW_25_ANODE] of D676 on F.Cu
    @(10.0850 mm, 53.3150 mm): Pad 1 [ROW_25_ANODE] of D677 on F.Cu
[unconnected_items]: Missing connection between items
    Local override; error
    @(10.0850 mm, 53.3150 mm): Pad 1 [ROW_25_ANODE] of D677 on F.Cu
    @(12.2850 mm, 53.3150 mm): Pad 1 [ROW_25_ANODE] of D678 on F.Cu
[unconnected_items]: Missing connection between items
    Local override; error
    @(12.2850 mm, 53.3150 mm): Pad 1 [ROW_25_ANODE] of D678 on F.Cu
    @(14.4850 mm, 53.3150 mm): Pad 1 [ROW_25_ANODE] of D679 on F.Cu
[unconnected_items]: Missing connection between items
    Local override; error
    @(14.4850 mm, 53.3150 mm): Pad 1 [ROW_25_ANODE] of D679 on F.Cu
    @(16.6850 mm, 53.3150 mm): Pad 1 [ROW_25_ANODE] of D680 on F.Cu
[unconnected_items]: Missing connection between items
    Local override; error
    @(16.6850 mm, 53.3150 mm): Pad 1 [ROW_25_ANODE] of D680 on F.Cu
    @(18.8850 mm, 53.3150 mm): Pad 1 [ROW_25_ANODE] of D681 on F.Cu
[unconnected_items]: Missing connection between items
    Local override; error
    @(18.8850 mm, 53.3150 mm): Pad 1 [ROW_25_ANODE] of D681 on F.Cu
    @(21.0850 mm, 53.3150 mm): Pad 1 [ROW_25_ANODE] of D682 on F.Cu
[unconnected_items]: Missing connection between items
    Local override; error
    @(21.0850 mm, 53.3150 mm): Pad 1 [ROW_25_ANODE] of D682 on F.Cu
    @(23.2850 mm, 53.3150 mm): Pad 1 [ROW_25_ANODE] of D683 on F.Cu
[unconnected_items]: Missing connection between items
    Local override; error
    @(23.2850 mm, 53.3150 mm): Pad 1 [ROW_25_ANODE] of D683 on F.Cu
    @(25.4850 mm, 53.3150 mm): Pad 1 [ROW_25_ANODE] of D684 on F.Cu
[unconnected_items]: Missing connection between items
    Local override; error
    @(25.4850 mm, 53.3150 mm): Pad 1 [ROW_25_ANODE] of D684 on F.Cu
    @(27.6850 mm, 53.3150 mm): Pad 1 [ROW_25_ANODE] of D685 on F.Cu
[unconnected_items]: Missing connection between items
    Local override; error
    @(27.6850 mm, 53.3150 mm): Pad 1 [ROW_25_ANODE] of D685 on F.Cu
    @(29.8850 mm, 53.3150 mm): Pad 1 [ROW_25_ANODE] of D686 on F.Cu
[unconnected_items]: Missing connection between items
    Local override; error
    @(29.8850 mm, 53.3150 mm): Pad 1 [ROW_25_ANODE] of D686 on F.Cu
    @(32.0850 mm, 53.3150 mm): Pad 1 [ROW_25_ANODE] of D687 on F.Cu
[unconnected_items]: Missing connection between items
    Local override; error
    @(32.0850 mm, 53.3150 mm): Pad 1 [ROW_25_ANODE] of D687 on F.Cu
    @(34.2850 mm, 53.3150 mm): Pad 1 [ROW_25_ANODE] of D688 on F.Cu
[unconnected_items]: Missing connection between items
    Local override; error
    @(34.2850 mm, 53.3150 mm): Pad 1 [ROW_25_ANODE] of D688 on F.Cu
    @(36.4850 mm, 53.3150 mm): Pad 1 [ROW_25_ANODE] of D689 on F.Cu
[unconnected_items]: Missing connection between items
    Local override; error
    @(36.4850 mm, 53.3150 mm): Pad 1 [ROW_25_ANODE] of D689 on F.Cu
    @(38.6850 mm, 53.3150 mm): Pad 1 [ROW_25_ANODE] of D690 on F.Cu
[unconnected_items]: Missing connection between items
    Local override; error
    @(38.6850 mm, 53.3150 mm): Pad 1 [ROW_25_ANODE] of D690 on F.Cu
    @(40.8850 mm, 53.3150 mm): Pad 1 [ROW_25_ANODE] of D691 on F.Cu
[unconnected_items]: Missing connection between items
    Local override; error
    @(40.8850 mm, 53.3150 mm): Pad 1 [ROW_25_ANODE] of D691 on F.Cu
    @(43.0850 mm, 53.3150 mm): Pad 1 [ROW_25_ANODE] of D692 on F.Cu
[unconnected_items]: Missing connection between items
    Local override; error
    @(43.0850 mm, 53.3150 mm): Pad 1 [ROW_25_ANODE] of D692 on F.Cu
    @(45.2850 mm, 53.3150 mm): Pad 1 [ROW_25_ANODE] of D693 on F.Cu
[unconnected_items]: Missing connection between items
    Local override; error
    @(45.2850 mm, 53.3150 mm): Pad 1 [ROW_25_ANODE] of D693 on F.Cu
    @(47.4850 mm, 53.3150 mm): Pad 1 [ROW_25_ANODE] of D694 on F.Cu
[unconnected_items]: Missing connection between items
    Local override; error
    @(47.4850 mm, 53.3150 mm): Pad 1 [ROW_25_ANODE] of D694 on F.Cu
    @(49.6850 mm, 53.3150 mm): Pad 1 [ROW_25_ANODE] of D695 on F.Cu
[unconnected_items]: Missing connection between items
    Local override; error
    @(49.6850 mm, 53.3150 mm): Pad 1 [ROW_25_ANODE] of D695 on F.Cu
    @(51.8850 mm, 53.3150 mm): Pad 1 [ROW_25_ANODE] of D696 on F.Cu
[unconnected_items]: Missing connection between items
    Local override; error
    @(51.8850 mm, 53.3150 mm): Pad 1 [ROW_25_ANODE] of D696 on F.Cu
    @(54.0850 mm, 53.3150 mm): Pad 1 [ROW_25_ANODE] of D697 on F.Cu
[unconnected_items]: Missing connection between items
    Local override; error
    @(54.0850 mm, 53.3150 mm): Pad 1 [ROW_25_ANODE] of D697 on F.Cu
    @(56.2850 mm, 53.3150 mm): Pad 1 [ROW_25_ANODE] of D698 on F.Cu
[unconnected_items]: Missing connection between items
    Local override; error
    @(56.2850 mm, 53.3150 mm): Pad 1 [ROW_25_ANODE] of D698 on F.Cu
    @(58.4850 mm, 53.3150 mm): Pad 1 [ROW_25_ANODE] of D699 on F.Cu
[unconnected_items]: Missing connection between items
    Local override; error
    @(58.4850 mm, 53.3150 mm): Pad 1 [ROW_25_ANODE] of D699 on F.Cu
    @(60.6850 mm, 53.3150 mm): Pad 1 [ROW_25_ANODE] of D700 on F.Cu
[unconnected_items]: Missing connection between items
    Local override; error
    @(7.8850 mm, 1.2850 mm): Pad 2 [COL_R_04] of D4 on F.Cu
    @(7.8850 mm, 3.4850 mm): Pad 2 [COL_R_04] of D32 on F.Cu
[unconnected_items]: Missing connection between items
    Local override; error
    @(7.8850 mm, 3.4850 mm): Pad 2 [COL_R_04] of D32 on F.Cu
    @(7.8850 mm, 5.6850 mm): Pad 2 [COL_R_04] of D60 on F.Cu
[unconnected_items]: Missing connection between items
    Local override; error
    @(7.8850 mm, 5.6850 mm): Pad 2 [COL_R_04] of D60 on F.Cu
    @(7.8850 mm, 7.8850 mm): Pad 2 [COL_R_04] of D88 on F.Cu
[unconnected_items]: Missing connection between items
    Local override; error
    @(7.8850 mm, 7.8850 mm): Pad 2 [COL_R_04] of D88 on F.Cu
    @(7.8850 mm, 10.0850 mm): Pad 2 [COL_R_04] of D116 on F.Cu
[unconnected_items]: Missing connection between items
    Local override; error
    @(7.8850 mm, 10.0850 mm): Pad 2 [COL_R_04] of D116 on F.Cu
    @(7.8850 mm, 12.2850 mm): Pad 2 [COL_R_04] of D144 on F.Cu
[unconnected_items]: Missing connection between items
    Local override; error
    @(7.8850 mm, 12.2850 mm): Pad 2 [COL_R_04] of D144 on F.Cu
    @(7.8850 mm, 14.4850 mm): Pad 2 [COL_R_04] of D172 on F.Cu
[unconnected_items]: Missing connection between items
    Local override; error
    @(7.8850 mm, 14.4850 mm): Pad 2 [COL_R_04] of D172 on F.Cu
    @(7.8850 mm, 16.6850 mm): Pad 2 [COL_R_04] of D200 on F.Cu
[unconnected_items]: Missing connection between items
    Local override; error
    @(7.8850 mm, 16.6850 mm): Pad 2 [COL_R_04] of D200 on F.Cu
    @(7.8850 mm, 18.8850 mm): Pad 2 [COL_R_04] of D228 on F.Cu
[unconnected_items]: Missing connection between items
    Local override; error
    @(7.8850 mm, 18.8850 mm): Pad 2 [COL_R_04] of D228 on F.Cu
    @(7.8850 mm, 21.0850 mm): Pad 2 [COL_R_04] of D256 on F.Cu
[unconnected_items]: Missing connection between items
    Local override; error
    @(7.8850 mm, 21.0850 mm): Pad 2 [COL_R_04] of D256 on F.Cu
    @(7.8850 mm, 23.2850 mm): Pad 2 [COL_R_04] of D284 on F.Cu
[unconnected_items]: Missing connection between items
    Local override; error
    @(7.8850 mm, 23.2850 mm): Pad 2 [COL_R_04] of D284 on F.Cu
    @(7.8850 mm, 25.4850 mm): Pad 2 [COL_R_04] of D312 on F.Cu
[unconnected_items]: Missing connection between items
    Local override; error
    @(7.8850 mm, 25.4850 mm): Pad 2 [COL_R_04] of D312 on F.Cu
    @(7.8850 mm, 27.6850 mm): Pad 2 [COL_R_04] of D340 on F.Cu
[unconnected_items]: Missing connection between items
    Local override; error
    @(7.8850 mm, 27.6850 mm): Pad 2 [COL_R_04] of D340 on F.Cu
    @(7.8850 mm, 29.8850 mm): Pad 2 [COL_R_04] of D368 on F.Cu
[unconnected_items]: Missing connection between items
    Local override; error
    @(7.8850 mm, 29.8850 mm): Pad 2 [COL_R_04] of D368 on F.Cu
    @(7.8850 mm, 32.0850 mm): Pad 2 [COL_R_04] of D396 on F.Cu
[unconnected_items]: Missing connection between items
    Local override; error
    @(7.8850 mm, 32.0850 mm): Pad 2 [COL_R_04] of D396 on F.Cu
    @(7.8850 mm, 34.2850 mm): Pad 2 [COL_R_04] of D424 on F.Cu
[unconnected_items]: Missing connection between items
    Local override; error
    @(7.8850 mm, 34.2850 mm): Pad 2 [COL_R_04] of D424 on F.Cu
    @(7.8850 mm, 36.4850 mm): Pad 2 [COL_R_04] of D452 on F.Cu
[unconnected_items]: Missing connection between items
    Local override; error
    @(7.8850 mm, 36.4850 mm): Pad 2 [COL_R_04] of D452 on F.Cu
    @(7.8850 mm, 38.6850 mm): Pad 2 [COL_R_04] of D480 on F.Cu
[unconnected_items]: Missing connection between items
    Local override; error
    @(7.8850 mm, 38.6850 mm): Pad 2 [COL_R_04] of D480 on F.Cu
    @(7.8850 mm, 40.8850 mm): Pad 2 [COL_R_04] of D508 on F.Cu
[unconnected_items]: Missing connection between items
    Local override; error
    @(7.8850 mm, 40.8850 mm): Pad 2 [COL_R_04] of D508 on F.Cu
    @(7.8850 mm, 43.0850 mm): Pad 2 [COL_R_04] of D536 on F.Cu
[unconnected_items]: Missing connection between items
    Local override; error
    @(7.8850 mm, 43.0850 mm): Pad 2 [COL_R_04] of D536 on F.Cu
    @(7.8850 mm, 45.2850 mm): Pad 2 [COL_R_04] of D564 on F.Cu
[unconnected_items]: Missing connection between items
    Local override; error
    @(7.8850 mm, 45.2850 mm): Pad 2 [COL_R_04] of D564 on F.Cu
    @(7.8850 mm, 47.4850 mm): Pad 2 [COL_R_04] of D592 on F.Cu
[unconnected_items]: Missing connection between items
    Local override; error
    @(7.8850 mm, 47.4850 mm): Pad 2 [COL_R_04] of D592 on F.Cu
    @(7.8850 mm, 49.6850 mm): Pad 2 [COL_R_04] of D620 on F.Cu
[unconnected_items]: Missing connection between items
    Local override; error
    @(7.8850 mm, 49.6850 mm): Pad 2 [COL_R_04] of D620 on F.Cu
    @(7.8850 mm, 51.8850 mm): Pad 2 [COL_R_04] of D648 on F.Cu
[unconnected_items]: Missing connection between items
    Local override; error
    @(7.8850 mm, 51.8850 mm): Pad 2 [COL_R_04] of D648 on F.Cu
    @(7.8850 mm, 54.0850 mm): Pad 2 [COL_R_04] of D676 on F.Cu
[unconnected_items]: Missing connection between items
    Local override; error
    @(7.8850 mm, 54.0850 mm): Pad 2 [COL_R_04] of D676 on F.Cu
    @(7.8850 mm, 56.2850 mm): Pad 2 [COL_R_04] of D704 on F.Cu
[unconnected_items]: Missing connection between items
    Local override; error
    @(7.8850 mm, 56.2850 mm): Pad 2 [COL_R_04] of D704 on F.Cu
    @(7.8850 mm, 58.4850 mm): Pad 2 [COL_R_04] of D732 on F.Cu
[unconnected_items]: Missing connection between items
    Local override; error
    @(7.8850 mm, 58.4850 mm): Pad 2 [COL_R_04] of D732 on F.Cu
    @(7.8850 mm, 60.6850 mm): Pad 2 [COL_R_04] of D760 on F.Cu
[unconnected_items]: Missing connection between items
    Local override; error
    @(7.1150 mm, 1.2850 mm): Pad 3 [COL_G_04] of D4 on F.Cu
    @(7.1150 mm, 3.4850 mm): Pad 3 [COL_G_04] of D32 on F.Cu
[unconnected_items]: Missing connection between items
    Local override; error
    @(7.1150 mm, 3.4850 mm): Pad 3 [COL_G_04] of D32 on F.Cu
    @(7.1150 mm, 5.6850 mm): Pad 3 [COL_G_04] of D60 on F.Cu
[unconnected_items]: Missing connection between items
    Local override; error
    @(7.1150 mm, 5.6850 mm): Pad 3 [COL_G_04] of D60 on F.Cu
    @(7.1150 mm, 7.8850 mm): Pad 3 [COL_G_04] of D88 on F.Cu
[unconnected_items]: Missing connection between items
    Local override; error
    @(7.1150 mm, 7.8850 mm): Pad 3 [COL_G_04] of D88 on F.Cu
    @(7.1150 mm, 10.0850 mm): Pad 3 [COL_G_04] of D116 on F.Cu
[unconnected_items]: Missing connection between items
    Local override; error
    @(7.1150 mm, 10.0850 mm): Pad 3 [COL_G_04] of D116 on F.Cu
    @(7.1150 mm, 12.2850 mm): Pad 3 [COL_G_04] of D144 on F.Cu
[unconnected_items]: Missing connection between items
    Local override; error
    @(7.1150 mm, 12.2850 mm): Pad 3 [COL_G_04] of D144 on F.Cu
    @(7.1150 mm, 14.4850 mm): Pad 3 [COL_G_04] of D172 on F.Cu
[unconnected_items]: Missing connection between items
    Local override; error
    @(7.1150 mm, 14.4850 mm): Pad 3 [COL_G_04] of D172 on F.Cu
    @(7.1150 mm, 16.6850 mm): Pad 3 [COL_G_04] of D200 on F.Cu
[unconnected_items]: Missing connection between items
    Local override; error
    @(7.1150 mm, 16.6850 mm): Pad 3 [COL_G_04] of D200 on F.Cu
    @(7.1150 mm, 18.8850 mm): Pad 3 [COL_G_04] of D228 on F.Cu
[unconnected_items]: Missing connection between items
    Local override; error
    @(7.1150 mm, 18.8850 mm): Pad 3 [COL_G_04] of D228 on F.Cu
    @(7.1150 mm, 21.0850 mm): Pad 3 [COL_G_04] of D256 on F.Cu
[unconnected_items]: Missing connection between items
    Local override; error
    @(7.1150 mm, 21.0850 mm): Pad 3 [COL_G_04] of D256 on F.Cu
    @(7.1150 mm, 23.2850 mm): Pad 3 [COL_G_04] of D284 on F.Cu
[unconnected_items]: Missing connection between items
    Local override; error
    @(7.1150 mm, 23.2850 mm): Pad 3 [COL_G_04] of D284 on F.Cu
    @(7.1150 mm, 25.4850 mm): Pad 3 [COL_G_04] of D312 on F.Cu
[unconnected_items]: Missing connection between items
    Local override; error
    @(7.1150 mm, 25.4850 mm): Pad 3 [COL_G_04] of D312 on F.Cu
    @(7.1150 mm, 27.6850 mm): Pad 3 [COL_G_04] of D340 on F.Cu
[unconnected_items]: Missing connection between items
    Local override; error
    @(7.1150 mm, 27.6850 mm): Pad 3 [COL_G_04] of D340 on F.Cu
    @(7.1150 mm, 29.8850 mm): Pad 3 [COL_G_04] of D368 on F.Cu
[unconnected_items]: Missing connection between items
    Local override; error
    @(7.1150 mm, 29.8850 mm): Pad 3 [COL_G_04] of D368 on F.Cu
    @(7.1150 mm, 32.0850 mm): Pad 3 [COL_G_04] of D396 on F.Cu
[unconnected_items]: Missing connection between items
    Local override; error
    @(7.1150 mm, 32.0850 mm): Pad 3 [COL_G_04] of D396 on F.Cu
    @(7.1150 mm, 34.2850 mm): Pad 3 [COL_G_04] of D424 on F.Cu
[unconnected_items]: Missing connection between items
    Local override; error
    @(7.1150 mm, 34.2850 mm): Pad 3 [COL_G_04] of D424 on F.Cu
    @(7.1150 mm, 36.4850 mm): Pad 3 [COL_G_04] of D452 on F.Cu
[unconnected_items]: Missing connection between items
    Local override; error
    @(7.1150 mm, 36.4850 mm): Pad 3 [COL_G_04] of D452 on F.Cu
    @(7.1150 mm, 38.6850 mm): Pad 3 [COL_G_04] of D480 on F.Cu
[unconnected_items]: Missing connection between items
    Local override; error
    @(7.1150 mm, 38.6850 mm): Pad 3 [COL_G_04] of D480 on F.Cu
    @(7.1150 mm, 40.8850 mm): Pad 3 [COL_G_04] of D508 on F.Cu
[unconnected_items]: Missing connection between items
    Local override; error
    @(7.1150 mm, 40.8850 mm): Pad 3 [COL_G_04] of D508 on F.Cu
    @(7.1150 mm, 43.0850 mm): Pad 3 [COL_G_04] of D536 on F.Cu
[unconnected_items]: Missing connection between items
    Local override; error
    @(7.1150 mm, 43.0850 mm): Pad 3 [COL_G_04] of D536 on F.Cu
    @(7.1150 mm, 45.2850 mm): Pad 3 [COL_G_04] of D564 on F.Cu
[unconnected_items]: Missing connection between items
    Local override; error
    @(7.1150 mm, 45.2850 mm): Pad 3 [COL_G_04] of D564 on F.Cu
    @(7.1150 mm, 47.4850 mm): Pad 3 [COL_G_04] of D592 on F.Cu
[unconnected_items]: Missing connection between items
    Local override; error
    @(7.1150 mm, 47.4850 mm): Pad 3 [COL_G_04] of D592 on F.Cu
    @(7.1150 mm, 49.6850 mm): Pad 3 [COL_G_04] of D620 on F.Cu
[unconnected_items]: Missing connection between items
    Local override; error
    @(7.1150 mm, 49.6850 mm): Pad 3 [COL_G_04] of D620 on F.Cu
    @(7.1150 mm, 51.8850 mm): Pad 3 [COL_G_04] of D648 on F.Cu
[unconnected_items]: Missing connection between items
    Local override; error
    @(7.1150 mm, 51.8850 mm): Pad 3 [COL_G_04] of D648 on F.Cu
    @(7.1150 mm, 54.0850 mm): Pad 3 [COL_G_04] of D676 on F.Cu
[unconnected_items]: Missing connection between items
    Local override; error
    @(7.1150 mm, 54.0850 mm): Pad 3 [COL_G_04] of D676 on F.Cu
    @(7.1150 mm, 56.2850 mm): Pad 3 [COL_G_04] of D704 on F.Cu
[unconnected_items]: Missing connection between items
    Local override; error
    @(7.1150 mm, 56.2850 mm): Pad 3 [COL_G_04] of D704 on F.Cu
    @(7.1150 mm, 58.4850 mm): Pad 3 [COL_G_04] of D732 on F.Cu
[unconnected_items]: Missing connection between items
    Local override; error
    @(7.1150 mm, 58.4850 mm): Pad 3 [COL_G_04] of D732 on F.Cu
    @(7.1150 mm, 60.6850 mm): Pad 3 [COL_G_04] of D760 on F.Cu
[unconnected_items]: Missing connection between items
    Local override; error
    @(7.1150 mm, 0.5150 mm): Pad 4 [COL_B_04] of D4 on F.Cu
    @(7.1150 mm, 2.7150 mm): Pad 4 [COL_B_04] of D32 on F.Cu
[unconnected_items]: Missing connection between items
    Local override; error
    @(7.1150 mm, 2.7150 mm): Pad 4 [COL_B_04] of D32 on F.Cu
    @(7.1150 mm, 4.9150 mm): Pad 4 [COL_B_04] of D60 on F.Cu
[unconnected_items]: Missing connection between items
    Local override; error
    @(7.1150 mm, 4.9150 mm): Pad 4 [COL_B_04] of D60 on F.Cu
    @(7.1150 mm, 7.1150 mm): Pad 4 [COL_B_04] of D88 on F.Cu
[unconnected_items]: Missing connection between items
    Local override; error
    @(7.1150 mm, 7.1150 mm): Pad 4 [COL_B_04] of D88 on F.Cu
    @(7.1150 mm, 9.3150 mm): Pad 4 [COL_B_04] of D116 on F.Cu
[unconnected_items]: Missing connection between items
    Local override; error
    @(7.1150 mm, 9.3150 mm): Pad 4 [COL_B_04] of D116 on F.Cu
    @(7.1150 mm, 11.5150 mm): Pad 4 [COL_B_04] of D144 on F.Cu
[unconnected_items]: Missing connection between items
    Local override; error
    @(7.1150 mm, 11.5150 mm): Pad 4 [COL_B_04] of D144 on F.Cu
    @(7.1150 mm, 13.7150 mm): Pad 4 [COL_B_04] of D172 on F.Cu
[unconnected_items]: Missing connection between items
    Local override; error
    @(7.1150 mm, 13.7150 mm): Pad 4 [COL_B_04] of D172 on F.Cu
    @(7.1150 mm, 15.9150 mm): Pad 4 [COL_B_04] of D200 on F.Cu
[unconnected_items]: Missing connection between items
    Local override; error
    @(7.1150 mm, 15.9150 mm): Pad 4 [COL_B_04] of D200 on F.Cu
    @(7.1150 mm, 18.1150 mm): Pad 4 [COL_B_04] of D228 on F.Cu
[unconnected_items]: Missing connection between items
    Local override; error
    @(7.1150 mm, 18.1150 mm): Pad 4 [COL_B_04] of D228 on F.Cu
    @(7.1150 mm, 20.3150 mm): Pad 4 [COL_B_04] of D256 on F.Cu
[unconnected_items]: Missing connection between items
    Local override; error
    @(7.1150 mm, 20.3150 mm): Pad 4 [COL_B_04] of D256 on F.Cu
    @(7.1150 mm, 22.5150 mm): Pad 4 [COL_B_04] of D284 on F.Cu
[unconnected_items]: Missing connection between items
    Local override; error
    @(7.1150 mm, 22.5150 mm): Pad 4 [COL_B_04] of D284 on F.Cu
    @(7.1150 mm, 24.7150 mm): Pad 4 [COL_B_04] of D312 on F.Cu
[unconnected_items]: Missing connection between items
    Local override; error
    @(7.1150 mm, 24.7150 mm): Pad 4 [COL_B_04] of D312 on F.Cu
    @(7.1150 mm, 26.9150 mm): Pad 4 [COL_B_04] of D340 on F.Cu
[unconnected_items]: Missing connection between items
    Local override; error
    @(7.1150 mm, 26.9150 mm): Pad 4 [COL_B_04] of D340 on F.Cu
    @(7.1150 mm, 29.1150 mm): Pad 4 [COL_B_04] of D368 on F.Cu
[unconnected_items]: Missing connection between items
    Local override; error
    @(7.1150 mm, 29.1150 mm): Pad 4 [COL_B_04] of D368 on F.Cu
    @(7.1150 mm, 31.3150 mm): Pad 4 [COL_B_04] of D396 on F.Cu
[unconnected_items]: Missing connection between items
    Local override; error
    @(7.1150 mm, 31.3150 mm): Pad 4 [COL_B_04] of D396 on F.Cu
    @(7.1150 mm, 33.5150 mm): Pad 4 [COL_B_04] of D424 on F.Cu
[unconnected_items]: Missing connection between items
    Local override; error
    @(7.1150 mm, 33.5150 mm): Pad 4 [COL_B_04] of D424 on F.Cu
    @(7.1150 mm, 35.7150 mm): Pad 4 [COL_B_04] of D452 on F.Cu
[unconnected_items]: Missing connection between items
    Local override; error
    @(7.1150 mm, 35.7150 mm): Pad 4 [COL_B_04] of D452 on F.Cu
    @(7.1150 mm, 37.9150 mm): Pad 4 [COL_B_04] of D480 on F.Cu
[unconnected_items]: Missing connection between items
    Local override; error
    @(7.1150 mm, 37.9150 mm): Pad 4 [COL_B_04] of D480 on F.Cu
    @(7.1150 mm, 40.1150 mm): Pad 4 [COL_B_04] of D508 on F.Cu
[unconnected_items]: Missing connection between items
    Local override; error
    @(7.1150 mm, 40.1150 mm): Pad 4 [COL_B_04] of D508 on F.Cu
    @(7.1150 mm, 42.3150 mm): Pad 4 [COL_B_04] of D536 on F.Cu
[unconnected_items]: Missing connection between items
    Local override; error
    @(7.1150 mm, 42.3150 mm): Pad 4 [COL_B_04] of D536 on F.Cu
    @(7.1150 mm, 44.5150 mm): Pad 4 [COL_B_04] of D564 on F.Cu
[unconnected_items]: Missing connection between items
    Local override; error
    @(7.1150 mm, 44.5150 mm): Pad 4 [COL_B_04] of D564 on F.Cu
    @(7.1150 mm, 46.7150 mm): Pad 4 [COL_B_04] of D592 on F.Cu
[unconnected_items]: Missing connection between items
    Local override; error
    @(7.1150 mm, 46.7150 mm): Pad 4 [COL_B_04] of D592 on F.Cu
    @(7.1150 mm, 48.9150 mm): Pad 4 [COL_B_04] of D620 on F.Cu
[unconnected_items]: Missing connection between items
    Local override; error
    @(7.1150 mm, 48.9150 mm): Pad 4 [COL_B_04] of D620 on F.Cu
    @(7.1150 mm, 51.1150 mm): Pad 4 [COL_B_04] of D648 on F.Cu
[unconnected_items]: Missing connection between items
    Local override; error
    @(7.1150 mm, 51.1150 mm): Pad 4 [COL_B_04] of D648 on F.Cu
    @(7.1150 mm, 53.3150 mm): Pad 4 [COL_B_04] of D676 on F.Cu
[unconnected_items]: Missing connection between items
    Local override; error
    @(7.1150 mm, 53.3150 mm): Pad 4 [COL_B_04] of D676 on F.Cu
    @(7.1150 mm, 55.5150 mm): Pad 4 [COL_B_04] of D704 on F.Cu
[unconnected_items]: Missing connection between items
    Local override; error
    @(7.1150 mm, 55.5150 mm): Pad 4 [COL_B_04] of D704 on F.Cu
    @(7.1150 mm, 57.7150 mm): Pad 4 [COL_B_04] of D732 on F.Cu
[unconnected_items]: Missing connection between items
    Local override; error
    @(7.1150 mm, 57.7150 mm): Pad 4 [COL_B_04] of D732 on F.Cu
    @(7.1150 mm, 59.9150 mm): Pad 4 [COL_B_04] of D760 on F.Cu
[unconnected_items]: Missing connection between items
    Local override; error
    @(1.2850 mm, 26.9150 mm): Pad 1 [ROW_13_ANODE] of D337 on F.Cu
    @(3.4850 mm, 26.9150 mm): Pad 1 [ROW_13_ANODE] of D338 on F.Cu
[unconnected_items]: Missing connection between items
    Local override; error
    @(3.4850 mm, 26.9150 mm): Pad 1 [ROW_13_ANODE] of D338 on F.Cu
    @(5.6850 mm, 26.9150 mm): Pad 1 [ROW_13_ANODE] of D339 on F.Cu
[unconnected_items]: Missing connection between items
    Local override; error
    @(5.6850 mm, 26.9150 mm): Pad 1 [ROW_13_ANODE] of D339 on F.Cu
    @(7.8850 mm, 26.9150 mm): Pad 1 [ROW_13_ANODE] of D340 on F.Cu
[unconnected_items]: Missing connection between items
    Local override; error
    @(7.8850 mm, 26.9150 mm): Pad 1 [ROW_13_ANODE] of D340 on F.Cu
    @(10.0850 mm, 26.9150 mm): Pad 1 [ROW_13_ANODE] of D341 on F.Cu
[unconnected_items]: Missing connection between items
    Local override; error
    @(10.0850 mm, 26.9150 mm): Pad 1 [ROW_13_ANODE] of D341 on F.Cu
    @(12.2850 mm, 26.9150 mm): Pad 1 [ROW_13_ANODE] of D342 on F.Cu
[unconnected_items]: Missing connection between items
    Local override; error
    @(12.2850 mm, 26.9150 mm): Pad 1 [ROW_13_ANODE] of D342 on F.Cu
    @(14.4850 mm, 26.9150 mm): Pad 1 [ROW_13_ANODE] of D343 on F.Cu
[unconnected_items]: Missing connection between items
    Local override; error
    @(14.4850 mm, 26.9150 mm): Pad 1 [ROW_13_ANODE] of D343 on F.Cu
    @(16.6850 mm, 26.9150 mm): Pad 1 [ROW_13_ANODE] of D344 on F.Cu
[unconnected_items]: Missing connection between items
    Local override; error
    @(16.6850 mm, 26.9150 mm): Pad 1 [ROW_13_ANODE] of D344 on F.Cu
    @(18.8850 mm, 26.9150 mm): Pad 1 [ROW_13_ANODE] of D345 on F.Cu
[unconnected_items]: Missing connection between items
    Local override; error
    @(18.8850 mm, 26.9150 mm): Pad 1 [ROW_13_ANODE] of D345 on F.Cu
    @(21.0850 mm, 26.9150 mm): Pad 1 [ROW_13_ANODE] of D346 on F.Cu
[unconnected_items]: Missing connection between items
    Local override; error
    @(21.0850 mm, 26.9150 mm): Pad 1 [ROW_13_ANODE] of D346 on F.Cu
    @(23.2850 mm, 26.9150 mm): Pad 1 [ROW_13_ANODE] of D347 on F.Cu
[unconnected_items]: Missing connection between items
    Local override; error
    @(23.2850 mm, 26.9150 mm): Pad 1 [ROW_13_ANODE] of D347 on F.Cu
    @(25.4850 mm, 26.9150 mm): Pad 1 [ROW_13_ANODE] of D348 on F.Cu
[unconnected_items]: Missing connection between items
    Local override; error
    @(25.4850 mm, 26.9150 mm): Pad 1 [ROW_13_ANODE] of D348 on F.Cu
    @(27.6850 mm, 26.9150 mm): Pad 1 [ROW_13_ANODE] of D349 on F.Cu
[unconnected_items]: Missing connection between items
    Local override; error
    @(27.6850 mm, 26.9150 mm): Pad 1 [ROW_13_ANODE] of D349 on F.Cu
    @(29.8850 mm, 26.9150 mm): Pad 1 [ROW_13_ANODE] of D350 on F.Cu
[unconnected_items]: Missing connection between items
    Local override; error
    @(29.8850 mm, 26.9150 mm): Pad 1 [ROW_13_ANODE] of D350 on F.Cu
    @(32.0850 mm, 26.9150 mm): Pad 1 [ROW_13_ANODE] of D351 on F.Cu
[unconnected_items]: Missing connection between items
    Local override; error
    @(32.0850 mm, 26.9150 mm): Pad 1 [ROW_13_ANODE] of D351 on F.Cu
    @(34.2850 mm, 26.9150 mm): Pad 1 [ROW_13_ANODE] of D352 on F.Cu
[unconnected_items]: Missing connection between items
    Local override; error
    @(34.2850 mm, 26.9150 mm): Pad 1 [ROW_13_ANODE] of D352 on F.Cu
    @(36.4850 mm, 26.9150 mm): Pad 1 [ROW_13_ANODE] of D353 on F.Cu
[unconnected_items]: Missing connection between items
    Local override; error
    @(36.4850 mm, 26.9150 mm): Pad 1 [ROW_13_ANODE] of D353 on F.Cu
    @(38.6850 mm, 26.9150 mm): Pad 1 [ROW_13_ANODE] of D354 on F.Cu
[unconnected_items]: Missing connection between items
    Local override; error
    @(38.6850 mm, 26.9150 mm): Pad 1 [ROW_13_ANODE] of D354 on F.Cu
    @(40.8850 mm, 26.9150 mm): Pad 1 [ROW_13_ANODE] of D355 on F.Cu
[unconnected_items]: Missing connection between items
    Local override; error
    @(40.8850 mm, 26.9150 mm): Pad 1 [ROW_13_ANODE] of D355 on F.Cu
    @(43.0850 mm, 26.9150 mm): Pad 1 [ROW_13_ANODE] of D356 on F.Cu
[unconnected_items]: Missing connection between items
    Local override; error
    @(43.0850 mm, 26.9150 mm): Pad 1 [ROW_13_ANODE] of D356 on F.Cu
    @(45.2850 mm, 26.9150 mm): Pad 1 [ROW_13_ANODE] of D357 on F.Cu
[unconnected_items]: Missing connection between items
    Local override; error
    @(45.2850 mm, 26.9150 mm): Pad 1 [ROW_13_ANODE] of D357 on F.Cu
    @(47.4850 mm, 26.9150 mm): Pad 1 [ROW_13_ANODE] of D358 on F.Cu
[unconnected_items]: Missing connection between items
    Local override; error
    @(47.4850 mm, 26.9150 mm): Pad 1 [ROW_13_ANODE] of D358 on F.Cu
    @(49.6850 mm, 26.9150 mm): Pad 1 [ROW_13_ANODE] of D359 on F.Cu
[unconnected_items]: Missing connection between items
    Local override; error
    @(49.6850 mm, 26.9150 mm): Pad 1 [ROW_13_ANODE] of D359 on F.Cu
    @(51.8850 mm, 26.9150 mm): Pad 1 [ROW_13_ANODE] of D360 on F.Cu
[unconnected_items]: Missing connection between items
    Local override; error
    @(51.8850 mm, 26.9150 mm): Pad 1 [ROW_13_ANODE] of D360 on F.Cu
    @(54.0850 mm, 26.9150 mm): Pad 1 [ROW_13_ANODE] of D361 on F.Cu
[unconnected_items]: Missing connection between items
    Local override; error
    @(54.0850 mm, 26.9150 mm): Pad 1 [ROW_13_ANODE] of D361 on F.Cu
    @(56.2850 mm, 26.9150 mm): Pad 1 [ROW_13_ANODE] of D362 on F.Cu
[unconnected_items]: Missing connection between items
    Local override; error
    @(56.2850 mm, 26.9150 mm): Pad 1 [ROW_13_ANODE] of D362 on F.Cu
    @(58.4850 mm, 26.9150 mm): Pad 1 [ROW_13_ANODE] of D363 on F.Cu
[unconnected_items]: Missing connection between items
    Local override; error
    @(58.4850 mm, 26.9150 mm): Pad 1 [ROW_13_ANODE] of D363 on F.Cu
    @(60.6850 mm, 26.9150 mm): Pad 1 [ROW_13_ANODE] of D364 on F.Cu
[unconnected_items]: Missing connection between items
    Local override; error
    @(10.0850 mm, 1.2850 mm): Pad 2 [COL_R_05] of D5 on F.Cu
    @(10.0850 mm, 3.4850 mm): Pad 2 [COL_R_05] of D33 on F.Cu
[unconnected_items]: Missing connection between items
    Local override; error
    @(10.0850 mm, 3.4850 mm): Pad 2 [COL_R_05] of D33 on F.Cu
    @(10.0850 mm, 5.6850 mm): Pad 2 [COL_R_05] of D61 on F.Cu
[unconnected_items]: Missing connection between items
    Local override; error
    @(10.0850 mm, 5.6850 mm): Pad 2 [COL_R_05] of D61 on F.Cu
    @(10.0850 mm, 7.8850 mm): Pad 2 [COL_R_05] of D89 on F.Cu
[unconnected_items]: Missing connection between items
    Local override; error
    @(10.0850 mm, 7.8850 mm): Pad 2 [COL_R_05] of D89 on F.Cu
    @(10.0850 mm, 10.0850 mm): Pad 2 [COL_R_05] of D117 on F.Cu
[unconnected_items]: Missing connection between items
    Local override; error
    @(10.0850 mm, 10.0850 mm): Pad 2 [COL_R_05] of D117 on F.Cu
    @(10.0850 mm, 12.2850 mm): Pad 2 [COL_R_05] of D145 on F.Cu
[unconnected_items]: Missing connection between items
    Local override; error
    @(10.0850 mm, 12.2850 mm): Pad 2 [COL_R_05] of D145 on F.Cu
    @(10.0850 mm, 14.4850 mm): Pad 2 [COL_R_05] of D173 on F.Cu
[unconnected_items]: Missing connection between items
    Local override; error
    @(10.0850 mm, 14.4850 mm): Pad 2 [COL_R_05] of D173 on F.Cu
    @(10.0850 mm, 16.6850 mm): Pad 2 [COL_R_05] of D201 on F.Cu
[unconnected_items]: Missing connection between items
    Local override; error
    @(10.0850 mm, 16.6850 mm): Pad 2 [COL_R_05] of D201 on F.Cu
    @(10.0850 mm, 18.8850 mm): Pad 2 [COL_R_05] of D229 on F.Cu
[unconnected_items]: Missing connection between items
    Local override; error
    @(10.0850 mm, 18.8850 mm): Pad 2 [COL_R_05] of D229 on F.Cu
    @(10.0850 mm, 21.0850 mm): Pad 2 [COL_R_05] of D257 on F.Cu
[unconnected_items]: Missing connection between items
    Local override; error
    @(10.0850 mm, 21.0850 mm): Pad 2 [COL_R_05] of D257 on F.Cu
    @(10.0850 mm, 23.2850 mm): Pad 2 [COL_R_05] of D285 on F.Cu
[unconnected_items]: Missing connection between items
    Local override; error
    @(10.0850 mm, 23.2850 mm): Pad 2 [COL_R_05] of D285 on F.Cu
    @(10.0850 mm, 25.4850 mm): Pad 2 [COL_R_05] of D313 on F.Cu
[unconnected_items]: Missing connection between items
    Local override; error
    @(10.0850 mm, 25.4850 mm): Pad 2 [COL_R_05] of D313 on F.Cu
    @(10.0850 mm, 27.6850 mm): Pad 2 [COL_R_05] of D341 on F.Cu
[unconnected_items]: Missing connection between items
    Local override; error
    @(10.0850 mm, 27.6850 mm): Pad 2 [COL_R_05] of D341 on F.Cu
    @(10.0850 mm, 29.8850 mm): Pad 2 [COL_R_05] of D369 on F.Cu
[unconnected_items]: Missing connection between items
    Local override; error
    @(10.0850 mm, 29.8850 mm): Pad 2 [COL_R_05] of D369 on F.Cu
    @(10.0850 mm, 32.0850 mm): Pad 2 [COL_R_05] of D397 on F.Cu
[unconnected_items]: Missing connection between items
    Local override; error
    @(10.0850 mm, 32.0850 mm): Pad 2 [COL_R_05] of D397 on F.Cu
    @(10.0850 mm, 34.2850 mm): Pad 2 [COL_R_05] of D425 on F.Cu
[unconnected_items]: Missing connection between items
    Local override; error
    @(10.0850 mm, 34.2850 mm): Pad 2 [COL_R_05] of D425 on F.Cu
    @(10.0850 mm, 36.4850 mm): Pad 2 [COL_R_05] of D453 on F.Cu
[unconnected_items]: Missing connection between items
    Local override; error
    @(10.0850 mm, 36.4850 mm): Pad 2 [COL_R_05] of D453 on F.Cu
    @(10.0850 mm, 38.6850 mm): Pad 2 [COL_R_05] of D481 on F.Cu
[unconnected_items]: Missing connection between items
    Local override; error
    @(10.0850 mm, 38.6850 mm): Pad 2 [COL_R_05] of D481 on F.Cu
    @(10.0850 mm, 40.8850 mm): Pad 2 [COL_R_05] of D509 on F.Cu
[unconnected_items]: Missing connection between items
    Local override; error
    @(10.0850 mm, 40.8850 mm): Pad 2 [COL_R_05] of D509 on F.Cu
    @(10.0850 mm, 43.0850 mm): Pad 2 [COL_R_05] of D537 on F.Cu
[unconnected_items]: Missing connection between items
    Local override; error
    @(10.0850 mm, 43.0850 mm): Pad 2 [COL_R_05] of D537 on F.Cu
    @(10.0850 mm, 45.2850 mm): Pad 2 [COL_R_05] of D565 on F.Cu
[unconnected_items]: Missing connection between items
    Local override; error
    @(10.0850 mm, 45.2850 mm): Pad 2 [COL_R_05] of D565 on F.Cu
    @(10.0850 mm, 47.4850 mm): Pad 2 [COL_R_05] of D593 on F.Cu
[unconnected_items]: Missing connection between items
    Local override; error
    @(10.0850 mm, 47.4850 mm): Pad 2 [COL_R_05] of D593 on F.Cu
    @(10.0850 mm, 49.6850 mm): Pad 2 [COL_R_05] of D621 on F.Cu
[unconnected_items]: Missing connection between items
    Local override; error
    @(10.0850 mm, 49.6850 mm): Pad 2 [COL_R_05] of D621 on F.Cu
    @(10.0850 mm, 51.8850 mm): Pad 2 [COL_R_05] of D649 on F.Cu
[unconnected_items]: Missing connection between items
    Local override; error
    @(10.0850 mm, 51.8850 mm): Pad 2 [COL_R_05] of D649 on F.Cu
    @(10.0850 mm, 54.0850 mm): Pad 2 [COL_R_05] of D677 on F.Cu
[unconnected_items]: Missing connection between items
    Local override; error
    @(10.0850 mm, 54.0850 mm): Pad 2 [COL_R_05] of D677 on F.Cu
    @(10.0850 mm, 56.2850 mm): Pad 2 [COL_R_05] of D705 on F.Cu
[unconnected_items]: Missing connection between items
    Local override; error
    @(10.0850 mm, 56.2850 mm): Pad 2 [COL_R_05] of D705 on F.Cu
    @(10.0850 mm, 58.4850 mm): Pad 2 [COL_R_05] of D733 on F.Cu
[unconnected_items]: Missing connection between items
    Local override; error
    @(10.0850 mm, 58.4850 mm): Pad 2 [COL_R_05] of D733 on F.Cu
    @(10.0850 mm, 60.6850 mm): Pad 2 [COL_R_05] of D761 on F.Cu
[unconnected_items]: Missing connection between items
    Local override; error
    @(9.3150 mm, 1.2850 mm): Pad 3 [COL_G_05] of D5 on F.Cu
    @(9.3150 mm, 3.4850 mm): Pad 3 [COL_G_05] of D33 on F.Cu
[unconnected_items]: Missing connection between items
    Local override; error
    @(9.3150 mm, 3.4850 mm): Pad 3 [COL_G_05] of D33 on F.Cu
    @(9.3150 mm, 5.6850 mm): Pad 3 [COL_G_05] of D61 on F.Cu
[unconnected_items]: Missing connection between items
    Local override; error
    @(9.3150 mm, 5.6850 mm): Pad 3 [COL_G_05] of D61 on F.Cu
    @(9.3150 mm, 7.8850 mm): Pad 3 [COL_G_05] of D89 on F.Cu
[unconnected_items]: Missing connection between items
    Local override; error
    @(9.3150 mm, 7.8850 mm): Pad 3 [COL_G_05] of D89 on F.Cu
    @(9.3150 mm, 10.0850 mm): Pad 3 [COL_G_05] of D117 on F.Cu
[unconnected_items]: Missing connection between items
    Local override; error
    @(9.3150 mm, 10.0850 mm): Pad 3 [COL_G_05] of D117 on F.Cu
    @(9.3150 mm, 12.2850 mm): Pad 3 [COL_G_05] of D145 on F.Cu
[unconnected_items]: Missing connection between items
    Local override; error
    @(9.3150 mm, 12.2850 mm): Pad 3 [COL_G_05] of D145 on F.Cu
    @(9.3150 mm, 14.4850 mm): Pad 3 [COL_G_05] of D173 on F.Cu
[unconnected_items]: Missing connection between items
    Local override; error
    @(9.3150 mm, 14.4850 mm): Pad 3 [COL_G_05] of D173 on F.Cu
    @(9.3150 mm, 16.6850 mm): Pad 3 [COL_G_05] of D201 on F.Cu
[unconnected_items]: Missing connection between items
    Local override; error
    @(9.3150 mm, 16.6850 mm): Pad 3 [COL_G_05] of D201 on F.Cu
    @(9.3150 mm, 18.8850 mm): Pad 3 [COL_G_05] of D229 on F.Cu
[unconnected_items]: Missing connection between items
    Local override; error
    @(9.3150 mm, 18.8850 mm): Pad 3 [COL_G_05] of D229 on F.Cu
    @(9.3150 mm, 21.0850 mm): Pad 3 [COL_G_05] of D257 on F.Cu
[unconnected_items]: Missing connection between items
    Local override; error
    @(9.3150 mm, 21.0850 mm): Pad 3 [COL_G_05] of D257 on F.Cu
    @(9.3150 mm, 23.2850 mm): Pad 3 [COL_G_05] of D285 on F.Cu
[unconnected_items]: Missing connection between items
    Local override; error
    @(9.3150 mm, 23.2850 mm): Pad 3 [COL_G_05] of D285 on F.Cu
    @(9.3150 mm, 25.4850 mm): Pad 3 [COL_G_05] of D313 on F.Cu
[unconnected_items]: Missing connection between items
    Local override; error
    @(9.3150 mm, 25.4850 mm): Pad 3 [COL_G_05] of D313 on F.Cu
    @(9.3150 mm, 27.6850 mm): Pad 3 [COL_G_05] of D341 on F.Cu
[unconnected_items]: Missing connection between items
    Local override; error
    @(9.3150 mm, 27.6850 mm): Pad 3 [COL_G_05] of D341 on F.Cu
    @(9.3150 mm, 29.8850 mm): Pad 3 [COL_G_05] of D369 on F.Cu
[unconnected_items]: Missing connection between items
    Local override; error
    @(9.3150 mm, 29.8850 mm): Pad 3 [COL_G_05] of D369 on F.Cu
    @(9.3150 mm, 32.0850 mm): Pad 3 [COL_G_05] of D397 on F.Cu
[unconnected_items]: Missing connection between items
    Local override; error
    @(9.3150 mm, 32.0850 mm): Pad 3 [COL_G_05] of D397 on F.Cu
    @(9.3150 mm, 34.2850 mm): Pad 3 [COL_G_05] of D425 on F.Cu
[unconnected_items]: Missing connection between items
    Local override; error
    @(9.3150 mm, 34.2850 mm): Pad 3 [COL_G_05] of D425 on F.Cu
    @(9.3150 mm, 36.4850 mm): Pad 3 [COL_G_05] of D453 on F.Cu
[unconnected_items]: Missing connection between items
    Local override; error
    @(9.3150 mm, 36.4850 mm): Pad 3 [COL_G_05] of D453 on F.Cu
    @(9.3150 mm, 38.6850 mm): Pad 3 [COL_G_05] of D481 on F.Cu
[unconnected_items]: Missing connection between items
    Local override; error
    @(9.3150 mm, 38.6850 mm): Pad 3 [COL_G_05] of D481 on F.Cu
    @(9.3150 mm, 40.8850 mm): Pad 3 [COL_G_05] of D509 on F.Cu
[unconnected_items]: Missing connection between items
    Local override; error
    @(9.3150 mm, 40.8850 mm): Pad 3 [COL_G_05] of D509 on F.Cu
    @(9.3150 mm, 43.0850 mm): Pad 3 [COL_G_05] of D537 on F.Cu
[unconnected_items]: Missing connection between items
    Local override; error
    @(9.3150 mm, 43.0850 mm): Pad 3 [COL_G_05] of D537 on F.Cu
    @(9.3150 mm, 45.2850 mm): Pad 3 [COL_G_05] of D565 on F.Cu
[unconnected_items]: Missing connection between items
    Local override; error
    @(9.3150 mm, 45.2850 mm): Pad 3 [COL_G_05] of D565 on F.Cu
    @(9.3150 mm, 47.4850 mm): Pad 3 [COL_G_05] of D593 on F.Cu
[unconnected_items]: Missing connection between items
    Local override; error
    @(9.3150 mm, 47.4850 mm): Pad 3 [COL_G_05] of D593 on F.Cu
    @(9.3150 mm, 49.6850 mm): Pad 3 [COL_G_05] of D621 on F.Cu
[unconnected_items]: Missing connection between items
    Local override; error
    @(9.3150 mm, 49.6850 mm): Pad 3 [COL_G_05] of D621 on F.Cu
    @(9.3150 mm, 51.8850 mm): Pad 3 [COL_G_05] of D649 on F.Cu
[unconnected_items]: Missing connection between items
    Local override; error
    @(9.3150 mm, 51.8850 mm): Pad 3 [COL_G_05] of D649 on F.Cu
    @(9.3150 mm, 54.0850 mm): Pad 3 [COL_G_05] of D677 on F.Cu
[unconnected_items]: Missing connection between items
    Local override; error
    @(9.3150 mm, 54.0850 mm): Pad 3 [COL_G_05] of D677 on F.Cu
    @(9.3150 mm, 56.2850 mm): Pad 3 [COL_G_05] of D705 on F.Cu
[unconnected_items]: Missing connection between items
    Local override; error
    @(9.3150 mm, 56.2850 mm): Pad 3 [COL_G_05] of D705 on F.Cu
    @(9.3150 mm, 58.4850 mm): Pad 3 [COL_G_05] of D733 on F.Cu
[unconnected_items]: Missing connection between items
    Local override; error
    @(9.3150 mm, 58.4850 mm): Pad 3 [COL_G_05] of D733 on F.Cu
    @(9.3150 mm, 60.6850 mm): Pad 3 [COL_G_05] of D761 on F.Cu
[unconnected_items]: Missing connection between items
    Local override; error
    @(9.3150 mm, 0.5150 mm): Pad 4 [COL_B_05] of D5 on F.Cu
    @(9.3150 mm, 2.7150 mm): Pad 4 [COL_B_05] of D33 on F.Cu
[unconnected_items]: Missing connection between items
    Local override; error
    @(9.3150 mm, 2.7150 mm): Pad 4 [COL_B_05] of D33 on F.Cu
    @(9.3150 mm, 4.9150 mm): Pad 4 [COL_B_05] of D61 on F.Cu
[unconnected_items]: Missing connection between items
    Local override; error
    @(9.3150 mm, 4.9150 mm): Pad 4 [COL_B_05] of D61 on F.Cu
    @(9.3150 mm, 7.1150 mm): Pad 4 [COL_B_05] of D89 on F.Cu
[unconnected_items]: Missing connection between items
    Local override; error
    @(9.3150 mm, 7.1150 mm): Pad 4 [COL_B_05] of D89 on F.Cu
    @(9.3150 mm, 9.3150 mm): Pad 4 [COL_B_05] of D117 on F.Cu
[unconnected_items]: Missing connection between items
    Local override; error
    @(9.3150 mm, 9.3150 mm): Pad 4 [COL_B_05] of D117 on F.Cu
    @(9.3150 mm, 11.5150 mm): Pad 4 [COL_B_05] of D145 on F.Cu
[unconnected_items]: Missing connection between items
    Local override; error
    @(9.3150 mm, 11.5150 mm): Pad 4 [COL_B_05] of D145 on F.Cu
    @(9.3150 mm, 13.7150 mm): Pad 4 [COL_B_05] of D173 on F.Cu
[unconnected_items]: Missing connection between items
    Local override; error
    @(9.3150 mm, 13.7150 mm): Pad 4 [COL_B_05] of D173 on F.Cu
    @(9.3150 mm, 15.9150 mm): Pad 4 [COL_B_05] of D201 on F.Cu
[unconnected_items]: Missing connection between items
    Local override; error
    @(9.3150 mm, 15.9150 mm): Pad 4 [COL_B_05] of D201 on F.Cu
    @(9.3150 mm, 18.1150 mm): Pad 4 [COL_B_05] of D229 on F.Cu
[unconnected_items]: Missing connection between items
    Local override; error
    @(9.3150 mm, 18.1150 mm): Pad 4 [COL_B_05] of D229 on F.Cu
    @(9.3150 mm, 20.3150 mm): Pad 4 [COL_B_05] of D257 on F.Cu
[unconnected_items]: Missing connection between items
    Local override; error
    @(9.3150 mm, 20.3150 mm): Pad 4 [COL_B_05] of D257 on F.Cu
    @(9.3150 mm, 22.5150 mm): Pad 4 [COL_B_05] of D285 on F.Cu
[unconnected_items]: Missing connection between items
    Local override; error
    @(9.3150 mm, 22.5150 mm): Pad 4 [COL_B_05] of D285 on F.Cu
    @(9.3150 mm, 24.7150 mm): Pad 4 [COL_B_05] of D313 on F.Cu
[unconnected_items]: Missing connection between items
    Local override; error
    @(9.3150 mm, 24.7150 mm): Pad 4 [COL_B_05] of D313 on F.Cu
    @(9.3150 mm, 26.9150 mm): Pad 4 [COL_B_05] of D341 on F.Cu
[unconnected_items]: Missing connection between items
    Local override; error
    @(9.3150 mm, 26.9150 mm): Pad 4 [COL_B_05] of D341 on F.Cu
    @(9.3150 mm, 29.1150 mm): Pad 4 [COL_B_05] of D369 on F.Cu
[unconnected_items]: Missing connection between items
    Local override; error
    @(9.3150 mm, 29.1150 mm): Pad 4 [COL_B_05] of D369 on F.Cu
    @(9.3150 mm, 31.3150 mm): Pad 4 [COL_B_05] of D397 on F.Cu
[unconnected_items]: Missing connection between items
    Local override; error
    @(9.3150 mm, 31.3150 mm): Pad 4 [COL_B_05] of D397 on F.Cu
    @(9.3150 mm, 33.5150 mm): Pad 4 [COL_B_05] of D425 on F.Cu
[unconnected_items]: Missing connection between items
    Local override; error
    @(9.3150 mm, 33.5150 mm): Pad 4 [COL_B_05] of D425 on F.Cu
    @(9.3150 mm, 35.7150 mm): Pad 4 [COL_B_05] of D453 on F.Cu
[unconnected_items]: Missing connection between items
    Local override; error
    @(9.3150 mm, 35.7150 mm): Pad 4 [COL_B_05] of D453 on F.Cu
    @(9.3150 mm, 37.9150 mm): Pad 4 [COL_B_05] of D481 on F.Cu
[unconnected_items]: Missing connection between items
    Local override; error
    @(9.3150 mm, 37.9150 mm): Pad 4 [COL_B_05] of D481 on F.Cu
    @(9.3150 mm, 40.1150 mm): Pad 4 [COL_B_05] of D509 on F.Cu
[unconnected_items]: Missing connection between items
    Local override; error
    @(9.3150 mm, 40.1150 mm): Pad 4 [COL_B_05] of D509 on F.Cu
    @(9.3150 mm, 42.3150 mm): Pad 4 [COL_B_05] of D537 on F.Cu
[unconnected_items]: Missing connection between items
    Local override; error
    @(9.3150 mm, 42.3150 mm): Pad 4 [COL_B_05] of D537 on F.Cu
    @(9.3150 mm, 44.5150 mm): Pad 4 [COL_B_05] of D565 on F.Cu
[unconnected_items]: Missing connection between items
    Local override; error
    @(9.3150 mm, 44.5150 mm): Pad 4 [COL_B_05] of D565 on F.Cu
    @(9.3150 mm, 46.7150 mm): Pad 4 [COL_B_05] of D593 on F.Cu
[unconnected_items]: Missing connection between items
    Local override; error
    @(9.3150 mm, 46.7150 mm): Pad 4 [COL_B_05] of D593 on F.Cu
    @(9.3150 mm, 48.9150 mm): Pad 4 [COL_B_05] of D621 on F.Cu
[unconnected_items]: Missing connection between items
    Local override; error
    @(9.3150 mm, 48.9150 mm): Pad 4 [COL_B_05] of D621 on F.Cu
    @(9.3150 mm, 51.1150 mm): Pad 4 [COL_B_05] of D649 on F.Cu
[unconnected_items]: Missing connection between items
    Local override; error
    @(9.3150 mm, 51.1150 mm): Pad 4 [COL_B_05] of D649 on F.Cu
    @(9.3150 mm, 53.3150 mm): Pad 4 [COL_B_05] of D677 on F.Cu
[unconnected_items]: Missing connection between items
    Local override; error
    @(9.3150 mm, 53.3150 mm): Pad 4 [COL_B_05] of D677 on F.Cu
    @(9.3150 mm, 55.5150 mm): Pad 4 [COL_B_05] of D705 on F.Cu
[unconnected_items]: Missing connection between items
    Local override; error
    @(9.3150 mm, 55.5150 mm): Pad 4 [COL_B_05] of D705 on F.Cu
    @(9.3150 mm, 57.7150 mm): Pad 4 [COL_B_05] of D733 on F.Cu
[unconnected_items]: Missing connection between items
    Local override; error
    @(9.3150 mm, 57.7150 mm): Pad 4 [COL_B_05] of D733 on F.Cu
    @(9.3150 mm, 59.9150 mm): Pad 4 [COL_B_05] of D761 on F.Cu
[unconnected_items]: Missing connection between items
    Local override; error
    @(1.2850 mm, 37.9150 mm): Pad 1 [ROW_18_ANODE] of D477 on F.Cu
    @(3.4850 mm, 37.9150 mm): Pad 1 [ROW_18_ANODE] of D478 on F.Cu
[unconnected_items]: Missing connection between items
    Local override; error
    @(3.4850 mm, 37.9150 mm): Pad 1 [ROW_18_ANODE] of D478 on F.Cu
    @(5.6850 mm, 37.9150 mm): Pad 1 [ROW_18_ANODE] of D479 on F.Cu
[unconnected_items]: Missing connection between items
    Local override; error
    @(5.6850 mm, 37.9150 mm): Pad 1 [ROW_18_ANODE] of D479 on F.Cu
    @(7.8850 mm, 37.9150 mm): Pad 1 [ROW_18_ANODE] of D480 on F.Cu
[unconnected_items]: Missing connection between items
    Local override; error
    @(7.8850 mm, 37.9150 mm): Pad 1 [ROW_18_ANODE] of D480 on F.Cu
    @(10.0850 mm, 37.9150 mm): Pad 1 [ROW_18_ANODE] of D481 on F.Cu
[unconnected_items]: Missing connection between items
    Local override; error
    @(10.0850 mm, 37.9150 mm): Pad 1 [ROW_18_ANODE] of D481 on F.Cu
    @(12.2850 mm, 37.9150 mm): Pad 1 [ROW_18_ANODE] of D482 on F.Cu
[unconnected_items]: Missing connection between items
    Local override; error
    @(12.2850 mm, 37.9150 mm): Pad 1 [ROW_18_ANODE] of D482 on F.Cu
    @(14.4850 mm, 37.9150 mm): Pad 1 [ROW_18_ANODE] of D483 on F.Cu
[unconnected_items]: Missing connection between items
    Local override; error
    @(14.4850 mm, 37.9150 mm): Pad 1 [ROW_18_ANODE] of D483 on F.Cu
    @(16.6850 mm, 37.9150 mm): Pad 1 [ROW_18_ANODE] of D484 on F.Cu
[unconnected_items]: Missing connection between items
    Local override; error
    @(16.6850 mm, 37.9150 mm): Pad 1 [ROW_18_ANODE] of D484 on F.Cu
    @(18.8850 mm, 37.9150 mm): Pad 1 [ROW_18_ANODE] of D485 on F.Cu
[unconnected_items]: Missing connection between items
    Local override; error
    @(18.8850 mm, 37.9150 mm): Pad 1 [ROW_18_ANODE] of D485 on F.Cu
    @(21.0850 mm, 37.9150 mm): Pad 1 [ROW_18_ANODE] of D486 on F.Cu
[unconnected_items]: Missing connection between items
    Local override; error
    @(21.0850 mm, 37.9150 mm): Pad 1 [ROW_18_ANODE] of D486 on F.Cu
    @(23.2850 mm, 37.9150 mm): Pad 1 [ROW_18_ANODE] of D487 on F.Cu
[unconnected_items]: Missing connection between items
    Local override; error
    @(23.2850 mm, 37.9150 mm): Pad 1 [ROW_18_ANODE] of D487 on F.Cu
    @(25.4850 mm, 37.9150 mm): Pad 1 [ROW_18_ANODE] of D488 on F.Cu
[unconnected_items]: Missing connection between items
    Local override; error
    @(25.4850 mm, 37.9150 mm): Pad 1 [ROW_18_ANODE] of D488 on F.Cu
    @(27.6850 mm, 37.9150 mm): Pad 1 [ROW_18_ANODE] of D489 on F.Cu
[unconnected_items]: Missing connection between items
    Local override; error
    @(27.6850 mm, 37.9150 mm): Pad 1 [ROW_18_ANODE] of D489 on F.Cu
    @(29.8850 mm, 37.9150 mm): Pad 1 [ROW_18_ANODE] of D490 on F.Cu
[unconnected_items]: Missing connection between items
    Local override; error
    @(29.8850 mm, 37.9150 mm): Pad 1 [ROW_18_ANODE] of D490 on F.Cu
    @(32.0850 mm, 37.9150 mm): Pad 1 [ROW_18_ANODE] of D491 on F.Cu
[unconnected_items]: Missing connection between items
    Local override; error
    @(32.0850 mm, 37.9150 mm): Pad 1 [ROW_18_ANODE] of D491 on F.Cu
    @(34.2850 mm, 37.9150 mm): Pad 1 [ROW_18_ANODE] of D492 on F.Cu
[unconnected_items]: Missing connection between items
    Local override; error
    @(34.2850 mm, 37.9150 mm): Pad 1 [ROW_18_ANODE] of D492 on F.Cu
    @(36.4850 mm, 37.9150 mm): Pad 1 [ROW_18_ANODE] of D493 on F.Cu
[unconnected_items]: Missing connection between items
    Local override; error
    @(36.4850 mm, 37.9150 mm): Pad 1 [ROW_18_ANODE] of D493 on F.Cu
    @(38.6850 mm, 37.9150 mm): Pad 1 [ROW_18_ANODE] of D494 on F.Cu
[unconnected_items]: Missing connection between items
    Local override; error
    @(38.6850 mm, 37.9150 mm): Pad 1 [ROW_18_ANODE] of D494 on F.Cu
    @(40.8850 mm, 37.9150 mm): Pad 1 [ROW_18_ANODE] of D495 on F.Cu
[unconnected_items]: Missing connection between items
    Local override; error
    @(40.8850 mm, 37.9150 mm): Pad 1 [ROW_18_ANODE] of D495 on F.Cu
    @(43.0850 mm, 37.9150 mm): Pad 1 [ROW_18_ANODE] of D496 on F.Cu
[unconnected_items]: Missing connection between items
    Local override; error
    @(43.0850 mm, 37.9150 mm): Pad 1 [ROW_18_ANODE] of D496 on F.Cu
    @(45.2850 mm, 37.9150 mm): Pad 1 [ROW_18_ANODE] of D497 on F.Cu
[unconnected_items]: Missing connection between items
    Local override; error
    @(45.2850 mm, 37.9150 mm): Pad 1 [ROW_18_ANODE] of D497 on F.Cu
    @(47.4850 mm, 37.9150 mm): Pad 1 [ROW_18_ANODE] of D498 on F.Cu
[unconnected_items]: Missing connection between items
    Local override; error
    @(47.4850 mm, 37.9150 mm): Pad 1 [ROW_18_ANODE] of D498 on F.Cu
    @(49.6850 mm, 37.9150 mm): Pad 1 [ROW_18_ANODE] of D499 on F.Cu
[unconnected_items]: Missing connection between items
    Local override; error
    @(49.6850 mm, 37.9150 mm): Pad 1 [ROW_18_ANODE] of D499 on F.Cu
    @(51.8850 mm, 37.9150 mm): Pad 1 [ROW_18_ANODE] of D500 on F.Cu
[unconnected_items]: Missing connection between items
    Local override; error
    @(51.8850 mm, 37.9150 mm): Pad 1 [ROW_18_ANODE] of D500 on F.Cu
    @(54.0850 mm, 37.9150 mm): Pad 1 [ROW_18_ANODE] of D501 on F.Cu
[unconnected_items]: Missing connection between items
    Local override; error
    @(54.0850 mm, 37.9150 mm): Pad 1 [ROW_18_ANODE] of D501 on F.Cu
    @(56.2850 mm, 37.9150 mm): Pad 1 [ROW_18_ANODE] of D502 on F.Cu
[unconnected_items]: Missing connection between items
    Local override; error
    @(56.2850 mm, 37.9150 mm): Pad 1 [ROW_18_ANODE] of D502 on F.Cu
    @(58.4850 mm, 37.9150 mm): Pad 1 [ROW_18_ANODE] of D503 on F.Cu
[unconnected_items]: Missing connection between items
    Local override; error
    @(58.4850 mm, 37.9150 mm): Pad 1 [ROW_18_ANODE] of D503 on F.Cu
    @(60.6850 mm, 37.9150 mm): Pad 1 [ROW_18_ANODE] of D504 on F.Cu
[unconnected_items]: Missing connection between items
    Local override; error
    @(25.4850 mm, 1.2850 mm): Pad 2 [COL_R_12] of D12 on F.Cu
    @(25.4850 mm, 3.4850 mm): Pad 2 [COL_R_12] of D40 on F.Cu
[unconnected_items]: Missing connection between items
    Local override; error
    @(25.4850 mm, 3.4850 mm): Pad 2 [COL_R_12] of D40 on F.Cu
    @(25.4850 mm, 5.6850 mm): Pad 2 [COL_R_12] of D68 on F.Cu
[unconnected_items]: Missing connection between items
    Local override; error
    @(25.4850 mm, 5.6850 mm): Pad 2 [COL_R_12] of D68 on F.Cu
    @(25.4850 mm, 7.8850 mm): Pad 2 [COL_R_12] of D96 on F.Cu
[unconnected_items]: Missing connection between items
    Local override; error
    @(25.4850 mm, 7.8850 mm): Pad 2 [COL_R_12] of D96 on F.Cu
    @(25.4850 mm, 10.0850 mm): Pad 2 [COL_R_12] of D124 on F.Cu
[unconnected_items]: Missing connection between items
    Local override; error
    @(25.4850 mm, 10.0850 mm): Pad 2 [COL_R_12] of D124 on F.Cu
    @(25.4850 mm, 12.2850 mm): Pad 2 [COL_R_12] of D152 on F.Cu
[unconnected_items]: Missing connection between items
    Local override; error
    @(25.4850 mm, 12.2850 mm): Pad 2 [COL_R_12] of D152 on F.Cu
    @(25.4850 mm, 14.4850 mm): Pad 2 [COL_R_12] of D180 on F.Cu
[unconnected_items]: Missing connection between items
    Local override; error
    @(25.4850 mm, 14.4850 mm): Pad 2 [COL_R_12] of D180 on F.Cu
    @(25.4850 mm, 16.6850 mm): Pad 2 [COL_R_12] of D208 on F.Cu
[unconnected_items]: Missing connection between items
    Local override; error
    @(25.4850 mm, 16.6850 mm): Pad 2 [COL_R_12] of D208 on F.Cu
    @(25.4850 mm, 18.8850 mm): Pad 2 [COL_R_12] of D236 on F.Cu
[unconnected_items]: Missing connection between items
    Local override; error
    @(25.4850 mm, 18.8850 mm): Pad 2 [COL_R_12] of D236 on F.Cu
    @(25.4850 mm, 21.0850 mm): Pad 2 [COL_R_12] of D264 on F.Cu
[unconnected_items]: Missing connection between items
    Local override; error
    @(25.4850 mm, 21.0850 mm): Pad 2 [COL_R_12] of D264 on F.Cu
    @(25.4850 mm, 23.2850 mm): Pad 2 [COL_R_12] of D292 on F.Cu
[unconnected_items]: Missing connection between items
    Local override; error
    @(25.4850 mm, 23.2850 mm): Pad 2 [COL_R_12] of D292 on F.Cu
    @(25.4850 mm, 25.4850 mm): Pad 2 [COL_R_12] of D320 on F.Cu
[unconnected_items]: Missing connection between items
    Local override; error
    @(25.4850 mm, 25.4850 mm): Pad 2 [COL_R_12] of D320 on F.Cu
    @(25.4850 mm, 27.6850 mm): Pad 2 [COL_R_12] of D348 on F.Cu
[unconnected_items]: Missing connection between items
    Local override; error
    @(25.4850 mm, 27.6850 mm): Pad 2 [COL_R_12] of D348 on F.Cu
    @(25.4850 mm, 29.8850 mm): Pad 2 [COL_R_12] of D376 on F.Cu
[unconnected_items]: Missing connection between items
    Local override; error
    @(25.4850 mm, 29.8850 mm): Pad 2 [COL_R_12] of D376 on F.Cu
    @(25.4850 mm, 32.0850 mm): Pad 2 [COL_R_12] of D404 on F.Cu
[unconnected_items]: Missing connection between items
    Local override; error
    @(25.4850 mm, 32.0850 mm): Pad 2 [COL_R_12] of D404 on F.Cu
    @(25.4850 mm, 34.2850 mm): Pad 2 [COL_R_12] of D432 on F.Cu
[unconnected_items]: Missing connection between items
    Local override; error
    @(25.4850 mm, 34.2850 mm): Pad 2 [COL_R_12] of D432 on F.Cu
    @(25.4850 mm, 36.4850 mm): Pad 2 [COL_R_12] of D460 on F.Cu
[unconnected_items]: Missing connection between items
    Local override; error
    @(25.4850 mm, 36.4850 mm): Pad 2 [COL_R_12] of D460 on F.Cu
    @(25.4850 mm, 38.6850 mm): Pad 2 [COL_R_12] of D488 on F.Cu
[unconnected_items]: Missing connection between items
    Local override; error
    @(25.4850 mm, 38.6850 mm): Pad 2 [COL_R_12] of D488 on F.Cu
    @(25.4850 mm, 40.8850 mm): Pad 2 [COL_R_12] of D516 on F.Cu
[unconnected_items]: Missing connection between items
    Local override; error
    @(25.4850 mm, 40.8850 mm): Pad 2 [COL_R_12] of D516 on F.Cu
    @(25.4850 mm, 43.0850 mm): Pad 2 [COL_R_12] of D544 on F.Cu
[unconnected_items]: Missing connection between items
    Local override; error
    @(25.4850 mm, 43.0850 mm): Pad 2 [COL_R_12] of D544 on F.Cu
    @(25.4850 mm, 45.2850 mm): Pad 2 [COL_R_12] of D572 on F.Cu
[unconnected_items]: Missing connection between items
    Local override; error
    @(25.4850 mm, 45.2850 mm): Pad 2 [COL_R_12] of D572 on F.Cu
    @(25.4850 mm, 47.4850 mm): Pad 2 [COL_R_12] of D600 on F.Cu
[unconnected_items]: Missing connection between items
    Local override; error
    @(25.4850 mm, 47.4850 mm): Pad 2 [COL_R_12] of D600 on F.Cu
    @(25.4850 mm, 49.6850 mm): Pad 2 [COL_R_12] of D628 on F.Cu
[unconnected_items]: Missing connection between items
    Local override; error
    @(25.4850 mm, 49.6850 mm): Pad 2 [COL_R_12] of D628 on F.Cu
    @(25.4850 mm, 51.8850 mm): Pad 2 [COL_R_12] of D656 on F.Cu
[unconnected_items]: Missing connection between items
    Local override; error
    @(25.4850 mm, 51.8850 mm): Pad 2 [COL_R_12] of D656 on F.Cu
    @(25.4850 mm, 54.0850 mm): Pad 2 [COL_R_12] of D684 on F.Cu
[unconnected_items]: Missing connection between items
    Local override; error
    @(25.4850 mm, 54.0850 mm): Pad 2 [COL_R_12] of D684 on F.Cu
    @(25.4850 mm, 56.2850 mm): Pad 2 [COL_R_12] of D712 on F.Cu
[unconnected_items]: Missing connection between items
    Local override; error
    @(25.4850 mm, 56.2850 mm): Pad 2 [COL_R_12] of D712 on F.Cu
    @(25.4850 mm, 58.4850 mm): Pad 2 [COL_R_12] of D740 on F.Cu
[unconnected_items]: Missing connection between items
    Local override; error
    @(25.4850 mm, 58.4850 mm): Pad 2 [COL_R_12] of D740 on F.Cu
    @(25.4850 mm, 60.6850 mm): Pad 2 [COL_R_12] of D768 on F.Cu
[unconnected_items]: Missing connection between items
    Local override; error
    @(24.7150 mm, 1.2850 mm): Pad 3 [COL_G_12] of D12 on F.Cu
    @(24.7150 mm, 3.4850 mm): Pad 3 [COL_G_12] of D40 on F.Cu
[unconnected_items]: Missing connection between items
    Local override; error
    @(24.7150 mm, 3.4850 mm): Pad 3 [COL_G_12] of D40 on F.Cu
    @(24.7150 mm, 5.6850 mm): Pad 3 [COL_G_12] of D68 on F.Cu
[unconnected_items]: Missing connection between items
    Local override; error
    @(24.7150 mm, 5.6850 mm): Pad 3 [COL_G_12] of D68 on F.Cu
    @(24.7150 mm, 7.8850 mm): Pad 3 [COL_G_12] of D96 on F.Cu
[unconnected_items]: Missing connection between items
    Local override; error
    @(24.7150 mm, 7.8850 mm): Pad 3 [COL_G_12] of D96 on F.Cu
    @(24.7150 mm, 10.0850 mm): Pad 3 [COL_G_12] of D124 on F.Cu
[unconnected_items]: Missing connection between items
    Local override; error
    @(24.7150 mm, 10.0850 mm): Pad 3 [COL_G_12] of D124 on F.Cu
    @(24.7150 mm, 12.2850 mm): Pad 3 [COL_G_12] of D152 on F.Cu
[unconnected_items]: Missing connection between items
    Local override; error
    @(24.7150 mm, 12.2850 mm): Pad 3 [COL_G_12] of D152 on F.Cu
    @(24.7150 mm, 14.4850 mm): Pad 3 [COL_G_12] of D180 on F.Cu
[unconnected_items]: Missing connection between items
    Local override; error
    @(24.7150 mm, 14.4850 mm): Pad 3 [COL_G_12] of D180 on F.Cu
    @(24.7150 mm, 16.6850 mm): Pad 3 [COL_G_12] of D208 on F.Cu
[unconnected_items]: Missing connection between items
    Local override; error
    @(24.7150 mm, 16.6850 mm): Pad 3 [COL_G_12] of D208 on F.Cu
    @(24.7150 mm, 18.8850 mm): Pad 3 [COL_G_12] of D236 on F.Cu
[unconnected_items]: Missing connection between items
    Local override; error
    @(24.7150 mm, 18.8850 mm): Pad 3 [COL_G_12] of D236 on F.Cu
    @(24.7150 mm, 21.0850 mm): Pad 3 [COL_G_12] of D264 on F.Cu
[unconnected_items]: Missing connection between items
    Local override; error
    @(24.7150 mm, 21.0850 mm): Pad 3 [COL_G_12] of D264 on F.Cu
    @(24.7150 mm, 23.2850 mm): Pad 3 [COL_G_12] of D292 on F.Cu
[unconnected_items]: Missing connection between items
    Local override; error
    @(24.7150 mm, 23.2850 mm): Pad 3 [COL_G_12] of D292 on F.Cu
    @(24.7150 mm, 25.4850 mm): Pad 3 [COL_G_12] of D320 on F.Cu
[unconnected_items]: Missing connection between items
    Local override; error
    @(24.7150 mm, 25.4850 mm): Pad 3 [COL_G_12] of D320 on F.Cu
    @(24.7150 mm, 27.6850 mm): Pad 3 [COL_G_12] of D348 on F.Cu
[unconnected_items]: Missing connection between items
    Local override; error
    @(24.7150 mm, 27.6850 mm): Pad 3 [COL_G_12] of D348 on F.Cu
    @(24.7150 mm, 29.8850 mm): Pad 3 [COL_G_12] of D376 on F.Cu
[unconnected_items]: Missing connection between items
    Local override; error
    @(24.7150 mm, 29.8850 mm): Pad 3 [COL_G_12] of D376 on F.Cu
    @(24.7150 mm, 32.0850 mm): Pad 3 [COL_G_12] of D404 on F.Cu
[unconnected_items]: Missing connection between items
    Local override; error
    @(24.7150 mm, 32.0850 mm): Pad 3 [COL_G_12] of D404 on F.Cu
    @(24.7150 mm, 34.2850 mm): Pad 3 [COL_G_12] of D432 on F.Cu
[unconnected_items]: Missing connection between items
    Local override; error
    @(24.7150 mm, 34.2850 mm): Pad 3 [COL_G_12] of D432 on F.Cu
    @(24.7150 mm, 36.4850 mm): Pad 3 [COL_G_12] of D460 on F.Cu
[unconnected_items]: Missing connection between items
    Local override; error
    @(24.7150 mm, 36.4850 mm): Pad 3 [COL_G_12] of D460 on F.Cu
    @(24.7150 mm, 38.6850 mm): Pad 3 [COL_G_12] of D488 on F.Cu
[unconnected_items]: Missing connection between items
    Local override; error
    @(24.7150 mm, 38.6850 mm): Pad 3 [COL_G_12] of D488 on F.Cu
    @(24.7150 mm, 40.8850 mm): Pad 3 [COL_G_12] of D516 on F.Cu
[unconnected_items]: Missing connection between items
    Local override; error
    @(24.7150 mm, 40.8850 mm): Pad 3 [COL_G_12] of D516 on F.Cu
    @(24.7150 mm, 43.0850 mm): Pad 3 [COL_G_12] of D544 on F.Cu
[unconnected_items]: Missing connection between items
    Local override; error
    @(24.7150 mm, 43.0850 mm): Pad 3 [COL_G_12] of D544 on F.Cu
    @(24.7150 mm, 45.2850 mm): Pad 3 [COL_G_12] of D572 on F.Cu
[unconnected_items]: Missing connection between items
    Local override; error
    @(24.7150 mm, 45.2850 mm): Pad 3 [COL_G_12] of D572 on F.Cu
    @(24.7150 mm, 47.4850 mm): Pad 3 [COL_G_12] of D600 on F.Cu
[unconnected_items]: Missing connection between items
    Local override; error
    @(24.7150 mm, 47.4850 mm): Pad 3 [COL_G_12] of D600 on F.Cu
    @(24.7150 mm, 49.6850 mm): Pad 3 [COL_G_12] of D628 on F.Cu
[unconnected_items]: Missing connection between items
    Local override; error
    @(24.7150 mm, 49.6850 mm): Pad 3 [COL_G_12] of D628 on F.Cu
    @(24.7150 mm, 51.8850 mm): Pad 3 [COL_G_12] of D656 on F.Cu
[unconnected_items]: Missing connection between items
    Local override; error
    @(24.7150 mm, 51.8850 mm): Pad 3 [COL_G_12] of D656 on F.Cu
    @(24.7150 mm, 54.0850 mm): Pad 3 [COL_G_12] of D684 on F.Cu
[unconnected_items]: Missing connection between items
    Local override; error
    @(24.7150 mm, 54.0850 mm): Pad 3 [COL_G_12] of D684 on F.Cu
    @(24.7150 mm, 56.2850 mm): Pad 3 [COL_G_12] of D712 on F.Cu
[unconnected_items]: Missing connection between items
    Local override; error
    @(24.7150 mm, 56.2850 mm): Pad 3 [COL_G_12] of D712 on F.Cu
    @(24.7150 mm, 58.4850 mm): Pad 3 [COL_G_12] of D740 on F.Cu
[unconnected_items]: Missing connection between items
    Local override; error
    @(24.7150 mm, 58.4850 mm): Pad 3 [COL_G_12] of D740 on F.Cu
    @(24.7150 mm, 60.6850 mm): Pad 3 [COL_G_12] of D768 on F.Cu
[unconnected_items]: Missing connection between items
    Local override; error
    @(24.7150 mm, 0.5150 mm): Pad 4 [COL_B_12] of D12 on F.Cu
    @(24.7150 mm, 2.7150 mm): Pad 4 [COL_B_12] of D40 on F.Cu
[unconnected_items]: Missing connection between items
    Local override; error
    @(24.7150 mm, 2.7150 mm): Pad 4 [COL_B_12] of D40 on F.Cu
    @(24.7150 mm, 4.9150 mm): Pad 4 [COL_B_12] of D68 on F.Cu
[unconnected_items]: Missing connection between items
    Local override; error
    @(24.7150 mm, 4.9150 mm): Pad 4 [COL_B_12] of D68 on F.Cu
    @(24.7150 mm, 7.1150 mm): Pad 4 [COL_B_12] of D96 on F.Cu
[unconnected_items]: Missing connection between items
    Local override; error
    @(24.7150 mm, 7.1150 mm): Pad 4 [COL_B_12] of D96 on F.Cu
    @(24.7150 mm, 9.3150 mm): Pad 4 [COL_B_12] of D124 on F.Cu
[unconnected_items]: Missing connection between items
    Local override; error
    @(24.7150 mm, 9.3150 mm): Pad 4 [COL_B_12] of D124 on F.Cu
    @(24.7150 mm, 11.5150 mm): Pad 4 [COL_B_12] of D152 on F.Cu
[unconnected_items]: Missing connection between items
    Local override; error
    @(24.7150 mm, 11.5150 mm): Pad 4 [COL_B_12] of D152 on F.Cu
    @(24.7150 mm, 13.7150 mm): Pad 4 [COL_B_12] of D180 on F.Cu
[unconnected_items]: Missing connection between items
    Local override; error
    @(24.7150 mm, 13.7150 mm): Pad 4 [COL_B_12] of D180 on F.Cu
    @(24.7150 mm, 15.9150 mm): Pad 4 [COL_B_12] of D208 on F.Cu
[unconnected_items]: Missing connection between items
    Local override; error
    @(24.7150 mm, 15.9150 mm): Pad 4 [COL_B_12] of D208 on F.Cu
    @(24.7150 mm, 18.1150 mm): Pad 4 [COL_B_12] of D236 on F.Cu
[unconnected_items]: Missing connection between items
    Local override; error
    @(24.7150 mm, 18.1150 mm): Pad 4 [COL_B_12] of D236 on F.Cu
    @(24.7150 mm, 20.3150 mm): Pad 4 [COL_B_12] of D264 on F.Cu
[unconnected_items]: Missing connection between items
    Local override; error
    @(24.7150 mm, 20.3150 mm): Pad 4 [COL_B_12] of D264 on F.Cu
    @(24.7150 mm, 22.5150 mm): Pad 4 [COL_B_12] of D292 on F.Cu
[unconnected_items]: Missing connection between items
    Local override; error
    @(24.7150 mm, 22.5150 mm): Pad 4 [COL_B_12] of D292 on F.Cu
    @(24.7150 mm, 24.7150 mm): Pad 4 [COL_B_12] of D320 on F.Cu
[unconnected_items]: Missing connection between items
    Local override; error
    @(24.7150 mm, 24.7150 mm): Pad 4 [COL_B_12] of D320 on F.Cu
    @(24.7150 mm, 26.9150 mm): Pad 4 [COL_B_12] of D348 on F.Cu
[unconnected_items]: Missing connection between items
    Local override; error
    @(24.7150 mm, 26.9150 mm): Pad 4 [COL_B_12] of D348 on F.Cu
    @(24.7150 mm, 29.1150 mm): Pad 4 [COL_B_12] of D376 on F.Cu
[unconnected_items]: Missing connection between items
    Local override; error
    @(24.7150 mm, 29.1150 mm): Pad 4 [COL_B_12] of D376 on F.Cu
    @(24.7150 mm, 31.3150 mm): Pad 4 [COL_B_12] of D404 on F.Cu
[unconnected_items]: Missing connection between items
    Local override; error
    @(24.7150 mm, 31.3150 mm): Pad 4 [COL_B_12] of D404 on F.Cu
    @(24.7150 mm, 33.5150 mm): Pad 4 [COL_B_12] of D432 on F.Cu
[unconnected_items]: Missing connection between items
    Local override; error
    @(24.7150 mm, 33.5150 mm): Pad 4 [COL_B_12] of D432 on F.Cu
    @(24.7150 mm, 35.7150 mm): Pad 4 [COL_B_12] of D460 on F.Cu
[unconnected_items]: Missing connection between items
    Local override; error
    @(24.7150 mm, 35.7150 mm): Pad 4 [COL_B_12] of D460 on F.Cu
    @(24.7150 mm, 37.9150 mm): Pad 4 [COL_B_12] of D488 on F.Cu
[unconnected_items]: Missing connection between items
    Local override; error
    @(24.7150 mm, 37.9150 mm): Pad 4 [COL_B_12] of D488 on F.Cu
    @(24.7150 mm, 40.1150 mm): Pad 4 [COL_B_12] of D516 on F.Cu
[unconnected_items]: Missing connection between items
    Local override; error
    @(24.7150 mm, 40.1150 mm): Pad 4 [COL_B_12] of D516 on F.Cu
    @(24.7150 mm, 42.3150 mm): Pad 4 [COL_B_12] of D544 on F.Cu
[unconnected_items]: Missing connection between items
    Local override; error
    @(24.7150 mm, 42.3150 mm): Pad 4 [COL_B_12] of D544 on F.Cu
    @(24.7150 mm, 44.5150 mm): Pad 4 [COL_B_12] of D572 on F.Cu
[unconnected_items]: Missing connection between items
    Local override; error
    @(24.7150 mm, 44.5150 mm): Pad 4 [COL_B_12] of D572 on F.Cu
    @(24.7150 mm, 46.7150 mm): Pad 4 [COL_B_12] of D600 on F.Cu
[unconnected_items]: Missing connection between items
    Local override; error
    @(24.7150 mm, 46.7150 mm): Pad 4 [COL_B_12] of D600 on F.Cu
    @(24.7150 mm, 48.9150 mm): Pad 4 [COL_B_12] of D628 on F.Cu
[unconnected_items]: Missing connection between items
    Local override; error
    @(24.7150 mm, 48.9150 mm): Pad 4 [COL_B_12] of D628 on F.Cu
    @(24.7150 mm, 51.1150 mm): Pad 4 [COL_B_12] of D656 on F.Cu
[unconnected_items]: Missing connection between items
    Local override; error
    @(24.7150 mm, 51.1150 mm): Pad 4 [COL_B_12] of D656 on F.Cu
    @(24.7150 mm, 53.3150 mm): Pad 4 [COL_B_12] of D684 on F.Cu
[unconnected_items]: Missing connection between items
    Local override; error
    @(24.7150 mm, 53.3150 mm): Pad 4 [COL_B_12] of D684 on F.Cu
    @(24.7150 mm, 55.5150 mm): Pad 4 [COL_B_12] of D712 on F.Cu
[unconnected_items]: Missing connection between items
    Local override; error
    @(24.7150 mm, 55.5150 mm): Pad 4 [COL_B_12] of D712 on F.Cu
    @(24.7150 mm, 57.7150 mm): Pad 4 [COL_B_12] of D740 on F.Cu
[unconnected_items]: Missing connection between items
    Local override; error
    @(24.7150 mm, 57.7150 mm): Pad 4 [COL_B_12] of D740 on F.Cu
    @(24.7150 mm, 59.9150 mm): Pad 4 [COL_B_12] of D768 on F.Cu
[unconnected_items]: Missing connection between items
    Local override; error
    @(47.4850 mm, 1.2850 mm): Pad 2 [COL_R_22] of D22 on F.Cu
    @(47.4850 mm, 3.4850 mm): Pad 2 [COL_R_22] of D50 on F.Cu
[unconnected_items]: Missing connection between items
    Local override; error
    @(47.4850 mm, 3.4850 mm): Pad 2 [COL_R_22] of D50 on F.Cu
    @(47.4850 mm, 5.6850 mm): Pad 2 [COL_R_22] of D78 on F.Cu
[unconnected_items]: Missing connection between items
    Local override; error
    @(47.4850 mm, 5.6850 mm): Pad 2 [COL_R_22] of D78 on F.Cu
    @(47.4850 mm, 7.8850 mm): Pad 2 [COL_R_22] of D106 on F.Cu
[unconnected_items]: Missing connection between items
    Local override; error
    @(47.4850 mm, 7.8850 mm): Pad 2 [COL_R_22] of D106 on F.Cu
    @(47.4850 mm, 10.0850 mm): Pad 2 [COL_R_22] of D134 on F.Cu
[unconnected_items]: Missing connection between items
    Local override; error
    @(47.4850 mm, 10.0850 mm): Pad 2 [COL_R_22] of D134 on F.Cu
    @(47.4850 mm, 12.2850 mm): Pad 2 [COL_R_22] of D162 on F.Cu
[unconnected_items]: Missing connection between items
    Local override; error
    @(47.4850 mm, 12.2850 mm): Pad 2 [COL_R_22] of D162 on F.Cu
    @(47.4850 mm, 14.4850 mm): Pad 2 [COL_R_22] of D190 on F.Cu
[unconnected_items]: Missing connection between items
    Local override; error
    @(47.4850 mm, 14.4850 mm): Pad 2 [COL_R_22] of D190 on F.Cu
    @(47.4850 mm, 16.6850 mm): Pad 2 [COL_R_22] of D218 on F.Cu
[unconnected_items]: Missing connection between items
    Local override; error
    @(47.4850 mm, 16.6850 mm): Pad 2 [COL_R_22] of D218 on F.Cu
    @(47.4850 mm, 18.8850 mm): Pad 2 [COL_R_22] of D246 on F.Cu
[unconnected_items]: Missing connection between items
    Local override; error
    @(47.4850 mm, 18.8850 mm): Pad 2 [COL_R_22] of D246 on F.Cu
    @(47.4850 mm, 21.0850 mm): Pad 2 [COL_R_22] of D274 on F.Cu
[unconnected_items]: Missing connection between items
    Local override; error
    @(47.4850 mm, 21.0850 mm): Pad 2 [COL_R_22] of D274 on F.Cu
    @(47.4850 mm, 23.2850 mm): Pad 2 [COL_R_22] of D302 on F.Cu
[unconnected_items]: Missing connection between items
    Local override; error
    @(47.4850 mm, 23.2850 mm): Pad 2 [COL_R_22] of D302 on F.Cu
    @(47.4850 mm, 25.4850 mm): Pad 2 [COL_R_22] of D330 on F.Cu
[unconnected_items]: Missing connection between items
    Local override; error
    @(47.4850 mm, 25.4850 mm): Pad 2 [COL_R_22] of D330 on F.Cu
    @(47.4850 mm, 27.6850 mm): Pad 2 [COL_R_22] of D358 on F.Cu
[unconnected_items]: Missing connection between items
    Local override; error
    @(47.4850 mm, 27.6850 mm): Pad 2 [COL_R_22] of D358 on F.Cu
    @(47.4850 mm, 29.8850 mm): Pad 2 [COL_R_22] of D386 on F.Cu
[unconnected_items]: Missing connection between items
    Local override; error
    @(47.4850 mm, 29.8850 mm): Pad 2 [COL_R_22] of D386 on F.Cu
    @(47.4850 mm, 32.0850 mm): Pad 2 [COL_R_22] of D414 on F.Cu
[unconnected_items]: Missing connection between items
    Local override; error
    @(47.4850 mm, 32.0850 mm): Pad 2 [COL_R_22] of D414 on F.Cu
    @(47.4850 mm, 34.2850 mm): Pad 2 [COL_R_22] of D442 on F.Cu
[unconnected_items]: Missing connection between items
    Local override; error
    @(47.4850 mm, 34.2850 mm): Pad 2 [COL_R_22] of D442 on F.Cu
    @(47.4850 mm, 36.4850 mm): Pad 2 [COL_R_22] of D470 on F.Cu
[unconnected_items]: Missing connection between items
    Local override; error
    @(47.4850 mm, 36.4850 mm): Pad 2 [COL_R_22] of D470 on F.Cu
    @(47.4850 mm, 38.6850 mm): Pad 2 [COL_R_22] of D498 on F.Cu
[unconnected_items]: Missing connection between items
    Local override; error
    @(47.4850 mm, 38.6850 mm): Pad 2 [COL_R_22] of D498 on F.Cu
    @(47.4850 mm, 40.8850 mm): Pad 2 [COL_R_22] of D526 on F.Cu
[unconnected_items]: Missing connection between items
    Local override; error
    @(47.4850 mm, 40.8850 mm): Pad 2 [COL_R_22] of D526 on F.Cu
    @(47.4850 mm, 43.0850 mm): Pad 2 [COL_R_22] of D554 on F.Cu
[unconnected_items]: Missing connection between items
    Local override; error
    @(47.4850 mm, 43.0850 mm): Pad 2 [COL_R_22] of D554 on F.Cu
    @(47.4850 mm, 45.2850 mm): Pad 2 [COL_R_22] of D582 on F.Cu
[unconnected_items]: Missing connection between items
    Local override; error
    @(47.4850 mm, 45.2850 mm): Pad 2 [COL_R_22] of D582 on F.Cu
    @(47.4850 mm, 47.4850 mm): Pad 2 [COL_R_22] of D610 on F.Cu
[unconnected_items]: Missing connection between items
    Local override; error
    @(47.4850 mm, 47.4850 mm): Pad 2 [COL_R_22] of D610 on F.Cu
    @(47.4850 mm, 49.6850 mm): Pad 2 [COL_R_22] of D638 on F.Cu
[unconnected_items]: Missing connection between items
    Local override; error
    @(47.4850 mm, 49.6850 mm): Pad 2 [COL_R_22] of D638 on F.Cu
    @(47.4850 mm, 51.8850 mm): Pad 2 [COL_R_22] of D666 on F.Cu
[unconnected_items]: Missing connection between items
    Local override; error
    @(47.4850 mm, 51.8850 mm): Pad 2 [COL_R_22] of D666 on F.Cu
    @(47.4850 mm, 54.0850 mm): Pad 2 [COL_R_22] of D694 on F.Cu
[unconnected_items]: Missing connection between items
    Local override; error
    @(47.4850 mm, 54.0850 mm): Pad 2 [COL_R_22] of D694 on F.Cu
    @(47.4850 mm, 56.2850 mm): Pad 2 [COL_R_22] of D722 on F.Cu
[unconnected_items]: Missing connection between items
    Local override; error
    @(47.4850 mm, 56.2850 mm): Pad 2 [COL_R_22] of D722 on F.Cu
    @(47.4850 mm, 58.4850 mm): Pad 2 [COL_R_22] of D750 on F.Cu
[unconnected_items]: Missing connection between items
    Local override; error
    @(47.4850 mm, 58.4850 mm): Pad 2 [COL_R_22] of D750 on F.Cu
    @(47.4850 mm, 60.6850 mm): Pad 2 [COL_R_22] of D778 on F.Cu
[unconnected_items]: Missing connection between items
    Local override; error
    @(46.7150 mm, 1.2850 mm): Pad 3 [COL_G_22] of D22 on F.Cu
    @(46.7150 mm, 3.4850 mm): Pad 3 [COL_G_22] of D50 on F.Cu
[unconnected_items]: Missing connection between items
    Local override; error
    @(46.7150 mm, 3.4850 mm): Pad 3 [COL_G_22] of D50 on F.Cu
    @(46.7150 mm, 5.6850 mm): Pad 3 [COL_G_22] of D78 on F.Cu
[unconnected_items]: Missing connection between items
    Local override; error
    @(46.7150 mm, 5.6850 mm): Pad 3 [COL_G_22] of D78 on F.Cu
    @(46.7150 mm, 7.8850 mm): Pad 3 [COL_G_22] of D106 on F.Cu
[unconnected_items]: Missing connection between items
    Local override; error
    @(46.7150 mm, 7.8850 mm): Pad 3 [COL_G_22] of D106 on F.Cu
    @(46.7150 mm, 10.0850 mm): Pad 3 [COL_G_22] of D134 on F.Cu
[unconnected_items]: Missing connection between items
    Local override; error
    @(46.7150 mm, 10.0850 mm): Pad 3 [COL_G_22] of D134 on F.Cu
    @(46.7150 mm, 12.2850 mm): Pad 3 [COL_G_22] of D162 on F.Cu
[unconnected_items]: Missing connection between items
    Local override; error
    @(46.7150 mm, 12.2850 mm): Pad 3 [COL_G_22] of D162 on F.Cu
    @(46.7150 mm, 14.4850 mm): Pad 3 [COL_G_22] of D190 on F.Cu
[unconnected_items]: Missing connection between items
    Local override; error
    @(46.7150 mm, 14.4850 mm): Pad 3 [COL_G_22] of D190 on F.Cu
    @(46.7150 mm, 16.6850 mm): Pad 3 [COL_G_22] of D218 on F.Cu
[unconnected_items]: Missing connection between items
    Local override; error
    @(46.7150 mm, 16.6850 mm): Pad 3 [COL_G_22] of D218 on F.Cu
    @(46.7150 mm, 18.8850 mm): Pad 3 [COL_G_22] of D246 on F.Cu
[unconnected_items]: Missing connection between items
    Local override; error
    @(46.7150 mm, 18.8850 mm): Pad 3 [COL_G_22] of D246 on F.Cu
    @(46.7150 mm, 21.0850 mm): Pad 3 [COL_G_22] of D274 on F.Cu
[unconnected_items]: Missing connection between items
    Local override; error
    @(46.7150 mm, 21.0850 mm): Pad 3 [COL_G_22] of D274 on F.Cu
    @(46.7150 mm, 23.2850 mm): Pad 3 [COL_G_22] of D302 on F.Cu
[unconnected_items]: Missing connection between items
    Local override; error
    @(46.7150 mm, 23.2850 mm): Pad 3 [COL_G_22] of D302 on F.Cu
    @(46.7150 mm, 25.4850 mm): Pad 3 [COL_G_22] of D330 on F.Cu
[unconnected_items]: Missing connection between items
    Local override; error
    @(46.7150 mm, 25.4850 mm): Pad 3 [COL_G_22] of D330 on F.Cu
    @(46.7150 mm, 27.6850 mm): Pad 3 [COL_G_22] of D358 on F.Cu
[unconnected_items]: Missing connection between items
    Local override; error
    @(46.7150 mm, 27.6850 mm): Pad 3 [COL_G_22] of D358 on F.Cu
    @(46.7150 mm, 29.8850 mm): Pad 3 [COL_G_22] of D386 on F.Cu
[unconnected_items]: Missing connection between items
    Local override; error
    @(46.7150 mm, 29.8850 mm): Pad 3 [COL_G_22] of D386 on F.Cu
    @(46.7150 mm, 32.0850 mm): Pad 3 [COL_G_22] of D414 on F.Cu
[unconnected_items]: Missing connection between items
    Local override; error
    @(46.7150 mm, 32.0850 mm): Pad 3 [COL_G_22] of D414 on F.Cu
    @(46.7150 mm, 34.2850 mm): Pad 3 [COL_G_22] of D442 on F.Cu
[unconnected_items]: Missing connection between items
    Local override; error
    @(46.7150 mm, 34.2850 mm): Pad 3 [COL_G_22] of D442 on F.Cu
    @(46.7150 mm, 36.4850 mm): Pad 3 [COL_G_22] of D470 on F.Cu
[unconnected_items]: Missing connection between items
    Local override; error
    @(46.7150 mm, 36.4850 mm): Pad 3 [COL_G_22] of D470 on F.Cu
    @(46.7150 mm, 38.6850 mm): Pad 3 [COL_G_22] of D498 on F.Cu
[unconnected_items]: Missing connection between items
    Local override; error
    @(46.7150 mm, 38.6850 mm): Pad 3 [COL_G_22] of D498 on F.Cu
    @(46.7150 mm, 40.8850 mm): Pad 3 [COL_G_22] of D526 on F.Cu
[unconnected_items]: Missing connection between items
    Local override; error
    @(46.7150 mm, 40.8850 mm): Pad 3 [COL_G_22] of D526 on F.Cu
    @(46.7150 mm, 43.0850 mm): Pad 3 [COL_G_22] of D554 on F.Cu
[unconnected_items]: Missing connection between items
    Local override; error
    @(46.7150 mm, 43.0850 mm): Pad 3 [COL_G_22] of D554 on F.Cu
    @(46.7150 mm, 45.2850 mm): Pad 3 [COL_G_22] of D582 on F.Cu
[unconnected_items]: Missing connection between items
    Local override; error
    @(46.7150 mm, 45.2850 mm): Pad 3 [COL_G_22] of D582 on F.Cu
    @(46.7150 mm, 47.4850 mm): Pad 3 [COL_G_22] of D610 on F.Cu
[unconnected_items]: Missing connection between items
    Local override; error
    @(46.7150 mm, 47.4850 mm): Pad 3 [COL_G_22] of D610 on F.Cu
    @(46.7150 mm, 49.6850 mm): Pad 3 [COL_G_22] of D638 on F.Cu
[unconnected_items]: Missing connection between items
    Local override; error
    @(46.7150 mm, 49.6850 mm): Pad 3 [COL_G_22] of D638 on F.Cu
    @(46.7150 mm, 51.8850 mm): Pad 3 [COL_G_22] of D666 on F.Cu
[unconnected_items]: Missing connection between items
    Local override; error
    @(46.7150 mm, 51.8850 mm): Pad 3 [COL_G_22] of D666 on F.Cu
    @(46.7150 mm, 54.0850 mm): Pad 3 [COL_G_22] of D694 on F.Cu
[unconnected_items]: Missing connection between items
    Local override; error
    @(46.7150 mm, 54.0850 mm): Pad 3 [COL_G_22] of D694 on F.Cu
    @(46.7150 mm, 56.2850 mm): Pad 3 [COL_G_22] of D722 on F.Cu
[unconnected_items]: Missing connection between items
    Local override; error
    @(46.7150 mm, 56.2850 mm): Pad 3 [COL_G_22] of D722 on F.Cu
    @(46.7150 mm, 58.4850 mm): Pad 3 [COL_G_22] of D750 on F.Cu
[unconnected_items]: Missing connection between items
    Local override; error
    @(46.7150 mm, 58.4850 mm): Pad 3 [COL_G_22] of D750 on F.Cu
    @(46.7150 mm, 60.6850 mm): Pad 3 [COL_G_22] of D778 on F.Cu
[unconnected_items]: Missing connection between items
    Local override; error
    @(46.7150 mm, 0.5150 mm): Pad 4 [COL_B_22] of D22 on F.Cu
    @(46.7150 mm, 2.7150 mm): Pad 4 [COL_B_22] of D50 on F.Cu
[unconnected_items]: Missing connection between items
    Local override; error
    @(46.7150 mm, 2.7150 mm): Pad 4 [COL_B_22] of D50 on F.Cu
    @(46.7150 mm, 4.9150 mm): Pad 4 [COL_B_22] of D78 on F.Cu
[unconnected_items]: Missing connection between items
    Local override; error
    @(46.7150 mm, 4.9150 mm): Pad 4 [COL_B_22] of D78 on F.Cu
    @(46.7150 mm, 7.1150 mm): Pad 4 [COL_B_22] of D106 on F.Cu
[unconnected_items]: Missing connection between items
    Local override; error
    @(46.7150 mm, 7.1150 mm): Pad 4 [COL_B_22] of D106 on F.Cu
    @(46.7150 mm, 9.3150 mm): Pad 4 [COL_B_22] of D134 on F.Cu
[unconnected_items]: Missing connection between items
    Local override; error
    @(46.7150 mm, 9.3150 mm): Pad 4 [COL_B_22] of D134 on F.Cu
    @(46.7150 mm, 11.5150 mm): Pad 4 [COL_B_22] of D162 on F.Cu
[unconnected_items]: Missing connection between items
    Local override; error
    @(46.7150 mm, 11.5150 mm): Pad 4 [COL_B_22] of D162 on F.Cu
    @(46.7150 mm, 13.7150 mm): Pad 4 [COL_B_22] of D190 on F.Cu
[unconnected_items]: Missing connection between items
    Local override; error
    @(46.7150 mm, 13.7150 mm): Pad 4 [COL_B_22] of D190 on F.Cu
    @(46.7150 mm, 15.9150 mm): Pad 4 [COL_B_22] of D218 on F.Cu
[unconnected_items]: Missing connection between items
    Local override; error
    @(46.7150 mm, 15.9150 mm): Pad 4 [COL_B_22] of D218 on F.Cu
    @(46.7150 mm, 18.1150 mm): Pad 4 [COL_B_22] of D246 on F.Cu
[unconnected_items]: Missing connection between items
    Local override; error
    @(46.7150 mm, 18.1150 mm): Pad 4 [COL_B_22] of D246 on F.Cu
    @(46.7150 mm, 20.3150 mm): Pad 4 [COL_B_22] of D274 on F.Cu
[unconnected_items]: Missing connection between items
    Local override; error
    @(46.7150 mm, 20.3150 mm): Pad 4 [COL_B_22] of D274 on F.Cu
    @(46.7150 mm, 22.5150 mm): Pad 4 [COL_B_22] of D302 on F.Cu
[unconnected_items]: Missing connection between items
    Local override; error
    @(46.7150 mm, 22.5150 mm): Pad 4 [COL_B_22] of D302 on F.Cu
    @(46.7150 mm, 24.7150 mm): Pad 4 [COL_B_22] of D330 on F.Cu
[unconnected_items]: Missing connection between items
    Local override; error
    @(46.7150 mm, 24.7150 mm): Pad 4 [COL_B_22] of D330 on F.Cu
    @(46.7150 mm, 26.9150 mm): Pad 4 [COL_B_22] of D358 on F.Cu
[unconnected_items]: Missing connection between items
    Local override; error
    @(46.7150 mm, 26.9150 mm): Pad 4 [COL_B_22] of D358 on F.Cu
    @(46.7150 mm, 29.1150 mm): Pad 4 [COL_B_22] of D386 on F.Cu
[unconnected_items]: Missing connection between items
    Local override; error
    @(46.7150 mm, 29.1150 mm): Pad 4 [COL_B_22] of D386 on F.Cu
    @(46.7150 mm, 31.3150 mm): Pad 4 [COL_B_22] of D414 on F.Cu
[unconnected_items]: Missing connection between items
    Local override; error
    @(46.7150 mm, 31.3150 mm): Pad 4 [COL_B_22] of D414 on F.Cu
    @(46.7150 mm, 33.5150 mm): Pad 4 [COL_B_22] of D442 on F.Cu
[unconnected_items]: Missing connection between items
    Local override; error
    @(46.7150 mm, 33.5150 mm): Pad 4 [COL_B_22] of D442 on F.Cu
    @(46.7150 mm, 35.7150 mm): Pad 4 [COL_B_22] of D470 on F.Cu
[unconnected_items]: Missing connection between items
    Local override; error
    @(46.7150 mm, 35.7150 mm): Pad 4 [COL_B_22] of D470 on F.Cu
    @(46.7150 mm, 37.9150 mm): Pad 4 [COL_B_22] of D498 on F.Cu
[unconnected_items]: Missing connection between items
    Local override; error
    @(46.7150 mm, 37.9150 mm): Pad 4 [COL_B_22] of D498 on F.Cu
    @(46.7150 mm, 40.1150 mm): Pad 4 [COL_B_22] of D526 on F.Cu
[unconnected_items]: Missing connection between items
    Local override; error
    @(46.7150 mm, 40.1150 mm): Pad 4 [COL_B_22] of D526 on F.Cu
    @(46.7150 mm, 42.3150 mm): Pad 4 [COL_B_22] of D554 on F.Cu
[unconnected_items]: Missing connection between items
    Local override; error
    @(46.7150 mm, 42.3150 mm): Pad 4 [COL_B_22] of D554 on F.Cu
    @(46.7150 mm, 44.5150 mm): Pad 4 [COL_B_22] of D582 on F.Cu
[unconnected_items]: Missing connection between items
    Local override; error
    @(46.7150 mm, 44.5150 mm): Pad 4 [COL_B_22] of D582 on F.Cu
    @(46.7150 mm, 46.7150 mm): Pad 4 [COL_B_22] of D610 on F.Cu
[unconnected_items]: Missing connection between items
    Local override; error
    @(46.7150 mm, 46.7150 mm): Pad 4 [COL_B_22] of D610 on F.Cu
    @(46.7150 mm, 48.9150 mm): Pad 4 [COL_B_22] of D638 on F.Cu
[unconnected_items]: Missing connection between items
    Local override; error
    @(46.7150 mm, 48.9150 mm): Pad 4 [COL_B_22] of D638 on F.Cu
    @(46.7150 mm, 51.1150 mm): Pad 4 [COL_B_22] of D666 on F.Cu
[unconnected_items]: Missing connection between items
    Local override; error
    @(46.7150 mm, 51.1150 mm): Pad 4 [COL_B_22] of D666 on F.Cu
    @(46.7150 mm, 53.3150 mm): Pad 4 [COL_B_22] of D694 on F.Cu
[unconnected_items]: Missing connection between items
    Local override; error
    @(46.7150 mm, 53.3150 mm): Pad 4 [COL_B_22] of D694 on F.Cu
    @(46.7150 mm, 55.5150 mm): Pad 4 [COL_B_22] of D722 on F.Cu
[unconnected_items]: Missing connection between items
    Local override; error
    @(46.7150 mm, 55.5150 mm): Pad 4 [COL_B_22] of D722 on F.Cu
    @(46.7150 mm, 57.7150 mm): Pad 4 [COL_B_22] of D750 on F.Cu
[unconnected_items]: Missing connection between items
    Local override; error
    @(46.7150 mm, 57.7150 mm): Pad 4 [COL_B_22] of D750 on F.Cu
    @(46.7150 mm, 59.9150 mm): Pad 4 [COL_B_22] of D778 on F.Cu
[unconnected_items]: Missing connection between items
    Local override; error
    @(1.2850 mm, 46.7150 mm): Pad 1 [ROW_22_ANODE] of D589 on F.Cu
    @(3.4850 mm, 46.7150 mm): Pad 1 [ROW_22_ANODE] of D590 on F.Cu
[unconnected_items]: Missing connection between items
    Local override; error
    @(3.4850 mm, 46.7150 mm): Pad 1 [ROW_22_ANODE] of D590 on F.Cu
    @(5.6850 mm, 46.7150 mm): Pad 1 [ROW_22_ANODE] of D591 on F.Cu
[unconnected_items]: Missing connection between items
    Local override; error
    @(5.6850 mm, 46.7150 mm): Pad 1 [ROW_22_ANODE] of D591 on F.Cu
    @(7.8850 mm, 46.7150 mm): Pad 1 [ROW_22_ANODE] of D592 on F.Cu
[unconnected_items]: Missing connection between items
    Local override; error
    @(7.8850 mm, 46.7150 mm): Pad 1 [ROW_22_ANODE] of D592 on F.Cu
    @(10.0850 mm, 46.7150 mm): Pad 1 [ROW_22_ANODE] of D593 on F.Cu
[unconnected_items]: Missing connection between items
    Local override; error
    @(10.0850 mm, 46.7150 mm): Pad 1 [ROW_22_ANODE] of D593 on F.Cu
    @(12.2850 mm, 46.7150 mm): Pad 1 [ROW_22_ANODE] of D594 on F.Cu
[unconnected_items]: Missing connection between items
    Local override; error
    @(12.2850 mm, 46.7150 mm): Pad 1 [ROW_22_ANODE] of D594 on F.Cu
    @(14.4850 mm, 46.7150 mm): Pad 1 [ROW_22_ANODE] of D595 on F.Cu
[unconnected_items]: Missing connection between items
    Local override; error
    @(14.4850 mm, 46.7150 mm): Pad 1 [ROW_22_ANODE] of D595 on F.Cu
    @(16.6850 mm, 46.7150 mm): Pad 1 [ROW_22_ANODE] of D596 on F.Cu
[unconnected_items]: Missing connection between items
    Local override; error
    @(16.6850 mm, 46.7150 mm): Pad 1 [ROW_22_ANODE] of D596 on F.Cu
    @(18.8850 mm, 46.7150 mm): Pad 1 [ROW_22_ANODE] of D597 on F.Cu
[unconnected_items]: Missing connection between items
    Local override; error
    @(18.8850 mm, 46.7150 mm): Pad 1 [ROW_22_ANODE] of D597 on F.Cu
    @(21.0850 mm, 46.7150 mm): Pad 1 [ROW_22_ANODE] of D598 on F.Cu
[unconnected_items]: Missing connection between items
    Local override; error
    @(21.0850 mm, 46.7150 mm): Pad 1 [ROW_22_ANODE] of D598 on F.Cu
    @(23.2850 mm, 46.7150 mm): Pad 1 [ROW_22_ANODE] of D599 on F.Cu
[unconnected_items]: Missing connection between items
    Local override; error
    @(23.2850 mm, 46.7150 mm): Pad 1 [ROW_22_ANODE] of D599 on F.Cu
    @(25.4850 mm, 46.7150 mm): Pad 1 [ROW_22_ANODE] of D600 on F.Cu
[unconnected_items]: Missing connection between items
    Local override; error
    @(25.4850 mm, 46.7150 mm): Pad 1 [ROW_22_ANODE] of D600 on F.Cu
    @(27.6850 mm, 46.7150 mm): Pad 1 [ROW_22_ANODE] of D601 on F.Cu
[unconnected_items]: Missing connection between items
    Local override; error
    @(27.6850 mm, 46.7150 mm): Pad 1 [ROW_22_ANODE] of D601 on F.Cu
    @(29.8850 mm, 46.7150 mm): Pad 1 [ROW_22_ANODE] of D602 on F.Cu
[unconnected_items]: Missing connection between items
    Local override; error
    @(29.8850 mm, 46.7150 mm): Pad 1 [ROW_22_ANODE] of D602 on F.Cu
    @(32.0850 mm, 46.7150 mm): Pad 1 [ROW_22_ANODE] of D603 on F.Cu
[unconnected_items]: Missing connection between items
    Local override; error
    @(32.0850 mm, 46.7150 mm): Pad 1 [ROW_22_ANODE] of D603 on F.Cu
    @(34.2850 mm, 46.7150 mm): Pad 1 [ROW_22_ANODE] of D604 on F.Cu
[unconnected_items]: Missing connection between items
    Local override; error
    @(34.2850 mm, 46.7150 mm): Pad 1 [ROW_22_ANODE] of D604 on F.Cu
    @(36.4850 mm, 46.7150 mm): Pad 1 [ROW_22_ANODE] of D605 on F.Cu
[unconnected_items]: Missing connection between items
    Local override; error
    @(36.4850 mm, 46.7150 mm): Pad 1 [ROW_22_ANODE] of D605 on F.Cu
    @(38.6850 mm, 46.7150 mm): Pad 1 [ROW_22_ANODE] of D606 on F.Cu
[unconnected_items]: Missing connection between items
    Local override; error
    @(38.6850 mm, 46.7150 mm): Pad 1 [ROW_22_ANODE] of D606 on F.Cu
    @(40.8850 mm, 46.7150 mm): Pad 1 [ROW_22_ANODE] of D607 on F.Cu
[unconnected_items]: Missing connection between items
    Local override; error
    @(40.8850 mm, 46.7150 mm): Pad 1 [ROW_22_ANODE] of D607 on F.Cu
    @(43.0850 mm, 46.7150 mm): Pad 1 [ROW_22_ANODE] of D608 on F.Cu
[unconnected_items]: Missing connection between items
    Local override; error
    @(43.0850 mm, 46.7150 mm): Pad 1 [ROW_22_ANODE] of D608 on F.Cu
    @(45.2850 mm, 46.7150 mm): Pad 1 [ROW_22_ANODE] of D609 on F.Cu
[unconnected_items]: Missing connection between items
    Local override; error
    @(45.2850 mm, 46.7150 mm): Pad 1 [ROW_22_ANODE] of D609 on F.Cu
    @(47.4850 mm, 46.7150 mm): Pad 1 [ROW_22_ANODE] of D610 on F.Cu
[unconnected_items]: Missing connection between items
    Local override; error
    @(47.4850 mm, 46.7150 mm): Pad 1 [ROW_22_ANODE] of D610 on F.Cu
    @(49.6850 mm, 46.7150 mm): Pad 1 [ROW_22_ANODE] of D611 on F.Cu
[unconnected_items]: Missing connection between items
    Local override; error
    @(49.6850 mm, 46.7150 mm): Pad 1 [ROW_22_ANODE] of D611 on F.Cu
    @(51.8850 mm, 46.7150 mm): Pad 1 [ROW_22_ANODE] of D612 on F.Cu
[unconnected_items]: Missing connection between items
    Local override; error
    @(51.8850 mm, 46.7150 mm): Pad 1 [ROW_22_ANODE] of D612 on F.Cu
    @(54.0850 mm, 46.7150 mm): Pad 1 [ROW_22_ANODE] of D613 on F.Cu
[unconnected_items]: Missing connection between items
    Local override; error
    @(54.0850 mm, 46.7150 mm): Pad 1 [ROW_22_ANODE] of D613 on F.Cu
    @(56.2850 mm, 46.7150 mm): Pad 1 [ROW_22_ANODE] of D614 on F.Cu
[unconnected_items]: Missing connection between items
    Local override; error
    @(56.2850 mm, 46.7150 mm): Pad 1 [ROW_22_ANODE] of D614 on F.Cu
    @(58.4850 mm, 46.7150 mm): Pad 1 [ROW_22_ANODE] of D615 on F.Cu
[unconnected_items]: Missing connection between items
    Local override; error
    @(58.4850 mm, 46.7150 mm): Pad 1 [ROW_22_ANODE] of D615 on F.Cu
    @(60.6850 mm, 46.7150 mm): Pad 1 [ROW_22_ANODE] of D616 on F.Cu
[unconnected_items]: Missing connection between items
    Local override; error
    @(27.6850 mm, 1.2850 mm): Pad 2 [COL_R_13] of D13 on F.Cu
    @(27.6850 mm, 3.4850 mm): Pad 2 [COL_R_13] of D41 on F.Cu
[unconnected_items]: Missing connection between items
    Local override; error
    @(27.6850 mm, 3.4850 mm): Pad 2 [COL_R_13] of D41 on F.Cu
    @(27.6850 mm, 5.6850 mm): Pad 2 [COL_R_13] of D69 on F.Cu
[unconnected_items]: Missing connection between items
    Local override; error
    @(27.6850 mm, 5.6850 mm): Pad 2 [COL_R_13] of D69 on F.Cu
    @(27.6850 mm, 7.8850 mm): Pad 2 [COL_R_13] of D97 on F.Cu
[unconnected_items]: Missing connection between items
    Local override; error
    @(27.6850 mm, 7.8850 mm): Pad 2 [COL_R_13] of D97 on F.Cu
    @(27.6850 mm, 10.0850 mm): Pad 2 [COL_R_13] of D125 on F.Cu
[unconnected_items]: Missing connection between items
    Local override; error
    @(27.6850 mm, 10.0850 mm): Pad 2 [COL_R_13] of D125 on F.Cu
    @(27.6850 mm, 12.2850 mm): Pad 2 [COL_R_13] of D153 on F.Cu
[unconnected_items]: Missing connection between items
    Local override; error
    @(27.6850 mm, 12.2850 mm): Pad 2 [COL_R_13] of D153 on F.Cu
    @(27.6850 mm, 14.4850 mm): Pad 2 [COL_R_13] of D181 on F.Cu
[unconnected_items]: Missing connection between items
    Local override; error
    @(27.6850 mm, 14.4850 mm): Pad 2 [COL_R_13] of D181 on F.Cu
    @(27.6850 mm, 16.6850 mm): Pad 2 [COL_R_13] of D209 on F.Cu
[unconnected_items]: Missing connection between items
    Local override; error
    @(27.6850 mm, 16.6850 mm): Pad 2 [COL_R_13] of D209 on F.Cu
    @(27.6850 mm, 18.8850 mm): Pad 2 [COL_R_13] of D237 on F.Cu
[unconnected_items]: Missing connection between items
    Local override; error
    @(27.6850 mm, 18.8850 mm): Pad 2 [COL_R_13] of D237 on F.Cu
    @(27.6850 mm, 21.0850 mm): Pad 2 [COL_R_13] of D265 on F.Cu
[unconnected_items]: Missing connection between items
    Local override; error
    @(27.6850 mm, 21.0850 mm): Pad 2 [COL_R_13] of D265 on F.Cu
    @(27.6850 mm, 23.2850 mm): Pad 2 [COL_R_13] of D293 on F.Cu
[unconnected_items]: Missing connection between items
    Local override; error
    @(27.6850 mm, 23.2850 mm): Pad 2 [COL_R_13] of D293 on F.Cu
    @(27.6850 mm, 25.4850 mm): Pad 2 [COL_R_13] of D321 on F.Cu
[unconnected_items]: Missing connection between items
    Local override; error
    @(27.6850 mm, 25.4850 mm): Pad 2 [COL_R_13] of D321 on F.Cu
    @(27.6850 mm, 27.6850 mm): Pad 2 [COL_R_13] of D349 on F.Cu
[unconnected_items]: Missing connection between items
    Local override; error
    @(27.6850 mm, 27.6850 mm): Pad 2 [COL_R_13] of D349 on F.Cu
    @(27.6850 mm, 29.8850 mm): Pad 2 [COL_R_13] of D377 on F.Cu
[unconnected_items]: Missing connection between items
    Local override; error
    @(27.6850 mm, 29.8850 mm): Pad 2 [COL_R_13] of D377 on F.Cu
    @(27.6850 mm, 32.0850 mm): Pad 2 [COL_R_13] of D405 on F.Cu
[unconnected_items]: Missing connection between items
    Local override; error
    @(27.6850 mm, 32.0850 mm): Pad 2 [COL_R_13] of D405 on F.Cu
    @(27.6850 mm, 34.2850 mm): Pad 2 [COL_R_13] of D433 on F.Cu
[unconnected_items]: Missing connection between items
    Local override; error
    @(27.6850 mm, 34.2850 mm): Pad 2 [COL_R_13] of D433 on F.Cu
    @(27.6850 mm, 36.4850 mm): Pad 2 [COL_R_13] of D461 on F.Cu
[unconnected_items]: Missing connection between items
    Local override; error
    @(27.6850 mm, 36.4850 mm): Pad 2 [COL_R_13] of D461 on F.Cu
    @(27.6850 mm, 38.6850 mm): Pad 2 [COL_R_13] of D489 on F.Cu
[unconnected_items]: Missing connection between items
    Local override; error
    @(27.6850 mm, 38.6850 mm): Pad 2 [COL_R_13] of D489 on F.Cu
    @(27.6850 mm, 40.8850 mm): Pad 2 [COL_R_13] of D517 on F.Cu
[unconnected_items]: Missing connection between items
    Local override; error
    @(27.6850 mm, 40.8850 mm): Pad 2 [COL_R_13] of D517 on F.Cu
    @(27.6850 mm, 43.0850 mm): Pad 2 [COL_R_13] of D545 on F.Cu
[unconnected_items]: Missing connection between items
    Local override; error
    @(27.6850 mm, 43.0850 mm): Pad 2 [COL_R_13] of D545 on F.Cu
    @(27.6850 mm, 45.2850 mm): Pad 2 [COL_R_13] of D573 on F.Cu
[unconnected_items]: Missing connection between items
    Local override; error
    @(27.6850 mm, 45.2850 mm): Pad 2 [COL_R_13] of D573 on F.Cu
    @(27.6850 mm, 47.4850 mm): Pad 2 [COL_R_13] of D601 on F.Cu
[unconnected_items]: Missing connection between items
    Local override; error
    @(27.6850 mm, 47.4850 mm): Pad 2 [COL_R_13] of D601 on F.Cu
    @(27.6850 mm, 49.6850 mm): Pad 2 [COL_R_13] of D629 on F.Cu
[unconnected_items]: Missing connection between items
    Local override; error
    @(27.6850 mm, 49.6850 mm): Pad 2 [COL_R_13] of D629 on F.Cu
    @(27.6850 mm, 51.8850 mm): Pad 2 [COL_R_13] of D657 on F.Cu
[unconnected_items]: Missing connection between items
    Local override; error
    @(27.6850 mm, 51.8850 mm): Pad 2 [COL_R_13] of D657 on F.Cu
    @(27.6850 mm, 54.0850 mm): Pad 2 [COL_R_13] of D685 on F.Cu
[unconnected_items]: Missing connection between items
    Local override; error
    @(27.6850 mm, 54.0850 mm): Pad 2 [COL_R_13] of D685 on F.Cu
    @(27.6850 mm, 56.2850 mm): Pad 2 [COL_R_13] of D713 on F.Cu
[unconnected_items]: Missing connection between items
    Local override; error
    @(27.6850 mm, 56.2850 mm): Pad 2 [COL_R_13] of D713 on F.Cu
    @(27.6850 mm, 58.4850 mm): Pad 2 [COL_R_13] of D741 on F.Cu
[unconnected_items]: Missing connection between items
    Local override; error
    @(27.6850 mm, 58.4850 mm): Pad 2 [COL_R_13] of D741 on F.Cu
    @(27.6850 mm, 60.6850 mm): Pad 2 [COL_R_13] of D769 on F.Cu
[unconnected_items]: Missing connection between items
    Local override; error
    @(26.9150 mm, 1.2850 mm): Pad 3 [COL_G_13] of D13 on F.Cu
    @(26.9150 mm, 3.4850 mm): Pad 3 [COL_G_13] of D41 on F.Cu
[unconnected_items]: Missing connection between items
    Local override; error
    @(26.9150 mm, 3.4850 mm): Pad 3 [COL_G_13] of D41 on F.Cu
    @(26.9150 mm, 5.6850 mm): Pad 3 [COL_G_13] of D69 on F.Cu
[unconnected_items]: Missing connection between items
    Local override; error
    @(26.9150 mm, 5.6850 mm): Pad 3 [COL_G_13] of D69 on F.Cu
    @(26.9150 mm, 7.8850 mm): Pad 3 [COL_G_13] of D97 on F.Cu
[unconnected_items]: Missing connection between items
    Local override; error
    @(26.9150 mm, 7.8850 mm): Pad 3 [COL_G_13] of D97 on F.Cu
    @(26.9150 mm, 10.0850 mm): Pad 3 [COL_G_13] of D125 on F.Cu
[unconnected_items]: Missing connection between items
    Local override; error
    @(26.9150 mm, 10.0850 mm): Pad 3 [COL_G_13] of D125 on F.Cu
    @(26.9150 mm, 12.2850 mm): Pad 3 [COL_G_13] of D153 on F.Cu
[unconnected_items]: Missing connection between items
    Local override; error
    @(26.9150 mm, 12.2850 mm): Pad 3 [COL_G_13] of D153 on F.Cu
    @(26.9150 mm, 14.4850 mm): Pad 3 [COL_G_13] of D181 on F.Cu
[unconnected_items]: Missing connection between items
    Local override; error
    @(26.9150 mm, 14.4850 mm): Pad 3 [COL_G_13] of D181 on F.Cu
    @(26.9150 mm, 16.6850 mm): Pad 3 [COL_G_13] of D209 on F.Cu
[unconnected_items]: Missing connection between items
    Local override; error
    @(26.9150 mm, 16.6850 mm): Pad 3 [COL_G_13] of D209 on F.Cu
    @(26.9150 mm, 18.8850 mm): Pad 3 [COL_G_13] of D237 on F.Cu
[unconnected_items]: Missing connection between items
    Local override; error
    @(26.9150 mm, 18.8850 mm): Pad 3 [COL_G_13] of D237 on F.Cu
    @(26.9150 mm, 21.0850 mm): Pad 3 [COL_G_13] of D265 on F.Cu
[unconnected_items]: Missing connection between items
    Local override; error
    @(26.9150 mm, 21.0850 mm): Pad 3 [COL_G_13] of D265 on F.Cu
    @(26.9150 mm, 23.2850 mm): Pad 3 [COL_G_13] of D293 on F.Cu
[unconnected_items]: Missing connection between items
    Local override; error
    @(26.9150 mm, 23.2850 mm): Pad 3 [COL_G_13] of D293 on F.Cu
    @(26.9150 mm, 25.4850 mm): Pad 3 [COL_G_13] of D321 on F.Cu
[unconnected_items]: Missing connection between items
    Local override; error
    @(26.9150 mm, 25.4850 mm): Pad 3 [COL_G_13] of D321 on F.Cu
    @(26.9150 mm, 27.6850 mm): Pad 3 [COL_G_13] of D349 on F.Cu
[unconnected_items]: Missing connection between items
    Local override; error
    @(26.9150 mm, 27.6850 mm): Pad 3 [COL_G_13] of D349 on F.Cu
    @(26.9150 mm, 29.8850 mm): Pad 3 [COL_G_13] of D377 on F.Cu
[unconnected_items]: Missing connection between items
    Local override; error
    @(26.9150 mm, 29.8850 mm): Pad 3 [COL_G_13] of D377 on F.Cu
    @(26.9150 mm, 32.0850 mm): Pad 3 [COL_G_13] of D405 on F.Cu
[unconnected_items]: Missing connection between items
    Local override; error
    @(26.9150 mm, 32.0850 mm): Pad 3 [COL_G_13] of D405 on F.Cu
    @(26.9150 mm, 34.2850 mm): Pad 3 [COL_G_13] of D433 on F.Cu
[unconnected_items]: Missing connection between items
    Local override; error
    @(26.9150 mm, 34.2850 mm): Pad 3 [COL_G_13] of D433 on F.Cu
    @(26.9150 mm, 36.4850 mm): Pad 3 [COL_G_13] of D461 on F.Cu
[unconnected_items]: Missing connection between items
    Local override; error
    @(26.9150 mm, 36.4850 mm): Pad 3 [COL_G_13] of D461 on F.Cu
    @(26.9150 mm, 38.6850 mm): Pad 3 [COL_G_13] of D489 on F.Cu
[unconnected_items]: Missing connection between items
    Local override; error
    @(26.9150 mm, 38.6850 mm): Pad 3 [COL_G_13] of D489 on F.Cu
    @(26.9150 mm, 40.8850 mm): Pad 3 [COL_G_13] of D517 on F.Cu
[unconnected_items]: Missing connection between items
    Local override; error
    @(26.9150 mm, 40.8850 mm): Pad 3 [COL_G_13] of D517 on F.Cu
    @(26.9150 mm, 43.0850 mm): Pad 3 [COL_G_13] of D545 on F.Cu
[unconnected_items]: Missing connection between items
    Local override; error
    @(26.9150 mm, 43.0850 mm): Pad 3 [COL_G_13] of D545 on F.Cu
    @(26.9150 mm, 45.2850 mm): Pad 3 [COL_G_13] of D573 on F.Cu
[unconnected_items]: Missing connection between items
    Local override; error
    @(26.9150 mm, 45.2850 mm): Pad 3 [COL_G_13] of D573 on F.Cu
    @(26.9150 mm, 47.4850 mm): Pad 3 [COL_G_13] of D601 on F.Cu
[unconnected_items]: Missing connection between items
    Local override; error
    @(26.9150 mm, 47.4850 mm): Pad 3 [COL_G_13] of D601 on F.Cu
    @(26.9150 mm, 49.6850 mm): Pad 3 [COL_G_13] of D629 on F.Cu
[unconnected_items]: Missing connection between items
    Local override; error
    @(26.9150 mm, 49.6850 mm): Pad 3 [COL_G_13] of D629 on F.Cu
    @(26.9150 mm, 51.8850 mm): Pad 3 [COL_G_13] of D657 on F.Cu
[unconnected_items]: Missing connection between items
    Local override; error
    @(26.9150 mm, 51.8850 mm): Pad 3 [COL_G_13] of D657 on F.Cu
    @(26.9150 mm, 54.0850 mm): Pad 3 [COL_G_13] of D685 on F.Cu
[unconnected_items]: Missing connection between items
    Local override; error
    @(26.9150 mm, 54.0850 mm): Pad 3 [COL_G_13] of D685 on F.Cu
    @(26.9150 mm, 56.2850 mm): Pad 3 [COL_G_13] of D713 on F.Cu
[unconnected_items]: Missing connection between items
    Local override; error
    @(26.9150 mm, 56.2850 mm): Pad 3 [COL_G_13] of D713 on F.Cu
    @(26.9150 mm, 58.4850 mm): Pad 3 [COL_G_13] of D741 on F.Cu
[unconnected_items]: Missing connection between items
    Local override; error
    @(26.9150 mm, 58.4850 mm): Pad 3 [COL_G_13] of D741 on F.Cu
    @(26.9150 mm, 60.6850 mm): Pad 3 [COL_G_13] of D769 on F.Cu
[unconnected_items]: Missing connection between items
    Local override; error
    @(26.9150 mm, 0.5150 mm): Pad 4 [COL_B_13] of D13 on F.Cu
    @(26.9150 mm, 2.7150 mm): Pad 4 [COL_B_13] of D41 on F.Cu
[unconnected_items]: Missing connection between items
    Local override; error
    @(26.9150 mm, 2.7150 mm): Pad 4 [COL_B_13] of D41 on F.Cu
    @(26.9150 mm, 4.9150 mm): Pad 4 [COL_B_13] of D69 on F.Cu
[unconnected_items]: Missing connection between items
    Local override; error
    @(26.9150 mm, 4.9150 mm): Pad 4 [COL_B_13] of D69 on F.Cu
    @(26.9150 mm, 7.1150 mm): Pad 4 [COL_B_13] of D97 on F.Cu
[unconnected_items]: Missing connection between items
    Local override; error
    @(26.9150 mm, 7.1150 mm): Pad 4 [COL_B_13] of D97 on F.Cu
    @(26.9150 mm, 9.3150 mm): Pad 4 [COL_B_13] of D125 on F.Cu
[unconnected_items]: Missing connection between items
    Local override; error
    @(26.9150 mm, 9.3150 mm): Pad 4 [COL_B_13] of D125 on F.Cu
    @(26.9150 mm, 11.5150 mm): Pad 4 [COL_B_13] of D153 on F.Cu
[unconnected_items]: Missing connection between items
    Local override; error
    @(26.9150 mm, 11.5150 mm): Pad 4 [COL_B_13] of D153 on F.Cu
    @(26.9150 mm, 13.7150 mm): Pad 4 [COL_B_13] of D181 on F.Cu
[unconnected_items]: Missing connection between items
    Local override; error
    @(26.9150 mm, 13.7150 mm): Pad 4 [COL_B_13] of D181 on F.Cu
    @(26.9150 mm, 15.9150 mm): Pad 4 [COL_B_13] of D209 on F.Cu
[unconnected_items]: Missing connection between items
    Local override; error
    @(26.9150 mm, 15.9150 mm): Pad 4 [COL_B_13] of D209 on F.Cu
    @(26.9150 mm, 18.1150 mm): Pad 4 [COL_B_13] of D237 on F.Cu
[unconnected_items]: Missing connection between items
    Local override; error
    @(26.9150 mm, 18.1150 mm): Pad 4 [COL_B_13] of D237 on F.Cu
    @(26.9150 mm, 20.3150 mm): Pad 4 [COL_B_13] of D265 on F.Cu
[unconnected_items]: Missing connection between items
    Local override; error
    @(26.9150 mm, 20.3150 mm): Pad 4 [COL_B_13] of D265 on F.Cu
    @(26.9150 mm, 22.5150 mm): Pad 4 [COL_B_13] of D293 on F.Cu
[unconnected_items]: Missing connection between items
    Local override; error
    @(26.9150 mm, 22.5150 mm): Pad 4 [COL_B_13] of D293 on F.Cu
    @(26.9150 mm, 24.7150 mm): Pad 4 [COL_B_13] of D321 on F.Cu
[unconnected_items]: Missing connection between items
    Local override; error
    @(26.9150 mm, 24.7150 mm): Pad 4 [COL_B_13] of D321 on F.Cu
    @(26.9150 mm, 26.9150 mm): Pad 4 [COL_B_13] of D349 on F.Cu
[unconnected_items]: Missing connection between items
    Local override; error
    @(26.9150 mm, 26.9150 mm): Pad 4 [COL_B_13] of D349 on F.Cu
    @(26.9150 mm, 29.1150 mm): Pad 4 [COL_B_13] of D377 on F.Cu

** Found 0 Footprint errors **

** Ignored checks **
    - Footprint has no courtyard defined
    - Track endpoint not centered on via
    - Tuning profile track geometries
    - Footprint doesn't match symbol's footprint filters
    - Footprint component type doesn't match footprint pads

** End of Report **
