** Drc report for wearable_28x28_top_right_row_boundary_routing_probe.kicad_pcb **
** Created on 2026-10-08T04:40:33 **
** Report includes: Errors, Warnings **

** Found 0 DRC violations **

** Found 499 unconnected pads **
[unconnected_items]: Missing connection between items
    Local override; error
    @(1.2850 mm, 48.9150 mm): Pad 1 [ROW_23_ANODE] of D617 on F.Cu
    @(3.4850 mm, 48.9150 mm): Pad 1 [ROW_23_ANODE] of D618 on F.Cu
[unconnected_items]: Missing connection between items
    Local override; error
    @(3.4850 mm, 48.9150 mm): Pad 1 [ROW_23_ANODE] of D618 on F.Cu
    @(5.6850 mm, 48.9150 mm): Pad 1 [ROW_23_ANODE] of D619 on F.Cu
[unconnected_items]: Missing connection between items
    Local override; error
    @(5.6850 mm, 48.9150 mm): Pad 1 [ROW_23_ANODE] of D619 on F.Cu
    @(7.8850 mm, 48.9150 mm): Pad 1 [ROW_23_ANODE] of D620 on F.Cu
[unconnected_items]: Missing connection between items
    Local override; error
    @(7.8850 mm, 48.9150 mm): Pad 1 [ROW_23_ANODE] of D620 on F.Cu
    @(10.0850 mm, 48.9150 mm): Pad 1 [ROW_23_ANODE] of D621 on F.Cu
[unconnected_items]: Missing connection between items
    Local override; error
    @(10.0850 mm, 48.9150 mm): Pad 1 [ROW_23_ANODE] of D621 on F.Cu
    @(12.2850 mm, 48.9150 mm): Pad 1 [ROW_23_ANODE] of D622 on F.Cu
[unconnected_items]: Missing connection between items
    Local override; error
    @(12.2850 mm, 48.9150 mm): Pad 1 [ROW_23_ANODE] of D622 on F.Cu
    @(14.4850 mm, 48.9150 mm): Pad 1 [ROW_23_ANODE] of D623 on F.Cu
[unconnected_items]: Missing connection between items
    Local override; error
    @(14.4850 mm, 48.9150 mm): Pad 1 [ROW_23_ANODE] of D623 on F.Cu
    @(16.6850 mm, 48.9150 mm): Pad 1 [ROW_23_ANODE] of D624 on F.Cu
[unconnected_items]: Missing connection between items
    Local override; error
    @(16.6850 mm, 48.9150 mm): Pad 1 [ROW_23_ANODE] of D624 on F.Cu
    @(18.8850 mm, 48.9150 mm): Pad 1 [ROW_23_ANODE] of D625 on F.Cu
[unconnected_items]: Missing connection between items
    Local override; error
    @(18.8850 mm, 48.9150 mm): Pad 1 [ROW_23_ANODE] of D625 on F.Cu
    @(21.0850 mm, 48.9150 mm): Pad 1 [ROW_23_ANODE] of D626 on F.Cu
[unconnected_items]: Missing connection between items
    Local override; error
    @(21.0850 mm, 48.9150 mm): Pad 1 [ROW_23_ANODE] of D626 on F.Cu
    @(23.2850 mm, 48.9150 mm): Pad 1 [ROW_23_ANODE] of D627 on F.Cu
[unconnected_items]: Missing connection between items
    Local override; error
    @(23.2850 mm, 48.9150 mm): Pad 1 [ROW_23_ANODE] of D627 on F.Cu
    @(25.4850 mm, 48.9150 mm): Pad 1 [ROW_23_ANODE] of D628 on F.Cu
[unconnected_items]: Missing connection between items
    Local override; error
    @(25.4850 mm, 48.9150 mm): Pad 1 [ROW_23_ANODE] of D628 on F.Cu
    @(27.6850 mm, 48.9150 mm): Pad 1 [ROW_23_ANODE] of D629 on F.Cu
[unconnected_items]: Missing connection between items
    Local override; error
    @(27.6850 mm, 48.9150 mm): Pad 1 [ROW_23_ANODE] of D629 on F.Cu
    @(29.8850 mm, 48.9150 mm): Pad 1 [ROW_23_ANODE] of D630 on F.Cu
[unconnected_items]: Missing connection between items
    Local override; error
    @(29.8850 mm, 48.9150 mm): Pad 1 [ROW_23_ANODE] of D630 on F.Cu
    @(32.0850 mm, 48.9150 mm): Pad 1 [ROW_23_ANODE] of D631 on F.Cu
[unconnected_items]: Missing connection between items
    Local override; error
    @(32.0850 mm, 48.9150 mm): Pad 1 [ROW_23_ANODE] of D631 on F.Cu
    @(34.2850 mm, 48.9150 mm): Pad 1 [ROW_23_ANODE] of D632 on F.Cu
[unconnected_items]: Missing connection between items
    Local override; error
    @(34.2850 mm, 48.9150 mm): Pad 1 [ROW_23_ANODE] of D632 on F.Cu
    @(36.4850 mm, 48.9150 mm): Pad 1 [ROW_23_ANODE] of D633 on F.Cu
[unconnected_items]: Missing connection between items
    Local override; error
    @(36.4850 mm, 48.9150 mm): Pad 1 [ROW_23_ANODE] of D633 on F.Cu
    @(38.6850 mm, 48.9150 mm): Pad 1 [ROW_23_ANODE] of D634 on F.Cu
[unconnected_items]: Missing connection between items
    Local override; error
    @(38.6850 mm, 48.9150 mm): Pad 1 [ROW_23_ANODE] of D634 on F.Cu
    @(40.8850 mm, 48.9150 mm): Pad 1 [ROW_23_ANODE] of D635 on F.Cu
[unconnected_items]: Missing connection between items
    Local override; error
    @(40.8850 mm, 48.9150 mm): Pad 1 [ROW_23_ANODE] of D635 on F.Cu
    @(43.0850 mm, 48.9150 mm): Pad 1 [ROW_23_ANODE] of D636 on F.Cu
[unconnected_items]: Missing connection between items
    Local override; error
    @(43.0850 mm, 48.9150 mm): Pad 1 [ROW_23_ANODE] of D636 on F.Cu
    @(45.2850 mm, 48.9150 mm): Pad 1 [ROW_23_ANODE] of D637 on F.Cu
[unconnected_items]: Missing connection between items
    Local override; error
    @(45.2850 mm, 48.9150 mm): Pad 1 [ROW_23_ANODE] of D637 on F.Cu
    @(47.4850 mm, 48.9150 mm): Pad 1 [ROW_23_ANODE] of D638 on F.Cu
[unconnected_items]: Missing connection between items
    Local override; error
    @(47.4850 mm, 48.9150 mm): Pad 1 [ROW_23_ANODE] of D638 on F.Cu
    @(49.6850 mm, 48.9150 mm): Pad 1 [ROW_23_ANODE] of D639 on F.Cu
[unconnected_items]: Missing connection between items
    Local override; error
    @(49.6850 mm, 48.9150 mm): Pad 1 [ROW_23_ANODE] of D639 on F.Cu
    @(51.8850 mm, 48.9150 mm): Pad 1 [ROW_23_ANODE] of D640 on F.Cu
[unconnected_items]: Missing connection between items
    Local override; error
    @(51.8850 mm, 48.9150 mm): Pad 1 [ROW_23_ANODE] of D640 on F.Cu
    @(54.0850 mm, 48.9150 mm): Pad 1 [ROW_23_ANODE] of D641 on F.Cu
[unconnected_items]: Missing connection between items
    Local override; error
    @(54.0850 mm, 48.9150 mm): Pad 1 [ROW_23_ANODE] of D641 on F.Cu
    @(56.2850 mm, 48.9150 mm): Pad 1 [ROW_23_ANODE] of D642 on F.Cu
[unconnected_items]: Missing connection between items
    Local override; error
    @(56.2850 mm, 48.9150 mm): Pad 1 [ROW_23_ANODE] of D642 on F.Cu
    @(58.4850 mm, 48.9150 mm): Pad 1 [ROW_23_ANODE] of D643 on F.Cu
[unconnected_items]: Missing connection between items
    Local override; error
    @(58.4850 mm, 48.9150 mm): Pad 1 [ROW_23_ANODE] of D643 on F.Cu
    @(60.6850 mm, 48.9150 mm): Pad 1 [ROW_23_ANODE] of D644 on F.Cu
[unconnected_items]: Missing connection between items
    Local override; error
    @(40.8850 mm, 1.2850 mm): Pad 2 [COL_R_19] of D19 on F.Cu
    @(40.8850 mm, 3.4850 mm): Pad 2 [COL_R_19] of D47 on F.Cu
[unconnected_items]: Missing connection between items
    Local override; error
    @(40.8850 mm, 3.4850 mm): Pad 2 [COL_R_19] of D47 on F.Cu
    @(40.8850 mm, 5.6850 mm): Pad 2 [COL_R_19] of D75 on F.Cu
[unconnected_items]: Missing connection between items
    Local override; error
    @(40.8850 mm, 5.6850 mm): Pad 2 [COL_R_19] of D75 on F.Cu
    @(40.8850 mm, 7.8850 mm): Pad 2 [COL_R_19] of D103 on F.Cu
[unconnected_items]: Missing connection between items
    Local override; error
    @(40.8850 mm, 7.8850 mm): Pad 2 [COL_R_19] of D103 on F.Cu
    @(40.8850 mm, 10.0850 mm): Pad 2 [COL_R_19] of D131 on F.Cu
[unconnected_items]: Missing connection between items
    Local override; error
    @(40.8850 mm, 10.0850 mm): Pad 2 [COL_R_19] of D131 on F.Cu
    @(40.8850 mm, 12.2850 mm): Pad 2 [COL_R_19] of D159 on F.Cu
[unconnected_items]: Missing connection between items
    Local override; error
    @(40.8850 mm, 12.2850 mm): Pad 2 [COL_R_19] of D159 on F.Cu
    @(40.8850 mm, 14.4850 mm): Pad 2 [COL_R_19] of D187 on F.Cu
[unconnected_items]: Missing connection between items
    Local override; error
    @(40.8850 mm, 14.4850 mm): Pad 2 [COL_R_19] of D187 on F.Cu
    @(40.8850 mm, 16.6850 mm): Pad 2 [COL_R_19] of D215 on F.Cu
[unconnected_items]: Missing connection between items
    Local override; error
    @(40.8850 mm, 16.6850 mm): Pad 2 [COL_R_19] of D215 on F.Cu
    @(40.8850 mm, 18.8850 mm): Pad 2 [COL_R_19] of D243 on F.Cu
[unconnected_items]: Missing connection between items
    Local override; error
    @(40.8850 mm, 18.8850 mm): Pad 2 [COL_R_19] of D243 on F.Cu
    @(40.8850 mm, 21.0850 mm): Pad 2 [COL_R_19] of D271 on F.Cu
[unconnected_items]: Missing connection between items
    Local override; error
    @(40.8850 mm, 21.0850 mm): Pad 2 [COL_R_19] of D271 on F.Cu
    @(40.8850 mm, 23.2850 mm): Pad 2 [COL_R_19] of D299 on F.Cu
[unconnected_items]: Missing connection between items
    Local override; error
    @(40.8850 mm, 23.2850 mm): Pad 2 [COL_R_19] of D299 on F.Cu
    @(40.8850 mm, 25.4850 mm): Pad 2 [COL_R_19] of D327 on F.Cu
[unconnected_items]: Missing connection between items
    Local override; error
    @(40.8850 mm, 25.4850 mm): Pad 2 [COL_R_19] of D327 on F.Cu
    @(40.8850 mm, 27.6850 mm): Pad 2 [COL_R_19] of D355 on F.Cu
[unconnected_items]: Missing connection between items
    Local override; error
    @(40.8850 mm, 27.6850 mm): Pad 2 [COL_R_19] of D355 on F.Cu
    @(40.8850 mm, 29.8850 mm): Pad 2 [COL_R_19] of D383 on F.Cu
[unconnected_items]: Missing connection between items
    Local override; error
    @(40.8850 mm, 29.8850 mm): Pad 2 [COL_R_19] of D383 on F.Cu
    @(40.8850 mm, 32.0850 mm): Pad 2 [COL_R_19] of D411 on F.Cu
[unconnected_items]: Missing connection between items
    Local override; error
    @(40.8850 mm, 32.0850 mm): Pad 2 [COL_R_19] of D411 on F.Cu
    @(40.8850 mm, 34.2850 mm): Pad 2 [COL_R_19] of D439 on F.Cu
[unconnected_items]: Missing connection between items
    Local override; error
    @(40.8850 mm, 34.2850 mm): Pad 2 [COL_R_19] of D439 on F.Cu
    @(40.8850 mm, 36.4850 mm): Pad 2 [COL_R_19] of D467 on F.Cu
[unconnected_items]: Missing connection between items
    Local override; error
    @(40.8850 mm, 36.4850 mm): Pad 2 [COL_R_19] of D467 on F.Cu
    @(40.8850 mm, 38.6850 mm): Pad 2 [COL_R_19] of D495 on F.Cu
[unconnected_items]: Missing connection between items
    Local override; error
    @(40.8850 mm, 38.6850 mm): Pad 2 [COL_R_19] of D495 on F.Cu
    @(40.8850 mm, 40.8850 mm): Pad 2 [COL_R_19] of D523 on F.Cu
[unconnected_items]: Missing connection between items
    Local override; error
    @(40.8850 mm, 40.8850 mm): Pad 2 [COL_R_19] of D523 on F.Cu
    @(40.8850 mm, 43.0850 mm): Pad 2 [COL_R_19] of D551 on F.Cu
[unconnected_items]: Missing connection between items
    Local override; error
    @(40.8850 mm, 43.0850 mm): Pad 2 [COL_R_19] of D551 on F.Cu
    @(40.8850 mm, 45.2850 mm): Pad 2 [COL_R_19] of D579 on F.Cu
[unconnected_items]: Missing connection between items
    Local override; error
    @(40.8850 mm, 45.2850 mm): Pad 2 [COL_R_19] of D579 on F.Cu
    @(40.8850 mm, 47.4850 mm): Pad 2 [COL_R_19] of D607 on F.Cu
[unconnected_items]: Missing connection between items
    Local override; error
    @(40.8850 mm, 47.4850 mm): Pad 2 [COL_R_19] of D607 on F.Cu
    @(40.8850 mm, 49.6850 mm): Pad 2 [COL_R_19] of D635 on F.Cu
[unconnected_items]: Missing connection between items
    Local override; error
    @(40.8850 mm, 49.6850 mm): Pad 2 [COL_R_19] of D635 on F.Cu
    @(40.8850 mm, 51.8850 mm): Pad 2 [COL_R_19] of D663 on F.Cu
[unconnected_items]: Missing connection between items
    Local override; error
    @(40.8850 mm, 51.8850 mm): Pad 2 [COL_R_19] of D663 on F.Cu
    @(40.8850 mm, 54.0850 mm): Pad 2 [COL_R_19] of D691 on F.Cu
[unconnected_items]: Missing connection between items
    Local override; error
    @(40.8850 mm, 54.0850 mm): Pad 2 [COL_R_19] of D691 on F.Cu
    @(40.8850 mm, 56.2850 mm): Pad 2 [COL_R_19] of D719 on F.Cu
[unconnected_items]: Missing connection between items
    Local override; error
    @(40.8850 mm, 56.2850 mm): Pad 2 [COL_R_19] of D719 on F.Cu
    @(40.8850 mm, 58.4850 mm): Pad 2 [COL_R_19] of D747 on F.Cu
[unconnected_items]: Missing connection between items
    Local override; error
    @(40.8850 mm, 58.4850 mm): Pad 2 [COL_R_19] of D747 on F.Cu
    @(40.8850 mm, 60.6850 mm): Pad 2 [COL_R_19] of D775 on F.Cu
[unconnected_items]: Missing connection between items
    Local override; error
    @(40.1150 mm, 1.2850 mm): Pad 3 [COL_G_19] of D19 on F.Cu
    @(40.1150 mm, 3.4850 mm): Pad 3 [COL_G_19] of D47 on F.Cu
[unconnected_items]: Missing connection between items
    Local override; error
    @(40.1150 mm, 3.4850 mm): Pad 3 [COL_G_19] of D47 on F.Cu
    @(40.1150 mm, 5.6850 mm): Pad 3 [COL_G_19] of D75 on F.Cu
[unconnected_items]: Missing connection between items
    Local override; error
    @(40.1150 mm, 5.6850 mm): Pad 3 [COL_G_19] of D75 on F.Cu
    @(40.1150 mm, 7.8850 mm): Pad 3 [COL_G_19] of D103 on F.Cu
[unconnected_items]: Missing connection between items
    Local override; error
    @(40.1150 mm, 7.8850 mm): Pad 3 [COL_G_19] of D103 on F.Cu
    @(40.1150 mm, 10.0850 mm): Pad 3 [COL_G_19] of D131 on F.Cu
[unconnected_items]: Missing connection between items
    Local override; error
    @(40.1150 mm, 10.0850 mm): Pad 3 [COL_G_19] of D131 on F.Cu
    @(40.1150 mm, 12.2850 mm): Pad 3 [COL_G_19] of D159 on F.Cu
[unconnected_items]: Missing connection between items
    Local override; error
    @(40.1150 mm, 12.2850 mm): Pad 3 [COL_G_19] of D159 on F.Cu
    @(40.1150 mm, 14.4850 mm): Pad 3 [COL_G_19] of D187 on F.Cu
[unconnected_items]: Missing connection between items
    Local override; error
    @(40.1150 mm, 14.4850 mm): Pad 3 [COL_G_19] of D187 on F.Cu
    @(40.1150 mm, 16.6850 mm): Pad 3 [COL_G_19] of D215 on F.Cu
[unconnected_items]: Missing connection between items
    Local override; error
    @(40.1150 mm, 16.6850 mm): Pad 3 [COL_G_19] of D215 on F.Cu
    @(40.1150 mm, 18.8850 mm): Pad 3 [COL_G_19] of D243 on F.Cu
[unconnected_items]: Missing connection between items
    Local override; error
    @(40.1150 mm, 18.8850 mm): Pad 3 [COL_G_19] of D243 on F.Cu
    @(40.1150 mm, 21.0850 mm): Pad 3 [COL_G_19] of D271 on F.Cu
[unconnected_items]: Missing connection between items
    Local override; error
    @(40.1150 mm, 21.0850 mm): Pad 3 [COL_G_19] of D271 on F.Cu
    @(40.1150 mm, 23.2850 mm): Pad 3 [COL_G_19] of D299 on F.Cu
[unconnected_items]: Missing connection between items
    Local override; error
    @(40.1150 mm, 23.2850 mm): Pad 3 [COL_G_19] of D299 on F.Cu
    @(40.1150 mm, 25.4850 mm): Pad 3 [COL_G_19] of D327 on F.Cu
[unconnected_items]: Missing connection between items
    Local override; error
    @(40.1150 mm, 25.4850 mm): Pad 3 [COL_G_19] of D327 on F.Cu
    @(40.1150 mm, 27.6850 mm): Pad 3 [COL_G_19] of D355 on F.Cu
[unconnected_items]: Missing connection between items
    Local override; error
    @(40.1150 mm, 27.6850 mm): Pad 3 [COL_G_19] of D355 on F.Cu
    @(40.1150 mm, 29.8850 mm): Pad 3 [COL_G_19] of D383 on F.Cu
[unconnected_items]: Missing connection between items
    Local override; error
    @(40.1150 mm, 29.8850 mm): Pad 3 [COL_G_19] of D383 on F.Cu
    @(40.1150 mm, 32.0850 mm): Pad 3 [COL_G_19] of D411 on F.Cu
[unconnected_items]: Missing connection between items
    Local override; error
    @(40.1150 mm, 32.0850 mm): Pad 3 [COL_G_19] of D411 on F.Cu
    @(40.1150 mm, 34.2850 mm): Pad 3 [COL_G_19] of D439 on F.Cu
[unconnected_items]: Missing connection between items
    Local override; error
    @(40.1150 mm, 34.2850 mm): Pad 3 [COL_G_19] of D439 on F.Cu
    @(40.1150 mm, 36.4850 mm): Pad 3 [COL_G_19] of D467 on F.Cu
[unconnected_items]: Missing connection between items
    Local override; error
    @(40.1150 mm, 36.4850 mm): Pad 3 [COL_G_19] of D467 on F.Cu
    @(40.1150 mm, 38.6850 mm): Pad 3 [COL_G_19] of D495 on F.Cu
[unconnected_items]: Missing connection between items
    Local override; error
    @(40.1150 mm, 38.6850 mm): Pad 3 [COL_G_19] of D495 on F.Cu
    @(40.1150 mm, 40.8850 mm): Pad 3 [COL_G_19] of D523 on F.Cu
[unconnected_items]: Missing connection between items
    Local override; error
    @(40.1150 mm, 40.8850 mm): Pad 3 [COL_G_19] of D523 on F.Cu
    @(40.1150 mm, 43.0850 mm): Pad 3 [COL_G_19] of D551 on F.Cu
[unconnected_items]: Missing connection between items
    Local override; error
    @(40.1150 mm, 43.0850 mm): Pad 3 [COL_G_19] of D551 on F.Cu
    @(40.1150 mm, 45.2850 mm): Pad 3 [COL_G_19] of D579 on F.Cu
[unconnected_items]: Missing connection between items
    Local override; error
    @(40.1150 mm, 45.2850 mm): Pad 3 [COL_G_19] of D579 on F.Cu
    @(40.1150 mm, 47.4850 mm): Pad 3 [COL_G_19] of D607 on F.Cu
[unconnected_items]: Missing connection between items
    Local override; error
    @(40.1150 mm, 47.4850 mm): Pad 3 [COL_G_19] of D607 on F.Cu
    @(40.1150 mm, 49.6850 mm): Pad 3 [COL_G_19] of D635 on F.Cu
[unconnected_items]: Missing connection between items
    Local override; error
    @(40.1150 mm, 49.6850 mm): Pad 3 [COL_G_19] of D635 on F.Cu
    @(40.1150 mm, 51.8850 mm): Pad 3 [COL_G_19] of D663 on F.Cu
[unconnected_items]: Missing connection between items
    Local override; error
    @(40.1150 mm, 51.8850 mm): Pad 3 [COL_G_19] of D663 on F.Cu
    @(40.1150 mm, 54.0850 mm): Pad 3 [COL_G_19] of D691 on F.Cu
[unconnected_items]: Missing connection between items
    Local override; error
    @(40.1150 mm, 54.0850 mm): Pad 3 [COL_G_19] of D691 on F.Cu
    @(40.1150 mm, 56.2850 mm): Pad 3 [COL_G_19] of D719 on F.Cu
[unconnected_items]: Missing connection between items
    Local override; error
    @(40.1150 mm, 56.2850 mm): Pad 3 [COL_G_19] of D719 on F.Cu
    @(40.1150 mm, 58.4850 mm): Pad 3 [COL_G_19] of D747 on F.Cu
[unconnected_items]: Missing connection between items
    Local override; error
    @(40.1150 mm, 58.4850 mm): Pad 3 [COL_G_19] of D747 on F.Cu
    @(40.1150 mm, 60.6850 mm): Pad 3 [COL_G_19] of D775 on F.Cu
[unconnected_items]: Missing connection between items
    Local override; error
    @(40.1150 mm, 0.5150 mm): Pad 4 [COL_B_19] of D19 on F.Cu
    @(40.1150 mm, 2.7150 mm): Pad 4 [COL_B_19] of D47 on F.Cu
[unconnected_items]: Missing connection between items
    Local override; error
    @(40.1150 mm, 2.7150 mm): Pad 4 [COL_B_19] of D47 on F.Cu
    @(40.1150 mm, 4.9150 mm): Pad 4 [COL_B_19] of D75 on F.Cu
[unconnected_items]: Missing connection between items
    Local override; error
    @(40.1150 mm, 4.9150 mm): Pad 4 [COL_B_19] of D75 on F.Cu
    @(40.1150 mm, 7.1150 mm): Pad 4 [COL_B_19] of D103 on F.Cu
[unconnected_items]: Missing connection between items
    Local override; error
    @(40.1150 mm, 7.1150 mm): Pad 4 [COL_B_19] of D103 on F.Cu
    @(40.1150 mm, 9.3150 mm): Pad 4 [COL_B_19] of D131 on F.Cu
[unconnected_items]: Missing connection between items
    Local override; error
    @(40.1150 mm, 9.3150 mm): Pad 4 [COL_B_19] of D131 on F.Cu
    @(40.1150 mm, 11.5150 mm): Pad 4 [COL_B_19] of D159 on F.Cu
[unconnected_items]: Missing connection between items
    Local override; error
    @(40.1150 mm, 11.5150 mm): Pad 4 [COL_B_19] of D159 on F.Cu
    @(40.1150 mm, 13.7150 mm): Pad 4 [COL_B_19] of D187 on F.Cu
[unconnected_items]: Missing connection between items
    Local override; error
    @(40.1150 mm, 13.7150 mm): Pad 4 [COL_B_19] of D187 on F.Cu
    @(40.1150 mm, 15.9150 mm): Pad 4 [COL_B_19] of D215 on F.Cu
[unconnected_items]: Missing connection between items
    Local override; error
    @(40.1150 mm, 15.9150 mm): Pad 4 [COL_B_19] of D215 on F.Cu
    @(40.1150 mm, 18.1150 mm): Pad 4 [COL_B_19] of D243 on F.Cu
[unconnected_items]: Missing connection between items
    Local override; error
    @(40.1150 mm, 18.1150 mm): Pad 4 [COL_B_19] of D243 on F.Cu
    @(40.1150 mm, 20.3150 mm): Pad 4 [COL_B_19] of D271 on F.Cu
[unconnected_items]: Missing connection between items
    Local override; error
    @(40.1150 mm, 20.3150 mm): Pad 4 [COL_B_19] of D271 on F.Cu
    @(40.1150 mm, 22.5150 mm): Pad 4 [COL_B_19] of D299 on F.Cu
[unconnected_items]: Missing connection between items
    Local override; error
    @(40.1150 mm, 22.5150 mm): Pad 4 [COL_B_19] of D299 on F.Cu
    @(40.1150 mm, 24.7150 mm): Pad 4 [COL_B_19] of D327 on F.Cu
[unconnected_items]: Missing connection between items
    Local override; error
    @(40.1150 mm, 24.7150 mm): Pad 4 [COL_B_19] of D327 on F.Cu
    @(40.1150 mm, 26.9150 mm): Pad 4 [COL_B_19] of D355 on F.Cu
[unconnected_items]: Missing connection between items
    Local override; error
    @(40.1150 mm, 26.9150 mm): Pad 4 [COL_B_19] of D355 on F.Cu
    @(40.1150 mm, 29.1150 mm): Pad 4 [COL_B_19] of D383 on F.Cu
[unconnected_items]: Missing connection between items
    Local override; error
    @(40.1150 mm, 29.1150 mm): Pad 4 [COL_B_19] of D383 on F.Cu
    @(40.1150 mm, 31.3150 mm): Pad 4 [COL_B_19] of D411 on F.Cu
[unconnected_items]: Missing connection between items
    Local override; error
    @(40.1150 mm, 31.3150 mm): Pad 4 [COL_B_19] of D411 on F.Cu
    @(40.1150 mm, 33.5150 mm): Pad 4 [COL_B_19] of D439 on F.Cu
[unconnected_items]: Missing connection between items
    Local override; error
    @(40.1150 mm, 33.5150 mm): Pad 4 [COL_B_19] of D439 on F.Cu
    @(40.1150 mm, 35.7150 mm): Pad 4 [COL_B_19] of D467 on F.Cu
[unconnected_items]: Missing connection between items
    Local override; error
    @(40.1150 mm, 35.7150 mm): Pad 4 [COL_B_19] of D467 on F.Cu
    @(40.1150 mm, 37.9150 mm): Pad 4 [COL_B_19] of D495 on F.Cu
[unconnected_items]: Missing connection between items
    Local override; error
    @(40.1150 mm, 37.9150 mm): Pad 4 [COL_B_19] of D495 on F.Cu
    @(40.1150 mm, 40.1150 mm): Pad 4 [COL_B_19] of D523 on F.Cu
[unconnected_items]: Missing connection between items
    Local override; error
    @(40.1150 mm, 40.1150 mm): Pad 4 [COL_B_19] of D523 on F.Cu
    @(40.1150 mm, 42.3150 mm): Pad 4 [COL_B_19] of D551 on F.Cu
[unconnected_items]: Missing connection between items
    Local override; error
    @(40.1150 mm, 42.3150 mm): Pad 4 [COL_B_19] of D551 on F.Cu
    @(40.1150 mm, 44.5150 mm): Pad 4 [COL_B_19] of D579 on F.Cu
[unconnected_items]: Missing connection between items
    Local override; error
    @(40.1150 mm, 44.5150 mm): Pad 4 [COL_B_19] of D579 on F.Cu
    @(40.1150 mm, 46.7150 mm): Pad 4 [COL_B_19] of D607 on F.Cu
[unconnected_items]: Missing connection between items
    Local override; error
    @(40.1150 mm, 46.7150 mm): Pad 4 [COL_B_19] of D607 on F.Cu
    @(40.1150 mm, 48.9150 mm): Pad 4 [COL_B_19] of D635 on F.Cu
[unconnected_items]: Missing connection between items
    Local override; error
    @(40.1150 mm, 48.9150 mm): Pad 4 [COL_B_19] of D635 on F.Cu
    @(40.1150 mm, 51.1150 mm): Pad 4 [COL_B_19] of D663 on F.Cu
[unconnected_items]: Missing connection between items
    Local override; error
    @(40.1150 mm, 51.1150 mm): Pad 4 [COL_B_19] of D663 on F.Cu
    @(40.1150 mm, 53.3150 mm): Pad 4 [COL_B_19] of D691 on F.Cu
[unconnected_items]: Missing connection between items
    Local override; error
    @(40.1150 mm, 53.3150 mm): Pad 4 [COL_B_19] of D691 on F.Cu
    @(40.1150 mm, 55.5150 mm): Pad 4 [COL_B_19] of D719 on F.Cu
[unconnected_items]: Missing connection between items
    Local override; error
    @(40.1150 mm, 55.5150 mm): Pad 4 [COL_B_19] of D719 on F.Cu
    @(40.1150 mm, 57.7150 mm): Pad 4 [COL_B_19] of D747 on F.Cu
[unconnected_items]: Missing connection between items
    Local override; error
    @(40.1150 mm, 57.7150 mm): Pad 4 [COL_B_19] of D747 on F.Cu
    @(40.1150 mm, 59.9150 mm): Pad 4 [COL_B_19] of D775 on F.Cu
[unconnected_items]: Missing connection between items
    Local override; error
    @(1.2850 mm, 2.7150 mm): Pad 1 [ROW_02_ANODE] of D29 on F.Cu
    @(3.4850 mm, 2.7150 mm): Pad 1 [ROW_02_ANODE] of D30 on F.Cu
[unconnected_items]: Missing connection between items
    Local override; error
    @(3.4850 mm, 2.7150 mm): Pad 1 [ROW_02_ANODE] of D30 on F.Cu
    @(5.6850 mm, 2.7150 mm): Pad 1 [ROW_02_ANODE] of D31 on F.Cu
[unconnected_items]: Missing connection between items
    Local override; error
    @(5.6850 mm, 2.7150 mm): Pad 1 [ROW_02_ANODE] of D31 on F.Cu
    @(7.8850 mm, 2.7150 mm): Pad 1 [ROW_02_ANODE] of D32 on F.Cu
[unconnected_items]: Missing connection between items
    Local override; error
    @(7.8850 mm, 2.7150 mm): Pad 1 [ROW_02_ANODE] of D32 on F.Cu
    @(10.0850 mm, 2.7150 mm): Pad 1 [ROW_02_ANODE] of D33 on F.Cu
[unconnected_items]: Missing connection between items
    Local override; error
    @(10.0850 mm, 2.7150 mm): Pad 1 [ROW_02_ANODE] of D33 on F.Cu
    @(12.2850 mm, 2.7150 mm): Pad 1 [ROW_02_ANODE] of D34 on F.Cu
[unconnected_items]: Missing connection between items
    Local override; error
    @(12.2850 mm, 2.7150 mm): Pad 1 [ROW_02_ANODE] of D34 on F.Cu
    @(14.4850 mm, 2.7150 mm): Pad 1 [ROW_02_ANODE] of D35 on F.Cu
[unconnected_items]: Missing connection between items
    Local override; error
    @(14.4850 mm, 2.7150 mm): Pad 1 [ROW_02_ANODE] of D35 on F.Cu
    @(16.6850 mm, 2.7150 mm): Pad 1 [ROW_02_ANODE] of D36 on F.Cu
[unconnected_items]: Missing connection between items
    Local override; error
    @(16.6850 mm, 2.7150 mm): Pad 1 [ROW_02_ANODE] of D36 on F.Cu
    @(18.8850 mm, 2.7150 mm): Pad 1 [ROW_02_ANODE] of D37 on F.Cu
[unconnected_items]: Missing connection between items
    Local override; error
    @(18.8850 mm, 2.7150 mm): Pad 1 [ROW_02_ANODE] of D37 on F.Cu
    @(21.0850 mm, 2.7150 mm): Pad 1 [ROW_02_ANODE] of D38 on F.Cu
[unconnected_items]: Missing connection between items
    Local override; error
    @(21.0850 mm, 2.7150 mm): Pad 1 [ROW_02_ANODE] of D38 on F.Cu
    @(23.2850 mm, 2.7150 mm): Pad 1 [ROW_02_ANODE] of D39 on F.Cu
[unconnected_items]: Missing connection between items
    Local override; error
    @(23.2850 mm, 2.7150 mm): Pad 1 [ROW_02_ANODE] of D39 on F.Cu
    @(25.4850 mm, 2.7150 mm): Pad 1 [ROW_02_ANODE] of D40 on F.Cu
[unconnected_items]: Missing connection between items
    Local override; error
    @(25.4850 mm, 2.7150 mm): Pad 1 [ROW_02_ANODE] of D40 on F.Cu
    @(27.6850 mm, 2.7150 mm): Pad 1 [ROW_02_ANODE] of D41 on F.Cu
[unconnected_items]: Missing connection between items
    Local override; error
    @(27.6850 mm, 2.7150 mm): Pad 1 [ROW_02_ANODE] of D41 on F.Cu
    @(29.8850 mm, 2.7150 mm): Pad 1 [ROW_02_ANODE] of D42 on F.Cu
[unconnected_items]: Missing connection between items
    Local override; error
    @(29.8850 mm, 2.7150 mm): Pad 1 [ROW_02_ANODE] of D42 on F.Cu
    @(32.0850 mm, 2.7150 mm): Pad 1 [ROW_02_ANODE] of D43 on F.Cu
[unconnected_items]: Missing connection between items
    Local override; error
    @(32.0850 mm, 2.7150 mm): Pad 1 [ROW_02_ANODE] of D43 on F.Cu
    @(34.2850 mm, 2.7150 mm): Pad 1 [ROW_02_ANODE] of D44 on F.Cu
[unconnected_items]: Missing connection between items
    Local override; error
    @(34.2850 mm, 2.7150 mm): Pad 1 [ROW_02_ANODE] of D44 on F.Cu
    @(36.4850 mm, 2.7150 mm): Pad 1 [ROW_02_ANODE] of D45 on F.Cu
[unconnected_items]: Missing connection between items
    Local override; error
    @(36.4850 mm, 2.7150 mm): Pad 1 [ROW_02_ANODE] of D45 on F.Cu
    @(38.6850 mm, 2.7150 mm): Pad 1 [ROW_02_ANODE] of D46 on F.Cu
[unconnected_items]: Missing connection between items
    Local override; error
    @(38.6850 mm, 2.7150 mm): Pad 1 [ROW_02_ANODE] of D46 on F.Cu
    @(40.8850 mm, 2.7150 mm): Pad 1 [ROW_02_ANODE] of D47 on F.Cu
[unconnected_items]: Missing connection between items
    Local override; error
    @(40.8850 mm, 2.7150 mm): Pad 1 [ROW_02_ANODE] of D47 on F.Cu
    @(43.0850 mm, 2.7150 mm): Pad 1 [ROW_02_ANODE] of D48 on F.Cu
[unconnected_items]: Missing connection between items
    Local override; error
    @(43.0850 mm, 2.7150 mm): Pad 1 [ROW_02_ANODE] of D48 on F.Cu
    @(45.2850 mm, 2.7150 mm): Pad 1 [ROW_02_ANODE] of D49 on F.Cu
[unconnected_items]: Missing connection between items
    Local override; error
    @(45.2850 mm, 2.7150 mm): Pad 1 [ROW_02_ANODE] of D49 on F.Cu
    @(47.4850 mm, 2.7150 mm): Pad 1 [ROW_02_ANODE] of D50 on F.Cu
[unconnected_items]: Missing connection between items
    Local override; error
    @(47.4850 mm, 2.7150 mm): Pad 1 [ROW_02_ANODE] of D50 on F.Cu
    @(49.6850 mm, 2.7150 mm): Pad 1 [ROW_02_ANODE] of D51 on F.Cu
[unconnected_items]: Missing connection between items
    Local override; error
    @(49.6850 mm, 2.7150 mm): Pad 1 [ROW_02_ANODE] of D51 on F.Cu
    @(51.8850 mm, 2.7150 mm): Pad 1 [ROW_02_ANODE] of D52 on F.Cu
[unconnected_items]: Missing connection between items
    Local override; error
    @(51.8850 mm, 2.7150 mm): Pad 1 [ROW_02_ANODE] of D52 on F.Cu
    @(54.0850 mm, 2.7150 mm): Pad 1 [ROW_02_ANODE] of D53 on F.Cu
[unconnected_items]: Missing connection between items
    Local override; error
    @(54.0850 mm, 2.7150 mm): Pad 1 [ROW_02_ANODE] of D53 on F.Cu
    @(56.2850 mm, 2.7150 mm): Pad 1 [ROW_02_ANODE] of D54 on F.Cu
[unconnected_items]: Missing connection between items
    Local override; error
    @(56.2850 mm, 2.7150 mm): Pad 1 [ROW_02_ANODE] of D54 on F.Cu
    @(58.4850 mm, 2.7150 mm): Pad 1 [ROW_02_ANODE] of D55 on F.Cu
[unconnected_items]: Missing connection between items
    Local override; error
    @(58.4850 mm, 2.7150 mm): Pad 1 [ROW_02_ANODE] of D55 on F.Cu
    @(60.6850 mm, 2.7150 mm): Pad 1 [ROW_02_ANODE] of D56 on F.Cu
[unconnected_items]: Missing connection between items
    Local override; error
    @(59.9150 mm, 31.3150 mm): Track [COL_R_28] on F.Cu, length 0.6650 mm
    @(60.6850 mm, 34.2850 mm): Pad 2 [COL_R_28] of D448 on F.Cu
[unconnected_items]: Missing connection between items
    Local override; error
    @(60.6850 mm, 3.4850 mm): Pad 2 [COL_R_28] of D56 on F.Cu
    @(60.6850 mm, 1.2850 mm): Pad 2 [COL_R_28] of D28 on F.Cu
[unconnected_items]: Missing connection between items
    Local override; error
    @(60.6850 mm, 5.6850 mm): Pad 2 [COL_R_28] of D84 on F.Cu
    @(60.6850 mm, 3.4850 mm): Pad 2 [COL_R_28] of D56 on F.Cu
[unconnected_items]: Missing connection between items
    Local override; error
    @(60.6850 mm, 7.8850 mm): Pad 2 [COL_R_28] of D112 on F.Cu
    @(60.6850 mm, 5.6850 mm): Pad 2 [COL_R_28] of D84 on F.Cu
[unconnected_items]: Missing connection between items
    Local override; error
    @(60.6850 mm, 10.0850 mm): Pad 2 [COL_R_28] of D140 on F.Cu
    @(60.6850 mm, 7.8850 mm): Pad 2 [COL_R_28] of D112 on F.Cu
[unconnected_items]: Missing connection between items
    Local override; error
    @(60.6850 mm, 12.2850 mm): Pad 2 [COL_R_28] of D168 on F.Cu
    @(60.6850 mm, 10.0850 mm): Pad 2 [COL_R_28] of D140 on F.Cu
[unconnected_items]: Missing connection between items
    Local override; error
    @(60.6850 mm, 14.4850 mm): Pad 2 [COL_R_28] of D196 on F.Cu
    @(60.6850 mm, 12.2850 mm): Pad 2 [COL_R_28] of D168 on F.Cu
[unconnected_items]: Missing connection between items
    Local override; error
    @(60.6850 mm, 16.6850 mm): Pad 2 [COL_R_28] of D224 on F.Cu
    @(60.6850 mm, 14.4850 mm): Pad 2 [COL_R_28] of D196 on F.Cu
[unconnected_items]: Missing connection between items
    Local override; error
    @(60.6850 mm, 18.8850 mm): Pad 2 [COL_R_28] of D252 on F.Cu
    @(60.6850 mm, 16.6850 mm): Pad 2 [COL_R_28] of D224 on F.Cu
[unconnected_items]: Missing connection between items
    Local override; error
    @(60.6850 mm, 21.0850 mm): Pad 2 [COL_R_28] of D280 on F.Cu
    @(60.6850 mm, 18.8850 mm): Pad 2 [COL_R_28] of D252 on F.Cu
[unconnected_items]: Missing connection between items
    Local override; error
    @(60.6850 mm, 23.2850 mm): Pad 2 [COL_R_28] of D308 on F.Cu
    @(60.6850 mm, 21.0850 mm): Pad 2 [COL_R_28] of D280 on F.Cu
[unconnected_items]: Missing connection between items
    Local override; error
    @(60.6850 mm, 25.4850 mm): Pad 2 [COL_R_28] of D336 on F.Cu
    @(60.6850 mm, 23.2850 mm): Pad 2 [COL_R_28] of D308 on F.Cu
[unconnected_items]: Missing connection between items
    Local override; error
    @(60.6850 mm, 27.6850 mm): Pad 2 [COL_R_28] of D364 on F.Cu
    @(60.6850 mm, 25.4850 mm): Pad 2 [COL_R_28] of D336 on F.Cu
[unconnected_items]: Missing connection between items
    Local override; error
    @(60.6850 mm, 29.1150 mm): Track [COL_R_28] on F.Cu, length 0.5445 mm
    @(60.6850 mm, 27.6850 mm): Pad 2 [COL_R_28] of D364 on F.Cu
[unconnected_items]: Missing connection between items
    Local override; error
    @(60.6850 mm, 36.4850 mm): Pad 2 [COL_R_28] of D476 on F.Cu
    @(60.6850 mm, 34.2850 mm): Pad 2 [COL_R_28] of D448 on F.Cu
[unconnected_items]: Missing connection between items
    Local override; error
    @(60.6850 mm, 38.6850 mm): Pad 2 [COL_R_28] of D504 on F.Cu
    @(60.6850 mm, 36.4850 mm): Pad 2 [COL_R_28] of D476 on F.Cu
[unconnected_items]: Missing connection between items
    Local override; error
    @(60.6850 mm, 40.8850 mm): Pad 2 [COL_R_28] of D532 on F.Cu
    @(60.6850 mm, 38.6850 mm): Pad 2 [COL_R_28] of D504 on F.Cu
[unconnected_items]: Missing connection between items
    Local override; error
    @(60.6850 mm, 43.0850 mm): Pad 2 [COL_R_28] of D560 on F.Cu
    @(60.6850 mm, 40.8850 mm): Pad 2 [COL_R_28] of D532 on F.Cu
[unconnected_items]: Missing connection between items
    Local override; error
    @(60.6850 mm, 45.2850 mm): Pad 2 [COL_R_28] of D588 on F.Cu
    @(60.6850 mm, 43.0850 mm): Pad 2 [COL_R_28] of D560 on F.Cu
[unconnected_items]: Missing connection between items
    Local override; error
    @(60.6850 mm, 47.4850 mm): Pad 2 [COL_R_28] of D616 on F.Cu
    @(60.6850 mm, 45.2850 mm): Pad 2 [COL_R_28] of D588 on F.Cu
[unconnected_items]: Missing connection between items
    Local override; error
    @(60.6850 mm, 49.6850 mm): Pad 2 [COL_R_28] of D644 on F.Cu
    @(60.6850 mm, 47.4850 mm): Pad 2 [COL_R_28] of D616 on F.Cu
[unconnected_items]: Missing connection between items
    Local override; error
    @(60.6850 mm, 51.8850 mm): Pad 2 [COL_R_28] of D672 on F.Cu
    @(60.6850 mm, 49.6850 mm): Pad 2 [COL_R_28] of D644 on F.Cu
[unconnected_items]: Missing connection between items
    Local override; error
    @(60.6850 mm, 54.0850 mm): Pad 2 [COL_R_28] of D700 on F.Cu
    @(60.6850 mm, 51.8850 mm): Pad 2 [COL_R_28] of D672 on F.Cu
[unconnected_items]: Missing connection between items
    Local override; error
    @(60.6850 mm, 56.2850 mm): Pad 2 [COL_R_28] of D728 on F.Cu
    @(60.6850 mm, 54.0850 mm): Pad 2 [COL_R_28] of D700 on F.Cu
[unconnected_items]: Missing connection between items
    Local override; error
    @(60.6850 mm, 58.4850 mm): Pad 2 [COL_R_28] of D756 on F.Cu
    @(60.6850 mm, 56.2850 mm): Pad 2 [COL_R_28] of D728 on F.Cu
[unconnected_items]: Missing connection between items
    Local override; error
    @(60.6850 mm, 60.6850 mm): Pad 2 [COL_R_28] of D784 on F.Cu
    @(60.6850 mm, 58.4850 mm): Pad 2 [COL_R_28] of D756 on F.Cu
[unconnected_items]: Missing connection between items
    Local override; error
    @(59.9150 mm, 1.2850 mm): Pad 3 [COL_G_28] of D28 on F.Cu
    @(59.9150 mm, 3.4850 mm): Pad 3 [COL_G_28] of D56 on F.Cu
[unconnected_items]: Missing connection between items
    Local override; error
    @(59.9150 mm, 3.4850 mm): Pad 3 [COL_G_28] of D56 on F.Cu
    @(59.9150 mm, 5.6850 mm): Pad 3 [COL_G_28] of D84 on F.Cu
[unconnected_items]: Missing connection between items
    Local override; error
    @(59.9150 mm, 5.6850 mm): Pad 3 [COL_G_28] of D84 on F.Cu
    @(59.9150 mm, 7.8850 mm): Pad 3 [COL_G_28] of D112 on F.Cu
[unconnected_items]: Missing connection between items
    Local override; error
    @(59.9150 mm, 7.8850 mm): Pad 3 [COL_G_28] of D112 on F.Cu
    @(59.9150 mm, 10.0850 mm): Pad 3 [COL_G_28] of D140 on F.Cu
[unconnected_items]: Missing connection between items
    Local override; error
    @(59.9150 mm, 10.0850 mm): Pad 3 [COL_G_28] of D140 on F.Cu
    @(59.9150 mm, 12.2850 mm): Pad 3 [COL_G_28] of D168 on F.Cu
[unconnected_items]: Missing connection between items
    Local override; error
    @(59.9150 mm, 12.2850 mm): Pad 3 [COL_G_28] of D168 on F.Cu
    @(59.9150 mm, 14.4850 mm): Pad 3 [COL_G_28] of D196 on F.Cu
[unconnected_items]: Missing connection between items
    Local override; error
    @(59.9150 mm, 14.4850 mm): Pad 3 [COL_G_28] of D196 on F.Cu
    @(59.9150 mm, 16.6850 mm): Pad 3 [COL_G_28] of D224 on F.Cu
[unconnected_items]: Missing connection between items
    Local override; error
    @(59.9150 mm, 16.6850 mm): Pad 3 [COL_G_28] of D224 on F.Cu
    @(59.9150 mm, 18.8850 mm): Pad 3 [COL_G_28] of D252 on F.Cu
[unconnected_items]: Missing connection between items
    Local override; error
    @(59.9150 mm, 18.8850 mm): Pad 3 [COL_G_28] of D252 on F.Cu
    @(59.9150 mm, 21.0850 mm): Pad 3 [COL_G_28] of D280 on F.Cu
[unconnected_items]: Missing connection between items
    Local override; error
    @(59.9150 mm, 21.0850 mm): Pad 3 [COL_G_28] of D280 on F.Cu
    @(59.9150 mm, 23.2850 mm): Pad 3 [COL_G_28] of D308 on F.Cu
[unconnected_items]: Missing connection between items
    Local override; error
    @(59.9150 mm, 23.2850 mm): Pad 3 [COL_G_28] of D308 on F.Cu
    @(59.9150 mm, 25.4850 mm): Pad 3 [COL_G_28] of D336 on F.Cu
[unconnected_items]: Missing connection between items
    Local override; error
    @(59.9150 mm, 25.4850 mm): Pad 3 [COL_G_28] of D336 on F.Cu
    @(59.9150 mm, 27.6850 mm): Pad 3 [COL_G_28] of D364 on F.Cu
[unconnected_items]: Missing connection between items
    Local override; error
    @(59.9150 mm, 27.6850 mm): Pad 3 [COL_G_28] of D364 on F.Cu
    @(60.6850 mm, 29.8850 mm): Track [COL_G_28] on F.Cu, length 0.7152 mm
[unconnected_items]: Missing connection between items
    Local override; error
    @(59.9150 mm, 34.2850 mm): Pad 3 [COL_G_28] of D448 on F.Cu
    @(59.9150 mm, 36.4850 mm): Pad 3 [COL_G_28] of D476 on F.Cu
[unconnected_items]: Missing connection between items
    Local override; error
    @(59.9150 mm, 36.4850 mm): Pad 3 [COL_G_28] of D476 on F.Cu
    @(59.9150 mm, 38.6850 mm): Pad 3 [COL_G_28] of D504 on F.Cu
[unconnected_items]: Missing connection between items
    Local override; error
    @(59.9150 mm, 38.6850 mm): Pad 3 [COL_G_28] of D504 on F.Cu
    @(59.9150 mm, 40.8850 mm): Pad 3 [COL_G_28] of D532 on F.Cu
[unconnected_items]: Missing connection between items
    Local override; error
    @(59.9150 mm, 40.8850 mm): Pad 3 [COL_G_28] of D532 on F.Cu
    @(59.9150 mm, 43.0850 mm): Pad 3 [COL_G_28] of D560 on F.Cu
[unconnected_items]: Missing connection between items
    Local override; error
    @(59.9150 mm, 43.0850 mm): Pad 3 [COL_G_28] of D560 on F.Cu
    @(59.9150 mm, 45.2850 mm): Pad 3 [COL_G_28] of D588 on F.Cu
[unconnected_items]: Missing connection between items
    Local override; error
    @(59.9150 mm, 45.2850 mm): Pad 3 [COL_G_28] of D588 on F.Cu
    @(59.9150 mm, 47.4850 mm): Pad 3 [COL_G_28] of D616 on F.Cu
[unconnected_items]: Missing connection between items
    Local override; error
    @(59.9150 mm, 47.4850 mm): Pad 3 [COL_G_28] of D616 on F.Cu
    @(59.9150 mm, 49.6850 mm): Pad 3 [COL_G_28] of D644 on F.Cu
[unconnected_items]: Missing connection between items
    Local override; error
    @(59.9150 mm, 49.6850 mm): Pad 3 [COL_G_28] of D644 on F.Cu
    @(59.9150 mm, 51.8850 mm): Pad 3 [COL_G_28] of D672 on F.Cu
[unconnected_items]: Missing connection between items
    Local override; error
    @(59.9150 mm, 51.8850 mm): Pad 3 [COL_G_28] of D672 on F.Cu
    @(59.9150 mm, 54.0850 mm): Pad 3 [COL_G_28] of D700 on F.Cu
[unconnected_items]: Missing connection between items
    Local override; error
    @(59.9150 mm, 54.0850 mm): Pad 3 [COL_G_28] of D700 on F.Cu
    @(59.9150 mm, 56.2850 mm): Pad 3 [COL_G_28] of D728 on F.Cu
[unconnected_items]: Missing connection between items
    Local override; error
    @(59.9150 mm, 56.2850 mm): Pad 3 [COL_G_28] of D728 on F.Cu
    @(59.9150 mm, 58.4850 mm): Pad 3 [COL_G_28] of D756 on F.Cu
[unconnected_items]: Missing connection between items
    Local override; error
    @(59.9150 mm, 58.4850 mm): Pad 3 [COL_G_28] of D756 on F.Cu
    @(59.9150 mm, 60.6850 mm): Pad 3 [COL_G_28] of D784 on F.Cu
[unconnected_items]: Missing connection between items
    Local override; error
    @(60.6850 mm, 31.3150 mm): Track [COL_G_28] on F.Cu, length 0.7152 mm
    @(59.9150 mm, 34.2850 mm): Pad 3 [COL_G_28] of D448 on F.Cu
[unconnected_items]: Missing connection between items
    Local override; error
    @(59.9150 mm, 2.7150 mm): Pad 4 [COL_B_28] of D56 on F.Cu
    @(59.9150 mm, 0.5150 mm): Pad 4 [COL_B_28] of D28 on F.Cu
[unconnected_items]: Missing connection between items
    Local override; error
    @(59.9150 mm, 2.7150 mm): Pad 4 [COL_B_28] of D56 on F.Cu
    @(59.9150 mm, 4.9150 mm): Pad 4 [COL_B_28] of D84 on F.Cu
[unconnected_items]: Missing connection between items
    Local override; error
    @(59.9150 mm, 4.9150 mm): Pad 4 [COL_B_28] of D84 on F.Cu
    @(59.9150 mm, 7.1150 mm): Pad 4 [COL_B_28] of D112 on F.Cu
[unconnected_items]: Missing connection between items
    Local override; error
    @(59.9150 mm, 9.3150 mm): Pad 4 [COL_B_28] of D140 on F.Cu
    @(59.9150 mm, 11.5150 mm): Pad 4 [COL_B_28] of D168 on F.Cu
[unconnected_items]: Missing connection between items
    Local override; error
    @(59.9150 mm, 9.3150 mm): Pad 4 [COL_B_28] of D140 on F.Cu
    @(59.9150 mm, 7.1150 mm): Pad 4 [COL_B_28] of D112 on F.Cu
[unconnected_items]: Missing connection between items
    Local override; error
    @(59.9150 mm, 11.5150 mm): Pad 4 [COL_B_28] of D168 on F.Cu
    @(59.9150 mm, 13.7150 mm): Pad 4 [COL_B_28] of D196 on F.Cu
[unconnected_items]: Missing connection between items
    Local override; error
    @(59.9150 mm, 13.7150 mm): Pad 4 [COL_B_28] of D196 on F.Cu
    @(59.9150 mm, 15.9150 mm): Pad 4 [COL_B_28] of D224 on F.Cu
[unconnected_items]: Missing connection between items
    Local override; error
    @(59.9150 mm, 15.9150 mm): Pad 4 [COL_B_28] of D224 on F.Cu
    @(59.9150 mm, 18.1150 mm): Pad 4 [COL_B_28] of D252 on F.Cu
[unconnected_items]: Missing connection between items
    Local override; error
    @(59.9150 mm, 18.1150 mm): Pad 4 [COL_B_28] of D252 on F.Cu
    @(59.9150 mm, 20.3150 mm): Pad 4 [COL_B_28] of D280 on F.Cu
[unconnected_items]: Missing connection between items
    Local override; error
    @(59.9150 mm, 20.3150 mm): Pad 4 [COL_B_28] of D280 on F.Cu
    @(59.9150 mm, 22.5150 mm): Pad 4 [COL_B_28] of D308 on F.Cu
[unconnected_items]: Missing connection between items
    Local override; error
    @(59.9150 mm, 22.5150 mm): Pad 4 [COL_B_28] of D308 on F.Cu
    @(59.9150 mm, 24.7150 mm): Pad 4 [COL_B_28] of D336 on F.Cu
[unconnected_items]: Missing connection between items
    Local override; error
    @(59.9150 mm, 26.9150 mm): Pad 4 [COL_B_28] of D364 on F.Cu
    @(59.9150 mm, 24.7150 mm): Pad 4 [COL_B_28] of D336 on F.Cu
[unconnected_items]: Missing connection between items
    Local override; error
    @(59.9150 mm, 26.9150 mm): Pad 4 [COL_B_28] of D364 on F.Cu
    @(59.9150 mm, 29.8850 mm): Track [COL_B_28] on F.Cu, length 0.6650 mm
[unconnected_items]: Missing connection between items
    Local override; error
    @(59.9150 mm, 35.7150 mm): Pad 4 [COL_B_28] of D476 on F.Cu
    @(59.9150 mm, 33.5150 mm): Pad 4 [COL_B_28] of D448 on F.Cu
[unconnected_items]: Missing connection between items
    Local override; error
    @(59.9150 mm, 37.9150 mm): Pad 4 [COL_B_28] of D504 on F.Cu
    @(59.9150 mm, 35.7150 mm): Pad 4 [COL_B_28] of D476 on F.Cu
[unconnected_items]: Missing connection between items
    Local override; error
    @(59.9150 mm, 37.9150 mm): Pad 4 [COL_B_28] of D504 on F.Cu
    @(59.9150 mm, 40.1150 mm): Pad 4 [COL_B_28] of D532 on F.Cu
[unconnected_items]: Missing connection between items
    Local override; error
    @(59.9150 mm, 42.3150 mm): Pad 4 [COL_B_28] of D560 on F.Cu
    @(59.9150 mm, 40.1150 mm): Pad 4 [COL_B_28] of D532 on F.Cu
[unconnected_items]: Missing connection between items
    Local override; error
    @(59.9150 mm, 42.3150 mm): Pad 4 [COL_B_28] of D560 on F.Cu
    @(59.9150 mm, 44.5150 mm): Pad 4 [COL_B_28] of D588 on F.Cu
[unconnected_items]: Missing connection between items
    Local override; error
    @(59.9150 mm, 44.5150 mm): Pad 4 [COL_B_28] of D588 on F.Cu
    @(59.9150 mm, 46.7150 mm): Pad 4 [COL_B_28] of D616 on F.Cu
[unconnected_items]: Missing connection between items
    Local override; error
    @(59.9150 mm, 48.9150 mm): Pad 4 [COL_B_28] of D644 on F.Cu
    @(59.9150 mm, 46.7150 mm): Pad 4 [COL_B_28] of D616 on F.Cu
[unconnected_items]: Missing connection between items
    Local override; error
    @(59.9150 mm, 48.9150 mm): Pad 4 [COL_B_28] of D644 on F.Cu
    @(59.9150 mm, 51.1150 mm): Pad 4 [COL_B_28] of D672 on F.Cu
[unconnected_items]: Missing connection between items
    Local override; error
    @(59.9150 mm, 51.1150 mm): Pad 4 [COL_B_28] of D672 on F.Cu
    @(59.9150 mm, 53.3150 mm): Pad 4 [COL_B_28] of D700 on F.Cu
[unconnected_items]: Missing connection between items
    Local override; error
    @(59.9150 mm, 53.3150 mm): Pad 4 [COL_B_28] of D700 on F.Cu
    @(59.9150 mm, 55.5150 mm): Pad 4 [COL_B_28] of D728 on F.Cu
[unconnected_items]: Missing connection between items
    Local override; error
    @(59.9150 mm, 55.5150 mm): Pad 4 [COL_B_28] of D728 on F.Cu
    @(59.9150 mm, 57.7150 mm): Pad 4 [COL_B_28] of D756 on F.Cu
[unconnected_items]: Missing connection between items
    Local override; error
    @(59.9150 mm, 57.7150 mm): Pad 4 [COL_B_28] of D756 on F.Cu
    @(59.9150 mm, 59.9150 mm): Pad 4 [COL_B_28] of D784 on F.Cu
[unconnected_items]: Missing connection between items
    Local override; error
    @(60.6850 mm, 32.0850 mm): Track [COL_B_28] on F.Cu, length 0.5445 mm
    @(59.9150 mm, 33.5150 mm): Pad 4 [COL_B_28] of D448 on F.Cu
[unconnected_items]: Missing connection between items
    Local override; error
    @(1.2850 mm, 22.5150 mm): Pad 1 [ROW_11_ANODE] of D281 on F.Cu
    @(3.4850 mm, 22.5150 mm): Pad 1 [ROW_11_ANODE] of D282 on F.Cu
[unconnected_items]: Missing connection between items
    Local override; error
    @(3.4850 mm, 22.5150 mm): Pad 1 [ROW_11_ANODE] of D282 on F.Cu
    @(5.6850 mm, 22.5150 mm): Pad 1 [ROW_11_ANODE] of D283 on F.Cu
[unconnected_items]: Missing connection between items
    Local override; error
    @(5.6850 mm, 22.5150 mm): Pad 1 [ROW_11_ANODE] of D283 on F.Cu
    @(7.8850 mm, 22.5150 mm): Pad 1 [ROW_11_ANODE] of D284 on F.Cu
[unconnected_items]: Missing connection between items
    Local override; error
    @(7.8850 mm, 22.5150 mm): Pad 1 [ROW_11_ANODE] of D284 on F.Cu
    @(10.0850 mm, 22.5150 mm): Pad 1 [ROW_11_ANODE] of D285 on F.Cu
[unconnected_items]: Missing connection between items
    Local override; error
    @(10.0850 mm, 22.5150 mm): Pad 1 [ROW_11_ANODE] of D285 on F.Cu
    @(12.2850 mm, 22.5150 mm): Pad 1 [ROW_11_ANODE] of D286 on F.Cu
[unconnected_items]: Missing connection between items
    Local override; error
    @(12.2850 mm, 22.5150 mm): Pad 1 [ROW_11_ANODE] of D286 on F.Cu
    @(14.4850 mm, 22.5150 mm): Pad 1 [ROW_11_ANODE] of D287 on F.Cu
[unconnected_items]: Missing connection between items
    Local override; error
    @(14.4850 mm, 22.5150 mm): Pad 1 [ROW_11_ANODE] of D287 on F.Cu
    @(16.6850 mm, 22.5150 mm): Pad 1 [ROW_11_ANODE] of D288 on F.Cu
[unconnected_items]: Missing connection between items
    Local override; error
    @(16.6850 mm, 22.5150 mm): Pad 1 [ROW_11_ANODE] of D288 on F.Cu
    @(18.8850 mm, 22.5150 mm): Pad 1 [ROW_11_ANODE] of D289 on F.Cu
[unconnected_items]: Missing connection between items
    Local override; error
    @(18.8850 mm, 22.5150 mm): Pad 1 [ROW_11_ANODE] of D289 on F.Cu
    @(21.0850 mm, 22.5150 mm): Pad 1 [ROW_11_ANODE] of D290 on F.Cu
[unconnected_items]: Missing connection between items
    Local override; error
    @(21.0850 mm, 22.5150 mm): Pad 1 [ROW_11_ANODE] of D290 on F.Cu
    @(23.2850 mm, 22.5150 mm): Pad 1 [ROW_11_ANODE] of D291 on F.Cu
[unconnected_items]: Missing connection between items
    Local override; error
    @(23.2850 mm, 22.5150 mm): Pad 1 [ROW_11_ANODE] of D291 on F.Cu
    @(25.4850 mm, 22.5150 mm): Pad 1 [ROW_11_ANODE] of D292 on F.Cu
[unconnected_items]: Missing connection between items
    Local override; error
    @(25.4850 mm, 22.5150 mm): Pad 1 [ROW_11_ANODE] of D292 on F.Cu
    @(27.6850 mm, 22.5150 mm): Pad 1 [ROW_11_ANODE] of D293 on F.Cu
[unconnected_items]: Missing connection between items
    Local override; error
    @(27.6850 mm, 22.5150 mm): Pad 1 [ROW_11_ANODE] of D293 on F.Cu
    @(29.8850 mm, 22.5150 mm): Pad 1 [ROW_11_ANODE] of D294 on F.Cu
[unconnected_items]: Missing connection between items
    Local override; error
    @(29.8850 mm, 22.5150 mm): Pad 1 [ROW_11_ANODE] of D294 on F.Cu
    @(32.0850 mm, 22.5150 mm): Pad 1 [ROW_11_ANODE] of D295 on F.Cu
[unconnected_items]: Missing connection between items
    Local override; error
    @(32.0850 mm, 22.5150 mm): Pad 1 [ROW_11_ANODE] of D295 on F.Cu
    @(34.2850 mm, 22.5150 mm): Pad 1 [ROW_11_ANODE] of D296 on F.Cu
[unconnected_items]: Missing connection between items
    Local override; error
    @(34.2850 mm, 22.5150 mm): Pad 1 [ROW_11_ANODE] of D296 on F.Cu
    @(36.4850 mm, 22.5150 mm): Pad 1 [ROW_11_ANODE] of D297 on F.Cu
[unconnected_items]: Missing connection between items
    Local override; error
    @(36.4850 mm, 22.5150 mm): Pad 1 [ROW_11_ANODE] of D297 on F.Cu
    @(38.6850 mm, 22.5150 mm): Pad 1 [ROW_11_ANODE] of D298 on F.Cu
[unconnected_items]: Missing connection between items
    Local override; error
    @(38.6850 mm, 22.5150 mm): Pad 1 [ROW_11_ANODE] of D298 on F.Cu
    @(40.8850 mm, 22.5150 mm): Pad 1 [ROW_11_ANODE] of D299 on F.Cu
[unconnected_items]: Missing connection between items
    Local override; error
    @(40.8850 mm, 22.5150 mm): Pad 1 [ROW_11_ANODE] of D299 on F.Cu
    @(43.0850 mm, 22.5150 mm): Pad 1 [ROW_11_ANODE] of D300 on F.Cu
[unconnected_items]: Missing connection between items
    Local override; error
    @(43.0850 mm, 22.5150 mm): Pad 1 [ROW_11_ANODE] of D300 on F.Cu
    @(45.2850 mm, 22.5150 mm): Pad 1 [ROW_11_ANODE] of D301 on F.Cu
[unconnected_items]: Missing connection between items
    Local override; error
    @(45.2850 mm, 22.5150 mm): Pad 1 [ROW_11_ANODE] of D301 on F.Cu
    @(47.4850 mm, 22.5150 mm): Pad 1 [ROW_11_ANODE] of D302 on F.Cu
[unconnected_items]: Missing connection between items
    Local override; error
    @(47.4850 mm, 22.5150 mm): Pad 1 [ROW_11_ANODE] of D302 on F.Cu
    @(49.6850 mm, 22.5150 mm): Pad 1 [ROW_11_ANODE] of D303 on F.Cu
[unconnected_items]: Missing connection between items
    Local override; error
    @(49.6850 mm, 22.5150 mm): Pad 1 [ROW_11_ANODE] of D303 on F.Cu
    @(51.8850 mm, 22.5150 mm): Pad 1 [ROW_11_ANODE] of D304 on F.Cu
[unconnected_items]: Missing connection between items
    Local override; error
    @(51.8850 mm, 22.5150 mm): Pad 1 [ROW_11_ANODE] of D304 on F.Cu
    @(54.0850 mm, 22.5150 mm): Pad 1 [ROW_11_ANODE] of D305 on F.Cu
[unconnected_items]: Missing connection between items
    Local override; error
    @(54.0850 mm, 22.5150 mm): Pad 1 [ROW_11_ANODE] of D305 on F.Cu
    @(56.2850 mm, 22.5150 mm): Pad 1 [ROW_11_ANODE] of D306 on F.Cu
[unconnected_items]: Missing connection between items
    Local override; error
    @(56.2850 mm, 22.5150 mm): Pad 1 [ROW_11_ANODE] of D306 on F.Cu
    @(58.4850 mm, 22.5150 mm): Pad 1 [ROW_11_ANODE] of D307 on F.Cu
[unconnected_items]: Missing connection between items
    Local override; error
    @(58.4850 mm, 22.5150 mm): Pad 1 [ROW_11_ANODE] of D307 on F.Cu
    @(60.6850 mm, 22.5150 mm): Pad 1 [ROW_11_ANODE] of D308 on F.Cu
[unconnected_items]: Missing connection between items
    Local override; error
    @(45.2850 mm, 1.2850 mm): Pad 2 [COL_R_21] of D21 on F.Cu
    @(45.2850 mm, 3.4850 mm): Pad 2 [COL_R_21] of D49 on F.Cu
[unconnected_items]: Missing connection between items
    Local override; error
    @(45.2850 mm, 3.4850 mm): Pad 2 [COL_R_21] of D49 on F.Cu
    @(45.2850 mm, 5.6850 mm): Pad 2 [COL_R_21] of D77 on F.Cu
[unconnected_items]: Missing connection between items
    Local override; error
    @(45.2850 mm, 5.6850 mm): Pad 2 [COL_R_21] of D77 on F.Cu
    @(45.2850 mm, 7.8850 mm): Pad 2 [COL_R_21] of D105 on F.Cu
[unconnected_items]: Missing connection between items
    Local override; error
    @(45.2850 mm, 7.8850 mm): Pad 2 [COL_R_21] of D105 on F.Cu
    @(45.2850 mm, 10.0850 mm): Pad 2 [COL_R_21] of D133 on F.Cu
[unconnected_items]: Missing connection between items
    Local override; error
    @(45.2850 mm, 10.0850 mm): Pad 2 [COL_R_21] of D133 on F.Cu
    @(45.2850 mm, 12.2850 mm): Pad 2 [COL_R_21] of D161 on F.Cu
[unconnected_items]: Missing connection between items
    Local override; error
    @(45.2850 mm, 12.2850 mm): Pad 2 [COL_R_21] of D161 on F.Cu
    @(45.2850 mm, 14.4850 mm): Pad 2 [COL_R_21] of D189 on F.Cu
[unconnected_items]: Missing connection between items
    Local override; error
    @(45.2850 mm, 14.4850 mm): Pad 2 [COL_R_21] of D189 on F.Cu
    @(45.2850 mm, 16.6850 mm): Pad 2 [COL_R_21] of D217 on F.Cu
[unconnected_items]: Missing connection between items
    Local override; error
    @(45.2850 mm, 16.6850 mm): Pad 2 [COL_R_21] of D217 on F.Cu
    @(45.2850 mm, 18.8850 mm): Pad 2 [COL_R_21] of D245 on F.Cu
[unconnected_items]: Missing connection between items
    Local override; error
    @(45.2850 mm, 18.8850 mm): Pad 2 [COL_R_21] of D245 on F.Cu
    @(45.2850 mm, 21.0850 mm): Pad 2 [COL_R_21] of D273 on F.Cu
[unconnected_items]: Missing connection between items
    Local override; error
    @(45.2850 mm, 21.0850 mm): Pad 2 [COL_R_21] of D273 on F.Cu
    @(45.2850 mm, 23.2850 mm): Pad 2 [COL_R_21] of D301 on F.Cu
[unconnected_items]: Missing connection between items
    Local override; error
    @(45.2850 mm, 23.2850 mm): Pad 2 [COL_R_21] of D301 on F.Cu
    @(45.2850 mm, 25.4850 mm): Pad 2 [COL_R_21] of D329 on F.Cu
[unconnected_items]: Missing connection between items
    Local override; error
    @(45.2850 mm, 25.4850 mm): Pad 2 [COL_R_21] of D329 on F.Cu
    @(45.2850 mm, 27.6850 mm): Pad 2 [COL_R_21] of D357 on F.Cu
[unconnected_items]: Missing connection between items
    Local override; error
    @(45.2850 mm, 27.6850 mm): Pad 2 [COL_R_21] of D357 on F.Cu
    @(45.2850 mm, 29.8850 mm): Pad 2 [COL_R_21] of D385 on F.Cu
[unconnected_items]: Missing connection between items
    Local override; error
    @(45.2850 mm, 29.8850 mm): Pad 2 [COL_R_21] of D385 on F.Cu
    @(45.2850 mm, 32.0850 mm): Pad 2 [COL_R_21] of D413 on F.Cu
[unconnected_items]: Missing connection between items
    Local override; error
    @(45.2850 mm, 32.0850 mm): Pad 2 [COL_R_21] of D413 on F.Cu
    @(45.2850 mm, 34.2850 mm): Pad 2 [COL_R_21] of D441 on F.Cu
[unconnected_items]: Missing connection between items
    Local override; error
    @(45.2850 mm, 34.2850 mm): Pad 2 [COL_R_21] of D441 on F.Cu
    @(45.2850 mm, 36.4850 mm): Pad 2 [COL_R_21] of D469 on F.Cu
[unconnected_items]: Missing connection between items
    Local override; error
    @(45.2850 mm, 36.4850 mm): Pad 2 [COL_R_21] of D469 on F.Cu
    @(45.2850 mm, 38.6850 mm): Pad 2 [COL_R_21] of D497 on F.Cu
[unconnected_items]: Missing connection between items
    Local override; error
    @(45.2850 mm, 38.6850 mm): Pad 2 [COL_R_21] of D497 on F.Cu
    @(45.2850 mm, 40.8850 mm): Pad 2 [COL_R_21] of D525 on F.Cu
[unconnected_items]: Missing connection between items
    Local override; error
    @(45.2850 mm, 40.8850 mm): Pad 2 [COL_R_21] of D525 on F.Cu
    @(45.2850 mm, 43.0850 mm): Pad 2 [COL_R_21] of D553 on F.Cu
[unconnected_items]: Missing connection between items
    Local override; error
    @(45.2850 mm, 43.0850 mm): Pad 2 [COL_R_21] of D553 on F.Cu
    @(45.2850 mm, 45.2850 mm): Pad 2 [COL_R_21] of D581 on F.Cu
[unconnected_items]: Missing connection between items
    Local override; error
    @(45.2850 mm, 45.2850 mm): Pad 2 [COL_R_21] of D581 on F.Cu
    @(45.2850 mm, 47.4850 mm): Pad 2 [COL_R_21] of D609 on F.Cu
[unconnected_items]: Missing connection between items
    Local override; error
    @(45.2850 mm, 47.4850 mm): Pad 2 [COL_R_21] of D609 on F.Cu
    @(45.2850 mm, 49.6850 mm): Pad 2 [COL_R_21] of D637 on F.Cu
[unconnected_items]: Missing connection between items
    Local override; error
    @(45.2850 mm, 49.6850 mm): Pad 2 [COL_R_21] of D637 on F.Cu
    @(45.2850 mm, 51.8850 mm): Pad 2 [COL_R_21] of D665 on F.Cu
[unconnected_items]: Missing connection between items
    Local override; error
    @(45.2850 mm, 51.8850 mm): Pad 2 [COL_R_21] of D665 on F.Cu
    @(45.2850 mm, 54.0850 mm): Pad 2 [COL_R_21] of D693 on F.Cu
[unconnected_items]: Missing connection between items
    Local override; error
    @(45.2850 mm, 54.0850 mm): Pad 2 [COL_R_21] of D693 on F.Cu
    @(45.2850 mm, 56.2850 mm): Pad 2 [COL_R_21] of D721 on F.Cu
[unconnected_items]: Missing connection between items
    Local override; error
    @(45.2850 mm, 56.2850 mm): Pad 2 [COL_R_21] of D721 on F.Cu
    @(45.2850 mm, 58.4850 mm): Pad 2 [COL_R_21] of D749 on F.Cu
[unconnected_items]: Missing connection between items
    Local override; error
    @(45.2850 mm, 58.4850 mm): Pad 2 [COL_R_21] of D749 on F.Cu
    @(45.2850 mm, 60.6850 mm): Pad 2 [COL_R_21] of D777 on F.Cu
[unconnected_items]: Missing connection between items
    Local override; error
    @(44.5150 mm, 1.2850 mm): Pad 3 [COL_G_21] of D21 on F.Cu
    @(44.5150 mm, 3.4850 mm): Pad 3 [COL_G_21] of D49 on F.Cu
[unconnected_items]: Missing connection between items
    Local override; error
    @(44.5150 mm, 3.4850 mm): Pad 3 [COL_G_21] of D49 on F.Cu
    @(44.5150 mm, 5.6850 mm): Pad 3 [COL_G_21] of D77 on F.Cu
[unconnected_items]: Missing connection between items
    Local override; error
    @(44.5150 mm, 5.6850 mm): Pad 3 [COL_G_21] of D77 on F.Cu
    @(44.5150 mm, 7.8850 mm): Pad 3 [COL_G_21] of D105 on F.Cu
[unconnected_items]: Missing connection between items
    Local override; error
    @(44.5150 mm, 7.8850 mm): Pad 3 [COL_G_21] of D105 on F.Cu
    @(44.5150 mm, 10.0850 mm): Pad 3 [COL_G_21] of D133 on F.Cu
[unconnected_items]: Missing connection between items
    Local override; error
    @(44.5150 mm, 10.0850 mm): Pad 3 [COL_G_21] of D133 on F.Cu
    @(44.5150 mm, 12.2850 mm): Pad 3 [COL_G_21] of D161 on F.Cu
[unconnected_items]: Missing connection between items
    Local override; error
    @(44.5150 mm, 12.2850 mm): Pad 3 [COL_G_21] of D161 on F.Cu
    @(44.5150 mm, 14.4850 mm): Pad 3 [COL_G_21] of D189 on F.Cu
[unconnected_items]: Missing connection between items
    Local override; error
    @(44.5150 mm, 14.4850 mm): Pad 3 [COL_G_21] of D189 on F.Cu
    @(44.5150 mm, 16.6850 mm): Pad 3 [COL_G_21] of D217 on F.Cu
[unconnected_items]: Missing connection between items
    Local override; error
    @(44.5150 mm, 16.6850 mm): Pad 3 [COL_G_21] of D217 on F.Cu
    @(44.5150 mm, 18.8850 mm): Pad 3 [COL_G_21] of D245 on F.Cu
[unconnected_items]: Missing connection between items
    Local override; error
    @(44.5150 mm, 18.8850 mm): Pad 3 [COL_G_21] of D245 on F.Cu
    @(44.5150 mm, 21.0850 mm): Pad 3 [COL_G_21] of D273 on F.Cu
[unconnected_items]: Missing connection between items
    Local override; error
    @(44.5150 mm, 21.0850 mm): Pad 3 [COL_G_21] of D273 on F.Cu
    @(44.5150 mm, 23.2850 mm): Pad 3 [COL_G_21] of D301 on F.Cu
[unconnected_items]: Missing connection between items
    Local override; error
    @(44.5150 mm, 23.2850 mm): Pad 3 [COL_G_21] of D301 on F.Cu
    @(44.5150 mm, 25.4850 mm): Pad 3 [COL_G_21] of D329 on F.Cu
[unconnected_items]: Missing connection between items
    Local override; error
    @(44.5150 mm, 25.4850 mm): Pad 3 [COL_G_21] of D329 on F.Cu
    @(44.5150 mm, 27.6850 mm): Pad 3 [COL_G_21] of D357 on F.Cu
[unconnected_items]: Missing connection between items
    Local override; error
    @(44.5150 mm, 27.6850 mm): Pad 3 [COL_G_21] of D357 on F.Cu
    @(44.5150 mm, 29.8850 mm): Pad 3 [COL_G_21] of D385 on F.Cu
[unconnected_items]: Missing connection between items
    Local override; error
    @(44.5150 mm, 29.8850 mm): Pad 3 [COL_G_21] of D385 on F.Cu
    @(44.5150 mm, 32.0850 mm): Pad 3 [COL_G_21] of D413 on F.Cu
[unconnected_items]: Missing connection between items
    Local override; error
    @(44.5150 mm, 32.0850 mm): Pad 3 [COL_G_21] of D413 on F.Cu
    @(44.5150 mm, 34.2850 mm): Pad 3 [COL_G_21] of D441 on F.Cu
[unconnected_items]: Missing connection between items
    Local override; error
    @(44.5150 mm, 34.2850 mm): Pad 3 [COL_G_21] of D441 on F.Cu
    @(44.5150 mm, 36.4850 mm): Pad 3 [COL_G_21] of D469 on F.Cu
[unconnected_items]: Missing connection between items
    Local override; error
    @(44.5150 mm, 36.4850 mm): Pad 3 [COL_G_21] of D469 on F.Cu
    @(44.5150 mm, 38.6850 mm): Pad 3 [COL_G_21] of D497 on F.Cu
[unconnected_items]: Missing connection between items
    Local override; error
    @(44.5150 mm, 38.6850 mm): Pad 3 [COL_G_21] of D497 on F.Cu
    @(44.5150 mm, 40.8850 mm): Pad 3 [COL_G_21] of D525 on F.Cu
[unconnected_items]: Missing connection between items
    Local override; error
    @(44.5150 mm, 40.8850 mm): Pad 3 [COL_G_21] of D525 on F.Cu
    @(44.5150 mm, 43.0850 mm): Pad 3 [COL_G_21] of D553 on F.Cu
[unconnected_items]: Missing connection between items
    Local override; error
    @(44.5150 mm, 43.0850 mm): Pad 3 [COL_G_21] of D553 on F.Cu
    @(44.5150 mm, 45.2850 mm): Pad 3 [COL_G_21] of D581 on F.Cu
[unconnected_items]: Missing connection between items
    Local override; error
    @(44.5150 mm, 45.2850 mm): Pad 3 [COL_G_21] of D581 on F.Cu
    @(44.5150 mm, 47.4850 mm): Pad 3 [COL_G_21] of D609 on F.Cu
[unconnected_items]: Missing connection between items
    Local override; error
    @(44.5150 mm, 47.4850 mm): Pad 3 [COL_G_21] of D609 on F.Cu
    @(44.5150 mm, 49.6850 mm): Pad 3 [COL_G_21] of D637 on F.Cu
[unconnected_items]: Missing connection between items
    Local override; error
    @(44.5150 mm, 49.6850 mm): Pad 3 [COL_G_21] of D637 on F.Cu
    @(44.5150 mm, 51.8850 mm): Pad 3 [COL_G_21] of D665 on F.Cu
[unconnected_items]: Missing connection between items
    Local override; error
    @(44.5150 mm, 51.8850 mm): Pad 3 [COL_G_21] of D665 on F.Cu
    @(44.5150 mm, 54.0850 mm): Pad 3 [COL_G_21] of D693 on F.Cu
[unconnected_items]: Missing connection between items
    Local override; error
    @(44.5150 mm, 54.0850 mm): Pad 3 [COL_G_21] of D693 on F.Cu
    @(44.5150 mm, 56.2850 mm): Pad 3 [COL_G_21] of D721 on F.Cu
[unconnected_items]: Missing connection between items
    Local override; error
    @(44.5150 mm, 56.2850 mm): Pad 3 [COL_G_21] of D721 on F.Cu
    @(44.5150 mm, 58.4850 mm): Pad 3 [COL_G_21] of D749 on F.Cu
[unconnected_items]: Missing connection between items
    Local override; error
    @(44.5150 mm, 58.4850 mm): Pad 3 [COL_G_21] of D749 on F.Cu
    @(44.5150 mm, 60.6850 mm): Pad 3 [COL_G_21] of D777 on F.Cu
[unconnected_items]: Missing connection between items
    Local override; error
    @(44.5150 mm, 0.5150 mm): Pad 4 [COL_B_21] of D21 on F.Cu
    @(44.5150 mm, 2.7150 mm): Pad 4 [COL_B_21] of D49 on F.Cu
[unconnected_items]: Missing connection between items
    Local override; error
    @(44.5150 mm, 2.7150 mm): Pad 4 [COL_B_21] of D49 on F.Cu
    @(44.5150 mm, 4.9150 mm): Pad 4 [COL_B_21] of D77 on F.Cu
[unconnected_items]: Missing connection between items
    Local override; error
    @(44.5150 mm, 4.9150 mm): Pad 4 [COL_B_21] of D77 on F.Cu
    @(44.5150 mm, 7.1150 mm): Pad 4 [COL_B_21] of D105 on F.Cu
[unconnected_items]: Missing connection between items
    Local override; error
    @(44.5150 mm, 7.1150 mm): Pad 4 [COL_B_21] of D105 on F.Cu
    @(44.5150 mm, 9.3150 mm): Pad 4 [COL_B_21] of D133 on F.Cu
[unconnected_items]: Missing connection between items
    Local override; error
    @(44.5150 mm, 9.3150 mm): Pad 4 [COL_B_21] of D133 on F.Cu
    @(44.5150 mm, 11.5150 mm): Pad 4 [COL_B_21] of D161 on F.Cu
[unconnected_items]: Missing connection between items
    Local override; error
    @(44.5150 mm, 11.5150 mm): Pad 4 [COL_B_21] of D161 on F.Cu
    @(44.5150 mm, 13.7150 mm): Pad 4 [COL_B_21] of D189 on F.Cu
[unconnected_items]: Missing connection between items
    Local override; error
    @(44.5150 mm, 13.7150 mm): Pad 4 [COL_B_21] of D189 on F.Cu
    @(44.5150 mm, 15.9150 mm): Pad 4 [COL_B_21] of D217 on F.Cu
[unconnected_items]: Missing connection between items
    Local override; error
    @(44.5150 mm, 15.9150 mm): Pad 4 [COL_B_21] of D217 on F.Cu
    @(44.5150 mm, 18.1150 mm): Pad 4 [COL_B_21] of D245 on F.Cu
[unconnected_items]: Missing connection between items
    Local override; error
    @(44.5150 mm, 18.1150 mm): Pad 4 [COL_B_21] of D245 on F.Cu
    @(44.5150 mm, 20.3150 mm): Pad 4 [COL_B_21] of D273 on F.Cu
[unconnected_items]: Missing connection between items
    Local override; error
    @(44.5150 mm, 20.3150 mm): Pad 4 [COL_B_21] of D273 on F.Cu
    @(44.5150 mm, 22.5150 mm): Pad 4 [COL_B_21] of D301 on F.Cu
[unconnected_items]: Missing connection between items
    Local override; error
    @(44.5150 mm, 22.5150 mm): Pad 4 [COL_B_21] of D301 on F.Cu
    @(44.5150 mm, 24.7150 mm): Pad 4 [COL_B_21] of D329 on F.Cu
[unconnected_items]: Missing connection between items
    Local override; error
    @(44.5150 mm, 24.7150 mm): Pad 4 [COL_B_21] of D329 on F.Cu
    @(44.5150 mm, 26.9150 mm): Pad 4 [COL_B_21] of D357 on F.Cu
[unconnected_items]: Missing connection between items
    Local override; error
    @(44.5150 mm, 26.9150 mm): Pad 4 [COL_B_21] of D357 on F.Cu
    @(44.5150 mm, 29.1150 mm): Pad 4 [COL_B_21] of D385 on F.Cu
[unconnected_items]: Missing connection between items
    Local override; error
    @(44.5150 mm, 29.1150 mm): Pad 4 [COL_B_21] of D385 on F.Cu
    @(44.5150 mm, 31.3150 mm): Pad 4 [COL_B_21] of D413 on F.Cu
[unconnected_items]: Missing connection between items
    Local override; error
    @(44.5150 mm, 31.3150 mm): Pad 4 [COL_B_21] of D413 on F.Cu
    @(44.5150 mm, 33.5150 mm): Pad 4 [COL_B_21] of D441 on F.Cu
[unconnected_items]: Missing connection between items
    Local override; error
    @(44.5150 mm, 33.5150 mm): Pad 4 [COL_B_21] of D441 on F.Cu
    @(44.5150 mm, 35.7150 mm): Pad 4 [COL_B_21] of D469 on F.Cu
[unconnected_items]: Missing connection between items
    Local override; error
    @(44.5150 mm, 35.7150 mm): Pad 4 [COL_B_21] of D469 on F.Cu
    @(44.5150 mm, 37.9150 mm): Pad 4 [COL_B_21] of D497 on F.Cu
[unconnected_items]: Missing connection between items
    Local override; error
    @(44.5150 mm, 37.9150 mm): Pad 4 [COL_B_21] of D497 on F.Cu
    @(44.5150 mm, 40.1150 mm): Pad 4 [COL_B_21] of D525 on F.Cu
[unconnected_items]: Missing connection between items
    Local override; error
    @(44.5150 mm, 40.1150 mm): Pad 4 [COL_B_21] of D525 on F.Cu
    @(44.5150 mm, 42.3150 mm): Pad 4 [COL_B_21] of D553 on F.Cu
[unconnected_items]: Missing connection between items
    Local override; error
    @(44.5150 mm, 42.3150 mm): Pad 4 [COL_B_21] of D553 on F.Cu
    @(44.5150 mm, 44.5150 mm): Pad 4 [COL_B_21] of D581 on F.Cu
[unconnected_items]: Missing connection between items
    Local override; error
    @(44.5150 mm, 44.5150 mm): Pad 4 [COL_B_21] of D581 on F.Cu
    @(44.5150 mm, 46.7150 mm): Pad 4 [COL_B_21] of D609 on F.Cu
[unconnected_items]: Missing connection between items
    Local override; error
    @(44.5150 mm, 46.7150 mm): Pad 4 [COL_B_21] of D609 on F.Cu
    @(44.5150 mm, 48.9150 mm): Pad 4 [COL_B_21] of D637 on F.Cu
[unconnected_items]: Missing connection between items
    Local override; error
    @(44.5150 mm, 48.9150 mm): Pad 4 [COL_B_21] of D637 on F.Cu
    @(44.5150 mm, 51.1150 mm): Pad 4 [COL_B_21] of D665 on F.Cu
[unconnected_items]: Missing connection between items
    Local override; error
    @(44.5150 mm, 51.1150 mm): Pad 4 [COL_B_21] of D665 on F.Cu
    @(44.5150 mm, 53.3150 mm): Pad 4 [COL_B_21] of D693 on F.Cu
[unconnected_items]: Missing connection between items
    Local override; error
    @(44.5150 mm, 53.3150 mm): Pad 4 [COL_B_21] of D693 on F.Cu
    @(44.5150 mm, 55.5150 mm): Pad 4 [COL_B_21] of D721 on F.Cu
[unconnected_items]: Missing connection between items
    Local override; error
    @(44.5150 mm, 55.5150 mm): Pad 4 [COL_B_21] of D721 on F.Cu
    @(44.5150 mm, 57.7150 mm): Pad 4 [COL_B_21] of D749 on F.Cu
[unconnected_items]: Missing connection between items
    Local override; error
    @(44.5150 mm, 57.7150 mm): Pad 4 [COL_B_21] of D749 on F.Cu
    @(44.5150 mm, 59.9150 mm): Pad 4 [COL_B_21] of D777 on F.Cu
[unconnected_items]: Missing connection between items
    Local override; error
    @(1.2850 mm, 18.1150 mm): Pad 1 [ROW_09_ANODE] of D225 on F.Cu
    @(3.4850 mm, 18.1150 mm): Pad 1 [ROW_09_ANODE] of D226 on F.Cu
[unconnected_items]: Missing connection between items
    Local override; error
    @(3.4850 mm, 18.1150 mm): Pad 1 [ROW_09_ANODE] of D226 on F.Cu
    @(5.6850 mm, 18.1150 mm): Pad 1 [ROW_09_ANODE] of D227 on F.Cu
[unconnected_items]: Missing connection between items
    Local override; error
    @(5.6850 mm, 18.1150 mm): Pad 1 [ROW_09_ANODE] of D227 on F.Cu
    @(7.8850 mm, 18.1150 mm): Pad 1 [ROW_09_ANODE] of D228 on F.Cu
[unconnected_items]: Missing connection between items
    Local override; error
    @(7.8850 mm, 18.1150 mm): Pad 1 [ROW_09_ANODE] of D228 on F.Cu
    @(10.0850 mm, 18.1150 mm): Pad 1 [ROW_09_ANODE] of D229 on F.Cu
[unconnected_items]: Missing connection between items
    Local override; error
    @(10.0850 mm, 18.1150 mm): Pad 1 [ROW_09_ANODE] of D229 on F.Cu
    @(12.2850 mm, 18.1150 mm): Pad 1 [ROW_09_ANODE] of D230 on F.Cu
[unconnected_items]: Missing connection between items
    Local override; error
    @(12.2850 mm, 18.1150 mm): Pad 1 [ROW_09_ANODE] of D230 on F.Cu
    @(14.4850 mm, 18.1150 mm): Pad 1 [ROW_09_ANODE] of D231 on F.Cu
[unconnected_items]: Missing connection between items
    Local override; error
    @(14.4850 mm, 18.1150 mm): Pad 1 [ROW_09_ANODE] of D231 on F.Cu
    @(16.6850 mm, 18.1150 mm): Pad 1 [ROW_09_ANODE] of D232 on F.Cu
[unconnected_items]: Missing connection between items
    Local override; error
    @(16.6850 mm, 18.1150 mm): Pad 1 [ROW_09_ANODE] of D232 on F.Cu
    @(18.8850 mm, 18.1150 mm): Pad 1 [ROW_09_ANODE] of D233 on F.Cu
[unconnected_items]: Missing connection between items
    Local override; error
    @(18.8850 mm, 18.1150 mm): Pad 1 [ROW_09_ANODE] of D233 on F.Cu
    @(21.0850 mm, 18.1150 mm): Pad 1 [ROW_09_ANODE] of D234 on F.Cu
[unconnected_items]: Missing connection between items
    Local override; error
    @(21.0850 mm, 18.1150 mm): Pad 1 [ROW_09_ANODE] of D234 on F.Cu
    @(23.2850 mm, 18.1150 mm): Pad 1 [ROW_09_ANODE] of D235 on F.Cu
[unconnected_items]: Missing connection between items
    Local override; error
    @(23.2850 mm, 18.1150 mm): Pad 1 [ROW_09_ANODE] of D235 on F.Cu
    @(25.4850 mm, 18.1150 mm): Pad 1 [ROW_09_ANODE] of D236 on F.Cu
[unconnected_items]: Missing connection between items
    Local override; error
    @(25.4850 mm, 18.1150 mm): Pad 1 [ROW_09_ANODE] of D236 on F.Cu
    @(27.6850 mm, 18.1150 mm): Pad 1 [ROW_09_ANODE] of D237 on F.Cu
[unconnected_items]: Missing connection between items
    Local override; error
    @(27.6850 mm, 18.1150 mm): Pad 1 [ROW_09_ANODE] of D237 on F.Cu
    @(29.8850 mm, 18.1150 mm): Pad 1 [ROW_09_ANODE] of D238 on F.Cu
[unconnected_items]: Missing connection between items
    Local override; error
    @(29.8850 mm, 18.1150 mm): Pad 1 [ROW_09_ANODE] of D238 on F.Cu
    @(32.0850 mm, 18.1150 mm): Pad 1 [ROW_09_ANODE] of D239 on F.Cu
[unconnected_items]: Missing connection between items
    Local override; error
    @(32.0850 mm, 18.1150 mm): Pad 1 [ROW_09_ANODE] of D239 on F.Cu
    @(34.2850 mm, 18.1150 mm): Pad 1 [ROW_09_ANODE] of D240 on F.Cu
[unconnected_items]: Missing connection between items
    Local override; error
    @(34.2850 mm, 18.1150 mm): Pad 1 [ROW_09_ANODE] of D240 on F.Cu
    @(36.4850 mm, 18.1150 mm): Pad 1 [ROW_09_ANODE] of D241 on F.Cu
[unconnected_items]: Missing connection between items
    Local override; error
    @(36.4850 mm, 18.1150 mm): Pad 1 [ROW_09_ANODE] of D241 on F.Cu
    @(38.6850 mm, 18.1150 mm): Pad 1 [ROW_09_ANODE] of D242 on F.Cu
[unconnected_items]: Missing connection between items
    Local override; error
    @(38.6850 mm, 18.1150 mm): Pad 1 [ROW_09_ANODE] of D242 on F.Cu
    @(40.8850 mm, 18.1150 mm): Pad 1 [ROW_09_ANODE] of D243 on F.Cu
[unconnected_items]: Missing connection between items
    Local override; error
    @(40.8850 mm, 18.1150 mm): Pad 1 [ROW_09_ANODE] of D243 on F.Cu
    @(43.0850 mm, 18.1150 mm): Pad 1 [ROW_09_ANODE] of D244 on F.Cu
[unconnected_items]: Missing connection between items
    Local override; error
    @(43.0850 mm, 18.1150 mm): Pad 1 [ROW_09_ANODE] of D244 on F.Cu
    @(45.2850 mm, 18.1150 mm): Pad 1 [ROW_09_ANODE] of D245 on F.Cu
[unconnected_items]: Missing connection between items
    Local override; error
    @(45.2850 mm, 18.1150 mm): Pad 1 [ROW_09_ANODE] of D245 on F.Cu
    @(47.4850 mm, 18.1150 mm): Pad 1 [ROW_09_ANODE] of D246 on F.Cu
[unconnected_items]: Missing connection between items
    Local override; error
    @(47.4850 mm, 18.1150 mm): Pad 1 [ROW_09_ANODE] of D246 on F.Cu
    @(49.6850 mm, 18.1150 mm): Pad 1 [ROW_09_ANODE] of D247 on F.Cu
[unconnected_items]: Missing connection between items
    Local override; error
    @(49.6850 mm, 18.1150 mm): Pad 1 [ROW_09_ANODE] of D247 on F.Cu
    @(51.8850 mm, 18.1150 mm): Pad 1 [ROW_09_ANODE] of D248 on F.Cu
[unconnected_items]: Missing connection between items
    Local override; error
    @(51.8850 mm, 18.1150 mm): Pad 1 [ROW_09_ANODE] of D248 on F.Cu
    @(54.0850 mm, 18.1150 mm): Pad 1 [ROW_09_ANODE] of D249 on F.Cu
[unconnected_items]: Missing connection between items
    Local override; error
    @(54.0850 mm, 18.1150 mm): Pad 1 [ROW_09_ANODE] of D249 on F.Cu
    @(56.2850 mm, 18.1150 mm): Pad 1 [ROW_09_ANODE] of D250 on F.Cu
[unconnected_items]: Missing connection between items
    Local override; error
    @(56.2850 mm, 18.1150 mm): Pad 1 [ROW_09_ANODE] of D250 on F.Cu
    @(58.4850 mm, 18.1150 mm): Pad 1 [ROW_09_ANODE] of D251 on F.Cu
[unconnected_items]: Missing connection between items
    Local override; error
    @(58.4850 mm, 18.1150 mm): Pad 1 [ROW_09_ANODE] of D251 on F.Cu
    @(60.6850 mm, 18.1150 mm): Pad 1 [ROW_09_ANODE] of D252 on F.Cu
[unconnected_items]: Missing connection between items
    Local override; error
    @(23.2850 mm, 1.2850 mm): Pad 2 [COL_R_11] of D11 on F.Cu
    @(23.2850 mm, 3.4850 mm): Pad 2 [COL_R_11] of D39 on F.Cu
[unconnected_items]: Missing connection between items
    Local override; error
    @(23.2850 mm, 3.4850 mm): Pad 2 [COL_R_11] of D39 on F.Cu
    @(23.2850 mm, 5.6850 mm): Pad 2 [COL_R_11] of D67 on F.Cu
[unconnected_items]: Missing connection between items
    Local override; error
    @(23.2850 mm, 5.6850 mm): Pad 2 [COL_R_11] of D67 on F.Cu
    @(23.2850 mm, 7.8850 mm): Pad 2 [COL_R_11] of D95 on F.Cu
[unconnected_items]: Missing connection between items
    Local override; error
    @(23.2850 mm, 7.8850 mm): Pad 2 [COL_R_11] of D95 on F.Cu
    @(23.2850 mm, 10.0850 mm): Pad 2 [COL_R_11] of D123 on F.Cu
[unconnected_items]: Missing connection between items
    Local override; error
    @(23.2850 mm, 10.0850 mm): Pad 2 [COL_R_11] of D123 on F.Cu
    @(23.2850 mm, 12.2850 mm): Pad 2 [COL_R_11] of D151 on F.Cu
[unconnected_items]: Missing connection between items
    Local override; error
    @(23.2850 mm, 12.2850 mm): Pad 2 [COL_R_11] of D151 on F.Cu
    @(23.2850 mm, 14.4850 mm): Pad 2 [COL_R_11] of D179 on F.Cu
[unconnected_items]: Missing connection between items
    Local override; error
    @(23.2850 mm, 14.4850 mm): Pad 2 [COL_R_11] of D179 on F.Cu
    @(23.2850 mm, 16.6850 mm): Pad 2 [COL_R_11] of D207 on F.Cu
[unconnected_items]: Missing connection between items
    Local override; error
    @(23.2850 mm, 16.6850 mm): Pad 2 [COL_R_11] of D207 on F.Cu
    @(23.2850 mm, 18.8850 mm): Pad 2 [COL_R_11] of D235 on F.Cu
[unconnected_items]: Missing connection between items
    Local override; error
    @(23.2850 mm, 18.8850 mm): Pad 2 [COL_R_11] of D235 on F.Cu
    @(23.2850 mm, 21.0850 mm): Pad 2 [COL_R_11] of D263 on F.Cu
[unconnected_items]: Missing connection between items
    Local override; error
    @(23.2850 mm, 21.0850 mm): Pad 2 [COL_R_11] of D263 on F.Cu
    @(23.2850 mm, 23.2850 mm): Pad 2 [COL_R_11] of D291 on F.Cu
[unconnected_items]: Missing connection between items
    Local override; error
    @(23.2850 mm, 23.2850 mm): Pad 2 [COL_R_11] of D291 on F.Cu
    @(23.2850 mm, 25.4850 mm): Pad 2 [COL_R_11] of D319 on F.Cu
[unconnected_items]: Missing connection between items
    Local override; error
    @(23.2850 mm, 25.4850 mm): Pad 2 [COL_R_11] of D319 on F.Cu
    @(23.2850 mm, 27.6850 mm): Pad 2 [COL_R_11] of D347 on F.Cu
[unconnected_items]: Missing connection between items
    Local override; error
    @(23.2850 mm, 27.6850 mm): Pad 2 [COL_R_11] of D347 on F.Cu
    @(23.2850 mm, 29.8850 mm): Pad 2 [COL_R_11] of D375 on F.Cu
[unconnected_items]: Missing connection between items
    Local override; error
    @(23.2850 mm, 29.8850 mm): Pad 2 [COL_R_11] of D375 on F.Cu
    @(23.2850 mm, 32.0850 mm): Pad 2 [COL_R_11] of D403 on F.Cu
[unconnected_items]: Missing connection between items
    Local override; error
    @(23.2850 mm, 32.0850 mm): Pad 2 [COL_R_11] of D403 on F.Cu
    @(23.2850 mm, 34.2850 mm): Pad 2 [COL_R_11] of D431 on F.Cu
[unconnected_items]: Missing connection between items
    Local override; error
    @(23.2850 mm, 34.2850 mm): Pad 2 [COL_R_11] of D431 on F.Cu
    @(23.2850 mm, 36.4850 mm): Pad 2 [COL_R_11] of D459 on F.Cu
[unconnected_items]: Missing connection between items
    Local override; error
    @(23.2850 mm, 36.4850 mm): Pad 2 [COL_R_11] of D459 on F.Cu
    @(23.2850 mm, 38.6850 mm): Pad 2 [COL_R_11] of D487 on F.Cu
[unconnected_items]: Missing connection between items
    Local override; error
    @(23.2850 mm, 38.6850 mm): Pad 2 [COL_R_11] of D487 on F.Cu
    @(23.2850 mm, 40.8850 mm): Pad 2 [COL_R_11] of D515 on F.Cu
[unconnected_items]: Missing connection between items
    Local override; error
    @(23.2850 mm, 40.8850 mm): Pad 2 [COL_R_11] of D515 on F.Cu
    @(23.2850 mm, 43.0850 mm): Pad 2 [COL_R_11] of D543 on F.Cu
[unconnected_items]: Missing connection between items
    Local override; error
    @(23.2850 mm, 43.0850 mm): Pad 2 [COL_R_11] of D543 on F.Cu
    @(23.2850 mm, 45.2850 mm): Pad 2 [COL_R_11] of D571 on F.Cu
[unconnected_items]: Missing connection between items
    Local override; error
    @(23.2850 mm, 45.2850 mm): Pad 2 [COL_R_11] of D571 on F.Cu
    @(23.2850 mm, 47.4850 mm): Pad 2 [COL_R_11] of D599 on F.Cu
[unconnected_items]: Missing connection between items
    Local override; error
    @(23.2850 mm, 47.4850 mm): Pad 2 [COL_R_11] of D599 on F.Cu
    @(23.2850 mm, 49.6850 mm): Pad 2 [COL_R_11] of D627 on F.Cu
[unconnected_items]: Missing connection between items
    Local override; error
    @(23.2850 mm, 49.6850 mm): Pad 2 [COL_R_11] of D627 on F.Cu
    @(23.2850 mm, 51.8850 mm): Pad 2 [COL_R_11] of D655 on F.Cu
[unconnected_items]: Missing connection between items
    Local override; error
    @(23.2850 mm, 51.8850 mm): Pad 2 [COL_R_11] of D655 on F.Cu
    @(23.2850 mm, 54.0850 mm): Pad 2 [COL_R_11] of D683 on F.Cu
[unconnected_items]: Missing connection between items
    Local override; error
    @(23.2850 mm, 54.0850 mm): Pad 2 [COL_R_11] of D683 on F.Cu
    @(23.2850 mm, 56.2850 mm): Pad 2 [COL_R_11] of D711 on F.Cu
[unconnected_items]: Missing connection between items
    Local override; error
    @(23.2850 mm, 56.2850 mm): Pad 2 [COL_R_11] of D711 on F.Cu
    @(23.2850 mm, 58.4850 mm): Pad 2 [COL_R_11] of D739 on F.Cu
[unconnected_items]: Missing connection between items
    Local override; error
    @(23.2850 mm, 58.4850 mm): Pad 2 [COL_R_11] of D739 on F.Cu
    @(23.2850 mm, 60.6850 mm): Pad 2 [COL_R_11] of D767 on F.Cu
[unconnected_items]: Missing connection between items
    Local override; error
    @(22.5150 mm, 1.2850 mm): Pad 3 [COL_G_11] of D11 on F.Cu
    @(22.5150 mm, 3.4850 mm): Pad 3 [COL_G_11] of D39 on F.Cu
[unconnected_items]: Missing connection between items
    Local override; error
    @(22.5150 mm, 3.4850 mm): Pad 3 [COL_G_11] of D39 on F.Cu
    @(22.5150 mm, 5.6850 mm): Pad 3 [COL_G_11] of D67 on F.Cu
[unconnected_items]: Missing connection between items
    Local override; error
    @(22.5150 mm, 5.6850 mm): Pad 3 [COL_G_11] of D67 on F.Cu
    @(22.5150 mm, 7.8850 mm): Pad 3 [COL_G_11] of D95 on F.Cu
[unconnected_items]: Missing connection between items
    Local override; error
    @(22.5150 mm, 7.8850 mm): Pad 3 [COL_G_11] of D95 on F.Cu
    @(22.5150 mm, 10.0850 mm): Pad 3 [COL_G_11] of D123 on F.Cu
[unconnected_items]: Missing connection between items
    Local override; error
    @(22.5150 mm, 10.0850 mm): Pad 3 [COL_G_11] of D123 on F.Cu
    @(22.5150 mm, 12.2850 mm): Pad 3 [COL_G_11] of D151 on F.Cu
[unconnected_items]: Missing connection between items
    Local override; error
    @(22.5150 mm, 12.2850 mm): Pad 3 [COL_G_11] of D151 on F.Cu
    @(22.5150 mm, 14.4850 mm): Pad 3 [COL_G_11] of D179 on F.Cu
[unconnected_items]: Missing connection between items
    Local override; error
    @(22.5150 mm, 14.4850 mm): Pad 3 [COL_G_11] of D179 on F.Cu
    @(22.5150 mm, 16.6850 mm): Pad 3 [COL_G_11] of D207 on F.Cu
[unconnected_items]: Missing connection between items
    Local override; error
    @(22.5150 mm, 16.6850 mm): Pad 3 [COL_G_11] of D207 on F.Cu
    @(22.5150 mm, 18.8850 mm): Pad 3 [COL_G_11] of D235 on F.Cu
[unconnected_items]: Missing connection between items
    Local override; error
    @(22.5150 mm, 18.8850 mm): Pad 3 [COL_G_11] of D235 on F.Cu
    @(22.5150 mm, 21.0850 mm): Pad 3 [COL_G_11] of D263 on F.Cu
[unconnected_items]: Missing connection between items
    Local override; error
    @(22.5150 mm, 21.0850 mm): Pad 3 [COL_G_11] of D263 on F.Cu
    @(22.5150 mm, 23.2850 mm): Pad 3 [COL_G_11] of D291 on F.Cu
[unconnected_items]: Missing connection between items
    Local override; error
    @(22.5150 mm, 23.2850 mm): Pad 3 [COL_G_11] of D291 on F.Cu
    @(22.5150 mm, 25.4850 mm): Pad 3 [COL_G_11] of D319 on F.Cu
[unconnected_items]: Missing connection between items
    Local override; error
    @(22.5150 mm, 25.4850 mm): Pad 3 [COL_G_11] of D319 on F.Cu
    @(22.5150 mm, 27.6850 mm): Pad 3 [COL_G_11] of D347 on F.Cu
[unconnected_items]: Missing connection between items
    Local override; error
    @(22.5150 mm, 27.6850 mm): Pad 3 [COL_G_11] of D347 on F.Cu
    @(22.5150 mm, 29.8850 mm): Pad 3 [COL_G_11] of D375 on F.Cu
[unconnected_items]: Missing connection between items
    Local override; error
    @(22.5150 mm, 29.8850 mm): Pad 3 [COL_G_11] of D375 on F.Cu
    @(22.5150 mm, 32.0850 mm): Pad 3 [COL_G_11] of D403 on F.Cu
[unconnected_items]: Missing connection between items
    Local override; error
    @(22.5150 mm, 32.0850 mm): Pad 3 [COL_G_11] of D403 on F.Cu
    @(22.5150 mm, 34.2850 mm): Pad 3 [COL_G_11] of D431 on F.Cu
[unconnected_items]: Missing connection between items
    Local override; error
    @(22.5150 mm, 34.2850 mm): Pad 3 [COL_G_11] of D431 on F.Cu
    @(22.5150 mm, 36.4850 mm): Pad 3 [COL_G_11] of D459 on F.Cu
[unconnected_items]: Missing connection between items
    Local override; error
    @(22.5150 mm, 36.4850 mm): Pad 3 [COL_G_11] of D459 on F.Cu
    @(22.5150 mm, 38.6850 mm): Pad 3 [COL_G_11] of D487 on F.Cu
[unconnected_items]: Missing connection between items
    Local override; error
    @(22.5150 mm, 38.6850 mm): Pad 3 [COL_G_11] of D487 on F.Cu
    @(22.5150 mm, 40.8850 mm): Pad 3 [COL_G_11] of D515 on F.Cu
[unconnected_items]: Missing connection between items
    Local override; error
    @(22.5150 mm, 40.8850 mm): Pad 3 [COL_G_11] of D515 on F.Cu
    @(22.5150 mm, 43.0850 mm): Pad 3 [COL_G_11] of D543 on F.Cu
[unconnected_items]: Missing connection between items
    Local override; error
    @(22.5150 mm, 43.0850 mm): Pad 3 [COL_G_11] of D543 on F.Cu
    @(22.5150 mm, 45.2850 mm): Pad 3 [COL_G_11] of D571 on F.Cu
[unconnected_items]: Missing connection between items
    Local override; error
    @(22.5150 mm, 45.2850 mm): Pad 3 [COL_G_11] of D571 on F.Cu
    @(22.5150 mm, 47.4850 mm): Pad 3 [COL_G_11] of D599 on F.Cu
[unconnected_items]: Missing connection between items
    Local override; error
    @(22.5150 mm, 47.4850 mm): Pad 3 [COL_G_11] of D599 on F.Cu
    @(22.5150 mm, 49.6850 mm): Pad 3 [COL_G_11] of D627 on F.Cu
[unconnected_items]: Missing connection between items
    Local override; error
    @(22.5150 mm, 49.6850 mm): Pad 3 [COL_G_11] of D627 on F.Cu
    @(22.5150 mm, 51.8850 mm): Pad 3 [COL_G_11] of D655 on F.Cu
[unconnected_items]: Missing connection between items
    Local override; error
    @(22.5150 mm, 51.8850 mm): Pad 3 [COL_G_11] of D655 on F.Cu
    @(22.5150 mm, 54.0850 mm): Pad 3 [COL_G_11] of D683 on F.Cu
[unconnected_items]: Missing connection between items
    Local override; error
    @(22.5150 mm, 54.0850 mm): Pad 3 [COL_G_11] of D683 on F.Cu
    @(22.5150 mm, 56.2850 mm): Pad 3 [COL_G_11] of D711 on F.Cu
[unconnected_items]: Missing connection between items
    Local override; error
    @(22.5150 mm, 56.2850 mm): Pad 3 [COL_G_11] of D711 on F.Cu
    @(22.5150 mm, 58.4850 mm): Pad 3 [COL_G_11] of D739 on F.Cu
[unconnected_items]: Missing connection between items
    Local override; error
    @(22.5150 mm, 58.4850 mm): Pad 3 [COL_G_11] of D739 on F.Cu
    @(22.5150 mm, 60.6850 mm): Pad 3 [COL_G_11] of D767 on F.Cu
[unconnected_items]: Missing connection between items
    Local override; error
    @(22.5150 mm, 0.5150 mm): Pad 4 [COL_B_11] of D11 on F.Cu
    @(22.5150 mm, 2.7150 mm): Pad 4 [COL_B_11] of D39 on F.Cu
[unconnected_items]: Missing connection between items
    Local override; error
    @(22.5150 mm, 2.7150 mm): Pad 4 [COL_B_11] of D39 on F.Cu
    @(22.5150 mm, 4.9150 mm): Pad 4 [COL_B_11] of D67 on F.Cu
[unconnected_items]: Missing connection between items
    Local override; error
    @(22.5150 mm, 4.9150 mm): Pad 4 [COL_B_11] of D67 on F.Cu
    @(22.5150 mm, 7.1150 mm): Pad 4 [COL_B_11] of D95 on F.Cu
[unconnected_items]: Missing connection between items
    Local override; error
    @(22.5150 mm, 7.1150 mm): Pad 4 [COL_B_11] of D95 on F.Cu
    @(22.5150 mm, 9.3150 mm): Pad 4 [COL_B_11] of D123 on F.Cu
[unconnected_items]: Missing connection between items
    Local override; error
    @(22.5150 mm, 9.3150 mm): Pad 4 [COL_B_11] of D123 on F.Cu
    @(22.5150 mm, 11.5150 mm): Pad 4 [COL_B_11] of D151 on F.Cu
[unconnected_items]: Missing connection between items
    Local override; error
    @(22.5150 mm, 11.5150 mm): Pad 4 [COL_B_11] of D151 on F.Cu
    @(22.5150 mm, 13.7150 mm): Pad 4 [COL_B_11] of D179 on F.Cu
[unconnected_items]: Missing connection between items
    Local override; error
    @(22.5150 mm, 13.7150 mm): Pad 4 [COL_B_11] of D179 on F.Cu
    @(22.5150 mm, 15.9150 mm): Pad 4 [COL_B_11] of D207 on F.Cu
[unconnected_items]: Missing connection between items
    Local override; error
    @(22.5150 mm, 15.9150 mm): Pad 4 [COL_B_11] of D207 on F.Cu
    @(22.5150 mm, 18.1150 mm): Pad 4 [COL_B_11] of D235 on F.Cu
[unconnected_items]: Missing connection between items
    Local override; error
    @(22.5150 mm, 18.1150 mm): Pad 4 [COL_B_11] of D235 on F.Cu
    @(22.5150 mm, 20.3150 mm): Pad 4 [COL_B_11] of D263 on F.Cu
[unconnected_items]: Missing connection between items
    Local override; error
    @(22.5150 mm, 20.3150 mm): Pad 4 [COL_B_11] of D263 on F.Cu
    @(22.5150 mm, 22.5150 mm): Pad 4 [COL_B_11] of D291 on F.Cu
[unconnected_items]: Missing connection between items
    Local override; error
    @(22.5150 mm, 22.5150 mm): Pad 4 [COL_B_11] of D291 on F.Cu
    @(22.5150 mm, 24.7150 mm): Pad 4 [COL_B_11] of D319 on F.Cu
[unconnected_items]: Missing connection between items
    Local override; error
    @(22.5150 mm, 24.7150 mm): Pad 4 [COL_B_11] of D319 on F.Cu
    @(22.5150 mm, 26.9150 mm): Pad 4 [COL_B_11] of D347 on F.Cu
[unconnected_items]: Missing connection between items
    Local override; error
    @(22.5150 mm, 26.9150 mm): Pad 4 [COL_B_11] of D347 on F.Cu
    @(22.5150 mm, 29.1150 mm): Pad 4 [COL_B_11] of D375 on F.Cu
[unconnected_items]: Missing connection between items
    Local override; error
    @(22.5150 mm, 29.1150 mm): Pad 4 [COL_B_11] of D375 on F.Cu
    @(22.5150 mm, 31.3150 mm): Pad 4 [COL_B_11] of D403 on F.Cu
[unconnected_items]: Missing connection between items
    Local override; error
    @(22.5150 mm, 31.3150 mm): Pad 4 [COL_B_11] of D403 on F.Cu
    @(22.5150 mm, 33.5150 mm): Pad 4 [COL_B_11] of D431 on F.Cu
[unconnected_items]: Missing connection between items
    Local override; error
    @(22.5150 mm, 33.5150 mm): Pad 4 [COL_B_11] of D431 on F.Cu
    @(22.5150 mm, 35.7150 mm): Pad 4 [COL_B_11] of D459 on F.Cu
[unconnected_items]: Missing connection between items
    Local override; error
    @(22.5150 mm, 35.7150 mm): Pad 4 [COL_B_11] of D459 on F.Cu
    @(22.5150 mm, 37.9150 mm): Pad 4 [COL_B_11] of D487 on F.Cu
[unconnected_items]: Missing connection between items
    Local override; error
    @(22.5150 mm, 37.9150 mm): Pad 4 [COL_B_11] of D487 on F.Cu
    @(22.5150 mm, 40.1150 mm): Pad 4 [COL_B_11] of D515 on F.Cu
[unconnected_items]: Missing connection between items
    Local override; error
    @(22.5150 mm, 40.1150 mm): Pad 4 [COL_B_11] of D515 on F.Cu
    @(22.5150 mm, 42.3150 mm): Pad 4 [COL_B_11] of D543 on F.Cu
[unconnected_items]: Missing connection between items
    Local override; error
    @(22.5150 mm, 42.3150 mm): Pad 4 [COL_B_11] of D543 on F.Cu
    @(22.5150 mm, 44.5150 mm): Pad 4 [COL_B_11] of D571 on F.Cu
[unconnected_items]: Missing connection between items
    Local override; error
    @(22.5150 mm, 44.5150 mm): Pad 4 [COL_B_11] of D571 on F.Cu
    @(22.5150 mm, 46.7150 mm): Pad 4 [COL_B_11] of D599 on F.Cu
[unconnected_items]: Missing connection between items
    Local override; error
    @(22.5150 mm, 46.7150 mm): Pad 4 [COL_B_11] of D599 on F.Cu
    @(22.5150 mm, 48.9150 mm): Pad 4 [COL_B_11] of D627 on F.Cu
[unconnected_items]: Missing connection between items
    Local override; error
    @(22.5150 mm, 48.9150 mm): Pad 4 [COL_B_11] of D627 on F.Cu
    @(22.5150 mm, 51.1150 mm): Pad 4 [COL_B_11] of D655 on F.Cu
[unconnected_items]: Missing connection between items
    Local override; error
    @(22.5150 mm, 51.1150 mm): Pad 4 [COL_B_11] of D655 on F.Cu
    @(22.5150 mm, 53.3150 mm): Pad 4 [COL_B_11] of D683 on F.Cu
[unconnected_items]: Missing connection between items
    Local override; error
    @(22.5150 mm, 53.3150 mm): Pad 4 [COL_B_11] of D683 on F.Cu
    @(22.5150 mm, 55.5150 mm): Pad 4 [COL_B_11] of D711 on F.Cu
[unconnected_items]: Missing connection between items
    Local override; error
    @(22.5150 mm, 55.5150 mm): Pad 4 [COL_B_11] of D711 on F.Cu
    @(22.5150 mm, 57.7150 mm): Pad 4 [COL_B_11] of D739 on F.Cu
[unconnected_items]: Missing connection between items
    Local override; error
    @(22.5150 mm, 57.7150 mm): Pad 4 [COL_B_11] of D739 on F.Cu
    @(22.5150 mm, 59.9150 mm): Pad 4 [COL_B_11] of D767 on F.Cu
[unconnected_items]: Missing connection between items
    Local override; error
    @(1.2850 mm, 0.5150 mm): Pad 1 [ROW_01_ANODE] of D1 on F.Cu
    @(3.4850 mm, 0.5150 mm): Pad 1 [ROW_01_ANODE] of D2 on F.Cu
[unconnected_items]: Missing connection between items
    Local override; error
    @(3.4850 mm, 0.5150 mm): Pad 1 [ROW_01_ANODE] of D2 on F.Cu
    @(5.6850 mm, 0.5150 mm): Pad 1 [ROW_01_ANODE] of D3 on F.Cu
[unconnected_items]: Missing connection between items
    Local override; error
    @(5.6850 mm, 0.5150 mm): Pad 1 [ROW_01_ANODE] of D3 on F.Cu
    @(7.8850 mm, 0.5150 mm): Pad 1 [ROW_01_ANODE] of D4 on F.Cu
[unconnected_items]: Missing connection between items
    Local override; error
    @(7.8850 mm, 0.5150 mm): Pad 1 [ROW_01_ANODE] of D4 on F.Cu
    @(10.0850 mm, 0.5150 mm): Pad 1 [ROW_01_ANODE] of D5 on F.Cu
[unconnected_items]: Missing connection between items
    Local override; error
    @(10.0850 mm, 0.5150 mm): Pad 1 [ROW_01_ANODE] of D5 on F.Cu
    @(12.2850 mm, 0.5150 mm): Pad 1 [ROW_01_ANODE] of D6 on F.Cu
[unconnected_items]: Missing connection between items
    Local override; error
    @(12.2850 mm, 0.5150 mm): Pad 1 [ROW_01_ANODE] of D6 on F.Cu
    @(14.4850 mm, 0.5150 mm): Pad 1 [ROW_01_ANODE] of D7 on F.Cu
[unconnected_items]: Missing connection between items
    Local override; error
    @(14.4850 mm, 0.5150 mm): Pad 1 [ROW_01_ANODE] of D7 on F.Cu
    @(16.6850 mm, 0.5150 mm): Pad 1 [ROW_01_ANODE] of D8 on F.Cu
[unconnected_items]: Missing connection between items
    Local override; error
    @(16.6850 mm, 0.5150 mm): Pad 1 [ROW_01_ANODE] of D8 on F.Cu
    @(18.8850 mm, 0.5150 mm): Pad 1 [ROW_01_ANODE] of D9 on F.Cu
[unconnected_items]: Missing connection between items
    Local override; error
    @(18.8850 mm, 0.5150 mm): Pad 1 [ROW_01_ANODE] of D9 on F.Cu
    @(21.0850 mm, 0.5150 mm): Pad 1 [ROW_01_ANODE] of D10 on F.Cu
[unconnected_items]: Missing connection between items
    Local override; error
    @(21.0850 mm, 0.5150 mm): Pad 1 [ROW_01_ANODE] of D10 on F.Cu
    @(23.2850 mm, 0.5150 mm): Pad 1 [ROW_01_ANODE] of D11 on F.Cu
[unconnected_items]: Missing connection between items
    Local override; error
    @(23.2850 mm, 0.5150 mm): Pad 1 [ROW_01_ANODE] of D11 on F.Cu
    @(25.4850 mm, 0.5150 mm): Pad 1 [ROW_01_ANODE] of D12 on F.Cu
[unconnected_items]: Missing connection between items
    Local override; error
    @(25.4850 mm, 0.5150 mm): Pad 1 [ROW_01_ANODE] of D12 on F.Cu
    @(27.6850 mm, 0.5150 mm): Pad 1 [ROW_01_ANODE] of D13 on F.Cu
[unconnected_items]: Missing connection between items
    Local override; error
    @(27.6850 mm, 0.5150 mm): Pad 1 [ROW_01_ANODE] of D13 on F.Cu
    @(29.8850 mm, 0.5150 mm): Pad 1 [ROW_01_ANODE] of D14 on F.Cu
[unconnected_items]: Missing connection between items
    Local override; error
    @(29.8850 mm, 0.5150 mm): Pad 1 [ROW_01_ANODE] of D14 on F.Cu
    @(32.0850 mm, 0.5150 mm): Pad 1 [ROW_01_ANODE] of D15 on F.Cu
[unconnected_items]: Missing connection between items
    Local override; error
    @(32.0850 mm, 0.5150 mm): Pad 1 [ROW_01_ANODE] of D15 on F.Cu
    @(34.2850 mm, 0.5150 mm): Pad 1 [ROW_01_ANODE] of D16 on F.Cu
[unconnected_items]: Missing connection between items
    Local override; error
    @(34.2850 mm, 0.5150 mm): Pad 1 [ROW_01_ANODE] of D16 on F.Cu
    @(36.4850 mm, 0.5150 mm): Pad 1 [ROW_01_ANODE] of D17 on F.Cu
[unconnected_items]: Missing connection between items
    Local override; error
    @(36.4850 mm, 0.5150 mm): Pad 1 [ROW_01_ANODE] of D17 on F.Cu
    @(38.6850 mm, 0.5150 mm): Pad 1 [ROW_01_ANODE] of D18 on F.Cu
[unconnected_items]: Missing connection between items
    Local override; error
    @(38.6850 mm, 0.5150 mm): Pad 1 [ROW_01_ANODE] of D18 on F.Cu
    @(40.8850 mm, 0.5150 mm): Pad 1 [ROW_01_ANODE] of D19 on F.Cu
[unconnected_items]: Missing connection between items
    Local override; error
    @(40.8850 mm, 0.5150 mm): Pad 1 [ROW_01_ANODE] of D19 on F.Cu
    @(43.0850 mm, 0.5150 mm): Pad 1 [ROW_01_ANODE] of D20 on F.Cu
[unconnected_items]: Missing connection between items
    Local override; error
    @(43.0850 mm, 0.5150 mm): Pad 1 [ROW_01_ANODE] of D20 on F.Cu
    @(45.2850 mm, 0.5150 mm): Pad 1 [ROW_01_ANODE] of D21 on F.Cu
[unconnected_items]: Missing connection between items
    Local override; error
    @(45.2850 mm, 0.5150 mm): Pad 1 [ROW_01_ANODE] of D21 on F.Cu
    @(47.4850 mm, 0.5150 mm): Pad 1 [ROW_01_ANODE] of D22 on F.Cu
[unconnected_items]: Missing connection between items
    Local override; error
    @(47.4850 mm, 0.5150 mm): Pad 1 [ROW_01_ANODE] of D22 on F.Cu
    @(49.6850 mm, 0.5150 mm): Pad 1 [ROW_01_ANODE] of D23 on F.Cu
[unconnected_items]: Missing connection between items
    Local override; error
    @(49.6850 mm, 0.5150 mm): Pad 1 [ROW_01_ANODE] of D23 on F.Cu
    @(51.8850 mm, 0.5150 mm): Pad 1 [ROW_01_ANODE] of D24 on F.Cu
[unconnected_items]: Missing connection between items
    Local override; error
    @(51.8850 mm, 0.5150 mm): Pad 1 [ROW_01_ANODE] of D24 on F.Cu
    @(54.0850 mm, 0.5150 mm): Pad 1 [ROW_01_ANODE] of D25 on F.Cu
[unconnected_items]: Missing connection between items
    Local override; error
    @(54.0850 mm, 0.5150 mm): Pad 1 [ROW_01_ANODE] of D25 on F.Cu
    @(56.2850 mm, 0.5150 mm): Pad 1 [ROW_01_ANODE] of D26 on F.Cu
[unconnected_items]: Missing connection between items
    Local override; error
    @(56.2850 mm, 0.5150 mm): Pad 1 [ROW_01_ANODE] of D26 on F.Cu
    @(58.4850 mm, 0.5150 mm): Pad 1 [ROW_01_ANODE] of D27 on F.Cu
[unconnected_items]: Missing connection between items
    Local override; error
    @(58.4850 mm, 0.5150 mm): Pad 1 [ROW_01_ANODE] of D27 on F.Cu
    @(60.6850 mm, 0.5150 mm): Pad 1 [ROW_01_ANODE] of D28 on F.Cu
[unconnected_items]: Missing connection between items
    Local override; error
    @(1.2850 mm, 1.2850 mm): Pad 2 [COL_R_01] of D1 on F.Cu
    @(1.2850 mm, 3.4850 mm): Pad 2 [COL_R_01] of D29 on F.Cu
[unconnected_items]: Missing connection between items
    Local override; error
    @(1.2850 mm, 3.4850 mm): Pad 2 [COL_R_01] of D29 on F.Cu
    @(1.2850 mm, 5.6850 mm): Pad 2 [COL_R_01] of D57 on F.Cu
[unconnected_items]: Missing connection between items
    Local override; error
    @(1.2850 mm, 5.6850 mm): Pad 2 [COL_R_01] of D57 on F.Cu
    @(1.2850 mm, 7.8850 mm): Pad 2 [COL_R_01] of D85 on F.Cu
[unconnected_items]: Missing connection between items
    Local override; error
    @(1.2850 mm, 7.8850 mm): Pad 2 [COL_R_01] of D85 on F.Cu
    @(1.2850 mm, 10.0850 mm): Pad 2 [COL_R_01] of D113 on F.Cu
[unconnected_items]: Missing connection between items
    Local override; error
    @(1.2850 mm, 10.0850 mm): Pad 2 [COL_R_01] of D113 on F.Cu
    @(1.2850 mm, 12.2850 mm): Pad 2 [COL_R_01] of D141 on F.Cu
[unconnected_items]: Missing connection between items
    Local override; error
    @(1.2850 mm, 12.2850 mm): Pad 2 [COL_R_01] of D141 on F.Cu
    @(1.2850 mm, 14.4850 mm): Pad 2 [COL_R_01] of D169 on F.Cu
[unconnected_items]: Missing connection between items
    Local override; error
    @(1.2850 mm, 14.4850 mm): Pad 2 [COL_R_01] of D169 on F.Cu
    @(1.2850 mm, 16.6850 mm): Pad 2 [COL_R_01] of D197 on F.Cu
[unconnected_items]: Missing connection between items
    Local override; error
    @(1.2850 mm, 16.6850 mm): Pad 2 [COL_R_01] of D197 on F.Cu
    @(1.2850 mm, 18.8850 mm): Pad 2 [COL_R_01] of D225 on F.Cu
[unconnected_items]: Missing connection between items
    Local override; error
    @(1.2850 mm, 18.8850 mm): Pad 2 [COL_R_01] of D225 on F.Cu
    @(1.2850 mm, 21.0850 mm): Pad 2 [COL_R_01] of D253 on F.Cu
[unconnected_items]: Missing connection between items
    Local override; error
    @(1.2850 mm, 21.0850 mm): Pad 2 [COL_R_01] of D253 on F.Cu
    @(1.2850 mm, 23.2850 mm): Pad 2 [COL_R_01] of D281 on F.Cu
[unconnected_items]: Missing connection between items
    Local override; error
    @(1.2850 mm, 23.2850 mm): Pad 2 [COL_R_01] of D281 on F.Cu
    @(1.2850 mm, 25.4850 mm): Pad 2 [COL_R_01] of D309 on F.Cu
[unconnected_items]: Missing connection between items
    Local override; error
    @(1.2850 mm, 25.4850 mm): Pad 2 [COL_R_01] of D309 on F.Cu
    @(1.2850 mm, 27.6850 mm): Pad 2 [COL_R_01] of D337 on F.Cu
[unconnected_items]: Missing connection between items
    Local override; error
    @(1.2850 mm, 27.6850 mm): Pad 2 [COL_R_01] of D337 on F.Cu
    @(1.2850 mm, 29.8850 mm): Pad 2 [COL_R_01] of D365 on F.Cu
[unconnected_items]: Missing connection between items
    Local override; error
    @(1.2850 mm, 29.8850 mm): Pad 2 [COL_R_01] of D365 on F.Cu
    @(1.2850 mm, 32.0850 mm): Pad 2 [COL_R_01] of D393 on F.Cu
[unconnected_items]: Missing connection between items
    Local override; error
    @(1.2850 mm, 32.0850 mm): Pad 2 [COL_R_01] of D393 on F.Cu
    @(1.2850 mm, 34.2850 mm): Pad 2 [COL_R_01] of D421 on F.Cu
[unconnected_items]: Missing connection between items
    Local override; error
    @(1.2850 mm, 34.2850 mm): Pad 2 [COL_R_01] of D421 on F.Cu
    @(1.2850 mm, 36.4850 mm): Pad 2 [COL_R_01] of D449 on F.Cu
[unconnected_items]: Missing connection between items
    Local override; error
    @(1.2850 mm, 36.4850 mm): Pad 2 [COL_R_01] of D449 on F.Cu
    @(1.2850 mm, 38.6850 mm): Pad 2 [COL_R_01] of D477 on F.Cu
[unconnected_items]: Missing connection between items
    Local override; error
    @(1.2850 mm, 38.6850 mm): Pad 2 [COL_R_01] of D477 on F.Cu
    @(1.2850 mm, 40.8850 mm): Pad 2 [COL_R_01] of D505 on F.Cu
[unconnected_items]: Missing connection between items
    Local override; error
    @(1.2850 mm, 40.8850 mm): Pad 2 [COL_R_01] of D505 on F.Cu
    @(1.2850 mm, 43.0850 mm): Pad 2 [COL_R_01] of D533 on F.Cu
[unconnected_items]: Missing connection between items
    Local override; error
    @(1.2850 mm, 43.0850 mm): Pad 2 [COL_R_01] of D533 on F.Cu
    @(1.2850 mm, 45.2850 mm): Pad 2 [COL_R_01] of D561 on F.Cu
[unconnected_items]: Missing connection between items
    Local override; error
    @(1.2850 mm, 45.2850 mm): Pad 2 [COL_R_01] of D561 on F.Cu
    @(1.2850 mm, 47.4850 mm): Pad 2 [COL_R_01] of D589 on F.Cu
[unconnected_items]: Missing connection between items
    Local override; error
    @(1.2850 mm, 47.4850 mm): Pad 2 [COL_R_01] of D589 on F.Cu
    @(1.2850 mm, 49.6850 mm): Pad 2 [COL_R_01] of D617 on F.Cu
[unconnected_items]: Missing connection between items
    Local override; error
    @(1.2850 mm, 49.6850 mm): Pad 2 [COL_R_01] of D617 on F.Cu
    @(1.2850 mm, 51.8850 mm): Pad 2 [COL_R_01] of D645 on F.Cu
[unconnected_items]: Missing connection between items
    Local override; error
    @(1.2850 mm, 51.8850 mm): Pad 2 [COL_R_01] of D645 on F.Cu
    @(1.2850 mm, 54.0850 mm): Pad 2 [COL_R_01] of D673 on F.Cu
[unconnected_items]: Missing connection between items
    Local override; error
    @(1.2850 mm, 54.0850 mm): Pad 2 [COL_R_01] of D673 on F.Cu
    @(1.2850 mm, 56.2850 mm): Pad 2 [COL_R_01] of D701 on F.Cu
[unconnected_items]: Missing connection between items
    Local override; error
    @(1.2850 mm, 56.2850 mm): Pad 2 [COL_R_01] of D701 on F.Cu
    @(1.2850 mm, 58.4850 mm): Pad 2 [COL_R_01] of D729 on F.Cu
[unconnected_items]: Missing connection between items
    Local override; error
    @(1.2850 mm, 58.4850 mm): Pad 2 [COL_R_01] of D729 on F.Cu
    @(1.2850 mm, 60.6850 mm): Pad 2 [COL_R_01] of D757 on F.Cu
[unconnected_items]: Missing connection between items
    Local override; error
    @(0.5150 mm, 1.2850 mm): Pad 3 [COL_G_01] of D1 on F.Cu
    @(0.5150 mm, 3.4850 mm): Pad 3 [COL_G_01] of D29 on F.Cu
[unconnected_items]: Missing connection between items
    Local override; error
    @(0.5150 mm, 3.4850 mm): Pad 3 [COL_G_01] of D29 on F.Cu
    @(0.5150 mm, 5.6850 mm): Pad 3 [COL_G_01] of D57 on F.Cu
[unconnected_items]: Missing connection between items
    Local override; error
    @(0.5150 mm, 5.6850 mm): Pad 3 [COL_G_01] of D57 on F.Cu
    @(0.5150 mm, 7.8850 mm): Pad 3 [COL_G_01] of D85 on F.Cu
[unconnected_items]: Missing connection between items
    Local override; error
    @(0.5150 mm, 7.8850 mm): Pad 3 [COL_G_01] of D85 on F.Cu
    @(0.5150 mm, 10.0850 mm): Pad 3 [COL_G_01] of D113 on F.Cu
[unconnected_items]: Missing connection between items
    Local override; error
    @(0.5150 mm, 10.0850 mm): Pad 3 [COL_G_01] of D113 on F.Cu
    @(0.5150 mm, 12.2850 mm): Pad 3 [COL_G_01] of D141 on F.Cu
[unconnected_items]: Missing connection between items
    Local override; error
    @(0.5150 mm, 12.2850 mm): Pad 3 [COL_G_01] of D141 on F.Cu
    @(0.5150 mm, 14.4850 mm): Pad 3 [COL_G_01] of D169 on F.Cu
[unconnected_items]: Missing connection between items
    Local override; error
    @(0.5150 mm, 14.4850 mm): Pad 3 [COL_G_01] of D169 on F.Cu
    @(0.5150 mm, 16.6850 mm): Pad 3 [COL_G_01] of D197 on F.Cu
[unconnected_items]: Missing connection between items
    Local override; error
    @(0.5150 mm, 16.6850 mm): Pad 3 [COL_G_01] of D197 on F.Cu
    @(0.5150 mm, 18.8850 mm): Pad 3 [COL_G_01] of D225 on F.Cu
[unconnected_items]: Missing connection between items
    Local override; error
    @(0.5150 mm, 18.8850 mm): Pad 3 [COL_G_01] of D225 on F.Cu
    @(0.5150 mm, 21.0850 mm): Pad 3 [COL_G_01] of D253 on F.Cu
[unconnected_items]: Missing connection between items
    Local override; error
    @(0.5150 mm, 21.0850 mm): Pad 3 [COL_G_01] of D253 on F.Cu
    @(0.5150 mm, 23.2850 mm): Pad 3 [COL_G_01] of D281 on F.Cu
[unconnected_items]: Missing connection between items
    Local override; error
    @(0.5150 mm, 23.2850 mm): Pad 3 [COL_G_01] of D281 on F.Cu
    @(0.5150 mm, 25.4850 mm): Pad 3 [COL_G_01] of D309 on F.Cu
[unconnected_items]: Missing connection between items
    Local override; error
    @(0.5150 mm, 25.4850 mm): Pad 3 [COL_G_01] of D309 on F.Cu
    @(0.5150 mm, 27.6850 mm): Pad 3 [COL_G_01] of D337 on F.Cu
[unconnected_items]: Missing connection between items
    Local override; error
    @(0.5150 mm, 27.6850 mm): Pad 3 [COL_G_01] of D337 on F.Cu
    @(0.5150 mm, 29.8850 mm): Pad 3 [COL_G_01] of D365 on F.Cu
[unconnected_items]: Missing connection between items
    Local override; error
    @(0.5150 mm, 29.8850 mm): Pad 3 [COL_G_01] of D365 on F.Cu
    @(0.5150 mm, 32.0850 mm): Pad 3 [COL_G_01] of D393 on F.Cu
[unconnected_items]: Missing connection between items
    Local override; error
    @(0.5150 mm, 32.0850 mm): Pad 3 [COL_G_01] of D393 on F.Cu
    @(0.5150 mm, 34.2850 mm): Pad 3 [COL_G_01] of D421 on F.Cu
[unconnected_items]: Missing connection between items
    Local override; error
    @(0.5150 mm, 34.2850 mm): Pad 3 [COL_G_01] of D421 on F.Cu
    @(0.5150 mm, 36.4850 mm): Pad 3 [COL_G_01] of D449 on F.Cu

** Found 0 Footprint errors **

** Ignored checks **
    - Footprint has no courtyard defined
    - Track endpoint not centered on via
    - Tuning profile track geometries
    - Footprint doesn't match symbol's footprint filters
    - Footprint component type doesn't match footprint pads

** End of Report **
